{"textures":{"0":"modelengine:entity/statue_saint_michael1"},"elements":[{"name":"cube","from":[3.658351,28.400002,5.680777],"to":[7.258351,32.0,9.880777],"rotation":{"angle":-45.0,"axis":"z","origin":[3.658351,31.400002,5.830777]},"faces":{"down":{"uv":[8.0625,7.9375,7.6875,8.375],"rotation":0,"texture":"#0","tintindex":0},"east":{"uv":[7.9375,3.6875,8.375,4.0625],"rotation":0,"texture":"#0","tintindex":0},"north":{"uv":[8.1875,1.75,8.5625,2.125],"rotation":0,"texture":"#0","tintindex":0},"south":{"uv":[8.1875,6.3125,8.5625,6.6875],"rotation":0,"texture":"#0","tintindex":0},"up":{"uv":[8.3125,5.75,7.9375,5.3125],"rotation":0,"texture":"#0","tintindex":0},"west":{"uv":[7.9375,4.125,8.375,4.5],"rotation":0,"texture":"#0","tintindex":0}}},{"name":"cube","from":[4.1083508,25.399998,6.7307773],"to":[6.208351,28.400002,8.830778],"rotation":{"angle":-45.0,"axis":"z","origin":[3.658351,31.400002,5.530777]},"faces":{"down":{"uv":[9.375,2.0625,9.1875,2.3125],"rotation":0,"texture":"#0","tintindex":0},"east":{"uv":[1.5625,8.625,1.8125,8.9375],"rotation":0,"texture":"#0","tintindex":0},"north":{"uv":[0.3125,8.6875,0.5,9.0],"rotation":0,"texture":"#0","tintindex":0},"south":{"uv":[6.625,8.6875,6.8125,9.0],"rotation":0,"texture":"#0","tintindex":0},"up":{"uv":[8.3125,9.25,8.125,9.0],"rotation":0,"texture":"#0","tintindex":0},"west":{"uv":[8.625,6.25,8.875,6.5625],"rotation":0,"texture":"#0","tintindex":0}}},{"name":"cube","from":[4.408351,23.599998,7.0307775],"to":[5.908351,25.399998,8.530777],"rotation":{"angle":-45.0,"axis":"z","origin":[3.658351,31.400002,5.530777]},"faces":{"down":{"uv":[6.0,9.4375,5.875,9.625],"rotation":0,"texture":"#0","tintindex":0},"east":{"uv":[2.4375,5.75,2.625,5.9375],"rotation":0,"texture":"#0","tintindex":0},"north":{"uv":[9.4375,4.25,9.5625,4.4375],"rotation":0,"texture":"#0","tintindex":0},"south":{"uv":[9.4375,5.4375,9.5625,5.625],"rotation":0,"texture":"#0","tintindex":0},"up":{"uv":[5.8125,9.625,5.6875,9.4375],"rotation":0,"texture":"#0","tintindex":0},"west":{"uv":[9.25,7.5,9.4375,7.6875],"rotation":0,"texture":"#0","tintindex":0}}},{"name":"cube","from":[-1.4660921,23.457535,12.152098],"to":[0.03390813,24.657536,13.652098],"rotation":{"angle":45.0,"axis":"x","origin":[-1.0160918,30.657536,10.652098]},"faces":{"down":{"uv":[9.625,7.125,9.4375,7.25],"rotation":0,"texture":"#0","tintindex":0},"east":{"uv":[9.5,9.0,9.625,9.125],"rotation":0,"texture":"#0","tintindex":0},"north":{"uv":[9.4375,4.625,9.625,4.75],"rotation":0,"texture":"#0","tintindex":0},"south":{"uv":[9.4375,6.0,9.625,6.125],"rotation":0,"texture":"#0","tintindex":0},"up":{"uv":[9.625,6.3125,9.4375,6.1875],"rotation":0,"texture":"#0","tintindex":0},"west":{"uv":[9.1875,9.5,9.3125,9.625],"rotation":0,"texture":"#0","tintindex":0}}},{"name":"cube","from":[-1.7660918,24.957535,5.1020975],"to":[-1.1660919,27.057537,7.202098],"rotation":{"angle":-22.5,"axis":"x","origin":[-1.0160918,30.657536,10.652098]},"faces":{"down":{"uv":[0.625,9.5625,0.5625,9.8125],"rotation":0,"texture":"#0","tintindex":0},"east":{"uv":[4.5625,8.8125,4.8125,9.0625],"rotation":0,"texture":"#0","tintindex":0},"north":{"uv":[7.875,0.0,7.9375,0.25],"rotation":0,"texture":"#0","tintindex":0},"south":{"uv":[9.5625,0.0,9.625,0.25],"rotation":0,"texture":"#0","tintindex":0},"up":{"uv":[0.5,9.8125,0.4375,9.5625],"rotation":0,"texture":"#0","tintindex":0},"west":{"uv":[7.5625,8.8125,7.8125,9.0625],"rotation":0,"texture":"#0","tintindex":0}}},{"name":"cube","from":[-1.4660921,21.057537,12.152098],"to":[0.03390813,23.457535,13.952098],"rotation":{"angle":45.0,"axis":"x","origin":[-1.0160918,30.657536,10.652098]},"faces":{"down":{"uv":[9.5,0.0,9.3125,0.1875],"rotation":0,"texture":"#0","tintindex":0},"east":{"uv":[9.1875,3.0625,9.375,3.3125],"rotation":0,"texture":"#0","tintindex":0},"north":{"uv":[9.1875,2.375,9.375,2.625],"rotation":0,"texture":"#0","tintindex":0},"south":{"uv":[4.0625,9.1875,4.25,9.4375],"rotation":0,"texture":"#0","tintindex":0},"up":{"uv":[9.375,9.4375,9.1875,9.25],"rotation":0,"texture":"#0","tintindex":0},"west":{"uv":[9.1875,4.1875,9.375,4.4375],"rotation":0,"texture":"#0","tintindex":0}}},{"name":"cube","from":[-1.1660919,18.057537,12.152098],"to":[0.03390813,21.057537,13.652098],"rotation":{"angle":45.0,"axis":"x","origin":[-1.0160918,30.657536,10.652098]},"faces":{"down":{"uv":[9.6875,0.6875,9.5625,0.8125],"rotation":0,"texture":"#0","tintindex":0},"east":{"uv":[3.125,7.5625,3.25,7.875],"rotation":0,"texture":"#0","tintindex":0},"north":{"uv":[5.0625,6.0625,5.1875,6.375],"rotation":0,"texture":"#0","tintindex":0},"south":{"uv":[4.3125,9.1875,4.4375,9.5],"rotation":0,"texture":"#0","tintindex":0},"up":{"uv":[0.8125,9.6875,0.6875,9.5625],"rotation":0,"texture":"#0","tintindex":0},"west":{"uv":[8.8125,9.1875,8.9375,9.5],"rotation":0,"texture":"#0","tintindex":0}}},{"name":"cube","from":[-1.1660919,19.487331,2.2032125],"to":[1.2339082,20.687332,4.3032126],"rotation":{"angle":0.0,"axis":"x","origin":[-1.0160918,30.28733,1.3032125]},"faces":{"down":{"uv":[9.125,2.5,8.875,2.75],"rotation":0,"texture":"#0","tintindex":0},"east":{"uv":[9.375,2.8125,9.625,2.9375],"rotation":0,"texture":"#0","tintindex":0},"north":{"uv":[9.3125,6.9375,9.5625,7.0625],"rotation":0,"texture":"#0","tintindex":0},"south":{"uv":[9.375,3.6875,9.625,3.8125],"rotation":0,"texture":"#0","tintindex":0},"up":{"uv":[9.125,2.4375,8.875,2.1875],"rotation":0,"texture":"#0","tintindex":0},"west":{"uv":[4.5,9.375,4.75,9.5],"rotation":0,"texture":"#0","tintindex":0}}},{"name":"cube","from":[-1.1660919,19.009644,6.404702],"to":[1.2339082,19.459644,7.604702],"rotation":{"angle":22.5,"axis":"x","origin":[-1.0160918,29.809647,5.5047016]},"faces":{"down":{"uv":[5.375,9.375,5.125,9.5],"rotation":0,"texture":"#0","tintindex":0},"east":{"uv":[6.5625,3.8125,6.6875,3.875],"rotation":0,"texture":"#0","tintindex":0},"north":{"uv":[4.5,0.5625,4.75,0.625],"rotation":0,"texture":"#0","tintindex":0},"south":{"uv":[0.5625,5.0625,0.8125,5.125],"rotation":0,"texture":"#0","tintindex":0},"up":{"uv":[5.0625,9.5,4.8125,9.375],"rotation":0,"texture":"#0","tintindex":0},"west":{"uv":[8.5,3.5625,8.625,3.625],"rotation":0,"texture":"#0","tintindex":0}}}],"display":{"head":{"translation":[0.0,28.983839,0.0],"rotation":[0.0,0.0,0.0],"scale":[3.8095,3.8095,3.8095]}}}