{"textures":{"0":"modelengine:entity/statue_saint_michael1"},"elements":[{"name":"cube","from":[18.940338,22.394958,9.271558],"to":[20.140339,24.79496,11.371558],"rotation":{"angle":0.0,"axis":"x","origin":[9.34034,24.644958,12.271558]},"faces":{"down":{"uv":[8.4375,9.375,8.3125,9.625],"rotation":0,"texture":"#0","tintindex":0},"east":{"uv":[8.875,3.1875,9.125,3.4375],"rotation":0,"texture":"#0","tintindex":0},"north":{"uv":[3.1875,9.375,3.3125,9.625],"rotation":0,"texture":"#0","tintindex":0},"south":{"uv":[7.4375,9.375,7.5625,9.625],"rotation":0,"texture":"#0","tintindex":0},"up":{"uv":[7.75,9.625,7.625,9.375],"rotation":0,"texture":"#0","tintindex":0},"west":{"uv":[4.1875,8.875,4.4375,9.125],"rotation":0,"texture":"#0","tintindex":0}}},{"name":"cube","from":[18.940338,21.5281,4.5639267],"to":[20.140339,24.5281,6.0639267],"rotation":{"angle":22.5,"axis":"x","origin":[19.990341,11.9281025,3.0639262]},"faces":{"down":{"uv":[9.5625,8.125,9.4375,8.3125],"rotation":0,"texture":"#0","tintindex":0},"east":{"uv":[3.1875,8.75,3.375,9.0625],"rotation":0,"texture":"#0","tintindex":0},"north":{"uv":[9.25,6.0,9.375,6.3125],"rotation":0,"texture":"#0","tintindex":0},"south":{"uv":[6.0625,9.25,6.1875,9.5625],"rotation":0,"texture":"#0","tintindex":0},"up":{"uv":[7.0,9.625,6.875,9.4375],"rotation":0,"texture":"#0","tintindex":0},"west":{"uv":[7.875,8.8125,8.0625,9.125],"rotation":0,"texture":"#0","tintindex":0}}},{"name":"cube","from":[18.940338,19.128101,4.5639267],"to":[20.440338,21.5281,6.363927],"rotation":{"angle":22.5,"axis":"x","origin":[19.990341,11.9281025,3.0639262]},"faces":{"down":{"uv":[0.875,9.3125,0.6875,9.5],"rotation":0,"texture":"#0","tintindex":0},"east":{"uv":[7.8125,9.1875,8.0,9.4375],"rotation":0,"texture":"#0","tintindex":0},"north":{"uv":[7.1875,9.1875,7.375,9.4375],"rotation":0,"texture":"#0","tintindex":0},"south":{"uv":[9.25,0.5,9.4375,0.75],"rotation":0,"texture":"#0","tintindex":0},"up":{"uv":[0.625,9.5,0.4375,9.3125],"rotation":0,"texture":"#0","tintindex":0},"west":{"uv":[9.25,1.5,9.4375,1.75],"rotation":0,"texture":"#0","tintindex":0}}},{"name":"cube","from":[20.047611,17.442638,4.217167],"to":[20.64761,19.542637,6.317167],"rotation":{"angle":-22.5,"axis":"x","origin":[20.797611,23.14264,9.767167]},"faces":{"down":{"uv":[2.3125,9.5625,2.25,9.8125],"rotation":0,"texture":"#0","tintindex":0},"east":{"uv":[8.875,4.3125,9.125,4.5625],"rotation":0,"texture":"#0","tintindex":0},"north":{"uv":[1.875,9.5625,1.9375,9.8125],"rotation":0,"texture":"#0","tintindex":0},"south":{"uv":[2.0,9.5625,2.0625,9.8125],"rotation":0,"texture":"#0","tintindex":0},"up":{"uv":[2.1875,9.8125,2.125,9.5625],"rotation":0,"texture":"#0","tintindex":0},"west":{"uv":[7.1875,8.875,7.4375,9.125],"rotation":0,"texture":"#0","tintindex":0}}},{"name":"cube","from":[13.205236,16.851591,6.7458467],"to":[14.705236,18.651592,8.245847],"rotation":{"angle":-45.0,"axis":"z","origin":[15.455236,10.851591,5.2458467]},"faces":{"down":{"uv":[2.9375,9.3125,2.75,9.5],"rotation":0,"texture":"#0","tintindex":0},"east":{"uv":[0.9375,9.3125,1.125,9.5],"rotation":0,"texture":"#0","tintindex":0},"north":{"uv":[9.3125,0.8125,9.5,1.0],"rotation":0,"texture":"#0","tintindex":0},"south":{"uv":[9.3125,1.0625,9.5,1.25],"rotation":0,"texture":"#0","tintindex":0},"up":{"uv":[1.625,9.5,1.4375,9.3125],"rotation":0,"texture":"#0","tintindex":0},"west":{"uv":[1.1875,9.3125,1.375,9.5],"rotation":0,"texture":"#0","tintindex":0}}},{"name":"cube","from":[18.940338,17.9281,4.5639267],"to":[20.440338,19.128101,6.0639267],"rotation":{"angle":22.5,"axis":"x","origin":[19.990341,11.9281025,3.0639262]},"faces":{"down":{"uv":[6.625,9.3125,6.4375,9.5],"rotation":0,"texture":"#0","tintindex":0},"east":{"uv":[9.4375,9.4375,9.625,9.5625],"rotation":0,"texture":"#0","tintindex":0},"north":{"uv":[9.4375,9.25,9.625,9.375],"rotation":0,"texture":"#0","tintindex":0},"south":{"uv":[9.5,0.5,9.6875,0.625],"rotation":0,"texture":"#0","tintindex":0},"up":{"uv":[3.9375,9.5,3.75,9.3125],"rotation":0,"texture":"#0","tintindex":0},"west":{"uv":[9.5,1.5,9.6875,1.625],"rotation":0,"texture":"#0","tintindex":0}}},{"name":"cube","from":[12.905236,13.851591,6.4458466],"to":[15.005237,16.851591,8.545847],"rotation":{"angle":-45.0,"axis":"z","origin":[15.455236,10.851591,5.2458467]},"faces":{"down":{"uv":[8.9375,8.875,8.6875,9.125],"rotation":0,"texture":"#0","tintindex":0},"east":{"uv":[0.0,8.6875,0.25,9.0],"rotation":0,"texture":"#0","tintindex":0},"north":{"uv":[8.625,7.4375,8.875,7.75],"rotation":0,"texture":"#0","tintindex":0},"south":{"uv":[6.0,8.6875,6.25,9.0],"rotation":0,"texture":"#0","tintindex":0},"up":{"uv":[8.625,9.125,8.375,8.875],"rotation":0,"texture":"#0","tintindex":0},"west":{"uv":[6.3125,8.6875,6.5625,9.0],"rotation":0,"texture":"#0","tintindex":0}}},{"name":"cube","from":[13.335729,7.894824,5.3958464],"to":[16.93573,11.494824,9.595846],"rotation":{"angle":22.5,"axis":"z","origin":[4.9357285,11.494824,5.5458465]},"faces":{"down":{"uv":[5.5,8.0625,5.125,8.5],"rotation":0,"texture":"#0","tintindex":0},"east":{"uv":[7.1875,8.0,7.625,8.375],"rotation":0,"texture":"#0","tintindex":0},"north":{"uv":[8.1875,7.4375,8.5625,7.8125],"rotation":0,"texture":"#0","tintindex":0},"south":{"uv":[6.0,8.25,6.375,8.625],"rotation":0,"texture":"#0","tintindex":0},"up":{"uv":[2.9375,8.5,2.5625,8.0625],"rotation":0,"texture":"#0","tintindex":0},"west":{"uv":[0.8125,8.0625,1.25,8.4375],"rotation":0,"texture":"#0","tintindex":0}}},{"name":"cube","from":[14.073977,11.383398,5.455847],"to":[17.399944,12.761058,9.535847],"rotation":{"angle":0.0,"axis":"x","origin":[5.3999434,12.761058,5.5458465]},"faces":{"down":{"uv":[8.5,4.5625,8.125,5.0],"rotation":0,"texture":"#0","tintindex":0},"east":{"uv":[8.9375,7.75,9.375,7.875],"rotation":0,"texture":"#0","tintindex":0},"north":{"uv":[1.875,9.25,2.25,9.375],"rotation":0,"texture":"#0","tintindex":0},"south":{"uv":[9.25,5.25,9.625,5.375],"rotation":0,"texture":"#0","tintindex":0},"up":{"uv":[5.9375,8.5,5.5625,8.0625],"rotation":0,"texture":"#0","tintindex":0},"west":{"uv":[9.0,5.0625,9.4375,5.1875],"rotation":0,"texture":"#0","tintindex":0}}},{"name":"cube","from":[20.168026,22.394958,5.970068],"to":[20.618027,24.79496,7.170068],"rotation":{"angle":-22.5,"axis":"y","origin":[9.818026,24.644958,8.070067]},"faces":{"down":{"uv":[5.25,9.5625,5.1875,9.6875],"rotation":0,"texture":"#0","tintindex":0},"east":{"uv":[8.5,9.375,8.625,9.625],"rotation":0,"texture":"#0","tintindex":0},"north":{"uv":[2.6875,9.5625,2.75,9.8125],"rotation":0,"texture":"#0","tintindex":0},"south":{"uv":[2.8125,9.5625,2.875,9.8125],"rotation":0,"texture":"#0","tintindex":0},"up":{"uv":[2.9375,8.6875,2.875,8.5625],"rotation":0,"texture":"#0","tintindex":0},"west":{"uv":[9.375,8.5,9.5,8.75],"rotation":0,"texture":"#0","tintindex":0}}}],"display":{"head":{"translation":[0.0,-6.4,0.0],"rotation":[0.0,0.0,0.0],"scale":[3.8095,3.8095,3.8095]}}}