{"textures":{"0":"modelengine:entity/statue_saint_michael1"},"elements":[{"name":"cube","from":[3.2999427,20.894669,12.91133],"to":[6.299943,30.49467,15.611331],"rotation":{"angle":-22.5,"axis":"x","origin":[4.649943,13.69467,13.511331]},"faces":{"down":{"uv":[8.875,0.3125,8.5625,0.625],"rotation":0,"texture":"#0","tintindex":0},"east":{"uv":[1.0,6.5,1.3125,7.5],"rotation":0,"texture":"#0","tintindex":0},"north":{"uv":[5.0625,6.4375,5.375,7.4375],"rotation":0,"texture":"#0","tintindex":0},"south":{"uv":[5.4375,6.5,5.75,7.5],"rotation":0,"texture":"#0","tintindex":0},"up":{"uv":[8.6875,8.8125,8.375,8.5],"rotation":0,"texture":"#0","tintindex":0},"west":{"uv":[5.8125,6.5,6.125,7.5],"rotation":0,"texture":"#0","tintindex":0}}},{"name":"cube","from":[3.7499428,19.926792,12.261895],"to":[6.149943,22.326794,13.461896],"rotation":{"angle":-22.5,"axis":"x","origin":[4.1999426,12.126795,12.861896]},"faces":{"down":{"uv":[9.5625,1.3125,9.3125,1.4375],"rotation":0,"texture":"#0","tintindex":0},"east":{"uv":[6.6875,9.3125,6.8125,9.5625],"rotation":0,"texture":"#0","tintindex":0},"north":{"uv":[2.875,8.75,3.125,9.0],"rotation":0,"texture":"#0","tintindex":0},"south":{"uv":[8.8125,4.0,9.0625,4.25],"rotation":0,"texture":"#0","tintindex":0},"up":{"uv":[9.5,6.5,9.25,6.375],"rotation":0,"texture":"#0","tintindex":0},"west":{"uv":[3.0,9.375,3.125,9.625],"rotation":0,"texture":"#0","tintindex":0}}},{"name":"cube","from":[3.8999429,10.755411,14.334681],"to":[6.299943,17.955412,16.134682],"rotation":{"angle":-22.5,"axis":"x","origin":[4.9499426,9.555411,6.5346804]},"faces":{"down":{"uv":[4.75,9.125,4.5,9.3125],"rotation":0,"texture":"#0","tintindex":0},"east":{"uv":[4.625,8.0,4.8125,8.75],"rotation":0,"texture":"#0","tintindex":0},"north":{"uv":[1.625,7.8125,1.875,8.5625],"rotation":0,"texture":"#0","tintindex":0},"south":{"uv":[0.0,7.875,0.25,8.625],"rotation":0,"texture":"#0","tintindex":0},"up":{"uv":[9.375,4.125,9.125,3.9375],"rotation":0,"texture":"#0","tintindex":0},"west":{"uv":[8.125,8.1875,8.3125,8.9375],"rotation":0,"texture":"#0","tintindex":0}}},{"name":"cube","from":[4.1999426,7.755411,13.73468],"to":[5.999943,17.955412,14.93468],"rotation":{"angle":-22.5,"axis":"x","origin":[4.9499426,9.555411,6.5346804]},"faces":{"down":{"uv":[9.625,3.5,9.4375,3.625],"rotation":0,"texture":"#0","tintindex":0},"east":{"uv":[3.4375,8.3125,3.5625,9.375],"rotation":0,"texture":"#0","tintindex":0},"north":{"uv":[3.9375,7.5,4.125,8.5625],"rotation":0,"texture":"#0","tintindex":0},"south":{"uv":[4.875,7.5,5.0625,8.5625],"rotation":0,"texture":"#0","tintindex":0},"up":{"uv":[3.5625,9.5625,3.375,9.4375],"rotation":0,"texture":"#0","tintindex":0},"west":{"uv":[6.875,8.3125,7.0,9.375],"rotation":0,"texture":"#0","tintindex":0}}},{"name":"cube","from":[0.7499428,10.361057,9.745847],"to":[2.8499427,11.861057,12.745847],"rotation":{"angle":22.5,"axis":"y","origin":[5.6999426,11.561057,4.9458466]},"faces":{"down":{"uv":[8.875,1.5,8.625,1.8125],"rotation":0,"texture":"#0","tintindex":0},"east":{"uv":[7.5,0.875,7.8125,1.0625],"rotation":0,"texture":"#0","tintindex":0},"north":{"uv":[4.8125,9.125,5.0625,9.3125],"rotation":0,"texture":"#0","tintindex":0},"south":{"uv":[7.5,9.125,7.75,9.3125],"rotation":0,"texture":"#0","tintindex":0},"up":{"uv":[1.5,8.9375,1.25,8.625],"rotation":0,"texture":"#0","tintindex":0},"west":{"uv":[9.0,1.8125,9.3125,2.0],"rotation":0,"texture":"#0","tintindex":0}}},{"name":"cube","from":[1.1999426,10.361057,7.9458466],"to":[2.3999429,11.561057,9.745847],"rotation":{"angle":22.5,"axis":"y","origin":[5.6999426,11.561057,4.9458466]},"faces":{"down":{"uv":[0.375,9.4375,0.25,9.625],"rotation":0,"texture":"#0","tintindex":0},"east":{"uv":[9.4375,3.875,9.625,4.0],"rotation":0,"texture":"#0","tintindex":0},"north":{"uv":[9.5,7.875,9.625,8.0],"rotation":0,"texture":"#0","tintindex":0},"south":{"uv":[9.5,8.8125,9.625,8.9375],"rotation":0,"texture":"#0","tintindex":0},"up":{"uv":[8.5625,1.6875,8.4375,1.5],"rotation":0,"texture":"#0","tintindex":0},"west":{"uv":[9.4375,4.0625,9.625,4.1875],"rotation":0,"texture":"#0","tintindex":0}}}],"display":{"head":{"translation":[0.0,-6.4,0.0],"rotation":[0.0,0.0,0.0],"scale":[3.8095,3.8095,3.8095]}}}