{"textures":{"0":"modelengine:entity/statue_saint_michael1"},"elements":[{"name":"cube","from":[5.0999427,19.694672,0.6531675],"to":[7.499943,22.09467,1.8531675],"rotation":{"angle":22.5,"axis":"x","origin":[5.399943,13.69467,1.2531675]},"faces":{"down":{"uv":[2.25,7.3125,2.0,7.4375],"rotation":0,"texture":"#0","tintindex":0},"east":{"uv":[2.1875,8.75,2.3125,9.0],"rotation":0,"texture":"#0","tintindex":0},"north":{"uv":[4.25,6.5625,4.5,6.8125],"rotation":0,"texture":"#0","tintindex":0},"south":{"uv":[1.875,8.75,2.125,9.0],"rotation":0,"texture":"#0","tintindex":0},"up":{"uv":[6.5625,5.4375,6.3125,5.3125],"rotation":0,"texture":"#0","tintindex":0},"west":{"uv":[1.6875,9.3125,1.8125,9.5625],"rotation":0,"texture":"#0","tintindex":0}}},{"name":"cube","from":[4.889943,20.435448,1.161823],"to":[7.889943,30.03545,3.8618228],"rotation":{"angle":22.5,"axis":"x","origin":[5.399943,13.23545,2.361823]},"faces":{"down":{"uv":[4.5,8.5,4.1875,8.8125],"rotation":0,"texture":"#0","tintindex":0},"east":{"uv":[1.5625,6.25,1.875,7.25],"rotation":0,"texture":"#0","tintindex":0},"north":{"uv":[6.1875,2.875,6.5,3.875],"rotation":0,"texture":"#0","tintindex":0},"south":{"uv":[1.9375,6.25,2.25,7.25],"rotation":0,"texture":"#0","tintindex":0},"up":{"uv":[8.8125,3.5,8.5,3.1875],"rotation":0,"texture":"#0","tintindex":0},"west":{"uv":[6.4375,3.9375,6.75,4.9375],"rotation":0,"texture":"#0","tintindex":0}}},{"name":"cube","from":[4.9499426,13.009586,5.2973185],"to":[7.349943,20.209587,7.0973186],"rotation":{"angle":0.0,"axis":"x","origin":[5.399943,11.209586,5.8973184]},"faces":{"down":{"uv":[4.0,9.0625,3.75,9.25],"rotation":0,"texture":"#0","tintindex":0},"east":{"uv":[2.4375,4.4375,2.625,5.1875],"rotation":0,"texture":"#0","tintindex":0},"north":{"uv":[6.875,7.5,7.125,8.25],"rotation":0,"texture":"#0","tintindex":0},"south":{"uv":[1.3125,7.8125,1.5625,8.5625],"rotation":0,"texture":"#0","tintindex":0},"up":{"uv":[3.0,9.25,2.75,9.0625],"rotation":0,"texture":"#0","tintindex":0},"west":{"uv":[0.3125,7.875,0.5,8.625],"rotation":0,"texture":"#0","tintindex":0}}},{"name":"cube","from":[5.249943,9.949586,4.637318],"to":[7.049943,20.269585,5.9573183],"rotation":{"angle":0.0,"axis":"x","origin":[5.399943,11.209586,5.8973184]},"faces":{"down":{"uv":[9.625,2.4375,9.4375,2.5625],"rotation":0,"texture":"#0","tintindex":0},"east":{"uv":[3.75,7.9375,3.875,9.0],"rotation":0,"texture":"#0","tintindex":0},"north":{"uv":[0.5625,3.9375,0.75,5.0],"rotation":0,"texture":"#0","tintindex":0},"south":{"uv":[0.5625,7.3125,0.75,8.375],"rotation":0,"texture":"#0","tintindex":0},"up":{"uv":[0.1875,9.5625,0.0,9.4375],"rotation":0,"texture":"#0","tintindex":0},"west":{"uv":[2.375,8.3125,2.5,9.375],"rotation":0,"texture":"#0","tintindex":0}}},{"name":"cube","from":[5.249943,9.761057,3.1458464],"to":[7.349943,11.261057,6.1458464],"rotation":{"angle":-45.0,"axis":"x","origin":[5.399943,9.1610565,5.5458465]},"faces":{"down":{"uv":[8.8125,2.5,8.5625,2.8125],"rotation":0,"texture":"#0","tintindex":0},"east":{"uv":[2.6875,1.75,3.0,1.9375],"rotation":0,"texture":"#0","tintindex":0},"north":{"uv":[6.5,9.0625,6.75,9.25],"rotation":0,"texture":"#0","tintindex":0},"south":{"uv":[3.0625,9.125,3.3125,9.3125],"rotation":0,"texture":"#0","tintindex":0},"up":{"uv":[3.6875,1.0,3.4375,0.6875],"rotation":0,"texture":"#0","tintindex":0},"west":{"uv":[6.1875,1.125,6.5,1.3125],"rotation":0,"texture":"#0","tintindex":0}}},{"name":"cube","from":[5.6999426,9.761057,1.3458463],"to":[6.899943,10.961058,3.1458464],"rotation":{"angle":-45.0,"axis":"x","origin":[5.399943,9.1610565,5.5458465]},"faces":{"down":{"uv":[8.0625,4.5625,7.9375,4.75],"rotation":0,"texture":"#0","tintindex":0},"east":{"uv":[9.4375,3.0,9.625,3.125],"rotation":0,"texture":"#0","tintindex":0},"north":{"uv":[7.3125,6.3125,7.4375,6.4375],"rotation":0,"texture":"#0","tintindex":0},"south":{"uv":[9.5,7.4375,9.625,7.5625],"rotation":0,"texture":"#0","tintindex":0},"up":{"uv":[0.9375,7.5,0.8125,7.3125],"rotation":0,"texture":"#0","tintindex":0},"west":{"uv":[9.4375,3.1875,9.625,3.3125],"rotation":0,"texture":"#0","tintindex":0}}}],"display":{"head":{"translation":[0.0,-6.4,0.0],"rotation":[0.0,0.0,0.0],"scale":[3.8095,3.8095,3.8095]}}}