{"textures":{"0":"modelengine:entity/statue_saint_michael1"},"elements":[{"name":"cube","from":[11.099943,11.861056,4.3458467],"to":[13.499944,13.961056,6.7458467],"rotation":{"angle":-45.0,"axis":"x","origin":[5.399943,13.361056,5.5458465]},"faces":{"down":{"uv":[9.1875,7.4375,8.9375,7.6875],"rotation":0,"texture":"#0","tintindex":0},"east":{"uv":[8.9375,5.625,9.1875,5.875],"rotation":0,"texture":"#0","tintindex":0},"north":{"uv":[8.9375,5.3125,9.1875,5.5625],"rotation":0,"texture":"#0","tintindex":0},"south":{"uv":[8.9375,5.9375,9.1875,6.1875],"rotation":0,"texture":"#0","tintindex":0},"up":{"uv":[9.1875,7.375,8.9375,7.125],"rotation":0,"texture":"#0","tintindex":0},"west":{"uv":[8.9375,6.25,9.1875,6.5],"rotation":0,"texture":"#0","tintindex":0}}},{"name":"cube","from":[4.499943,11.861056,4.3458467],"to":[6.899943,13.961056,6.7458467],"rotation":{"angle":-45.0,"axis":"x","origin":[5.399943,13.361056,5.5458465]},"faces":{"down":{"uv":[1.8125,9.0,1.5625,9.25],"rotation":0,"texture":"#0","tintindex":0},"east":{"uv":[9.0,0.0,9.25,0.25],"rotation":0,"texture":"#0","tintindex":0},"north":{"uv":[8.9375,8.1875,9.1875,8.4375],"rotation":0,"texture":"#0","tintindex":0},"south":{"uv":[9.0,0.875,9.25,1.125],"rotation":0,"texture":"#0","tintindex":0},"up":{"uv":[1.5,9.25,1.25,9.0],"rotation":0,"texture":"#0","tintindex":0},"west":{"uv":[9.0,1.1875,9.25,1.4375],"rotation":0,"texture":"#0","tintindex":0}}}],"display":{"head":{"translation":[0.0,-6.4,0.0],"rotation":[0.0,0.0,0.0],"scale":[3.8095,3.8095,3.8095]}}}