{"textures":{"0":"modelengine:entity/statue_saint_michael1"},"elements":[{"name":"cube","from":[7.799943,16.74487,0.19464898],"to":[9.599943,17.944868,1.994649],"rotation":{"angle":0.0,"axis":"x","origin":[4.799943,17.344868,2.2946491]},"faces":{"down":{"uv":[9.5625,1.8125,9.375,2.0],"rotation":0,"texture":"#0","tintindex":0},"east":{"uv":[4.0,9.5,4.1875,9.625],"rotation":0,"texture":"#0","tintindex":0},"north":{"uv":[2.4375,9.5,2.625,9.625],"rotation":0,"texture":"#0","tintindex":0},"south":{"uv":[9.5,5.0,9.6875,5.125],"rotation":0,"texture":"#0","tintindex":0},"up":{"uv":[8.25,9.5,8.0625,9.3125],"rotation":0,"texture":"#0","tintindex":0},"west":{"uv":[7.1875,9.5,7.375,9.625],"rotation":0,"texture":"#0","tintindex":0}}},{"name":"cube","from":[6.599943,18.059673,-1.0281873],"to":[10.799943,22.859673,3.171813],"rotation":{"angle":-22.5,"axis":"x","origin":[4.799943,18.059673,2.271813]},"faces":{"down":{"uv":[6.0625,7.5625,5.625,8.0],"rotation":0,"texture":"#0","tintindex":0},"east":{"uv":[7.4375,5.3125,7.875,5.8125],"rotation":0,"texture":"#0","tintindex":0},"north":{"uv":[4.375,7.4375,4.8125,7.9375],"rotation":0,"texture":"#0","tintindex":0},"south":{"uv":[7.1875,7.4375,7.625,7.9375],"rotation":0,"texture":"#0","tintindex":0},"up":{"uv":[5.5625,8.0,5.125,7.5625],"rotation":0,"texture":"#0","tintindex":0},"west":{"uv":[7.5,0.3125,7.9375,0.8125],"rotation":0,"texture":"#0","tintindex":0}}},{"name":"cube","from":[6.299943,20.759674,-1.328187],"to":[11.099943,21.359673,3.4718127],"rotation":{"angle":-22.5,"axis":"x","origin":[4.799943,18.059673,2.271813]},"faces":{"down":{"uv":[0.5,7.3125,0.0,7.8125],"rotation":0,"texture":"#0","tintindex":0},"east":{"uv":[9.4375,2.0625,9.9375,2.125],"rotation":0,"texture":"#0","tintindex":0},"north":{"uv":[1.875,9.4375,2.375,9.5],"rotation":0,"texture":"#0","tintindex":0},"south":{"uv":[9.4375,2.1875,9.9375,2.25],"rotation":0,"texture":"#0","tintindex":0},"up":{"uv":[4.9375,7.375,4.4375,6.875],"rotation":0,"texture":"#0","tintindex":0},"west":{"uv":[9.4375,2.3125,9.9375,2.375],"rotation":0,"texture":"#0","tintindex":0}}},{"name":"cube","from":[8.417328,17.63144,-1.71387],"to":[9.017328,19.431438,1.8861299],"rotation":{"angle":0.0,"axis":"x","origin":[6.317328,15.83144,1.5861299]},"faces":{"down":{"uv":[8.75,9.375,8.6875,9.8125],"rotation":0,"texture":"#0","tintindex":0},"east":{"uv":[5.875,4.75,6.3125,4.9375],"rotation":0,"texture":"#0","tintindex":0},"north":{"uv":[3.0,8.0625,3.0625,8.25],"rotation":0,"texture":"#0","tintindex":0},"south":{"uv":[4.5,9.5625,4.5625,9.75],"rotation":0,"texture":"#0","tintindex":0},"up":{"uv":[2.375,6.6875,2.3125,6.25],"rotation":0,"texture":"#0","tintindex":0},"west":{"uv":[0.0,7.0,0.4375,7.1875],"rotation":0,"texture":"#0","tintindex":0}}},{"name":"cube","from":[6.599943,22.772163,0.2998762],"to":[10.799943,26.972164,1.4998764],"rotation":{"angle":-45.0,"axis":"x","origin":[4.799943,25.172161,3.5998764]},"faces":{"down":{"uv":[6.4375,9.0625,6.0,9.1875],"rotation":0,"texture":"#0","tintindex":0},"east":{"uv":[4.1875,7.5,4.3125,7.9375],"rotation":0,"texture":"#0","tintindex":0},"north":{"uv":[7.625,4.8125,8.0625,5.25],"rotation":0,"texture":"#0","tintindex":0},"south":{"uv":[7.6875,7.4375,8.125,7.875],"rotation":0,"texture":"#0","tintindex":0},"up":{"uv":[5.9375,9.1875,5.5,9.0625],"rotation":0,"texture":"#0","tintindex":0},"west":{"uv":[2.5625,9.0,2.6875,9.4375],"rotation":0,"texture":"#0","tintindex":0}}},{"name":"cube","from":[4.199943,20.372162,0.89987636],"to":[13.199944,29.372162,0.89987636],"rotation":{"angle":-45.0,"axis":"x","origin":[4.799943,25.172161,3.5998764]},"faces":{"down":{"uv":[10.5625,4.875,9.625,4.875],"rotation":0,"texture":"#0","tintindex":0},"east":{"uv":[8.25,9.5625,8.25,10.5],"rotation":0,"texture":"#0","tintindex":0},"north":{"uv":[0.0,0.0,0.9375,0.9375],"rotation":0,"texture":"#0","tintindex":0},"south":{"uv":[0.0,1.0,0.9375,1.9375],"rotation":0,"texture":"#0","tintindex":0},"up":{"uv":[10.5625,4.8125,9.625,4.8125],"rotation":0,"texture":"#0","tintindex":0},"west":{"uv":[8.8125,9.5625,8.8125,10.5],"rotation":0,"texture":"#0","tintindex":0}}},{"name":"cube","from":[5.9999433,13.0857935,-3.8538985],"to":[11.399943,16.085793,-2.6538982],"rotation":{"angle":22.5,"axis":"x","origin":[5.3999434,9.485794,-0.25389814]},"faces":{"down":{"uv":[7.875,4.3125,7.3125,4.4375],"rotation":0,"texture":"#0","tintindex":0},"east":{"uv":[6.25,9.25,6.375,9.5625],"rotation":0,"texture":"#0","tintindex":0},"north":{"uv":[7.875,3.3125,8.4375,3.625],"rotation":0,"texture":"#0","tintindex":0},"south":{"uv":[6.125,7.875,6.6875,8.1875],"rotation":0,"texture":"#0","tintindex":0},"up":{"uv":[6.0625,2.375,5.5,2.25],"rotation":0,"texture":"#0","tintindex":0},"west":{"uv":[9.25,7.125,9.375,7.4375],"rotation":0,"texture":"#0","tintindex":0}}},{"name":"cube","from":[5.9999433,13.0857935,4.8733344],"to":[11.399943,16.085793,6.0733347],"rotation":{"angle":-22.5,"axis":"x","origin":[5.3999434,9.485794,2.4733343]},"faces":{"down":{"uv":[9.25,6.9375,8.6875,7.0625],"rotation":0,"texture":"#0","tintindex":0},"east":{"uv":[9.25,8.125,9.375,8.4375],"rotation":0,"texture":"#0","tintindex":0},"north":{"uv":[1.9375,7.9375,2.5,8.25],"rotation":0,"texture":"#0","tintindex":0},"south":{"uv":[3.125,7.9375,3.6875,8.25],"rotation":0,"texture":"#0","tintindex":0},"up":{"uv":[9.125,5.0,8.5625,4.875],"rotation":0,"texture":"#0","tintindex":0},"west":{"uv":[9.0,9.25,9.125,9.5625],"rotation":0,"texture":"#0","tintindex":0}}},{"name":"cube","from":[5.939943,15.761059,-1.0541539],"to":[11.459944,16.96106,3.2735898],"rotation":{"angle":0.0,"axis":"x","origin":[5.3999434,13.361058,5.5458465]},"faces":{"down":{"uv":[7.875,3.8125,7.3125,4.25],"rotation":0,"texture":"#0","tintindex":0},"east":{"uv":[9.0625,6.5625,9.5,6.6875],"rotation":0,"texture":"#0","tintindex":0},"north":{"uv":[8.75,8.5,9.3125,8.625],"rotation":0,"texture":"#0","tintindex":0},"south":{"uv":[8.75,8.6875,9.3125,8.8125],"rotation":0,"texture":"#0","tintindex":0},"up":{"uv":[1.9375,7.75,1.375,7.3125],"rotation":0,"texture":"#0","tintindex":0},"west":{"uv":[9.0625,6.75,9.5,6.875],"rotation":0,"texture":"#0","tintindex":0}}}],"display":{"head":{"translation":[0.0,-6.4,0.0],"rotation":[0.0,0.0,0.0],"scale":[3.8095,3.8095,3.8095]}}}