{"textures":{"0":"modelengine:entity/statue_saint_michael1"},"elements":[{"name":"octagon","from":[5.5147185,29.900002,1.9999998],"to":[10.485281,32.0,14.0],"rotation":{"angle":45.0,"axis":"y","origin":[8.0,30.350002,8.0]},"faces":{"down":{"uv":[4.25,3.125,3.75,4.375],"rotation":0,"texture":"#0","tintindex":0},"east":{"uv":[6.1875,0.5,7.4375,0.75],"rotation":0,"texture":"#0","tintindex":0},"north":{"uv":[8.375,5.625,8.875,5.875],"rotation":0,"texture":"#0","tintindex":0},"south":{"uv":[8.375,5.9375,8.875,6.1875],"rotation":0,"texture":"#0","tintindex":0},"up":{"uv":[3.1875,5.0,2.6875,3.75],"rotation":0,"texture":"#0","tintindex":0},"west":{"uv":[6.1875,0.8125,7.4375,1.0625],"rotation":0,"texture":"#0","tintindex":0}}},{"name":"octagon","from":[5.5147185,29.900002,1.9999998],"to":[10.485281,32.0,14.0],"rotation":{"angle":0.0,"axis":"x","origin":[8.0,30.350002,8.0]},"faces":{"down":{"uv":[4.8125,3.125,4.3125,4.375],"rotation":0,"texture":"#0","tintindex":0},"east":{"uv":[6.3125,5.0,7.5625,5.25],"rotation":0,"texture":"#0","tintindex":0},"north":{"uv":[8.375,8.1875,8.875,8.4375],"rotation":0,"texture":"#0","tintindex":0},"south":{"uv":[8.4375,0.0,8.9375,0.25],"rotation":0,"texture":"#0","tintindex":0},"up":{"uv":[0.5,5.1875,0.0,3.9375],"rotation":0,"texture":"#0","tintindex":0},"west":{"uv":[6.1875,6.5,7.4375,6.75],"rotation":0,"texture":"#0","tintindex":0}}},{"name":"octagon","from":[1.9999998,29.900002,5.5147185],"to":[14.0,32.0,10.485281],"rotation":{"angle":45.0,"axis":"y","origin":[8.0,30.350002,8.0]},"faces":{"down":{"uv":[4.5,4.4375,3.25,4.9375],"rotation":0,"texture":"#0","tintindex":0},"east":{"uv":[8.4375,0.875,8.9375,1.125],"rotation":0,"texture":"#0","tintindex":0},"north":{"uv":[6.5625,2.875,7.8125,3.125],"rotation":0,"texture":"#0","tintindex":0},"south":{"uv":[2.9375,6.5625,4.1875,6.8125],"rotation":0,"texture":"#0","tintindex":0},"up":{"uv":[5.4375,1.875,4.1875,1.375],"rotation":0,"texture":"#0","tintindex":0},"west":{"uv":[8.4375,1.1875,8.9375,1.4375],"rotation":0,"texture":"#0","tintindex":0}}},{"name":"octagon","from":[1.9999998,29.900002,5.5147185],"to":[14.0,32.0,10.485281],"rotation":{"angle":0.0,"axis":"x","origin":[8.0,30.350002,8.0]},"faces":{"down":{"uv":[5.8125,4.4375,4.5625,4.9375],"rotation":0,"texture":"#0","tintindex":0},"east":{"uv":[8.4375,2.875,8.9375,3.125],"rotation":0,"texture":"#0","tintindex":0},"north":{"uv":[6.5625,3.1875,7.8125,3.4375],"rotation":0,"texture":"#0","tintindex":0},"south":{"uv":[6.5625,3.5,7.8125,3.75],"rotation":0,"texture":"#0","tintindex":0},"up":{"uv":[5.75,0.5,4.5,0.0],"rotation":0,"texture":"#0","tintindex":0},"west":{"uv":[8.4375,3.6875,8.9375,3.9375],"rotation":0,"texture":"#0","tintindex":0}}}],"display":{"head":{"translation":[0.0,17.680004,0.0],"rotation":[0.0,0.0,0.0],"scale":[3.8095,3.8095,3.8095]}}}