{"textures":{"0":"modelengine:entity/statue_saint_michael1"},"elements":[{"name":"cube","from":[5.009943,-5.983453,-2.253735],"to":[5.4899426,-3.8621325,-0.13241506],"rotation":{"angle":-22.5,"axis":"x","origin":[5.399943,-2.9834528,-0.7324152]},"faces":{"down":{"uv":[4.4375,9.5625,4.375,9.8125],"rotation":0,"texture":"#0","tintindex":0},"east":{"uv":[8.9375,0.3125,9.1875,0.5625],"rotation":0,"texture":"#0","tintindex":0},"north":{"uv":[3.75,9.5625,3.8125,9.8125],"rotation":0,"texture":"#0","tintindex":0},"south":{"uv":[3.875,9.5625,3.9375,9.8125],"rotation":0,"texture":"#0","tintindex":0},"up":{"uv":[4.3125,9.8125,4.25,9.5625],"rotation":0,"texture":"#0","tintindex":0},"west":{"uv":[8.9375,1.5,9.1875,1.75],"rotation":0,"texture":"#0","tintindex":0}}},{"name":"cube","from":[4.9499426,-5.8389435,5.5458465],"to":[5.549943,13.961056,8.545847],"rotation":{"angle":22.5,"axis":"x","origin":[5.399943,13.361056,5.5458465]},"faces":{"down":{"uv":[8.0,9.5,7.9375,9.8125],"rotation":0,"texture":"#0","tintindex":0},"east":{"uv":[0.875,3.0625,1.1875,5.125],"rotation":0,"texture":"#0","tintindex":0},"north":{"uv":[3.625,8.3125,3.6875,10.375],"rotation":0,"texture":"#0","tintindex":0},"south":{"uv":[7.0625,8.3125,7.125,10.375],"rotation":0,"texture":"#0","tintindex":0},"up":{"uv":[7.875,9.8125,7.8125,9.5],"rotation":0,"texture":"#0","tintindex":0},"west":{"uv":[1.25,3.0625,1.5625,5.125],"rotation":0,"texture":"#0","tintindex":0}}}],"display":{"head":{"translation":[0.0,-6.4,0.0],"rotation":[0.0,0.0,0.0],"scale":[3.8095,3.8095,3.8095]}}}