{"textures":{"0":"modelengine:entity/statue_saint_michael1"},"elements":[{"name":"cube","from":[4.302887,13.361058,5.5458465],"to":[10.242584,14.561058,5.5458465],"rotation":{"angle":0.0,"axis":"x","origin":[7.2425838,13.961059,6.7458467]},"faces":{"down":{"uv":[10.125,5.1875,9.5,5.1875],"rotation":0,"texture":"#0","tintindex":0},"east":{"uv":[3.0625,1.75,3.0625,1.875],"rotation":0,"texture":"#0","tintindex":0},"north":{"uv":[6.8125,4.8125,7.4375,4.9375],"rotation":0,"texture":"#0","tintindex":0},"south":{"uv":[8.5625,0.6875,9.1875,0.8125],"rotation":0,"texture":"#0","tintindex":0},"up":{"uv":[10.0625,2.625,9.4375,2.625],"rotation":0,"texture":"#0","tintindex":0},"west":{"uv":[0.8125,3.9375,0.8125,4.0625],"rotation":0,"texture":"#0","tintindex":0}}},{"name":"cube","from":[4.799943,12.161058,4.345846],"to":[8.999943,13.361058,8.545847],"rotation":{"angle":45.0,"axis":"y","origin":[5.999943,12.761058,5.5458465]},"faces":{"down":{"uv":[3.0625,7.5625,2.625,8.0],"rotation":0,"texture":"#0","tintindex":0},"east":{"uv":[9.0,8.875,9.4375,9.0],"rotation":0,"texture":"#0","tintindex":0},"north":{"uv":[9.0,7.9375,9.4375,8.0625],"rotation":0,"texture":"#0","tintindex":0},"south":{"uv":[0.0,9.0625,0.4375,9.1875],"rotation":0,"texture":"#0","tintindex":0},"up":{"uv":[1.25,8.0,0.8125,7.5625],"rotation":0,"texture":"#0","tintindex":0},"west":{"uv":[1.875,9.0625,2.3125,9.1875],"rotation":0,"texture":"#0","tintindex":0}}},{"name":"cube","from":[4.1999426,12.461059,3.7458463],"to":[9.599943,13.061058,9.145846],"rotation":{"angle":45.0,"axis":"y","origin":[5.999943,12.761058,5.5458465]},"faces":{"down":{"uv":[6.6875,2.25,6.125,2.8125],"rotation":0,"texture":"#0","tintindex":0},"east":{"uv":[9.1875,2.6875,9.75,2.75],"rotation":0,"texture":"#0","tintindex":0},"north":{"uv":[7.5,6.6875,8.0625,6.75],"rotation":0,"texture":"#0","tintindex":0},"south":{"uv":[9.1875,3.375,9.75,3.4375],"rotation":0,"texture":"#0","tintindex":0},"up":{"uv":[3.6875,3.0,3.125,2.4375],"rotation":0,"texture":"#0","tintindex":0},"west":{"uv":[9.1875,4.5,9.75,4.5625],"rotation":0,"texture":"#0","tintindex":0}}}],"display":{"head":{"translation":[0.0,-6.4,0.0],"rotation":[0.0,0.0,0.0],"scale":[3.8095,3.8095,3.8095]}}}