{"textures":{"0":"modelengine:entity/statue_saint_michael1"},"elements":[{"name":"cube","from":[4.943859,18.469597,0.0818851],"to":[8.543859,22.0696,3.0818853],"rotation":{"angle":22.5,"axis":"z","origin":[6.7438583,23.2696,1.2818853]},"faces":{"down":{"uv":[7.9375,8.4375,7.5625,8.75],"rotation":0,"texture":"#0","tintindex":0},"east":{"uv":[8.4375,4.0,8.75,4.375],"rotation":0,"texture":"#0","tintindex":0},"north":{"uv":[6.4375,8.25,6.8125,8.625],"rotation":0,"texture":"#0","tintindex":0},"south":{"uv":[8.25,6.75,8.625,7.125],"rotation":0,"texture":"#0","tintindex":0},"up":{"uv":[4.125,1.6875,3.75,1.375],"rotation":0,"texture":"#0","tintindex":0},"west":{"uv":[7.1875,8.4375,7.5,8.8125],"rotation":0,"texture":"#0","tintindex":0}}},{"name":"cube","from":[8.014812,17.794676,0.68188524],"to":[12.814814,20.194675,3.6818852],"rotation":{"angle":-45.0,"axis":"z","origin":[8.614813,18.994675,1.2818853]},"faces":{"down":{"uv":[8.5,2.5,8.0,2.8125],"rotation":0,"texture":"#0","tintindex":0},"east":{"uv":[8.625,1.875,8.9375,2.125],"rotation":0,"texture":"#0","tintindex":0},"north":{"uv":[8.3125,2.1875,8.8125,2.4375],"rotation":0,"texture":"#0","tintindex":0},"south":{"uv":[8.375,5.3125,8.875,5.5625],"rotation":0,"texture":"#0","tintindex":0},"up":{"uv":[8.5,0.8125,8.0,0.5],"rotation":0,"texture":"#0","tintindex":0},"west":{"uv":[8.6875,6.625,9.0,6.875],"rotation":0,"texture":"#0","tintindex":0}}},{"name":"cube","from":[11.149681,14.255343,0.0818851],"to":[15.949681,17.855343,3.6818852],"rotation":{"angle":-22.5,"axis":"z","origin":[11.7496805,16.055344,1.2818853]},"faces":{"down":{"uv":[8.375,2.875,7.875,3.25],"rotation":0,"texture":"#0","tintindex":0},"east":{"uv":[1.9375,8.3125,2.3125,8.6875],"rotation":0,"texture":"#0","tintindex":0},"north":{"uv":[7.8125,5.875,8.3125,6.25],"rotation":0,"texture":"#0","tintindex":0},"south":{"uv":[7.875,0.875,8.375,1.25],"rotation":0,"texture":"#0","tintindex":0},"up":{"uv":[8.375,1.6875,7.875,1.3125],"rotation":0,"texture":"#0","tintindex":0},"west":{"uv":[3.0,8.3125,3.375,8.6875],"rotation":0,"texture":"#0","tintindex":0}}},{"name":"cube","from":[13.141144,11.409353,1.0032055],"to":[14.941144,15.009353,6.403206],"rotation":{"angle":45.0,"axis":"x","origin":[10.741144,13.209353,2.2032056]},"faces":{"down":{"uv":[1.0,8.5,0.8125,9.0625],"rotation":0,"texture":"#0","tintindex":0},"east":{"uv":[2.0,7.5,2.5625,7.875],"rotation":0,"texture":"#0","tintindex":0},"north":{"uv":[3.9375,8.625,4.125,9.0],"rotation":0,"texture":"#0","tintindex":0},"south":{"uv":[4.875,8.625,5.0625,9.0],"rotation":0,"texture":"#0","tintindex":0},"up":{"uv":[0.75,9.0,0.5625,8.4375],"rotation":0,"texture":"#0","tintindex":0},"west":{"uv":[3.3125,7.5,3.875,7.875],"rotation":0,"texture":"#0","tintindex":0}}},{"name":"cube","from":[3.2708907,10.503761,4.0458465],"to":[13.470892,14.103762,6.4458466],"rotation":{"angle":22.5,"axis":"z","origin":[11.670891,14.703761,5.2458467]},"faces":{"down":{"uv":[4.375,6.875,3.3125,7.125],"rotation":0,"texture":"#0","tintindex":0},"east":{"uv":[2.5625,8.5625,2.8125,8.9375],"rotation":0,"texture":"#0","tintindex":0},"north":{"uv":[5.5,1.375,6.5625,1.75],"rotation":0,"texture":"#0","tintindex":0},"south":{"uv":[5.5,1.8125,6.5625,2.1875],"rotation":0,"texture":"#0","tintindex":0},"up":{"uv":[7.875,4.75,6.8125,4.5],"rotation":0,"texture":"#0","tintindex":0},"west":{"uv":[8.5625,4.4375,8.8125,4.8125],"rotation":0,"texture":"#0","tintindex":0}}},{"name":"cube","from":[-0.5381396,7.97805,4.345846],"to":[7.261861,12.17805,6.1458464],"rotation":{"angle":-22.5,"axis":"z","origin":[5.4618607,12.17805,5.2458467]},"faces":{"down":{"uv":[8.9375,7.9375,8.125,8.125],"rotation":0,"texture":"#0","tintindex":0},"east":{"uv":[5.5,8.5625,5.6875,9.0],"rotation":0,"texture":"#0","tintindex":0},"north":{"uv":[1.5625,5.75,2.375,6.1875],"rotation":0,"texture":"#0","tintindex":0},"south":{"uv":[5.75,5.5,6.5625,5.9375],"rotation":0,"texture":"#0","tintindex":0},"up":{"uv":[8.9375,5.25,8.125,5.0625],"rotation":0,"texture":"#0","tintindex":0},"west":{"uv":[5.75,8.5625,5.9375,9.0],"rotation":0,"texture":"#0","tintindex":0}}},{"name":"cube","from":[1.33696,9.849888,4.6458464],"to":[5.53696,17.049889,5.845846],"rotation":{"angle":45.0,"axis":"z","origin":[3.73696,14.049888,5.845846]},"faces":{"down":{"uv":[0.9375,9.125,0.5,9.25],"rotation":0,"texture":"#0","tintindex":0},"east":{"uv":[1.375,6.5,1.5,7.25],"rotation":0,"texture":"#0","tintindex":0},"north":{"uv":[4.5625,6.0625,5.0,6.8125],"rotation":0,"texture":"#0","tintindex":0},"south":{"uv":[0.0,6.1875,0.4375,6.9375],"rotation":0,"texture":"#0","tintindex":0},"up":{"uv":[9.4375,9.1875,9.0,9.0625],"rotation":0,"texture":"#0","tintindex":0},"west":{"uv":[1.0625,8.5,1.1875,9.25],"rotation":0,"texture":"#0","tintindex":0}}},{"name":"cube","from":[0.25066853,3.936134,4.6458464],"to":[5.0506687,11.136135,5.845846],"rotation":{"angle":45.0,"axis":"z","origin":[0.85066843,6.336134,6.1458464]},"faces":{"down":{"uv":[9.375,4.625,8.875,4.75],"rotation":0,"texture":"#0","tintindex":0},"east":{"uv":[5.125,8.5625,5.25,9.3125],"rotation":0,"texture":"#0","tintindex":0},"north":{"uv":[5.625,0.5625,6.125,1.3125],"rotation":0,"texture":"#0","tintindex":0},"south":{"uv":[1.0,5.6875,1.5,6.4375],"rotation":0,"texture":"#0","tintindex":0},"up":{"uv":[9.375,3.625,8.875,3.5],"rotation":0,"texture":"#0","tintindex":0},"west":{"uv":[5.3125,8.5625,5.4375,9.3125],"rotation":0,"texture":"#0","tintindex":0}}}],"display":{"head":{"translation":[0.0,-6.4,0.0],"rotation":[0.0,0.0,0.0],"scale":[3.8095,3.8095,3.8095]}}}