{"textures":{"0":"modelengine:entity/statue_saint_michael1"},"elements":[{"name":"cube","from":[8.699533,24.8,2.8458464],"to":[15.899534,32.0,6.7458467],"rotation":{"angle":0.0,"axis":"x","origin":[10.499535,11.5999975,5.5458465]},"faces":{"down":{"uv":[6.5,6.0,5.75,6.4375],"rotation":0,"texture":"#0","tintindex":0},"east":{"uv":[5.9375,3.9375,6.375,4.6875],"rotation":0,"texture":"#0","tintindex":0},"north":{"uv":[1.625,4.4375,2.375,5.1875],"rotation":0,"texture":"#0","tintindex":0},"south":{"uv":[4.8125,0.5625,5.5625,1.3125],"rotation":0,"texture":"#0","tintindex":0},"up":{"uv":[6.5625,0.4375,5.8125,0.0],"rotation":0,"texture":"#0","tintindex":0},"west":{"uv":[2.4375,6.0,2.875,6.75],"rotation":0,"texture":"#0","tintindex":0}}},{"name":"cube","from":[9.299534,21.8,3.4458463],"to":[15.299534,23.599998,6.1458464],"rotation":{"angle":0.0,"axis":"x","origin":[10.499535,11.5999975,5.5458465]},"faces":{"down":{"uv":[8.125,6.3125,7.5,6.625],"rotation":0,"texture":"#0","tintindex":0},"east":{"uv":[9.0,2.8125,9.3125,3.0],"rotation":0,"texture":"#0","tintindex":0},"north":{"uv":[6.625,5.75,7.25,5.9375],"rotation":0,"texture":"#0","tintindex":0},"south":{"uv":[8.25,7.1875,8.875,7.375],"rotation":0,"texture":"#0","tintindex":0},"up":{"uv":[6.8125,7.8125,6.1875,7.5],"rotation":0,"texture":"#0","tintindex":0},"west":{"uv":[9.0,3.6875,9.3125,3.875],"rotation":0,"texture":"#0","tintindex":0}}},{"name":"cube","from":[9.149534,23.599998,3.2958465],"to":[15.449534,24.8,6.2958465],"rotation":{"angle":0.0,"axis":"x","origin":[10.499535,11.5999975,5.5458465]},"faces":{"down":{"uv":[8.125,1.75,7.4375,2.0625],"rotation":0,"texture":"#0","tintindex":0},"east":{"uv":[5.6875,9.25,6.0,9.375],"rotation":0,"texture":"#0","tintindex":0},"north":{"uv":[6.5625,6.3125,7.25,6.4375],"rotation":0,"texture":"#0","tintindex":0},"south":{"uv":[6.625,0.3125,7.3125,0.4375],"rotation":0,"texture":"#0","tintindex":0},"up":{"uv":[7.9375,2.8125,7.25,2.5],"rotation":0,"texture":"#0","tintindex":0},"west":{"uv":[9.25,5.8125,9.5625,5.9375],"rotation":0,"texture":"#0","tintindex":0}}},{"name":"cube","from":[3.5999432,20.762623,3.1458464],"to":[10.799943,24.962624,6.7458467],"rotation":{"angle":-22.5,"axis":"z","origin":[5.3999434,10.562623,5.5458465]},"faces":{"down":{"uv":[7.375,5.3125,6.625,5.6875],"rotation":0,"texture":"#0","tintindex":0},"east":{"uv":[8.0,0.0,8.375,0.4375],"rotation":0,"texture":"#0","tintindex":0},"north":{"uv":[2.9375,6.0625,3.6875,6.5],"rotation":0,"texture":"#0","tintindex":0},"south":{"uv":[3.75,6.0625,4.5,6.5],"rotation":0,"texture":"#0","tintindex":0},"up":{"uv":[7.375,2.125,6.625,1.75],"rotation":0,"texture":"#0","tintindex":0},"west":{"uv":[4.1875,8.0,4.5625,8.4375],"rotation":0,"texture":"#0","tintindex":0}}}],"display":{"head":{"translation":[0.0,4.0474916,0.0],"rotation":[0.0,0.0,0.0],"scale":[3.8095,3.8095,3.8095]}}}