{"textures":{"0":"modelengine:entity/statue_saint_michael1"},"elements":[{"name":"2","from":[7.960788,14.400756,8.671273],"to":[12.675074,21.257896,8.671273],"rotation":{"angle":0.0,"axis":"x","origin":[7.960788,11.400755,8.2427025]},"faces":{"down":{"uv":[10.25,8.6875,9.5625,8.6875],"rotation":0,"texture":"#0","tintindex":0},"east":{"uv":[5.3125,9.5625,5.3125,10.5625],"rotation":0,"texture":"#0","tintindex":0},"north":{"uv":[2.375,2.0,3.0625,3.0],"rotation":0,"texture":"#0","tintindex":0},"south":{"uv":[2.6875,0.0,3.375,1.0],"rotation":0,"texture":"#0","tintindex":0},"up":{"uv":[10.25,8.625,9.5625,8.625],"rotation":0,"texture":"#0","tintindex":0},"west":{"uv":[5.375,9.5625,5.375,10.5625],"rotation":0,"texture":"#0","tintindex":0}}},{"name":"2","from":[7.960788,21.322252,9.851948],"to":[14.81793,23.036537,9.851948],"rotation":{"angle":-22.5,"axis":"x","origin":[7.960788,18.322252,9.423376]},"faces":{"down":{"uv":[10.625,1.3125,9.625,1.3125],"rotation":0,"texture":"#0","tintindex":0},"east":{"uv":[3.375,9.125,3.375,9.375],"rotation":0,"texture":"#0","tintindex":0},"north":{"uv":[7.1875,7.125,8.1875,7.375],"rotation":0,"texture":"#0","tintindex":0},"south":{"uv":[7.25,2.1875,8.25,2.4375],"rotation":0,"texture":"#0","tintindex":0},"up":{"uv":[10.5625,8.75,9.5625,8.75],"rotation":0,"texture":"#0","tintindex":0},"west":{"uv":[6.4375,9.5625,6.4375,9.8125],"rotation":0,"texture":"#0","tintindex":0}}},{"name":"2","from":[9.246502,23.417025,10.261787],"to":[17.389359,25.13131,10.261787],"rotation":{"angle":-45.0,"axis":"x","origin":[7.960788,20.417025,9.833217]},"faces":{"down":{"uv":[10.8125,1.4375,9.625,1.4375],"rotation":0,"texture":"#0","tintindex":0},"east":{"uv":[6.5,9.5625,6.5,9.8125],"rotation":0,"texture":"#0","tintindex":0},"north":{"uv":[6.625,1.125,7.8125,1.375],"rotation":0,"texture":"#0","tintindex":0},"south":{"uv":[6.625,1.4375,7.8125,1.6875],"rotation":0,"texture":"#0","tintindex":0},"up":{"uv":[10.8125,1.375,9.625,1.375],"rotation":0,"texture":"#0","tintindex":0},"west":{"uv":[6.5625,9.5625,6.5625,9.8125],"rotation":0,"texture":"#0","tintindex":0}}},{"name":"2","from":[12.246502,22.938145,3.41039],"to":[23.38936,22.938145,6.4103904],"rotation":{"angle":22.5,"axis":"x","origin":[7.960788,22.509573,9.41039]},"faces":{"down":{"uv":[2.625,1.5,1.0,1.9375],"rotation":0,"texture":"#0","tintindex":0},"east":{"uv":[9.625,1.875,10.0625,1.875],"rotation":0,"texture":"#0","tintindex":0},"north":{"uv":[9.625,1.8125,11.25,1.8125],"rotation":0,"texture":"#0","tintindex":0},"south":{"uv":[9.625,1.9375,11.25,1.9375],"rotation":0,"texture":"#0","tintindex":0},"up":{"uv":[2.625,1.4375,1.0,1.0],"rotation":0,"texture":"#0","tintindex":0},"west":{"uv":[9.625,2.0,10.0625,2.0],"rotation":0,"texture":"#0","tintindex":0}}},{"name":"2","from":[14.81793,25.201622,1.0311201],"to":[23.38936,25.201622,4.03112],"rotation":{"angle":0.0,"axis":"x","origin":[7.960788,24.77305,7.0311203]},"faces":{"down":{"uv":[6.125,3.4375,4.875,3.875],"rotation":0,"texture":"#0","tintindex":0},"east":{"uv":[9.625,4.3125,10.0625,4.3125],"rotation":0,"texture":"#0","tintindex":0},"north":{"uv":[9.625,4.25,10.875,4.25],"rotation":0,"texture":"#0","tintindex":0},"south":{"uv":[9.625,4.375,10.875,4.375],"rotation":0,"texture":"#0","tintindex":0},"up":{"uv":[6.125,3.375,4.875,2.9375],"rotation":0,"texture":"#0","tintindex":0},"west":{"uv":[9.625,4.4375,10.0625,4.4375],"rotation":0,"texture":"#0","tintindex":0}}},{"name":"2","from":[5.714245,11.829327,6.247033],"to":[5.714245,17.829327,9.247033],"rotation":{"angle":45.0,"axis":"y","origin":[6.1428165,11.829327,6.247033]},"faces":{"down":{"uv":[8.1875,9.5625,8.1875,10.0],"rotation":0,"texture":"#0","tintindex":0},"east":{"uv":[5.25,5.5,5.6875,6.375],"rotation":0,"texture":"#0","tintindex":0},"north":{"uv":[6.625,9.5625,6.625,10.4375],"rotation":0,"texture":"#0","tintindex":0},"south":{"uv":[8.0625,9.5625,8.0625,10.4375],"rotation":0,"texture":"#0","tintindex":0},"up":{"uv":[8.125,10.0,8.125,9.5625],"rotation":0,"texture":"#0","tintindex":0},"west":{"uv":[0.5,5.6875,0.9375,6.5625],"rotation":0,"texture":"#0","tintindex":0}}},{"name":"3","from":[2.5466337,11.829327,6.247033],"to":[2.5466337,17.829327,9.247033],"rotation":{"angle":-45.0,"axis":"y","origin":[2.1180623,11.829327,6.247033]},"faces":{"down":{"uv":[8.1875,9.5625,8.1875,10.0],"rotation":0,"texture":"#0","tintindex":0},"east":{"uv":[0.9375,5.6875,0.5,6.5625],"rotation":0,"texture":"#0","tintindex":0},"north":{"uv":[6.625,9.5625,6.625,10.4375],"rotation":0,"texture":"#0","tintindex":0},"south":{"uv":[8.0625,9.5625,8.0625,10.4375],"rotation":0,"texture":"#0","tintindex":0},"up":{"uv":[8.125,10.0,8.125,9.5625],"rotation":0,"texture":"#0","tintindex":0},"west":{"uv":[5.6875,5.5,5.25,6.375],"rotation":0,"texture":"#0","tintindex":0}}},{"name":"3","from":[-4.414195,14.400756,8.671273],"to":[0.3000908,21.257896,8.671273],"rotation":{"angle":0.0,"axis":"x","origin":[0.3000908,11.400755,8.2427025]},"faces":{"down":{"uv":[9.5625,8.6875,10.25,8.6875],"rotation":0,"texture":"#0","tintindex":0},"east":{"uv":[5.375,9.5625,5.375,10.5625],"rotation":0,"texture":"#0","tintindex":0},"north":{"uv":[3.0625,2.0,2.375,3.0],"rotation":0,"texture":"#0","tintindex":0},"south":{"uv":[3.375,0.0,2.6875,1.0],"rotation":0,"texture":"#0","tintindex":0},"up":{"uv":[9.5625,8.625,10.25,8.625],"rotation":0,"texture":"#0","tintindex":0},"west":{"uv":[5.3125,9.5625,5.3125,10.5625],"rotation":0,"texture":"#0","tintindex":0}}},{"name":"3","from":[-6.5570517,21.322252,9.851948],"to":[0.3000908,23.036537,9.851948],"rotation":{"angle":-22.5,"axis":"x","origin":[0.3000908,18.322252,9.423376]},"faces":{"down":{"uv":[9.625,1.3125,10.625,1.3125],"rotation":0,"texture":"#0","tintindex":0},"east":{"uv":[6.4375,9.5625,6.4375,9.8125],"rotation":0,"texture":"#0","tintindex":0},"north":{"uv":[8.1875,7.125,7.1875,7.375],"rotation":0,"texture":"#0","tintindex":0},"south":{"uv":[8.25,2.1875,7.25,2.4375],"rotation":0,"texture":"#0","tintindex":0},"up":{"uv":[9.5625,8.75,10.5625,8.75],"rotation":0,"texture":"#0","tintindex":0},"west":{"uv":[3.375,9.125,3.375,9.375],"rotation":0,"texture":"#0","tintindex":0}}},{"name":"3","from":[-9.128481,23.417025,10.261787],"to":[-0.98562336,25.13131,10.261787],"rotation":{"angle":-45.0,"axis":"x","origin":[0.3000908,20.417025,9.833217]},"faces":{"down":{"uv":[9.625,1.4375,10.8125,1.4375],"rotation":0,"texture":"#0","tintindex":0},"east":{"uv":[6.5625,9.5625,6.5625,9.8125],"rotation":0,"texture":"#0","tintindex":0},"north":{"uv":[7.8125,1.125,6.625,1.375],"rotation":0,"texture":"#0","tintindex":0},"south":{"uv":[7.8125,1.4375,6.625,1.6875],"rotation":0,"texture":"#0","tintindex":0},"up":{"uv":[9.625,1.375,10.8125,1.375],"rotation":0,"texture":"#0","tintindex":0},"west":{"uv":[6.5,9.5625,6.5,9.8125],"rotation":0,"texture":"#0","tintindex":0}}},{"name":"3","from":[-15.128481,22.938145,3.41039],"to":[-3.9856234,22.938145,6.4103904],"rotation":{"angle":22.5,"axis":"x","origin":[0.3000908,22.509573,9.41039]},"faces":{"down":{"uv":[1.0,1.5,2.625,1.9375],"rotation":0,"texture":"#0","tintindex":0},"east":{"uv":[10.0625,2.0,9.625,2.0],"rotation":0,"texture":"#0","tintindex":0},"north":{"uv":[11.25,1.8125,9.625,1.8125],"rotation":0,"texture":"#0","tintindex":0},"south":{"uv":[11.25,1.9375,9.625,1.9375],"rotation":0,"texture":"#0","tintindex":0},"up":{"uv":[1.0,1.4375,2.625,1.0],"rotation":0,"texture":"#0","tintindex":0},"west":{"uv":[10.0625,1.875,9.625,1.875],"rotation":0,"texture":"#0","tintindex":0}}},{"name":"3","from":[-15.128481,25.201622,1.0311201],"to":[-6.5570517,25.201622,4.03112],"rotation":{"angle":0.0,"axis":"x","origin":[0.3000908,24.77305,7.0311203]},"faces":{"down":{"uv":[4.875,3.4375,6.125,3.875],"rotation":0,"texture":"#0","tintindex":0},"east":{"uv":[10.0625,4.4375,9.625,4.4375],"rotation":0,"texture":"#0","tintindex":0},"north":{"uv":[10.875,4.25,9.625,4.25],"rotation":0,"texture":"#0","tintindex":0},"south":{"uv":[10.875,4.375,9.625,4.375],"rotation":0,"texture":"#0","tintindex":0},"up":{"uv":[4.875,3.375,6.125,2.9375],"rotation":0,"texture":"#0","tintindex":0},"west":{"uv":[10.0625,4.3125,9.625,4.3125],"rotation":0,"texture":"#0","tintindex":0}}}],"display":{"head":{"translation":[0.0,-6.4,0.0],"rotation":[0.0,0.0,0.0],"scale":[3.7333333,3.7333333,3.7333333]}}}