{"textures":{"0":"modelengine:entity/statue_saint_michael1"},"elements":[{"name":"octagon","from":[6.011775,25.999996,3.1999998],"to":[9.988225,32.0,12.8],"rotation":{"angle":45.0,"axis":"y","origin":[8.0,30.8,8.0]},"faces":{"down":{"uv":[4.1875,5.0,3.75,6.0],"rotation":0,"texture":"#0","tintindex":0},"east":{"uv":[2.6875,1.0625,3.6875,1.6875],"rotation":0,"texture":"#0","tintindex":0},"north":{"uv":[3.25,3.75,3.6875,4.375],"rotation":0,"texture":"#0","tintindex":0},"south":{"uv":[0.5,6.625,0.9375,7.25],"rotation":0,"texture":"#0","tintindex":0},"up":{"uv":[3.6875,6.0,3.25,5.0],"rotation":0,"texture":"#0","tintindex":0},"west":{"uv":[1.625,3.0625,2.625,3.6875],"rotation":0,"texture":"#0","tintindex":0}}},{"name":"octagon","from":[6.011775,25.999996,3.1999998],"to":[9.988225,31.990997,12.8],"rotation":{"angle":0.0,"axis":"x","origin":[8.0,30.8,8.0]},"faces":{"down":{"uv":[5.1875,5.0,4.75,6.0],"rotation":0,"texture":"#0","tintindex":0},"east":{"uv":[2.6875,3.0625,3.6875,3.6875],"rotation":0,"texture":"#0","tintindex":0},"north":{"uv":[6.75,2.1875,7.1875,2.8125],"rotation":0,"texture":"#0","tintindex":0},"south":{"uv":[2.3125,6.8125,2.75,7.4375],"rotation":0,"texture":"#0","tintindex":0},"up":{"uv":[4.6875,6.0,4.25,5.0],"rotation":0,"texture":"#0","tintindex":0},"west":{"uv":[3.125,1.75,4.125,2.375],"rotation":0,"texture":"#0","tintindex":0}}},{"name":"octagon","from":[3.1999998,25.999996,6.011775],"to":[12.8,31.993996,9.988225],"rotation":{"angle":45.0,"axis":"y","origin":[8.0,30.8,8.0]},"faces":{"down":{"uv":[1.5625,5.1875,0.5625,5.625],"rotation":0,"texture":"#0","tintindex":0},"east":{"uv":[6.8125,3.8125,7.25,4.4375],"rotation":0,"texture":"#0","tintindex":0},"north":{"uv":[3.4375,0.0,4.4375,0.625],"rotation":0,"texture":"#0","tintindex":0},"south":{"uv":[3.75,0.6875,4.75,1.3125],"rotation":0,"texture":"#0","tintindex":0},"up":{"uv":[5.875,4.375,4.875,3.9375],"rotation":0,"texture":"#0","tintindex":0},"west":{"uv":[6.1875,6.8125,6.625,7.4375],"rotation":0,"texture":"#0","tintindex":0}}},{"name":"octagon","from":[3.1999998,25.999996,6.011775],"to":[12.8,31.996998,9.988225],"rotation":{"angle":0.0,"axis":"x","origin":[8.0,30.8,8.0]},"faces":{"down":{"uv":[6.25,5.0,5.25,5.4375],"rotation":0,"texture":"#0","tintindex":0},"east":{"uv":[6.6875,6.8125,7.125,7.4375],"rotation":0,"texture":"#0","tintindex":0},"north":{"uv":[1.625,3.75,2.625,4.375],"rotation":0,"texture":"#0","tintindex":0},"south":{"uv":[3.75,2.4375,4.75,3.0625],"rotation":0,"texture":"#0","tintindex":0},"up":{"uv":[2.625,5.6875,1.625,5.25],"rotation":0,"texture":"#0","tintindex":0},"west":{"uv":[2.8125,6.875,3.25,7.5],"rotation":0,"texture":"#0","tintindex":0}}}],"display":{"head":{"translation":[0.0,16.000015,0.0],"rotation":[0.0,0.0,0.0],"scale":[3.8095,3.8095,3.8095]}}}