{"textures":{"0":"modelengine:entity/statue_saint_michael1"},"elements":[{"name":"cube","from":[0.7863951,13.079047,5.2458467],"to":[4.386395,13.679048,6.4458466],"rotation":{"angle":0.0,"axis":"x","origin":[3.786395,12.479048,5.5458465]},"faces":{"down":{"uv":[8.75,9.1875,8.375,9.3125],"rotation":0,"texture":"#0","tintindex":0},"east":{"uv":[8.625,7.8125,8.75,7.875],"rotation":0,"texture":"#0","tintindex":0},"north":{"uv":[7.3125,5.875,7.6875,5.9375],"rotation":0,"texture":"#0","tintindex":0},"south":{"uv":[9.4375,5.6875,9.8125,5.75],"rotation":0,"texture":"#0","tintindex":0},"up":{"uv":[9.5625,4.9375,9.1875,4.8125],"rotation":0,"texture":"#0","tintindex":0},"west":{"uv":[8.6875,3.5625,8.8125,3.625],"rotation":0,"texture":"#0","tintindex":0}}},{"name":"cube","from":[4.799943,9.799999,5.5458465],"to":[5.999943,12.799999,6.1458464],"rotation":{"angle":22.5,"axis":"z","origin":[5.399943,12.2,5.5458465]},"faces":{"down":{"uv":[9.125,3.0625,9.0,3.125],"rotation":0,"texture":"#0","tintindex":0},"east":{"uv":[6.75,7.875,6.8125,8.1875],"rotation":0,"texture":"#0","tintindex":0},"north":{"uv":[9.25,5.4375,9.375,5.75],"rotation":0,"texture":"#0","tintindex":0},"south":{"uv":[5.5,9.25,5.625,9.5625],"rotation":0,"texture":"#0","tintindex":0},"up":{"uv":[9.125,2.125,9.0,2.0625],"rotation":0,"texture":"#0","tintindex":0},"west":{"uv":[8.0,8.4375,8.0625,8.75],"rotation":0,"texture":"#0","tintindex":0}}},{"name":"cube","from":[4.799943,12.799999,5.2458467],"to":[5.999943,13.999999,6.4458466],"rotation":{"angle":22.5,"axis":"z","origin":[5.399943,12.2,5.5458465]},"faces":{"down":{"uv":[1.5625,9.5625,1.4375,9.6875],"rotation":0,"texture":"#0","tintindex":0},"east":{"uv":[9.5625,0.875,9.6875,1.0],"rotation":0,"texture":"#0","tintindex":0},"north":{"uv":[0.875,9.5625,1.0,9.6875],"rotation":0,"texture":"#0","tintindex":0},"south":{"uv":[1.0625,9.5625,1.1875,9.6875],"rotation":0,"texture":"#0","tintindex":0},"up":{"uv":[1.375,9.6875,1.25,9.5625],"rotation":0,"texture":"#0","tintindex":0},"west":{"uv":[9.5625,1.0625,9.6875,1.1875],"rotation":0,"texture":"#0","tintindex":0}}},{"name":"cube","from":[5.040635,15.835325,5.2458467],"to":[8.6406355,16.435326,6.4458466],"rotation":{"angle":45.0,"axis":"z","origin":[8.040636,15.235325,5.5458465]},"faces":{"down":{"uv":[9.625,0.3125,9.25,0.4375],"rotation":0,"texture":"#0","tintindex":0},"east":{"uv":[9.4375,8.375,9.5625,8.4375],"rotation":0,"texture":"#0","tintindex":0},"north":{"uv":[9.4375,7.3125,9.8125,7.375],"rotation":0,"texture":"#0","tintindex":0},"south":{"uv":[9.4375,7.75,9.8125,7.8125],"rotation":0,"texture":"#0","tintindex":0},"up":{"uv":[0.375,9.375,0.0,9.25],"rotation":0,"texture":"#0","tintindex":0},"west":{"uv":[9.5,1.6875,9.625,1.75],"rotation":0,"texture":"#0","tintindex":0}}},{"name":"cube","from":[3.5999427,13.999999,5.845846],"to":[7.1999435,32.0,5.845846],"rotation":{"angle":22.5,"axis":"z","origin":[5.399943,12.2,5.5458465]},"faces":{"down":{"uv":[7.8125,2.125,7.4375,2.125],"rotation":0,"texture":"#0","tintindex":0},"east":{"uv":[5.4375,9.375,5.4375,11.25],"rotation":0,"texture":"#0","tintindex":0},"north":{"uv":[0.0,2.0,0.375,3.875],"rotation":0,"texture":"#0","tintindex":0},"south":{"uv":[0.4375,2.0,0.8125,3.875],"rotation":0,"texture":"#0","tintindex":0},"up":{"uv":[0.375,7.25,0.0,7.25],"rotation":0,"texture":"#0","tintindex":0},"west":{"uv":[9.375,9.5,9.375,11.375],"rotation":0,"texture":"#0","tintindex":0}}},{"name":"cube","from":[1.386395,13.18199,5.2458467],"to":[1.8106589,13.606254,6.4458466],"rotation":{"angle":45.0,"axis":"z","origin":[1.2106589,12.406254,5.5458465]},"faces":{"down":{"uv":[7.5625,4.8125,7.5,4.9375],"rotation":0,"texture":"#0","tintindex":0},"east":{"uv":[9.5,7.625,9.625,7.6875],"rotation":0,"texture":"#0","tintindex":0},"north":{"uv":[7.3125,5.75,7.375,5.8125],"rotation":0,"texture":"#0","tintindex":0},"south":{"uv":[8.4375,4.4375,8.5,4.5],"rotation":0,"texture":"#0","tintindex":0},"up":{"uv":[7.4375,0.4375,7.375,0.3125],"rotation":0,"texture":"#0","tintindex":0},"west":{"uv":[4.625,9.5625,4.75,9.625],"rotation":0,"texture":"#0","tintindex":0}}},{"name":"cube","from":[7.616371,16.08385,5.2458467],"to":[8.040634,16.508114,6.4458466],"rotation":{"angle":0.0,"axis":"x","origin":[8.816371,15.908115,5.5458465]},"faces":{"down":{"uv":[8.5,0.3125,8.4375,0.4375],"rotation":0,"texture":"#0","tintindex":0},"east":{"uv":[4.8125,9.5625,4.9375,9.625],"rotation":0,"texture":"#0","tintindex":0},"north":{"uv":[8.8125,7.8125,8.875,7.875],"rotation":0,"texture":"#0","tintindex":0},"south":{"uv":[4.0625,9.0625,4.125,9.125],"rotation":0,"texture":"#0","tintindex":0},"up":{"uv":[6.0625,8.1875,6.0,8.0625],"rotation":0,"texture":"#0","tintindex":0},"west":{"uv":[5.0,9.5625,5.125,9.625],"rotation":0,"texture":"#0","tintindex":0}}}],"display":{"head":{"translation":[0.0,-4.3053975,0.0],"rotation":[0.0,0.0,0.0],"scale":[3.8095,3.8095,3.8095]}}}