{"textures":{"0":"modelengine:entity/car01"},"elements":[{"name":"cube","from":[0.20875072,13.077611,-8.071429],"to":[0.6373222,13.506183,-2.9285717],"rotation":{"angle":0.0,"axis":"x","origin":[4.0658937,10.934753,8.0]},"faces":{"down":{"uv":[9.8125,12.8125,9.75,13.5625],"rotation":0,"texture":"#0","tintindex":0},"east":{"uv":[8.625,5.0,9.375,5.0625],"rotation":0,"texture":"#0","tintindex":0},"north":{"uv":[9.4375,5.0,9.5,5.0625],"rotation":0,"texture":"#0","tintindex":0},"south":{"uv":[10.25,9.375,10.3125,9.4375],"rotation":0,"texture":"#0","tintindex":0},"up":{"uv":[9.6875,13.5625,9.625,12.8125],"rotation":0,"texture":"#0","tintindex":0},"west":{"uv":[12.625,5.5,13.375,5.5625],"rotation":0,"texture":"#0","tintindex":0}}},{"name":"1","from":[0.20875072,10.934753,-11.285715],"to":[0.6373222,13.506183,-8.071429],"rotation":{"angle":0.0,"axis":"x","origin":[4.0658937,10.934753,8.0]},"faces":{"down":{"uv":[6.875,12.875,6.8125,13.375],"rotation":0,"texture":"#0","tintindex":0},"east":{"uv":[7.6875,1.625,8.1875,2.0],"rotation":0,"texture":"#0","tintindex":0},"north":{"uv":[4.9375,13.0,5.0,13.375],"rotation":0,"texture":"#0","tintindex":0},"south":{"uv":[5.0625,13.0,5.125,13.375],"rotation":0,"texture":"#0","tintindex":0},"up":{"uv":[3.1875,10.9375,3.125,10.4375],"rotation":0,"texture":"#0","tintindex":0},"west":{"uv":[5.5,11.25,6.0,11.625],"rotation":0,"texture":"#0","tintindex":0}}},{"name":"2","from":[0.6373222,9.756182,-8.5],"to":[15.362678,13.506183,-2.5000005],"rotation":{"angle":0.0,"axis":"x","origin":[4.065894,10.934753,8.0]},"faces":{"down":{"uv":[5.375,6.5,3.25,7.375],"rotation":0,"texture":"#0","tintindex":0},"east":{"uv":[6.4375,8.25,7.3125,8.8125],"rotation":0,"texture":"#0","tintindex":0},"north":{"uv":[8.5,2.25,10.625,2.8125],"rotation":0,"texture":"#0","tintindex":0},"south":{"uv":[8.625,2.875,10.75,3.4375],"rotation":0,"texture":"#0","tintindex":0},"up":{"uv":[6.625,4.1875,4.5,3.3125],"rotation":0,"texture":"#0","tintindex":0},"west":{"uv":[3.25,8.9375,4.125,9.5],"rotation":0,"texture":"#0","tintindex":0}}},{"name":"1","from":[-0.08485651,12.030117,-11.285715],"to":[0.3437152,12.88726,0.28571415],"rotation":{"angle":-22.5,"axis":"z","origin":[3.7722862,12.030117,8.0]},"faces":{"down":{"uv":[3.5625,12.0625,3.5,13.75],"rotation":0,"texture":"#0","tintindex":0},"east":{"uv":[3.125,11.4375,4.8125,11.5625],"rotation":0,"texture":"#0","tintindex":0},"north":{"uv":[8.5,2.875,8.5625,3.0],"rotation":0,"texture":"#0","tintindex":0},"south":{"uv":[7.5,10.3125,7.5625,10.4375],"rotation":0,"texture":"#0","tintindex":0},"up":{"uv":[3.4375,13.75,3.375,12.0625],"rotation":0,"texture":"#0","tintindex":0},"west":{"uv":[6.8125,11.5,8.5,11.625],"rotation":0,"texture":"#0","tintindex":0}}},{"name":"1","from":[0.20875072,10.934753,-2.9285717],"to":[0.6373222,13.506183,0.28571415],"rotation":{"angle":0.0,"axis":"x","origin":[4.0658937,10.934753,8.0]},"faces":{"down":{"uv":[13.0,2.125,12.9375,2.625],"rotation":0,"texture":"#0","tintindex":0},"east":{"uv":[6.0625,11.25,6.5625,11.625],"rotation":0,"texture":"#0","tintindex":0},"north":{"uv":[5.1875,13.0,5.25,13.375],"rotation":0,"texture":"#0","tintindex":0},"south":{"uv":[5.3125,13.0,5.375,13.375],"rotation":0,"texture":"#0","tintindex":0},"up":{"uv":[7.0,13.375,6.9375,12.875],"rotation":0,"texture":"#0","tintindex":0},"west":{"uv":[0.625,11.625,1.125,12.0],"rotation":0,"texture":"#0","tintindex":0}}},{"name":"1","from":[0.24315739,11.404636,-2.5000005],"to":[0.67172885,12.476065,12.285714],"rotation":{"angle":22.5,"axis":"z","origin":[4.100301,11.618921,8.0]},"faces":{"down":{"uv":[10.8125,11.8125,10.75,14.0],"rotation":0,"texture":"#0","tintindex":0},"east":{"uv":[9.8125,6.9375,12.0,7.125],"rotation":0,"texture":"#0","tintindex":0},"north":{"uv":[2.4375,11.25,2.5,11.4375],"rotation":0,"texture":"#0","tintindex":0},"south":{"uv":[12.0,13.125,12.0625,13.3125],"rotation":0,"texture":"#0","tintindex":0},"up":{"uv":[10.6875,14.0,10.625,11.8125],"rotation":0,"texture":"#0","tintindex":0},"west":{"uv":[10.375,9.375,12.5625,9.5625],"rotation":0,"texture":"#0","tintindex":0}}},{"name":"1","from":[0.24315739,11.404636,-10.857143],"to":[0.67172885,12.476065,-8.5],"rotation":{"angle":22.5,"axis":"z","origin":[4.100301,11.618921,-0.3571434]},"faces":{"down":{"uv":[11.9375,13.0,11.875,13.375],"rotation":0,"texture":"#0","tintindex":0},"east":{"uv":[7.875,12.4375,8.25,12.625],"rotation":0,"texture":"#0","tintindex":0},"north":{"uv":[12.125,13.125,12.1875,13.3125],"rotation":0,"texture":"#0","tintindex":0},"south":{"uv":[13.125,12.125,13.1875,12.3125],"rotation":0,"texture":"#0","tintindex":0},"up":{"uv":[13.0625,9.75,13.0,9.375],"rotation":0,"texture":"#0","tintindex":0},"west":{"uv":[8.3125,12.4375,8.6875,12.625],"rotation":0,"texture":"#0","tintindex":0}}},{"name":"1","from":[0.20875072,10.934753,0.28571415],"to":[0.6373222,16.07761,12.285714],"rotation":{"angle":0.0,"axis":"x","origin":[4.0658937,10.934753,8.0]},"faces":{"down":{"uv":[1.75,12.0625,1.6875,13.8125],"rotation":0,"texture":"#0","tintindex":0},"east":{"uv":[7.6875,0.0,9.4375,0.75],"rotation":0,"texture":"#0","tintindex":0},"north":{"uv":[12.5625,12.6875,12.625,13.4375],"rotation":0,"texture":"#0","tintindex":0},"south":{"uv":[6.0,12.75,6.0625,13.5],"rotation":0,"texture":"#0","tintindex":0},"up":{"uv":[1.625,13.8125,1.5625,12.0625],"rotation":0,"texture":"#0","tintindex":0},"west":{"uv":[7.6875,0.8125,9.4375,1.5625],"rotation":0,"texture":"#0","tintindex":0}}},{"name":"1","from":[-0.08485651,14.601546,0.28571415],"to":[0.3437152,15.458689,12.285714],"rotation":{"angle":-22.5,"axis":"z","origin":[3.7722862,14.601546,8.0]},"faces":{"down":{"uv":[2.0,12.0625,1.9375,13.8125],"rotation":0,"texture":"#0","tintindex":0},"east":{"uv":[0.625,11.25,2.375,11.375],"rotation":0,"texture":"#0","tintindex":0},"north":{"uv":[0.625,11.0625,0.6875,11.1875],"rotation":0,"texture":"#0","tintindex":0},"south":{"uv":[13.125,11.75,13.1875,11.875],"rotation":0,"texture":"#0","tintindex":0},"up":{"uv":[1.875,13.8125,1.8125,12.0625],"rotation":0,"texture":"#0","tintindex":0},"west":{"uv":[0.625,11.4375,2.375,11.5625],"rotation":0,"texture":"#0","tintindex":0}}},{"name":"2","from":[15.362678,10.934753,-11.285715],"to":[15.791248,13.506183,-8.071429],"rotation":{"angle":0.0,"axis":"x","origin":[11.934106,10.934753,8.0]},"faces":{"down":{"uv":[3.9375,12.9375,3.875,13.4375],"rotation":0,"texture":"#0","tintindex":0},"east":{"uv":[1.1875,11.625,1.6875,12.0],"rotation":0,"texture":"#0","tintindex":0},"north":{"uv":[13.0,12.25,13.0625,12.625],"rotation":0,"texture":"#0","tintindex":0},"south":{"uv":[13.0,12.6875,13.0625,13.0625],"rotation":0,"texture":"#0","tintindex":0},"up":{"uv":[13.0,3.1875,12.9375,2.6875],"rotation":0,"texture":"#0","tintindex":0},"west":{"uv":[1.75,11.625,2.25,12.0],"rotation":0,"texture":"#0","tintindex":0}}},{"name":"2","from":[0.5367656,9.714285,-10.857143],"to":[15.463234,10.142857,-8.5],"rotation":{"angle":0.0,"axis":"x","origin":[11.606091,9.714285,-0.3571434]},"faces":{"down":{"uv":[10.3125,9.5,8.125,9.875],"rotation":0,"texture":"#0","tintindex":0},"east":{"uv":[13.0,0.0,13.375,0.0625],"rotation":0,"texture":"#0","tintindex":0},"north":{"uv":[11.75,0.375,13.9375,0.4375],"rotation":0,"texture":"#0","tintindex":0},"south":{"uv":[10.875,11.8125,13.0625,11.875],"rotation":0,"texture":"#0","tintindex":0},"up":{"uv":[11.6875,1.4375,9.5,1.0625],"rotation":0,"texture":"#0","tintindex":0},"west":{"uv":[13.0,0.125,13.375,0.1875],"rotation":0,"texture":"#0","tintindex":0}}},{"name":"2","from":[15.656284,12.030117,-11.285715],"to":[16.084856,12.88726,0.28571415],"rotation":{"angle":22.5,"axis":"z","origin":[12.227714,12.030117,8.0]},"faces":{"down":{"uv":[3.8125,12.0625,3.75,13.75],"rotation":0,"texture":"#0","tintindex":0},"east":{"uv":[8.5625,11.5,10.25,11.625],"rotation":0,"texture":"#0","tintindex":0},"north":{"uv":[4.5,13.1875,4.5625,13.3125],"rotation":0,"texture":"#0","tintindex":0},"south":{"uv":[4.625,13.1875,4.6875,13.3125],"rotation":0,"texture":"#0","tintindex":0},"up":{"uv":[3.6875,13.75,3.625,12.0625],"rotation":0,"texture":"#0","tintindex":0},"west":{"uv":[10.3125,11.5,12.0,11.625],"rotation":0,"texture":"#0","tintindex":0}}},{"name":"2","from":[15.362678,10.934753,-2.9285717],"to":[15.791248,13.506183,0.28571415],"rotation":{"angle":0.0,"axis":"x","origin":[11.934106,10.934753,8.0]},"faces":{"down":{"uv":[4.1875,12.9375,4.125,13.4375],"rotation":0,"texture":"#0","tintindex":0},"east":{"uv":[3.125,11.625,3.625,12.0],"rotation":0,"texture":"#0","tintindex":0},"north":{"uv":[12.8125,13.0,12.875,13.375],"rotation":0,"texture":"#0","tintindex":0},"south":{"uv":[0.0,13.0625,0.0625,13.4375],"rotation":0,"texture":"#0","tintindex":0},"up":{"uv":[4.0625,13.4375,4.0,12.9375],"rotation":0,"texture":"#0","tintindex":0},"west":{"uv":[3.6875,11.625,4.1875,12.0],"rotation":0,"texture":"#0","tintindex":0}}},{"name":"2","from":[15.328271,11.404636,-2.5000005],"to":[15.756842,12.476065,12.285714],"rotation":{"angle":-22.5,"axis":"z","origin":[11.899698,11.618921,8.0]},"faces":{"down":{"uv":[11.0625,11.9375,11.0,14.125],"rotation":0,"texture":"#0","tintindex":0},"east":{"uv":[10.375,9.625,12.5625,9.8125],"rotation":0,"texture":"#0","tintindex":0},"north":{"uv":[13.125,12.375,13.1875,12.5625],"rotation":0,"texture":"#0","tintindex":0},"south":{"uv":[13.125,12.625,13.1875,12.8125],"rotation":0,"texture":"#0","tintindex":0},"up":{"uv":[10.9375,14.125,10.875,11.9375],"rotation":0,"texture":"#0","tintindex":0},"west":{"uv":[10.6875,2.25,12.875,2.4375],"rotation":0,"texture":"#0","tintindex":0}}},{"name":"cube","from":[0.5367656,16.012365,-1.8571434],"to":[15.463234,16.869507,2.8571424],"rotation":{"angle":0.0,"axis":"x","origin":[1.8224797,13.012365,8.0]},"faces":{"down":{"uv":[5.1875,7.4375,3.0,8.125],"rotation":0,"texture":"#0","tintindex":0},"east":{"uv":[12.0625,10.875,12.75,11.0],"rotation":0,"texture":"#0","tintindex":0},"north":{"uv":[11.0,9.0625,13.1875,9.1875],"rotation":0,"texture":"#0","tintindex":0},"south":{"uv":[11.0,10.3125,13.1875,10.4375],"rotation":0,"texture":"#0","tintindex":0},"up":{"uv":[9.5625,8.0625,7.375,7.375],"rotation":0,"texture":"#0","tintindex":0},"west":{"uv":[12.0625,11.5,12.75,11.625],"rotation":0,"texture":"#0","tintindex":0}}},{"name":"cube","from":[4.3571424,13.440936,-11.714287],"to":[11.642857,17.29808,2.8571424],"rotation":{"angle":0.0,"axis":"x","origin":[1.7857139,13.012365,8.0]},"faces":{"down":{"uv":[5.5625,0.0,4.5,2.125],"rotation":0,"texture":"#0","tintindex":0},"east":{"uv":[8.625,3.5,10.75,4.0625],"rotation":0,"texture":"#0","tintindex":0},"north":{"uv":[1.125,4.5,2.1875,5.0625],"rotation":0,"texture":"#0","tintindex":0},"south":{"uv":[0.0,6.6875,1.0625,7.25],"rotation":0,"texture":"#0","tintindex":0},"up":{"uv":[1.0625,6.625,0.0,4.5],"rotation":0,"texture":"#0","tintindex":0},"west":{"uv":[8.625,4.125,10.75,4.6875],"rotation":0,"texture":"#0","tintindex":0}}},{"name":"cube","from":[0.5367656,16.012365,-6.5714293],"to":[15.463234,16.440937,-1.8571434],"rotation":{"angle":0.0,"axis":"x","origin":[1.8224797,13.012365,8.0]},"faces":{"down":{"uv":[9.75,6.5,7.5625,7.1875],"rotation":0,"texture":"#0","tintindex":0},"east":{"uv":[12.75,3.5625,13.4375,3.625],"rotation":0,"texture":"#0","tintindex":0},"north":{"uv":[11.875,7.6875,14.0625,7.75],"rotation":0,"texture":"#0","tintindex":0},"south":{"uv":[11.875,7.8125,14.0625,7.875],"rotation":0,"texture":"#0","tintindex":0},"up":{"uv":[2.1875,8.1875,0.0,7.5],"rotation":0,"texture":"#0","tintindex":0},"west":{"uv":[12.8125,10.875,13.5,10.9375],"rotation":0,"texture":"#0","tintindex":0}}},{"name":"cube","from":[0.5367656,13.440936,-11.285715],"to":[15.463234,16.012365,2.8571424],"rotation":{"angle":0.0,"axis":"x","origin":[1.8224797,13.012365,8.0]},"faces":{"down":{"uv":[4.4375,2.125,2.25,4.1875],"rotation":0,"texture":"#0","tintindex":0},"east":{"uv":[0.0,9.875,2.0625,10.25],"rotation":0,"texture":"#0","tintindex":0},"north":{"uv":[9.5625,4.75,11.75,5.125],"rotation":0,"texture":"#0","tintindex":0},"south":{"uv":[9.5625,5.1875,11.75,5.5625],"rotation":0,"texture":"#0","tintindex":0},"up":{"uv":[4.4375,2.0625,2.25,0.0],"rotation":0,"texture":"#0","tintindex":0},"west":{"uv":[5.5,9.875,7.5625,10.25],"rotation":0,"texture":"#0","tintindex":0}}},{"name":"2","from":[0.5367656,9.714285,-2.5000005],"to":[15.463234,10.142857,12.285714],"rotation":{"angle":0.0,"axis":"x","origin":[11.606091,9.714285,8.0]},"faces":{"down":{"uv":[2.1875,2.25,0.0,4.4375],"rotation":0,"texture":"#0","tintindex":0},"east":{"uv":[11.875,7.3125,14.0625,7.375],"rotation":0,"texture":"#0","tintindex":0},"north":{"uv":[11.875,7.1875,14.0625,7.25],"rotation":0,"texture":"#0","tintindex":0},"south":{"uv":[11.875,7.4375,14.0625,7.5],"rotation":0,"texture":"#0","tintindex":0},"up":{"uv":[2.1875,2.1875,0.0,0.0],"rotation":0,"texture":"#0","tintindex":0},"west":{"uv":[11.875,7.5625,14.0625,7.625],"rotation":0,"texture":"#0","tintindex":0}}},{"name":"2","from":[15.328271,11.404636,-10.857143],"to":[15.756842,12.476065,-8.5],"rotation":{"angle":-22.5,"axis":"z","origin":[11.899698,11.618921,-0.3571434]},"faces":{"down":{"uv":[0.3125,13.0625,0.25,13.4375],"rotation":0,"texture":"#0","tintindex":0},"east":{"uv":[8.75,12.4375,9.125,12.625],"rotation":0,"texture":"#0","tintindex":0},"north":{"uv":[13.125,12.875,13.1875,13.0625],"rotation":0,"texture":"#0","tintindex":0},"south":{"uv":[12.9375,13.125,13.0,13.3125],"rotation":0,"texture":"#0","tintindex":0},"up":{"uv":[0.1875,13.4375,0.125,13.0625],"rotation":0,"texture":"#0","tintindex":0},"west":{"uv":[9.1875,12.4375,9.5625,12.625],"rotation":0,"texture":"#0","tintindex":0}}},{"name":"cube","from":[0.5367656,16.869507,11.428572],"to":[1.3939083,22.012365,12.285714],"rotation":{"angle":0.0,"axis":"x","origin":[4.3939085,16.869507,8.0]},"faces":{"down":{"uv":[13.1875,11.9375,13.0625,12.0625],"rotation":0,"texture":"#0","tintindex":0},"east":{"uv":[4.25,12.375,4.375,13.125],"rotation":0,"texture":"#0","tintindex":0},"north":{"uv":[5.25,7.4375,5.375,8.1875],"rotation":0,"texture":"#0","tintindex":0},"south":{"uv":[4.4375,12.375,4.5625,13.125],"rotation":0,"texture":"#0","tintindex":0},"up":{"uv":[11.8125,13.1875,11.6875,13.0625],"rotation":0,"texture":"#0","tintindex":0},"west":{"uv":[4.625,12.375,4.75,13.125],"rotation":0,"texture":"#0","tintindex":0}}},{"name":"cube","from":[-0.5929661,19.284954,5.428571],"to":[0.26417685,20.142097,12.285714],"rotation":{"angle":-45.0,"axis":"z","origin":[3.264177,19.284954,8.0]},"faces":{"down":{"uv":[0.75,12.0625,0.625,13.0625],"rotation":0,"texture":"#0","tintindex":0},"east":{"uv":[0.0,7.3125,1.0,7.4375],"rotation":0,"texture":"#0","tintindex":0},"north":{"uv":[0.5625,13.125,0.6875,13.25],"rotation":0,"texture":"#0","tintindex":0},"south":{"uv":[0.75,13.125,0.875,13.25],"rotation":0,"texture":"#0","tintindex":0},"up":{"uv":[12.0,12.9375,11.875,11.9375],"rotation":0,"texture":"#0","tintindex":0},"west":{"uv":[11.875,9.875,12.875,10.0],"rotation":0,"texture":"#0","tintindex":0}}},{"name":"cube","from":[14.6060915,16.869507,11.428572],"to":[15.463234,22.012365,12.285714],"rotation":{"angle":0.0,"axis":"x","origin":[11.606091,16.869507,8.0]},"faces":{"down":{"uv":[13.25,1.0625,13.125,1.1875],"rotation":0,"texture":"#0","tintindex":0},"east":{"uv":[5.4375,12.4375,5.5625,13.1875],"rotation":0,"texture":"#0","tintindex":0},"north":{"uv":[12.4375,4.75,12.5625,5.5],"rotation":0,"texture":"#0","tintindex":0},"south":{"uv":[5.625,12.4375,5.75,13.1875],"rotation":0,"texture":"#0","tintindex":0},"up":{"uv":[1.0625,13.25,0.9375,13.125],"rotation":0,"texture":"#0","tintindex":0},"west":{"uv":[5.8125,12.4375,5.9375,13.1875],"rotation":0,"texture":"#0","tintindex":0}}},{"name":"cube","from":[15.735823,19.284954,5.428571],"to":[16.592964,20.142097,12.285714],"rotation":{"angle":45.0,"axis":"z","origin":[12.735823,19.284954,8.0]},"faces":{"down":{"uv":[1.125,12.0625,1.0,13.0625],"rotation":0,"texture":"#0","tintindex":0},"east":{"uv":[11.875,10.0625,12.875,10.1875],"rotation":0,"texture":"#0","tintindex":0},"north":{"uv":[1.125,13.125,1.25,13.25],"rotation":0,"texture":"#0","tintindex":0},"south":{"uv":[13.125,1.25,13.25,1.375],"rotation":0,"texture":"#0","tintindex":0},"up":{"uv":[0.9375,13.0625,0.8125,12.0625],"rotation":0,"texture":"#0","tintindex":0},"west":{"uv":[12.0,5.625,13.0,5.75],"rotation":0,"texture":"#0","tintindex":0}}},{"name":"cube","from":[14.428572,20.111639,1.874474],"to":[15.285714,20.968782,10.017331],"rotation":{"angle":-45.0,"axis":"x","origin":[14.857142,16.254494,5.731617]},"faces":{"down":{"uv":[10.5625,11.8125,10.4375,13.0],"rotation":0,"texture":"#0","tintindex":0},"east":{"uv":[11.75,1.0625,12.9375,1.1875],"rotation":0,"texture":"#0","tintindex":0},"north":{"uv":[1.3125,13.125,1.4375,13.25],"rotation":0,"texture":"#0","tintindex":0},"south":{"uv":[13.125,1.4375,13.25,1.5625],"rotation":0,"texture":"#0","tintindex":0},"up":{"uv":[10.375,13.0,10.25,11.8125],"rotation":0,"texture":"#0","tintindex":0},"west":{"uv":[11.75,1.25,12.9375,1.375],"rotation":0,"texture":"#0","tintindex":0}}},{"name":"2","from":[15.034662,13.142857,15.714286],"to":[15.463234,15.714286,21.285715],"rotation":{"angle":0.0,"axis":"x","origin":[22.926468,11.428572,16.571428]},"faces":{"down":{"uv":[12.5,12.6875,12.4375,13.5],"rotation":0,"texture":"#0","tintindex":0},"east":{"uv":[11.0,8.625,11.8125,9.0],"rotation":0,"texture":"#0","tintindex":0},"north":{"uv":[10.375,13.0625,10.4375,13.4375],"rotation":0,"texture":"#0","tintindex":0},"south":{"uv":[10.5,13.0625,10.5625,13.4375],"rotation":0,"texture":"#0","tintindex":0},"up":{"uv":[12.75,12.75,12.6875,11.9375],"rotation":0,"texture":"#0","tintindex":0},"west":{"uv":[11.0,9.875,11.8125,10.25],"rotation":0,"texture":"#0","tintindex":0}}},{"name":"2","from":[15.034662,9.714285,21.285715],"to":[15.463234,15.714286,29.857143],"rotation":{"angle":0.0,"axis":"x","origin":[22.926468,11.428572,25.571428]},"faces":{"down":{"uv":[7.8125,12.4375,7.75,13.6875],"rotation":0,"texture":"#0","tintindex":0},"east":{"uv":[1.9375,8.9375,3.1875,9.8125],"rotation":0,"texture":"#0","tintindex":0},"north":{"uv":[9.125,12.6875,9.1875,13.5625],"rotation":0,"texture":"#0","tintindex":0},"south":{"uv":[9.25,12.6875,9.3125,13.5625],"rotation":0,"texture":"#0","tintindex":0},"up":{"uv":[7.6875,13.6875,7.625,12.4375],"rotation":0,"texture":"#0","tintindex":0},"west":{"uv":[6.8125,8.9375,8.0625,9.8125],"rotation":0,"texture":"#0","tintindex":0}}},{"name":"cube","from":[7.608194,16.869507,11.428572],"to":[8.391806,22.37473,12.071428],"rotation":{"angle":0.0,"axis":"x","origin":[9.248948,24.646158,11.857142]},"faces":{"down":{"uv":[10.0,13.125,9.875,13.25],"rotation":0,"texture":"#0","tintindex":0},"east":{"uv":[0.375,12.1875,0.5,13.0],"rotation":0,"texture":"#0","tintindex":0},"north":{"uv":[0.1875,12.1875,0.3125,13.0],"rotation":0,"texture":"#0","tintindex":0},"south":{"uv":[12.25,4.75,12.375,5.5625],"rotation":0,"texture":"#0","tintindex":0},"up":{"uv":[13.25,9.6875,13.125,9.5625],"rotation":0,"texture":"#0","tintindex":0},"west":{"uv":[12.25,11.9375,12.375,12.75],"rotation":0,"texture":"#0","tintindex":0}}},{"name":"cube","from":[0.9285712,13.142857,15.714286],"to":[15.071428,14.0,21.285715],"rotation":{"angle":0.0,"axis":"x","origin":[-6.963234,14.857142,24.714285]},"faces":{"down":{"uv":[7.5,6.5,5.4375,7.3125],"rotation":0,"texture":"#0","tintindex":0},"east":{"uv":[3.25,9.5625,4.0625,9.6875],"rotation":0,"texture":"#0","tintindex":0},"north":{"uv":[6.625,10.5,8.6875,10.625],"rotation":0,"texture":"#0","tintindex":0},"south":{"uv":[6.8125,11.3125,8.875,11.4375],"rotation":0,"texture":"#0","tintindex":0},"up":{"uv":[8.5625,5.0625,6.5,4.25],"rotation":0,"texture":"#0","tintindex":0},"west":{"uv":[6.625,10.3125,7.4375,10.4375],"rotation":0,"texture":"#0","tintindex":0}}},{"name":"cube","from":[0.9285712,15.065121,17.073532],"to":[15.071428,16.277304,17.073532],"rotation":{"angle":45.0,"axis":"x","origin":[-6.963234,16.779406,13.64496]},"faces":{"down":{"uv":[15.3125,2.375,13.25,2.375],"rotation":0,"texture":"#0","tintindex":0},"east":{"uv":[4.125,9.5625,4.125,9.75],"rotation":0,"texture":"#0","tintindex":0},"north":{"uv":[10.8125,2.75,12.875,2.9375],"rotation":0,"texture":"#0","tintindex":0},"south":{"uv":[10.8125,3.0,12.875,3.1875],"rotation":0,"texture":"#0","tintindex":0},"up":{"uv":[15.25,6.0,13.1875,6.0],"rotation":0,"texture":"#0","tintindex":0},"west":{"uv":[2.5,11.5,2.5,11.6875],"rotation":0,"texture":"#0","tintindex":0}}},{"name":"cube","from":[0.9285712,15.065121,19.926468],"to":[15.071428,16.277304,19.926468],"rotation":{"angle":-45.0,"axis":"x","origin":[-6.963234,16.779406,23.35504]},"faces":{"down":{"uv":[15.125,4.1875,13.0625,4.1875],"rotation":0,"texture":"#0","tintindex":0},"east":{"uv":[7.6875,5.125,7.6875,5.3125],"rotation":0,"texture":"#0","tintindex":0},"north":{"uv":[10.75,1.75,12.8125,1.9375],"rotation":0,"texture":"#0","tintindex":0},"south":{"uv":[10.75,2.0,12.8125,2.1875],"rotation":0,"texture":"#0","tintindex":0},"up":{"uv":[13.9375,10.25,11.875,10.25],"rotation":0,"texture":"#0","tintindex":0},"west":{"uv":[9.5,4.75,9.5,4.9375],"rotation":0,"texture":"#0","tintindex":0}}},{"name":"cube","from":[0.9285712,9.714285,12.285714],"to":[15.071428,10.142857,14.857142],"rotation":{"angle":0.0,"axis":"x","origin":[-6.963234,11.428572,15.714286]},"faces":{"down":{"uv":[11.9375,6.0625,9.875,6.4375],"rotation":0,"texture":"#0","tintindex":0},"east":{"uv":[13.0,0.25,13.375,0.3125],"rotation":0,"texture":"#0","tintindex":0},"north":{"uv":[11.875,8.75,13.9375,8.8125],"rotation":0,"texture":"#0","tintindex":0},"south":{"uv":[11.875,8.875,13.9375,8.9375],"rotation":0,"texture":"#0","tintindex":0},"up":{"uv":[11.9375,6.0,9.875,5.625],"rotation":0,"texture":"#0","tintindex":0},"west":{"uv":[13.0625,3.0625,13.4375,3.125],"rotation":0,"texture":"#0","tintindex":0}}},{"name":"cube","from":[1.7857139,9.714285,29.857143],"to":[14.214286,10.142857,31.142857],"rotation":{"angle":0.0,"axis":"x","origin":[-6.963234,11.428572,26.0]},"faces":{"down":{"uv":[12.625,4.0,10.8125,4.1875],"rotation":0,"texture":"#0","tintindex":0},"east":{"uv":[1.875,10.3125,2.0625,10.375],"rotation":0,"texture":"#0","tintindex":0},"north":{"uv":[12.0625,6.8125,13.875,6.875],"rotation":0,"texture":"#0","tintindex":0},"south":{"uv":[12.0625,6.9375,13.875,7.0],"rotation":0,"texture":"#0","tintindex":0},"up":{"uv":[12.625,3.9375,10.8125,3.75],"rotation":0,"texture":"#0","tintindex":0},"west":{"uv":[13.125,9.75,13.3125,9.8125],"rotation":0,"texture":"#0","tintindex":0}}},{"name":"cube","from":[0.9285712,9.714285,22.142857],"to":[15.071428,10.142857,29.857143],"rotation":{"angle":0.0,"axis":"x","origin":[-6.963234,11.428572,25.571428]},"faces":{"down":{"uv":[6.4375,4.25,4.375,5.375],"rotation":0,"texture":"#0","tintindex":0},"east":{"uv":[9.5,1.5,10.625,1.5625],"rotation":0,"texture":"#0","tintindex":0},"north":{"uv":[11.875,7.9375,13.9375,8.0],"rotation":0,"texture":"#0","tintindex":0},"south":{"uv":[11.875,8.625,13.9375,8.6875],"rotation":0,"texture":"#0","tintindex":0},"up":{"uv":[4.3125,5.375,2.25,4.25],"rotation":0,"texture":"#0","tintindex":0},"west":{"uv":[12.0625,7.0625,13.1875,7.125],"rotation":0,"texture":"#0","tintindex":0}}},{"name":"cube","from":[0.9285712,9.714285,14.857142],"to":[15.071428,13.142857,22.142857],"rotation":{"angle":0.0,"axis":"x","origin":[-6.963234,11.428572,25.571428]},"faces":{"down":{"uv":[3.1875,5.4375,1.125,6.5],"rotation":0,"texture":"#0","tintindex":0},"east":{"uv":[2.125,9.875,3.1875,10.375],"rotation":0,"texture":"#0","tintindex":0},"north":{"uv":[7.75,5.9375,9.8125,6.4375],"rotation":0,"texture":"#0","tintindex":0},"south":{"uv":[8.125,8.9375,10.1875,9.4375],"rotation":0,"texture":"#0","tintindex":0},"up":{"uv":[6.5625,3.25,4.5,2.1875],"rotation":0,"texture":"#0","tintindex":0},"west":{"uv":[7.625,9.9375,8.6875,10.4375],"rotation":0,"texture":"#0","tintindex":0}}},{"name":"cube","from":[13.82248,16.869507,11.428572],"to":[14.6060915,22.37473,12.071428],"rotation":{"angle":0.0,"axis":"x","origin":[15.463234,24.646158,11.857142]},"faces":{"down":{"uv":[13.25,9.375,13.125,9.5],"rotation":0,"texture":"#0","tintindex":0},"east":{"uv":[5.0625,12.125,5.1875,12.9375],"rotation":0,"texture":"#0","tintindex":0},"north":{"uv":[4.875,12.125,5.0,12.9375],"rotation":0,"texture":"#0","tintindex":0},"south":{"uv":[5.25,12.125,5.375,12.9375],"rotation":0,"texture":"#0","tintindex":0},"up":{"uv":[8.1875,13.25,8.0625,13.125],"rotation":0,"texture":"#0","tintindex":0},"west":{"uv":[0.0,12.1875,0.125,13.0],"rotation":0,"texture":"#0","tintindex":0}}},{"name":"cube","from":[1.3939083,16.869507,11.428572],"to":[2.1775196,22.37473,12.071428],"rotation":{"angle":0.0,"axis":"x","origin":[0.5367656,24.646158,11.857142]},"faces":{"down":{"uv":[8.0,13.125,7.875,13.25],"rotation":0,"texture":"#0","tintindex":0},"east":{"uv":[3.875,12.0625,4.0,12.875],"rotation":0,"texture":"#0","tintindex":0},"north":{"uv":[3.0,6.5625,3.125,7.375],"rotation":0,"texture":"#0","tintindex":0},"south":{"uv":[4.0625,12.0625,4.1875,12.875],"rotation":0,"texture":"#0","tintindex":0},"up":{"uv":[13.25,5.25,13.125,5.125],"rotation":0,"texture":"#0","tintindex":0},"west":{"uv":[12.0625,11.9375,12.1875,12.75],"rotation":0,"texture":"#0","tintindex":0}}},{"name":"cube","from":[1.3939083,20.75,11.428572],"to":[14.6060915,21.798079,11.857142],"rotation":{"angle":0.0,"axis":"x","origin":[0.5367656,25.440937,11.857142]},"faces":{"down":{"uv":[14.0,6.4375,12.0625,6.5],"rotation":0,"texture":"#0","tintindex":0},"east":{"uv":[13.25,2.0,13.3125,2.125],"rotation":0,"texture":"#0","tintindex":0},"north":{"uv":[11.4375,0.6875,13.375,0.8125],"rotation":0,"texture":"#0","tintindex":0},"south":{"uv":[11.4375,0.875,13.375,1.0],"rotation":0,"texture":"#0","tintindex":0},"up":{"uv":[13.9375,6.375,12.0,6.3125],"rotation":0,"texture":"#0","tintindex":0},"west":{"uv":[13.25,2.1875,13.3125,2.3125],"rotation":0,"texture":"#0","tintindex":0}}},{"name":"cube","from":[1.3939083,16.869507,11.471428],"to":[14.6060915,17.917587,11.857142],"rotation":{"angle":0.0,"axis":"x","origin":[0.5367656,21.560444,11.857142]},"faces":{"down":{"uv":[13.9375,6.1875,12.0,6.25],"rotation":0,"texture":"#0","tintindex":0},"east":{"uv":[13.25,1.625,13.3125,1.75],"rotation":0,"texture":"#0","tintindex":0},"north":{"uv":[11.3125,11.125,13.25,11.25],"rotation":0,"texture":"#0","tintindex":0},"south":{"uv":[11.4375,0.5,13.375,0.625],"rotation":0,"texture":"#0","tintindex":0},"up":{"uv":[9.5,7.3125,7.5625,7.25],"rotation":0,"texture":"#0","tintindex":0},"west":{"uv":[13.25,1.8125,13.3125,1.9375],"rotation":0,"texture":"#0","tintindex":0}}},{"name":"cube","from":[0.5367656,10.142857,11.428572],"to":[15.463234,16.869507,12.285714],"rotation":{"angle":0.0,"axis":"x","origin":[0.5367656,16.440937,11.857142]},"faces":{"down":{"uv":[13.3125,10.6875,11.125,10.8125],"rotation":0,"texture":"#0","tintindex":0},"east":{"uv":[1.1875,12.0625,1.3125,13.0625],"rotation":0,"texture":"#0","tintindex":0},"north":{"uv":[3.25,5.4375,5.4375,6.4375],"rotation":0,"texture":"#0","tintindex":0},"south":{"uv":[5.5,5.4375,7.6875,6.4375],"rotation":0,"texture":"#0","tintindex":0},"up":{"uv":[11.25,11.25,9.0625,11.125],"rotation":0,"texture":"#0","tintindex":0},"west":{"uv":[1.375,12.0625,1.5,13.0625],"rotation":0,"texture":"#0","tintindex":0}}},{"name":"2","from":[16.403816,18.699942,12.285714],"to":[16.403816,19.664227,29.857143],"rotation":{"angle":22.5,"axis":"z","origin":[23.43848,14.842799,16.571428]},"faces":{"down":{"uv":[10.0625,13.125,10.0625,15.6875],"rotation":0,"texture":"#0","tintindex":0},"east":{"uv":[6.8125,10.9375,9.375,11.0625],"rotation":0,"texture":"#0","tintindex":0},"north":{"uv":[3.1875,7.1875,3.1875,7.3125],"rotation":0,"texture":"#0","tintindex":0},"south":{"uv":[1.0625,7.3125,1.0625,7.4375],"rotation":0,"texture":"#0","tintindex":0},"up":{"uv":[1.5,15.6875,1.5,13.125],"rotation":0,"texture":"#0","tintindex":0},"west":{"uv":[9.4375,10.9375,12.0,11.0625],"rotation":0,"texture":"#0","tintindex":0}}},{"name":"2","from":[14.6060915,16.571428,12.285714],"to":[15.891806,17.0,29.857143],"rotation":{"angle":0.0,"axis":"x","origin":[22.926468,12.714286,16.571428]},"faces":{"down":{"uv":[6.75,10.9375,6.625,13.5],"rotation":0,"texture":"#0","tintindex":0},"east":{"uv":[11.4375,8.5,14.0,8.5625],"rotation":0,"texture":"#0","tintindex":0},"north":{"uv":[11.3125,13.1875,11.4375,13.25],"rotation":0,"texture":"#0","tintindex":0},"south":{"uv":[13.1875,13.125,13.3125,13.1875],"rotation":0,"texture":"#0","tintindex":0},"up":{"uv":[3.0625,13.0,2.9375,10.4375],"rotation":0,"texture":"#0","tintindex":0},"west":{"uv":[10.25,11.6875,12.8125,11.75],"rotation":0,"texture":"#0","tintindex":0}}},{"name":"2","from":[14.17752,9.714285,29.857143],"to":[15.891806,17.0,30.714285],"rotation":{"angle":0.0,"axis":"x","origin":[22.926468,11.428572,34.142857]},"faces":{"down":{"uv":[13.1875,10.0625,12.9375,10.1875],"rotation":0,"texture":"#0","tintindex":0},"east":{"uv":[11.5,11.9375,11.625,13.0],"rotation":0,"texture":"#0","tintindex":0},"north":{"uv":[0.0,11.0625,0.25,12.125],"rotation":0,"texture":"#0","tintindex":0},"south":{"uv":[0.3125,11.0625,0.5625,12.125],"rotation":0,"texture":"#0","tintindex":0},"up":{"uv":[13.1875,10.0,12.9375,9.875],"rotation":0,"texture":"#0","tintindex":0},"west":{"uv":[11.6875,11.9375,11.8125,13.0],"rotation":0,"texture":"#0","tintindex":0}}},{"name":"2","from":[15.034662,9.714285,12.285714],"to":[15.463234,15.714286,15.714286],"rotation":{"angle":0.0,"axis":"x","origin":[22.926468,11.428572,16.571428]},"faces":{"down":{"uv":[4.875,13.0,4.8125,13.5],"rotation":0,"texture":"#0","tintindex":0},"east":{"uv":[5.5,10.3125,6.0,11.1875],"rotation":0,"texture":"#0","tintindex":0},"north":{"uv":[8.875,12.6875,8.9375,13.5625],"rotation":0,"texture":"#0","tintindex":0},"south":{"uv":[9.0,12.6875,9.0625,13.5625],"rotation":0,"texture":"#0","tintindex":0},"up":{"uv":[13.0625,5.25,13.0,4.75],"rotation":0,"texture":"#0","tintindex":0},"west":{"uv":[6.0625,10.3125,6.5625,11.1875],"rotation":0,"texture":"#0","tintindex":0}}},{"name":"1","from":[0.5367656,9.714285,12.285714],"to":[0.9653368,15.714286,15.714286],"rotation":{"angle":0.0,"axis":"x","origin":[-6.926469,11.428572,16.571428]},"faces":{"down":{"uv":[13.0625,1.0625,13.0,1.5625],"rotation":0,"texture":"#0","tintindex":0},"east":{"uv":[0.75,10.3125,1.25,11.1875],"rotation":0,"texture":"#0","tintindex":0},"north":{"uv":[8.625,12.6875,8.6875,13.5625],"rotation":0,"texture":"#0","tintindex":0},"south":{"uv":[8.75,12.6875,8.8125,13.5625],"rotation":0,"texture":"#0","tintindex":0},"up":{"uv":[7.3125,13.4375,7.25,12.9375],"rotation":0,"texture":"#0","tintindex":0},"west":{"uv":[1.3125,10.3125,1.8125,11.1875],"rotation":0,"texture":"#0","tintindex":0}}},{"name":"cube","from":[-1.5734687,16.440937,0.44972086],"to":[0.5693884,17.72665,0.44972086],"rotation":{"angle":22.5,"axis":"y","origin":[0.14081717,16.440937,0.021149635]},"faces":{"down":{"uv":[6.3125,2.125,6.0,2.125],"rotation":0,"texture":"#0","tintindex":0},"east":{"uv":[2.5,11.75,2.5,11.9375],"rotation":0,"texture":"#0","tintindex":0},"north":{"uv":[12.625,4.75,12.9375,4.9375],"rotation":0,"texture":"#0","tintindex":0},"south":{"uv":[12.625,5.0,12.9375,5.1875],"rotation":0,"texture":"#0","tintindex":0},"up":{"uv":[5.9375,2.125,5.625,2.125],"rotation":0,"texture":"#0","tintindex":0},"west":{"uv":[2.5,12.0,2.5,12.1875],"rotation":0,"texture":"#0","tintindex":0}}},{"name":"cube","from":[-3.7163258,16.440937,0.44972086],"to":[-1.5734687,17.72665,0.8782923],"rotation":{"angle":22.5,"axis":"y","origin":[0.14081717,16.440937,0.021149635]},"faces":{"down":{"uv":[11.4375,13.0625,11.125,13.125],"rotation":0,"texture":"#0","tintindex":0},"east":{"uv":[13.0625,13.125,13.125,13.3125],"rotation":0,"texture":"#0","tintindex":0},"north":{"uv":[12.625,5.25,12.9375,5.4375],"rotation":0,"texture":"#0","tintindex":0},"south":{"uv":[12.625,9.375,12.9375,9.5625],"rotation":0,"texture":"#0","tintindex":0},"up":{"uv":[13.375,6.125,13.0625,6.0625],"rotation":0,"texture":"#0","tintindex":0},"west":{"uv":[13.1875,3.1875,13.25,3.375],"rotation":0,"texture":"#0","tintindex":0}}},{"name":"cube","from":[15.430611,16.440937,0.44972086],"to":[17.573467,17.72665,0.44972086],"rotation":{"angle":-22.5,"axis":"y","origin":[15.859182,16.440937,0.021149635]},"faces":{"down":{"uv":[4.5,8.1875,4.1875,8.1875],"rotation":0,"texture":"#0","tintindex":0},"east":{"uv":[5.4375,12.125,5.4375,12.3125],"rotation":0,"texture":"#0","tintindex":0},"north":{"uv":[12.625,9.625,12.9375,9.8125],"rotation":0,"texture":"#0","tintindex":0},"south":{"uv":[12.6875,3.75,13.0,3.9375],"rotation":0,"texture":"#0","tintindex":0},"up":{"uv":[8.0,2.0625,7.6875,2.0625],"rotation":0,"texture":"#0","tintindex":0},"west":{"uv":[0.5625,12.1875,0.5625,12.375],"rotation":0,"texture":"#0","tintindex":0}}},{"name":"cube","from":[17.573467,16.440937,0.44972086],"to":[19.716326,17.72665,0.8782923],"rotation":{"angle":-22.5,"axis":"y","origin":[15.859182,16.440937,0.021149635]},"faces":{"down":{"uv":[13.375,11.4375,13.0625,11.5],"rotation":0,"texture":"#0","tintindex":0},"east":{"uv":[4.25,13.1875,4.3125,13.375],"rotation":0,"texture":"#0","tintindex":0},"north":{"uv":[12.6875,4.0,13.0,4.1875],"rotation":0,"texture":"#0","tintindex":0},"south":{"uv":[7.875,12.6875,8.1875,12.875],"rotation":0,"texture":"#0","tintindex":0},"up":{"uv":[13.375,11.375,13.0625,11.3125],"rotation":0,"texture":"#0","tintindex":0},"west":{"uv":[4.375,13.1875,4.4375,13.375],"rotation":0,"texture":"#0","tintindex":0}}},{"name":"cube","from":[1.5714283,10.142857,6.285714],"to":[14.428572,11.857142,11.0],"rotation":{"angle":0.0,"axis":"x","origin":[8.0,8.0,8.0]},"faces":{"down":{"uv":[1.875,8.25,0.0,8.9375],"rotation":0,"texture":"#0","tintindex":0},"east":{"uv":[1.125,5.125,1.8125,5.375],"rotation":0,"texture":"#0","tintindex":0},"north":{"uv":[6.6875,3.9375,8.5625,4.1875],"rotation":0,"texture":"#0","tintindex":0},"south":{"uv":[0.0,9.5625,1.875,9.8125],"rotation":0,"texture":"#0","tintindex":0},"up":{"uv":[4.125,8.875,2.25,8.1875],"rotation":0,"texture":"#0","tintindex":0},"west":{"uv":[6.5,5.125,7.1875,5.375],"rotation":0,"texture":"#0","tintindex":0}}},{"name":"cube","from":[1.5714283,11.857142,5.8571424],"to":[14.428572,13.142857,11.428572],"rotation":{"angle":0.0,"axis":"x","origin":[8.0,8.0,8.0]},"faces":{"down":{"uv":[7.3125,7.375,5.4375,8.1875],"rotation":0,"texture":"#0","tintindex":0},"east":{"uv":[8.625,4.75,9.4375,4.9375],"rotation":0,"texture":"#0","tintindex":0},"north":{"uv":[10.8125,3.25,12.6875,3.4375],"rotation":0,"texture":"#0","tintindex":0},"south":{"uv":[10.8125,3.5,12.6875,3.6875],"rotation":0,"texture":"#0","tintindex":0},"up":{"uv":[8.5625,3.875,6.6875,3.0625],"rotation":0,"texture":"#0","tintindex":0},"west":{"uv":[9.1875,8.625,10.0,8.8125],"rotation":0,"texture":"#0","tintindex":0}}},{"name":"cube","from":[1.5714283,13.564245,11.846391],"to":[14.428572,16.992817,11.846391],"rotation":{"angle":22.5,"axis":"x","origin":[8.0,16.992817,7.9892483]},"faces":{"down":{"uv":[15.125,2.4375,13.25,2.4375],"rotation":0,"texture":"#0","tintindex":0},"east":{"uv":[2.5,12.25,2.5,12.75],"rotation":0,"texture":"#0","tintindex":0},"north":{"uv":[0.0,9.0,1.875,9.5],"rotation":0,"texture":"#0","tintindex":0},"south":{"uv":[9.5,0.5,11.375,1.0],"rotation":0,"texture":"#0","tintindex":0},"up":{"uv":[11.6875,7.1875,9.8125,7.1875],"rotation":0,"texture":"#0","tintindex":0},"west":{"uv":[4.8125,12.375,4.8125,12.875],"rotation":0,"texture":"#0","tintindex":0}}},{"name":"1","from":[0.5367656,13.142857,15.714286],"to":[0.9653368,15.714286,21.285715],"rotation":{"angle":0.0,"axis":"x","origin":[-6.926469,11.428572,16.571428]},"faces":{"down":{"uv":[9.5625,12.6875,9.5,13.5],"rotation":0,"texture":"#0","tintindex":0},"east":{"uv":[3.125,11.0,3.9375,11.375],"rotation":0,"texture":"#0","tintindex":0},"north":{"uv":[13.0625,5.625,13.125,6.0],"rotation":0,"texture":"#0","tintindex":0},"south":{"uv":[10.25,13.0625,10.3125,13.4375],"rotation":0,"texture":"#0","tintindex":0},"up":{"uv":[9.4375,13.5,9.375,12.6875],"rotation":0,"texture":"#0","tintindex":0},"west":{"uv":[4.0,11.0,4.8125,11.375],"rotation":0,"texture":"#0","tintindex":0}}},{"name":"1","from":[0.5367656,9.714285,21.285715],"to":[0.9653368,15.714286,29.857143],"rotation":{"angle":0.0,"axis":"x","origin":[-6.926469,11.428572,25.571428]},"faces":{"down":{"uv":[7.5625,12.4375,7.5,13.6875],"rotation":0,"texture":"#0","tintindex":0},"east":{"uv":[4.1875,8.875,5.4375,9.75],"rotation":0,"texture":"#0","tintindex":0},"north":{"uv":[8.375,12.6875,8.4375,13.5625],"rotation":0,"texture":"#0","tintindex":0},"south":{"uv":[8.5,12.6875,8.5625,13.5625],"rotation":0,"texture":"#0","tintindex":0},"up":{"uv":[7.4375,13.6875,7.375,12.4375],"rotation":0,"texture":"#0","tintindex":0},"west":{"uv":[5.5,8.875,6.75,9.75],"rotation":0,"texture":"#0","tintindex":0}}},{"name":"1","from":[-0.40381718,18.699942,12.285714],"to":[-0.40381718,19.664227,29.857143],"rotation":{"angle":-22.5,"axis":"z","origin":[-7.4384804,14.842799,16.571428]},"faces":{"down":{"uv":[3.0625,13.0625,3.0625,15.625],"rotation":0,"texture":"#0","tintindex":0},"east":{"uv":[10.8125,4.25,13.375,4.375],"rotation":0,"texture":"#0","tintindex":0},"north":{"uv":[2.1875,5.125,2.1875,5.25],"rotation":0,"texture":"#0","tintindex":0},"south":{"uv":[6.625,3.0625,6.625,3.1875],"rotation":0,"texture":"#0","tintindex":0},"up":{"uv":[6.5625,15.5,6.5625,12.9375],"rotation":0,"texture":"#0","tintindex":0},"west":{"uv":[10.8125,4.4375,13.375,4.5625],"rotation":0,"texture":"#0","tintindex":0}}},{"name":"1","from":[0.108193874,16.571428,12.285714],"to":[0.9653368,17.0,29.857143],"rotation":{"angle":0.0,"axis":"x","origin":[-6.926469,12.714286,16.571428]},"faces":{"down":{"uv":[2.875,10.4375,2.75,13.0],"rotation":0,"texture":"#0","tintindex":0},"east":{"uv":[10.8125,4.625,13.375,4.6875],"rotation":0,"texture":"#0","tintindex":0},"north":{"uv":[13.1875,3.4375,13.3125,3.5],"rotation":0,"texture":"#0","tintindex":0},"south":{"uv":[11.125,13.1875,11.25,13.25],"rotation":0,"texture":"#0","tintindex":0},"up":{"uv":[2.6875,13.0,2.5625,10.4375],"rotation":0,"texture":"#0","tintindex":0},"west":{"uv":[11.0,9.25,13.5625,9.3125],"rotation":0,"texture":"#0","tintindex":0}}},{"name":"3","from":[1.8224797,10.142857,29.857143],"to":[14.177519,16.142857,30.285715],"rotation":{"angle":0.0,"axis":"x","origin":[-5.212183,11.428572,34.142857]},"faces":{"down":{"uv":[13.875,6.6875,12.0625,6.75],"rotation":0,"texture":"#0","tintindex":0},"east":{"uv":[10.125,12.4375,10.1875,13.3125],"rotation":0,"texture":"#0","tintindex":0},"north":{"uv":[1.125,6.5625,2.9375,7.4375],"rotation":0,"texture":"#0","tintindex":0},"south":{"uv":[6.625,2.125,8.4375,3.0],"rotation":0,"texture":"#0","tintindex":0},"up":{"uv":[13.875,6.625,12.0625,6.5625],"rotation":0,"texture":"#0","tintindex":0},"west":{"uv":[8.25,12.6875,8.3125,13.5625],"rotation":0,"texture":"#0","tintindex":0}}},{"name":"2","from":[0.108193874,9.714285,29.857143],"to":[1.8224797,17.0,30.714285],"rotation":{"angle":0.0,"axis":"x","origin":[-6.926469,11.428572,34.142857]},"faces":{"down":{"uv":[8.125,12.9375,7.875,13.0625],"rotation":0,"texture":"#0","tintindex":0},"east":{"uv":[11.125,11.9375,11.25,13.0],"rotation":0,"texture":"#0","tintindex":0},"north":{"uv":[4.875,11.0,5.125,12.0625],"rotation":0,"texture":"#0","tintindex":0},"south":{"uv":[5.1875,11.0,5.4375,12.0625],"rotation":0,"texture":"#0","tintindex":0},"up":{"uv":[2.1875,8.8125,1.9375,8.6875],"rotation":0,"texture":"#0","tintindex":0},"west":{"uv":[11.3125,11.9375,11.4375,13.0],"rotation":0,"texture":"#0","tintindex":0}}},{"name":"cube","from":[0.32247972,8.0,-7.8571434],"to":[2.0367656,12.714286,-3.1428576],"rotation":{"angle":0.0,"axis":"x","origin":[-3.9264688,11.428572,-25.0]},"faces":{"down":{"uv":[6.0625,11.6875,5.8125,12.375],"rotation":0,"texture":"#0","tintindex":0},"east":{"uv":[8.75,9.9375,9.4375,10.625],"rotation":0,"texture":"#0","tintindex":0},"north":{"uv":[4.25,11.625,4.5,12.3125],"rotation":0,"texture":"#0","tintindex":0},"south":{"uv":[4.5625,11.625,4.8125,12.3125],"rotation":0,"texture":"#0","tintindex":0},"up":{"uv":[5.75,12.375,5.5,11.6875],"rotation":0,"texture":"#0","tintindex":0},"west":{"uv":[9.5,9.9375,10.1875,10.625],"rotation":0,"texture":"#0","tintindex":0}}},{"name":"cube","from":[0.32247972,8.0,16.142857],"to":[2.0367656,12.714286,20.857143],"rotation":{"angle":0.0,"axis":"x","origin":[-3.9264688,11.428572,-1.0000005]},"faces":{"down":{"uv":[7.6875,11.6875,7.4375,12.375],"rotation":0,"texture":"#0","tintindex":0},"east":{"uv":[3.25,10.25,3.9375,10.9375],"rotation":0,"texture":"#0","tintindex":0},"north":{"uv":[6.125,11.6875,6.375,12.375],"rotation":0,"texture":"#0","tintindex":0},"south":{"uv":[6.8125,11.6875,7.0625,12.375],"rotation":0,"texture":"#0","tintindex":0},"up":{"uv":[7.375,12.375,7.125,11.6875],"rotation":0,"texture":"#0","tintindex":0},"west":{"uv":[4.0,10.25,4.6875,10.9375],"rotation":0,"texture":"#0","tintindex":0}}},{"name":"cube","from":[13.963234,8.0,16.142857],"to":[15.67752,12.714286,20.857143],"rotation":{"angle":0.0,"axis":"x","origin":[19.926468,11.428572,-1.0000005]},"faces":{"down":{"uv":[8.9375,11.6875,8.6875,12.375],"rotation":0,"texture":"#0","tintindex":0},"east":{"uv":[4.75,10.25,5.4375,10.9375],"rotation":0,"texture":"#0","tintindex":0},"north":{"uv":[7.75,11.6875,8.0,12.375],"rotation":0,"texture":"#0","tintindex":0},"south":{"uv":[8.0625,11.6875,8.3125,12.375],"rotation":0,"texture":"#0","tintindex":0},"up":{"uv":[8.625,12.375,8.375,11.6875],"rotation":0,"texture":"#0","tintindex":0},"west":{"uv":[10.25,8.625,10.9375,9.3125],"rotation":0,"texture":"#0","tintindex":0}}},{"name":"cube","from":[13.963234,8.0,-7.8571434],"to":[15.67752,12.714286,-3.1428576],"rotation":{"angle":0.0,"axis":"x","origin":[19.926468,11.428572,-25.0]},"faces":{"down":{"uv":[10.1875,11.6875,9.9375,12.375],"rotation":0,"texture":"#0","tintindex":0},"east":{"uv":[10.25,9.9375,10.9375,10.625],"rotation":0,"texture":"#0","tintindex":0},"north":{"uv":[9.0,11.6875,9.25,12.375],"rotation":0,"texture":"#0","tintindex":0},"south":{"uv":[9.3125,11.6875,9.5625,12.375],"rotation":0,"texture":"#0","tintindex":0},"up":{"uv":[9.875,12.375,9.625,11.6875],"rotation":0,"texture":"#0","tintindex":0},"west":{"uv":[0.0,10.3125,0.6875,11.0],"rotation":0,"texture":"#0","tintindex":0}}},{"name":"cube","from":[1.1428568,21.761314,5.428571],"to":[14.857142,22.618458,12.285714],"rotation":{"angle":0.0,"axis":"x","origin":[2.4285712,17.904171,8.0]},"faces":{"down":{"uv":[7.625,1.0625,5.625,2.0625],"rotation":0,"texture":"#0","tintindex":0},"east":{"uv":[12.0,5.8125,13.0,5.9375],"rotation":0,"texture":"#0","tintindex":0},"north":{"uv":[8.9375,11.3125,10.9375,11.4375],"rotation":0,"texture":"#0","tintindex":0},"south":{"uv":[11.0,11.3125,13.0,11.4375],"rotation":0,"texture":"#0","tintindex":0},"up":{"uv":[7.625,1.0,5.625,0.0],"rotation":0,"texture":"#0","tintindex":0},"west":{"uv":[12.0,6.0,13.0,6.125],"rotation":0,"texture":"#0","tintindex":0}}},{"name":"cube","from":[0.7142854,20.111639,1.874474],"to":[1.5714283,20.968782,10.017331],"rotation":{"angle":-45.0,"axis":"x","origin":[1.1428568,16.254494,5.731617]},"faces":{"down":{"uv":[6.5625,11.6875,6.4375,12.875],"rotation":0,"texture":"#0","tintindex":0},"east":{"uv":[11.75,0.0,12.9375,0.125],"rotation":0,"texture":"#0","tintindex":0},"north":{"uv":[11.5,13.0625,11.625,13.1875],"rotation":0,"texture":"#0","tintindex":0},"south":{"uv":[13.0625,11.5625,13.1875,11.6875],"rotation":0,"texture":"#0","tintindex":0},"up":{"uv":[2.4375,12.8125,2.3125,11.625],"rotation":0,"texture":"#0","tintindex":0},"west":{"uv":[11.75,0.1875,12.9375,0.3125],"rotation":0,"texture":"#0","tintindex":0}}},{"name":"2","from":[15.362678,10.934753,0.28571415],"to":[15.791248,16.07761,12.285714],"rotation":{"angle":0.0,"axis":"x","origin":[11.934106,10.934753,8.0]},"faces":{"down":{"uv":[2.25,12.0625,2.1875,13.8125],"rotation":0,"texture":"#0","tintindex":0},"east":{"uv":[7.75,5.125,9.5,5.875],"rotation":0,"texture":"#0","tintindex":0},"north":{"uv":[6.125,12.75,6.1875,13.5],"rotation":0,"texture":"#0","tintindex":0},"south":{"uv":[6.25,12.75,6.3125,13.5],"rotation":0,"texture":"#0","tintindex":0},"up":{"uv":[2.125,13.8125,2.0625,12.0625],"rotation":0,"texture":"#0","tintindex":0},"west":{"uv":[7.375,8.125,9.125,8.875],"rotation":0,"texture":"#0","tintindex":0}}},{"name":"cube","from":[12.285714,9.714285,-12.035715],"to":[13.142857,11.214285,-10.857143],"rotation":{"angle":0.0,"axis":"x","origin":[8.0,8.0,8.0]},"faces":{"down":{"uv":[3.0,13.0625,2.875,13.25],"rotation":0,"texture":"#0","tintindex":0},"east":{"uv":[12.8125,11.9375,13.0,12.1875],"rotation":0,"texture":"#0","tintindex":0},"north":{"uv":[6.375,12.9375,6.5,13.1875],"rotation":0,"texture":"#0","tintindex":0},"south":{"uv":[7.0625,12.9375,7.1875,13.1875],"rotation":0,"texture":"#0","tintindex":0},"up":{"uv":[2.8125,13.25,2.6875,13.0625],"rotation":0,"texture":"#0","tintindex":0},"west":{"uv":[12.0625,12.8125,12.25,13.0625],"rotation":0,"texture":"#0","tintindex":0}}},{"name":"cube","from":[9.714285,9.5,-12.25],"to":[10.571428,11.428572,-10.857143],"rotation":{"angle":0.0,"axis":"x","origin":[8.0,8.0,8.0]},"faces":{"down":{"uv":[13.1875,2.625,13.0625,2.8125],"rotation":0,"texture":"#0","tintindex":0},"east":{"uv":[12.4375,11.9375,12.625,12.25],"rotation":0,"texture":"#0","tintindex":0},"north":{"uv":[12.875,1.75,13.0,2.0625],"rotation":0,"texture":"#0","tintindex":0},"south":{"uv":[2.3125,12.875,2.4375,13.1875],"rotation":0,"texture":"#0","tintindex":0},"up":{"uv":[2.625,13.25,2.5,13.0625],"rotation":0,"texture":"#0","tintindex":0},"west":{"uv":[12.4375,12.3125,12.625,12.625],"rotation":0,"texture":"#0","tintindex":0}}},{"name":"cube","from":[5.428571,9.5,-12.25],"to":[6.285714,11.428572,-10.857143],"rotation":{"angle":0.0,"axis":"x","origin":[8.0,8.0,8.0]},"faces":{"down":{"uv":[13.1875,2.375,13.0625,2.5625],"rotation":0,"texture":"#0","tintindex":0},"east":{"uv":[9.625,12.4375,9.8125,12.75],"rotation":0,"texture":"#0","tintindex":0},"north":{"uv":[12.8125,12.25,12.9375,12.5625],"rotation":0,"texture":"#0","tintindex":0},"south":{"uv":[12.8125,12.625,12.9375,12.9375],"rotation":0,"texture":"#0","tintindex":0},"up":{"uv":[13.1875,2.3125,13.0625,2.125],"rotation":0,"texture":"#0","tintindex":0},"west":{"uv":[9.875,12.4375,10.0625,12.75],"rotation":0,"texture":"#0","tintindex":0}}},{"name":"cube","from":[0.5367656,14.570667,2.554097],"to":[15.463234,16.995033,4.978463],"rotation":{"angle":45.0,"axis":"x","origin":[13.534662,16.566462,2.554097]},"faces":{"down":{"uv":[12.0,6.5,9.8125,6.875],"rotation":0,"texture":"#0","tintindex":0},"east":{"uv":[11.8125,4.75,12.1875,5.125],"rotation":0,"texture":"#0","tintindex":0},"north":{"uv":[9.625,7.25,11.8125,7.625],"rotation":0,"texture":"#0","tintindex":0},"south":{"uv":[9.625,7.6875,11.8125,8.0625],"rotation":0,"texture":"#0","tintindex":0},"up":{"uv":[5.4375,10.1875,3.25,9.8125],"rotation":0,"texture":"#0","tintindex":0},"west":{"uv":[11.8125,5.1875,12.1875,5.5625],"rotation":0,"texture":"#0","tintindex":0}}},{"name":"cube","from":[3.108194,15.734435,2.2060285],"to":[4.748948,17.301659,4.6303945],"rotation":{"angle":-22.5,"axis":"x","origin":[13.534662,18.158802,5.4875374]},"faces":{"down":{"uv":[7.0625,12.4375,6.8125,12.8125],"rotation":0,"texture":"#0","tintindex":0},"east":{"uv":[7.25,5.125,7.625,5.375],"rotation":0,"texture":"#0","tintindex":0},"north":{"uv":[1.875,5.125,2.125,5.375],"rotation":0,"texture":"#0","tintindex":0},"south":{"uv":[9.5625,5.625,9.8125,5.875],"rotation":0,"texture":"#0","tintindex":0},"up":{"uv":[2.1875,8.625,1.9375,8.25],"rotation":0,"texture":"#0","tintindex":0},"west":{"uv":[6.0,12.4375,6.375,12.6875],"rotation":0,"texture":"#0","tintindex":0}}},{"name":"cube","from":[3.5367656,16.163006,4.627457],"to":[4.320377,16.873087,5.916109],"rotation":{"angle":-22.5,"axis":"x","origin":[13.534662,18.158802,5.4875374]},"faces":{"down":{"uv":[13.1875,3.9375,13.0625,4.125],"rotation":0,"texture":"#0","tintindex":0},"east":{"uv":[13.0,5.3125,13.1875,5.4375],"rotation":0,"texture":"#0","tintindex":0},"north":{"uv":[13.125,4.75,13.25,4.875],"rotation":0,"texture":"#0","tintindex":0},"south":{"uv":[13.125,4.9375,13.25,5.0625],"rotation":0,"texture":"#0","tintindex":0},"up":{"uv":[13.1875,3.875,13.0625,3.6875],"rotation":0,"texture":"#0","tintindex":0},"west":{"uv":[13.0625,2.875,13.25,3.0],"rotation":0,"texture":"#0","tintindex":0}}},{"name":"cube","from":[0.5367656,10.440936,-10.857143],"to":[15.463234,13.440936,-9.571429],"rotation":{"angle":0.0,"axis":"x","origin":[1.8224797,13.012365,-11.285715]},"faces":{"down":{"uv":[12.9375,1.5,10.75,1.6875],"rotation":0,"texture":"#0","tintindex":0},"east":{"uv":[8.25,1.625,8.4375,2.0625],"rotation":0,"texture":"#0","tintindex":0},"north":{"uv":[9.1875,8.125,11.375,8.5625],"rotation":0,"texture":"#0","tintindex":0},"south":{"uv":[9.5,0.0,11.6875,0.4375],"rotation":0,"texture":"#0","tintindex":0},"up":{"uv":[11.0625,10.875,8.875,10.6875],"rotation":0,"texture":"#0","tintindex":0},"west":{"uv":[7.125,12.4375,7.3125,12.875],"rotation":0,"texture":"#0","tintindex":0}}},{"name":"cube","from":[1.8224797,14.448721,5.0560284],"to":[6.0346622,18.587374,5.4875374],"rotation":{"angle":-22.5,"axis":"x","origin":[13.534662,18.158802,5.4875374]},"faces":{"down":{"uv":[13.4375,11.0,12.8125,11.0625],"rotation":0,"texture":"#0","tintindex":0},"east":{"uv":[12.3125,12.8125,12.375,13.4375],"rotation":0,"texture":"#0","tintindex":0},"north":{"uv":[2.25,7.5,2.875,8.125],"rotation":0,"texture":"#0","tintindex":0},"south":{"uv":[1.875,10.4375,2.5,11.0625],"rotation":0,"texture":"#0","tintindex":0},"up":{"uv":[2.5,11.1875,1.875,11.125],"rotation":0,"texture":"#0","tintindex":0},"west":{"uv":[12.6875,12.8125,12.75,13.4375],"rotation":0,"texture":"#0","tintindex":0}}},{"name":"cube","from":[0.5367656,8.835714,3.2056937],"to":[15.463234,12.545794,3.2056937],"rotation":{"angle":-22.5,"axis":"x","origin":[15.034662,12.117223,0.78132725]},"faces":{"down":{"uv":[14.0625,9.0,11.875,9.0],"rotation":0,"texture":"#0","tintindex":0},"east":{"uv":[3.1875,6.5625,3.1875,7.125],"rotation":0,"texture":"#0","tintindex":0},"north":{"uv":[4.1875,8.25,6.375,8.8125],"rotation":0,"texture":"#0","tintindex":0},"south":{"uv":[8.5,1.625,10.6875,2.1875],"rotation":0,"texture":"#0","tintindex":0},"up":{"uv":[14.0625,8.0625,11.875,8.0625],"rotation":0,"texture":"#0","tintindex":0},"west":{"uv":[2.9375,7.5,2.9375,8.0625],"rotation":0,"texture":"#0","tintindex":0}}},{"name":"cube","from":[2.8571424,9.714285,-12.035715],"to":[3.7142854,11.214285,-10.857143],"rotation":{"angle":0.0,"axis":"x","origin":[8.0,8.0,8.0]},"faces":{"down":{"uv":[13.1875,1.875,13.0625,2.0625],"rotation":0,"texture":"#0","tintindex":0},"east":{"uv":[12.75,3.25,12.9375,3.5],"rotation":0,"texture":"#0","tintindex":0},"north":{"uv":[10.0625,8.625,10.1875,8.875],"rotation":0,"texture":"#0","tintindex":0},"south":{"uv":[12.875,11.5,13.0,11.75],"rotation":0,"texture":"#0","tintindex":0},"up":{"uv":[13.1875,1.8125,13.0625,1.625],"rotation":0,"texture":"#0","tintindex":0},"west":{"uv":[9.875,12.8125,10.0625,13.0625],"rotation":0,"texture":"#0","tintindex":0}}},{"name":"cube","from":[0.49999952,9.928572,-11.714287],"to":[15.5,11.0,-10.857143],"rotation":{"angle":0.0,"axis":"x","origin":[7.785714,8.0,8.0]},"faces":{"down":{"uv":[9.0,11.125,6.8125,11.25],"rotation":0,"texture":"#0","tintindex":0},"east":{"uv":[13.0,3.25,13.125,3.4375],"rotation":0,"texture":"#0","tintindex":0},"north":{"uv":[10.6875,2.5,12.875,2.6875],"rotation":0,"texture":"#0","tintindex":0},"south":{"uv":[6.625,10.6875,8.8125,10.875],"rotation":0,"texture":"#0","tintindex":0},"up":{"uv":[13.1875,10.625,11.0,10.5],"rotation":0,"texture":"#0","tintindex":0},"west":{"uv":[0.375,13.0625,0.5,13.25],"rotation":0,"texture":"#0","tintindex":0}}},{"name":"2","from":[15.656284,14.601546,0.28571415],"to":[16.084856,15.458689,12.285714],"rotation":{"angle":22.5,"axis":"z","origin":[12.227714,14.601546,8.0]},"faces":{"down":{"uv":[3.3125,12.0625,3.25,13.8125],"rotation":0,"texture":"#0","tintindex":0},"east":{"uv":[11.4375,8.125,13.1875,8.25],"rotation":0,"texture":"#0","tintindex":0},"north":{"uv":[13.1875,5.625,13.25,5.75],"rotation":0,"texture":"#0","tintindex":0},"south":{"uv":[13.1875,5.8125,13.25,5.9375],"rotation":0,"texture":"#0","tintindex":0},"up":{"uv":[3.1875,13.8125,3.125,12.0625],"rotation":0,"texture":"#0","tintindex":0},"west":{"uv":[11.4375,8.3125,13.1875,8.4375],"rotation":0,"texture":"#0","tintindex":0}}}],"display":{"head":{"translation":[0.0,-6.4,0.0],"rotation":[0.0,0.0,0.0],"scale":[3.7333333,3.7333333,3.7333333]}}}