{"textures":{"0":"modelengine:entity/pedestal01"},"elements":[{"name":"hexadecagon","from":[-7.6000004,10.4,6.0969667],"to":[-2.8000002,14.0,9.903032],"rotation":{"angle":-22.5,"axis":"y","origin":[8.0,12.2,8.0]},"faces":{"down":{"uv":[9.375,9.4375,8.875,9.8125],"rotation":0,"texture":"#0","tintindex":0},"east":{"uv":[10.0,1.75,10.375,2.125],"rotation":0,"texture":"#0","tintindex":0},"north":{"uv":[6.3125,9.4375,6.8125,9.8125],"rotation":0,"texture":"#0","tintindex":0},"south":{"uv":[6.875,9.4375,7.375,9.8125],"rotation":0,"texture":"#0","tintindex":0},"up":{"uv":[8.8125,9.8125,8.3125,9.4375],"rotation":0,"texture":"#0","tintindex":0},"west":{"uv":[10.0,2.1875,10.375,2.5625],"rotation":0,"texture":"#0","tintindex":0}}},{"name":"hexadecagon","from":[-7.6000004,10.4,6.0969667],"to":[-2.8000002,14.0,9.903032],"rotation":{"angle":-45.0,"axis":"y","origin":[8.0,12.2,8.0]},"faces":{"down":{"uv":[9.375,9.4375,8.875,9.8125],"rotation":0,"texture":"#0","tintindex":0},"east":{"uv":[10.0,1.75,10.375,2.125],"rotation":0,"texture":"#0","tintindex":0},"north":{"uv":[6.3125,9.4375,6.8125,9.8125],"rotation":0,"texture":"#0","tintindex":0},"south":{"uv":[6.875,9.4375,7.375,9.8125],"rotation":0,"texture":"#0","tintindex":0},"up":{"uv":[8.8125,9.8125,8.3125,9.4375],"rotation":0,"texture":"#0","tintindex":0},"west":{"uv":[10.0,2.1875,10.375,2.5625],"rotation":0,"texture":"#0","tintindex":0}}},{"name":"hexadecagon","from":[6.0969667,10.4,-7.6000004],"to":[9.903032,14.0,-2.8000002],"rotation":{"angle":22.5,"axis":"y","origin":[8.0,12.2,8.0]},"faces":{"down":{"uv":[9.375,9.4375,8.875,9.8125],"rotation":270,"texture":"#0","tintindex":0},"east":{"uv":[6.3125,9.4375,6.8125,9.8125],"rotation":0,"texture":"#0","tintindex":0},"north":{"uv":[10.0,2.1875,10.375,2.5625],"rotation":0,"texture":"#0","tintindex":0},"south":{"uv":[10.0,1.75,10.375,2.125],"rotation":0,"texture":"#0","tintindex":0},"up":{"uv":[8.8125,9.8125,8.3125,9.4375],"rotation":90,"texture":"#0","tintindex":0},"west":{"uv":[6.875,9.4375,7.375,9.8125],"rotation":0,"texture":"#0","tintindex":0}}},{"name":"hexadecagon","from":[6.0969667,10.4,-7.6000004],"to":[9.903032,14.0,-2.8000002],"rotation":{"angle":0.0,"axis":"x","origin":[8.0,12.2,8.0]},"faces":{"down":{"uv":[9.375,9.4375,8.875,9.8125],"rotation":270,"texture":"#0","tintindex":0},"east":{"uv":[6.3125,9.4375,6.8125,9.8125],"rotation":0,"texture":"#0","tintindex":0},"north":{"uv":[10.0,2.1875,10.375,2.5625],"rotation":0,"texture":"#0","tintindex":0},"south":{"uv":[10.0,1.75,10.375,2.125],"rotation":0,"texture":"#0","tintindex":0},"up":{"uv":[8.8125,9.8125,8.3125,9.4375],"rotation":90,"texture":"#0","tintindex":0},"west":{"uv":[6.875,9.4375,7.375,9.8125],"rotation":0,"texture":"#0","tintindex":0}}},{"name":"hexadecagon","from":[6.0969667,10.4,-7.6000004],"to":[9.903032,14.0,-2.8000002],"rotation":{"angle":-22.5,"axis":"y","origin":[8.0,12.2,8.0]},"faces":{"down":{"uv":[9.375,9.4375,8.875,9.8125],"rotation":270,"texture":"#0","tintindex":0},"east":{"uv":[6.3125,9.4375,6.8125,9.8125],"rotation":0,"texture":"#0","tintindex":0},"north":{"uv":[10.0,2.1875,10.375,2.5625],"rotation":0,"texture":"#0","tintindex":0},"south":{"uv":[10.0,1.75,10.375,2.125],"rotation":0,"texture":"#0","tintindex":0},"up":{"uv":[8.8125,9.8125,8.3125,9.4375],"rotation":90,"texture":"#0","tintindex":0},"west":{"uv":[6.875,9.4375,7.375,9.8125],"rotation":0,"texture":"#0","tintindex":0}}},{"name":"hexadecagon","from":[6.0969667,10.4,-7.6000004],"to":[9.903032,14.0,-2.8000002],"rotation":{"angle":-45.0,"axis":"y","origin":[8.0,12.2,8.0]},"faces":{"down":{"uv":[9.375,9.4375,8.875,9.8125],"rotation":270,"texture":"#0","tintindex":0},"east":{"uv":[6.3125,9.4375,6.8125,9.8125],"rotation":0,"texture":"#0","tintindex":0},"north":{"uv":[10.0,2.1875,10.375,2.5625],"rotation":0,"texture":"#0","tintindex":0},"south":{"uv":[10.0,1.75,10.375,2.125],"rotation":0,"texture":"#0","tintindex":0},"up":{"uv":[8.8125,9.8125,8.3125,9.4375],"rotation":90,"texture":"#0","tintindex":0},"west":{"uv":[6.875,9.4375,7.375,9.8125],"rotation":0,"texture":"#0","tintindex":0}}},{"name":"hexadecagon","from":[18.8,10.4,6.0969667],"to":[23.600002,14.0,9.903032],"rotation":{"angle":22.5,"axis":"y","origin":[8.0,12.2,8.0]},"faces":{"down":{"uv":[9.375,9.4375,8.875,9.8125],"rotation":180,"texture":"#0","tintindex":0},"east":{"uv":[10.0,2.1875,10.375,2.5625],"rotation":0,"texture":"#0","tintindex":0},"north":{"uv":[6.875,9.4375,7.375,9.8125],"rotation":0,"texture":"#0","tintindex":0},"south":{"uv":[6.3125,9.4375,6.8125,9.8125],"rotation":0,"texture":"#0","tintindex":0},"up":{"uv":[8.8125,9.8125,8.3125,9.4375],"rotation":180,"texture":"#0","tintindex":0},"west":{"uv":[10.0,1.75,10.375,2.125],"rotation":0,"texture":"#0","tintindex":0}}},{"name":"hexadecagon","from":[18.8,10.4,6.0969667],"to":[23.600002,14.0,9.903032],"rotation":{"angle":-22.5,"axis":"y","origin":[8.0,12.2,8.0]},"faces":{"down":{"uv":[10.125,7.0,9.625,7.375],"rotation":0,"texture":"#0","tintindex":0},"east":{"uv":[4.9375,10.0,5.3125,10.375],"rotation":0,"texture":"#0","tintindex":0},"north":{"uv":[5.1875,9.5625,5.6875,9.9375],"rotation":0,"texture":"#0","tintindex":0},"south":{"uv":[5.75,9.5625,6.25,9.9375],"rotation":0,"texture":"#0","tintindex":0},"up":{"uv":[7.9375,9.9375,7.4375,9.5625],"rotation":0,"texture":"#0","tintindex":0},"west":{"uv":[5.375,10.0,5.75,10.375],"rotation":0,"texture":"#0","tintindex":0}}},{"name":"hexadecagon","from":[18.8,10.4,6.0969667],"to":[23.600002,14.0,9.903032],"rotation":{"angle":0.0,"axis":"x","origin":[8.0,12.2,8.0]},"faces":{"down":{"uv":[10.1875,5.25,9.6875,5.625],"rotation":0,"texture":"#0","tintindex":0},"east":{"uv":[5.8125,10.0,6.1875,10.375],"rotation":0,"texture":"#0","tintindex":0},"north":{"uv":[9.625,8.0,10.125,8.375],"rotation":0,"texture":"#0","tintindex":0},"south":{"uv":[9.625,8.4375,10.125,8.8125],"rotation":0,"texture":"#0","tintindex":0},"up":{"uv":[10.1875,3.1875,9.6875,2.8125],"rotation":0,"texture":"#0","tintindex":0},"west":{"uv":[7.1875,10.0,7.5625,10.375],"rotation":0,"texture":"#0","tintindex":0}}},{"name":"hexadecagon","from":[18.8,10.4,6.0969667],"to":[23.600002,14.0,9.903032],"rotation":{"angle":-22.5,"axis":"y","origin":[8.0,12.2,8.0]},"faces":{"down":{"uv":[10.1875,5.25,9.6875,5.625],"rotation":0,"texture":"#0","tintindex":0},"east":{"uv":[5.8125,10.0,6.1875,10.375],"rotation":0,"texture":"#0","tintindex":0},"north":{"uv":[9.625,8.0,10.125,8.375],"rotation":0,"texture":"#0","tintindex":0},"south":{"uv":[9.625,8.4375,10.125,8.8125],"rotation":0,"texture":"#0","tintindex":0},"up":{"uv":[10.1875,3.1875,9.6875,2.8125],"rotation":0,"texture":"#0","tintindex":0},"west":{"uv":[7.1875,10.0,7.5625,10.375],"rotation":0,"texture":"#0","tintindex":0}}},{"name":"hexadecagon","from":[18.8,10.4,6.0969667],"to":[23.600002,14.0,9.903032],"rotation":{"angle":-45.0,"axis":"y","origin":[8.0,12.2,8.0]},"faces":{"down":{"uv":[10.1875,5.25,9.6875,5.625],"rotation":0,"texture":"#0","tintindex":0},"east":{"uv":[5.8125,10.0,6.1875,10.375],"rotation":0,"texture":"#0","tintindex":0},"north":{"uv":[9.625,8.0,10.125,8.375],"rotation":0,"texture":"#0","tintindex":0},"south":{"uv":[9.625,8.4375,10.125,8.8125],"rotation":0,"texture":"#0","tintindex":0},"up":{"uv":[10.1875,3.1875,9.6875,2.8125],"rotation":0,"texture":"#0","tintindex":0},"west":{"uv":[7.1875,10.0,7.5625,10.375],"rotation":0,"texture":"#0","tintindex":0}}},{"name":"hexadecagon","from":[6.0969667,10.4,18.8],"to":[9.903032,14.0,23.600002],"rotation":{"angle":22.5,"axis":"y","origin":[8.0,12.2,8.0]},"faces":{"down":{"uv":[10.1875,5.25,9.6875,5.625],"rotation":270,"texture":"#0","tintindex":0},"east":{"uv":[9.625,8.0,10.125,8.375],"rotation":0,"texture":"#0","tintindex":0},"north":{"uv":[7.1875,10.0,7.5625,10.375],"rotation":0,"texture":"#0","tintindex":0},"south":{"uv":[5.8125,10.0,6.1875,10.375],"rotation":0,"texture":"#0","tintindex":0},"up":{"uv":[10.1875,3.1875,9.6875,2.8125],"rotation":90,"texture":"#0","tintindex":0},"west":{"uv":[9.625,8.4375,10.125,8.8125],"rotation":0,"texture":"#0","tintindex":0}}},{"name":"hexadecagon","from":[6.0969667,10.4,18.8],"to":[9.903032,14.0,23.600002],"rotation":{"angle":0.0,"axis":"x","origin":[8.0,12.2,8.0]},"faces":{"down":{"uv":[10.1875,5.25,9.6875,5.625],"rotation":270,"texture":"#0","tintindex":0},"east":{"uv":[9.625,8.0,10.125,8.375],"rotation":0,"texture":"#0","tintindex":0},"north":{"uv":[7.1875,10.0,7.5625,10.375],"rotation":0,"texture":"#0","tintindex":0},"south":{"uv":[5.8125,10.0,6.1875,10.375],"rotation":0,"texture":"#0","tintindex":0},"up":{"uv":[10.1875,3.1875,9.6875,2.8125],"rotation":90,"texture":"#0","tintindex":0},"west":{"uv":[9.625,8.4375,10.125,8.8125],"rotation":0,"texture":"#0","tintindex":0}}},{"name":"hexadecagon","from":[6.0969667,10.4,18.8],"to":[9.903032,14.0,23.600002],"rotation":{"angle":-22.5,"axis":"y","origin":[8.0,12.2,8.0]},"faces":{"down":{"uv":[10.1875,5.25,9.6875,5.625],"rotation":270,"texture":"#0","tintindex":0},"east":{"uv":[9.625,8.0,10.125,8.375],"rotation":0,"texture":"#0","tintindex":0},"north":{"uv":[7.1875,10.0,7.5625,10.375],"rotation":0,"texture":"#0","tintindex":0},"south":{"uv":[5.8125,10.0,6.1875,10.375],"rotation":0,"texture":"#0","tintindex":0},"up":{"uv":[10.1875,3.1875,9.6875,2.8125],"rotation":90,"texture":"#0","tintindex":0},"west":{"uv":[9.625,8.4375,10.125,8.8125],"rotation":0,"texture":"#0","tintindex":0}}},{"name":"hexadecagon","from":[6.0969667,10.4,18.8],"to":[9.903032,14.0,23.600002],"rotation":{"angle":-45.0,"axis":"y","origin":[8.0,12.2,8.0]},"faces":{"down":{"uv":[10.1875,5.25,9.6875,5.625],"rotation":270,"texture":"#0","tintindex":0},"east":{"uv":[9.625,8.0,10.125,8.375],"rotation":0,"texture":"#0","tintindex":0},"north":{"uv":[7.1875,10.0,7.5625,10.375],"rotation":0,"texture":"#0","tintindex":0},"south":{"uv":[5.8125,10.0,6.1875,10.375],"rotation":0,"texture":"#0","tintindex":0},"up":{"uv":[10.1875,3.1875,9.6875,2.8125],"rotation":90,"texture":"#0","tintindex":0},"west":{"uv":[9.625,8.4375,10.125,8.8125],"rotation":0,"texture":"#0","tintindex":0}}},{"name":"hexadecagon","from":[-7.6000004,10.4,6.0969667],"to":[-2.8000002,14.0,9.903032],"rotation":{"angle":22.5,"axis":"y","origin":[8.0,12.2,8.0]},"faces":{"down":{"uv":[10.1875,5.25,9.6875,5.625],"rotation":180,"texture":"#0","tintindex":0},"east":{"uv":[7.1875,10.0,7.5625,10.375],"rotation":0,"texture":"#0","tintindex":0},"north":{"uv":[9.625,8.4375,10.125,8.8125],"rotation":0,"texture":"#0","tintindex":0},"south":{"uv":[9.625,8.0,10.125,8.375],"rotation":0,"texture":"#0","tintindex":0},"up":{"uv":[10.1875,3.1875,9.6875,2.8125],"rotation":180,"texture":"#0","tintindex":0},"west":{"uv":[5.8125,10.0,6.1875,10.375],"rotation":0,"texture":"#0","tintindex":0}}},{"name":"hexadecagon","from":[-7.6000004,10.4,6.0969667],"to":[-2.8000002,14.0,9.903032],"rotation":{"angle":0.0,"axis":"x","origin":[8.0,12.2,8.0]},"faces":{"down":{"uv":[10.1875,5.25,9.6875,5.625],"rotation":180,"texture":"#0","tintindex":0},"east":{"uv":[7.1875,10.0,7.5625,10.375],"rotation":0,"texture":"#0","tintindex":0},"north":{"uv":[9.625,8.4375,10.125,8.8125],"rotation":0,"texture":"#0","tintindex":0},"south":{"uv":[9.625,8.0,10.125,8.375],"rotation":0,"texture":"#0","tintindex":0},"up":{"uv":[10.1875,3.1875,9.6875,2.8125],"rotation":180,"texture":"#0","tintindex":0},"west":{"uv":[5.8125,10.0,6.1875,10.375],"rotation":0,"texture":"#0","tintindex":0}}},{"name":"hexadecagon","from":[18.8,10.4,6.0969667],"to":[23.600002,14.0,9.903032],"rotation":{"angle":22.5,"axis":"y","origin":[8.0,12.2,8.0]},"faces":{"down":{"uv":[10.25,7.4375,9.75,7.8125],"rotation":0,"texture":"#0","tintindex":0},"east":{"uv":[10.0,8.875,10.375,9.25],"rotation":0,"texture":"#0","tintindex":0},"north":{"uv":[9.6875,5.6875,10.1875,6.0625],"rotation":0,"texture":"#0","tintindex":0},"south":{"uv":[9.75,6.125,10.25,6.5],"rotation":0,"texture":"#0","tintindex":0},"up":{"uv":[10.25,6.9375,9.75,6.5625],"rotation":0,"texture":"#0","tintindex":0},"west":{"uv":[10.0,9.3125,10.375,9.6875],"rotation":0,"texture":"#0","tintindex":0}}}],"display":{"head":{"translation":[0.0,-6.4,0.0],"rotation":[0.0,0.0,0.0],"scale":[3.8095,3.8095,3.8095]}}}