{"textures":{"0":"modelengine:entity/pedestal01"},"elements":[{"name":"octagon","from":[2.035324,8.0,-6.4000006],"to":[13.964676,16.400002,22.400002],"rotation":{"angle":45.0,"axis":"y","origin":[8.0,12.2,8.0]},"faces":{"down":{"uv":[4.25,3.0625,3.0,6.0625],"rotation":0,"texture":"#0","tintindex":0},"east":{"uv":[5.625,5.25,8.625,6.125],"rotation":0,"texture":"#0","tintindex":0},"north":{"uv":[3.0625,8.0625,4.3125,8.9375],"rotation":0,"texture":"#0","tintindex":0},"south":{"uv":[4.375,8.0625,5.625,8.9375],"rotation":0,"texture":"#0","tintindex":0},"up":{"uv":[4.25,3.0,3.0,0.0],"rotation":0,"texture":"#0","tintindex":0},"west":{"uv":[0.0,6.125,3.0,7.0],"rotation":0,"texture":"#0","tintindex":0}}},{"name":"octagon","from":[2.035324,8.0,-6.4000006],"to":[13.964676,16.397,22.400002],"rotation":{"angle":0.0,"axis":"x","origin":[8.0,12.2,8.0]},"faces":{"down":{"uv":[5.5625,3.0625,4.3125,6.0625],"rotation":0,"texture":"#0","tintindex":0},"east":{"uv":[3.0625,6.1875,6.0625,7.0625],"rotation":0,"texture":"#0","tintindex":0},"north":{"uv":[5.6875,8.0625,6.9375,8.9375],"rotation":0,"texture":"#0","tintindex":0},"south":{"uv":[7.0,8.0625,8.25,8.9375],"rotation":0,"texture":"#0","tintindex":0},"up":{"uv":[5.5625,3.0,4.3125,0.0],"rotation":0,"texture":"#0","tintindex":0},"west":{"uv":[6.125,6.1875,9.125,7.0625],"rotation":0,"texture":"#0","tintindex":0}}},{"name":"octagon","from":[-6.4000006,8.0,2.035324],"to":[22.400002,16.394001,13.964676],"rotation":{"angle":45.0,"axis":"y","origin":[8.0,12.2,8.0]},"faces":{"down":{"uv":[8.625,1.3125,5.625,2.5625],"rotation":0,"texture":"#0","tintindex":0},"east":{"uv":[8.3125,8.0625,9.5625,8.9375],"rotation":0,"texture":"#0","tintindex":0},"north":{"uv":[0.0,7.0625,3.0,7.9375],"rotation":0,"texture":"#0","tintindex":0},"south":{"uv":[3.0625,7.125,6.0625,8.0],"rotation":0,"texture":"#0","tintindex":0},"up":{"uv":[8.625,1.25,5.625,0.0],"rotation":0,"texture":"#0","tintindex":0},"west":{"uv":[8.6875,0.0,9.9375,0.875],"rotation":0,"texture":"#0","tintindex":0}}},{"name":"octagon","from":[-6.4000006,8.0,2.035324],"to":[22.400002,16.391,13.964676],"rotation":{"angle":0.0,"axis":"x","origin":[8.0,12.2,8.0]},"faces":{"down":{"uv":[8.625,3.9375,5.625,5.1875],"rotation":0,"texture":"#0","tintindex":0},"east":{"uv":[8.6875,0.9375,9.9375,1.8125],"rotation":0,"texture":"#0","tintindex":0},"north":{"uv":[6.125,7.125,9.125,8.0],"rotation":0,"texture":"#0","tintindex":0},"south":{"uv":[0.0,8.0,3.0,8.875],"rotation":0,"texture":"#0","tintindex":0},"up":{"uv":[8.625,3.875,5.625,2.625],"rotation":0,"texture":"#0","tintindex":0},"west":{"uv":[8.6875,1.875,9.9375,2.75],"rotation":0,"texture":"#0","tintindex":0}}}],"display":{"head":{"translation":[0.0,-6.4,0.0],"rotation":[0.0,0.0,0.0],"scale":[3.8095,3.8095,3.8095]}}}