{"textures":{"0":"modelengine:entity/villager_blacksmith"},"elements":[{"name":"leftarm","from":[7.7,5.6,6.8],"to":[9.5,9.2,9.2],"rotation":{"angle":0.0,"axis":"x","origin":[5.3,-5.200001,8.0]},"faces":{"down":{"uv":[10.5,5.25,9.75,6.25],"rotation":0,"texture":"#0","tintindex":0},"east":{"uv":[8.5,0.0,9.5,1.5],"rotation":0,"texture":"#0","tintindex":0},"north":{"uv":[9.0,6.75,9.75,8.25],"rotation":0,"texture":"#0","tintindex":0},"south":{"uv":[3.0,9.25,3.75,10.75],"rotation":0,"texture":"#0","tintindex":0},"up":{"uv":[8.0,10.25,7.25,9.25],"rotation":0,"texture":"#0","tintindex":0},"west":{"uv":[1.0,8.5,2.0,10.0],"rotation":0,"texture":"#0","tintindex":0}}}],"display":{"head":{"translation":[0.0,-6.4,0.0],"rotation":[0.0,0.0,0.0],"scale":[3.8095,3.8095,3.8095]}}}