{"textures":{"0":"modelengine:entity/villager_blacksmith"},"elements":[{"name":"head","from":[6.2,8.0,6.2],"to":[9.8,12.2,9.8],"rotation":{"angle":0.0,"axis":"x","origin":[8.0,-6.4000006,8.0]},"faces":{"down":{"uv":[7.0,3.25,5.5,4.75],"rotation":0,"texture":"#0","tintindex":0},"east":{"uv":[2.5,4.0,4.0,5.75],"rotation":0,"texture":"#0","tintindex":0},"north":{"uv":[1.0,4.0,2.5,5.75],"rotation":0,"texture":"#0","tintindex":0},"south":{"uv":[4.0,4.0,5.5,5.75],"rotation":0,"texture":"#0","tintindex":0},"up":{"uv":[6.5,3.25,5.0,1.75],"rotation":0,"texture":"#0","tintindex":0},"west":{"uv":[5.0,0.0,6.5,1.75],"rotation":0,"texture":"#0","tintindex":0}}},{"name":"head","from":[6.05,11.0,6.05],"to":[9.950001,11.6,6.05],"rotation":{"angle":0.0,"axis":"x","origin":[8.0,-6.4000006,8.0]},"faces":{"down":{"uv":[1.625,0.0,0.0,0.0],"rotation":0,"texture":"#0","tintindex":0},"east":{"uv":[0.0,0.0,0.0,0.25],"rotation":0,"texture":"#0","tintindex":0},"north":{"uv":[7.75,10.5,9.375,10.75],"rotation":0,"texture":"#0","tintindex":0},"south":{"uv":[10.5,7.75,12.125,8.0],"rotation":0,"texture":"#0","tintindex":0},"up":{"uv":[1.625,0.0,0.0,0.0],"rotation":0,"texture":"#0","tintindex":0},"west":{"uv":[0.0,0.0,0.0,0.25],"rotation":0,"texture":"#0","tintindex":0}}},{"name":"head","from":[6.1099997,11.6,6.1099997],"to":[9.889999,12.26,6.1099997],"rotation":{"angle":0.0,"axis":"x","origin":[8.0,-6.4000006,8.0]},"faces":{"down":{"uv":[1.625,0.0,0.0,0.0],"rotation":0,"texture":"#0","tintindex":0},"east":{"uv":[0.0,0.0,0.0,0.25],"rotation":0,"texture":"#0","tintindex":0},"north":{"uv":[10.5,8.0,12.125,8.25],"rotation":0,"texture":"#0","tintindex":0},"south":{"uv":[10.5,8.25,12.125,8.5],"rotation":0,"texture":"#0","tintindex":0},"up":{"uv":[1.625,0.0,0.0,0.0],"rotation":0,"texture":"#0","tintindex":0},"west":{"uv":[0.0,0.0,0.0,0.25],"rotation":0,"texture":"#0","tintindex":0}}},{"name":"head","from":[6.1099997,9.8,6.1099997],"to":[9.889999,11.06,6.1099997],"rotation":{"angle":0.0,"axis":"x","origin":[8.0,-6.4000006,8.0]},"faces":{"down":{"uv":[1.625,0.0,0.0,0.0],"rotation":0,"texture":"#0","tintindex":0},"east":{"uv":[0.0,0.0,0.0,0.5],"rotation":0,"texture":"#0","tintindex":0},"north":{"uv":[9.5,4.25,11.125,4.75],"rotation":0,"texture":"#0","tintindex":0},"south":{"uv":[9.75,2.0,11.375,2.5],"rotation":0,"texture":"#0","tintindex":0},"up":{"uv":[1.625,0.0,0.0,0.0],"rotation":0,"texture":"#0","tintindex":0},"west":{"uv":[0.0,0.0,0.0,0.5],"rotation":0,"texture":"#0","tintindex":0}}},{"name":"head","from":[6.1099997,8.0,6.1099997],"to":[9.889999,9.26,6.1099997],"rotation":{"angle":0.0,"axis":"x","origin":[8.0,-6.4000006,8.0]},"faces":{"down":{"uv":[1.625,0.0,0.0,0.0],"rotation":0,"texture":"#0","tintindex":0},"east":{"uv":[0.0,0.0,0.0,0.5],"rotation":0,"texture":"#0","tintindex":0},"north":{"uv":[9.75,2.5,11.375,3.0],"rotation":0,"texture":"#0","tintindex":0},"south":{"uv":[9.75,4.75,11.375,5.25],"rotation":0,"texture":"#0","tintindex":0},"up":{"uv":[1.625,0.0,0.0,0.0],"rotation":0,"texture":"#0","tintindex":0},"west":{"uv":[0.0,0.0,0.0,0.5],"rotation":0,"texture":"#0","tintindex":0}}},{"name":"head","from":[7.31,9.26,6.1099997],"to":[8.69,9.8,6.1099997],"rotation":{"angle":0.0,"axis":"x","origin":[8.0,-6.4000006,8.0]},"faces":{"down":{"uv":[0.625,0.0,0.0,0.0],"rotation":0,"texture":"#0","tintindex":0},"east":{"uv":[0.0,0.0,0.0,0.25],"rotation":0,"texture":"#0","tintindex":0},"north":{"uv":[0.0,10.75,0.625,11.0],"rotation":0,"texture":"#0","tintindex":0},"south":{"uv":[10.75,1.0,11.375,1.25],"rotation":0,"texture":"#0","tintindex":0},"up":{"uv":[0.625,0.0,0.0,0.0],"rotation":0,"texture":"#0","tintindex":0},"west":{"uv":[0.0,0.0,0.0,0.25],"rotation":0,"texture":"#0","tintindex":0}}},{"name":"head","from":[6.05,11.0,9.950001],"to":[9.950001,11.6,9.950001],"rotation":{"angle":0.0,"axis":"x","origin":[8.0,-6.4000006,8.0]},"faces":{"down":{"uv":[1.625,0.0,0.0,0.0],"rotation":0,"texture":"#0","tintindex":0},"east":{"uv":[0.0,0.0,0.0,0.25],"rotation":0,"texture":"#0","tintindex":0},"north":{"uv":[10.5,8.5,12.125,8.75],"rotation":0,"texture":"#0","tintindex":0},"south":{"uv":[10.5,8.75,12.125,9.0],"rotation":0,"texture":"#0","tintindex":0},"up":{"uv":[1.625,0.0,0.0,0.0],"rotation":0,"texture":"#0","tintindex":0},"west":{"uv":[0.0,0.0,0.0,0.25],"rotation":0,"texture":"#0","tintindex":0}}},{"name":"head","from":[6.05,11.0,6.05],"to":[6.05,11.6,9.950001],"rotation":{"angle":0.0,"axis":"x","origin":[8.0,-6.4000006,8.0]},"faces":{"down":{"uv":[0.0,0.0,0.0,1.625],"rotation":0,"texture":"#0","tintindex":0},"east":{"uv":[10.5,9.0,12.125,9.25],"rotation":0,"texture":"#0","tintindex":0},"north":{"uv":[0.0,0.0,0.0,0.25],"rotation":0,"texture":"#0","tintindex":0},"south":{"uv":[0.0,0.0,0.0,0.25],"rotation":0,"texture":"#0","tintindex":0},"up":{"uv":[0.0,1.625,0.0,0.0],"rotation":0,"texture":"#0","tintindex":0},"west":{"uv":[10.5,9.25,12.125,9.5],"rotation":0,"texture":"#0","tintindex":0}}},{"name":"head","from":[9.950001,11.0,6.05],"to":[9.950001,11.6,9.950001],"rotation":{"angle":0.0,"axis":"x","origin":[8.0,-6.4000006,8.0]},"faces":{"down":{"uv":[0.0,0.0,0.0,1.625],"rotation":0,"texture":"#0","tintindex":0},"east":{"uv":[9.5,10.5,11.125,10.75],"rotation":0,"texture":"#0","tintindex":0},"north":{"uv":[0.0,0.0,0.0,0.25],"rotation":0,"texture":"#0","tintindex":0},"south":{"uv":[0.0,0.0,0.0,0.25],"rotation":0,"texture":"#0","tintindex":0},"up":{"uv":[0.0,1.625,0.0,0.0],"rotation":0,"texture":"#0","tintindex":0},"west":{"uv":[10.5,9.5,12.125,9.75],"rotation":0,"texture":"#0","tintindex":0}}},{"name":"head","from":[7.4,6.8,5.0],"to":[8.6,9.2,6.2],"rotation":{"angle":0.0,"axis":"x","origin":[8.0,-6.4000006,8.0]},"faces":{"down":{"uv":[8.0,5.25,7.5,5.75],"rotation":0,"texture":"#0","tintindex":0},"east":{"uv":[7.25,10.25,7.75,11.25],"rotation":0,"texture":"#0","tintindex":0},"north":{"uv":[6.75,10.25,7.25,11.25],"rotation":0,"texture":"#0","tintindex":0},"south":{"uv":[10.5,0.0,11.0,1.0],"rotation":0,"texture":"#0","tintindex":0},"up":{"uv":[5.5,3.75,5.0,3.25],"rotation":0,"texture":"#0","tintindex":0},"west":{"uv":[10.5,3.25,11.0,4.25],"rotation":0,"texture":"#0","tintindex":0}}}],"display":{"head":{"translation":[0.0,-6.4,0.0],"rotation":[0.0,0.0,0.0],"scale":[3.8095,3.8095,3.8095]}}}