{"textures":{"0":"modelengine:entity/villager_blacksmith"},"elements":[{"name":"cube","from":[3.7999997,18.8,5.6],"to":[4.3999996,19.400002,12.2],"rotation":{"angle":0.0,"axis":"x","origin":[8.0,8.0,8.0]},"faces":{"down":{"uv":[3.0,10.0,2.75,12.75],"rotation":0,"texture":"#0","tintindex":0},"east":{"uv":[9.75,3.0,12.5,3.25],"rotation":0,"texture":"#0","tintindex":0},"north":{"uv":[5.0,3.75,5.25,4.0],"rotation":0,"texture":"#0","tintindex":0},"south":{"uv":[5.25,3.75,5.5,4.0],"rotation":0,"texture":"#0","tintindex":0},"up":{"uv":[2.75,12.75,2.5,10.0],"rotation":0,"texture":"#0","tintindex":0},"west":{"uv":[9.5,10.25,12.25,10.5],"rotation":0,"texture":"#0","tintindex":0}}},{"name":"cube","from":[3.6499999,17.6,4.3999996],"to":[4.5499997,20.600002,5.6],"rotation":{"angle":0.0,"axis":"x","origin":[8.0,8.0,8.0]},"faces":{"down":{"uv":[10.875,9.75,10.5,10.25],"rotation":0,"texture":"#0","tintindex":0},"east":{"uv":[6.5,1.75,7.0,3.0],"rotation":0,"texture":"#0","tintindex":0},"north":{"uv":[10.5,5.25,10.875,6.5],"rotation":0,"texture":"#0","tintindex":0},"south":{"uv":[10.5,6.5,10.875,7.75],"rotation":0,"texture":"#0","tintindex":0},"up":{"uv":[9.375,8.75,9.0,8.25],"rotation":0,"texture":"#0","tintindex":0},"west":{"uv":[7.0,3.5,7.5,4.75],"rotation":0,"texture":"#0","tintindex":0}}},{"name":"cube","from":[3.7999997,20.600002,4.5499997],"to":[4.3999996,20.75,5.45],"rotation":{"angle":0.0,"axis":"x","origin":[8.0,8.0,8.0]},"faces":{"down":{"uv":[1.0,10.75,0.75,11.125],"rotation":0,"texture":"#0","tintindex":0},"east":{"uv":[6.5,3.0,6.875,3.125],"rotation":0,"texture":"#0","tintindex":0},"north":{"uv":[9.5,4.75,9.75,4.875],"rotation":0,"texture":"#0","tintindex":0},"south":{"uv":[7.75,10.25,8.0,10.375],"rotation":0,"texture":"#0","tintindex":0},"up":{"uv":[9.75,1.375,9.5,1.0],"rotation":0,"texture":"#0","tintindex":0},"west":{"uv":[8.5,1.5,8.875,1.625],"rotation":0,"texture":"#0","tintindex":0}}},{"name":"cube","from":[3.7999997,17.45,4.5499997],"to":[4.3999996,17.6,5.45],"rotation":{"angle":0.0,"axis":"x","origin":[8.0,8.0,8.0]},"faces":{"down":{"uv":[3.25,10.75,3.0,11.125],"rotation":0,"texture":"#0","tintindex":0},"east":{"uv":[8.5,5.0,8.875,5.125],"rotation":0,"texture":"#0","tintindex":0},"north":{"uv":[10.75,1.75,11.0,1.875],"rotation":0,"texture":"#0","tintindex":0},"south":{"uv":[3.25,10.75,3.5,10.875],"rotation":0,"texture":"#0","tintindex":0},"up":{"uv":[11.0,1.625,10.75,1.25],"rotation":0,"texture":"#0","tintindex":0},"west":{"uv":[9.0,3.25,9.375,3.375],"rotation":0,"texture":"#0","tintindex":0}}}],"display":{"head":{"translation":[0.0,-6.4,0.0],"rotation":[0.0,0.0,0.0],"scale":[3.8095,3.8095,3.8095]}}}