{"textures":{"0":"modelengine:entity/villager_blacksmith"},"elements":[{"name":"rightleg","from":[6.8,4.7,6.8],"to":[9.2,8.6,9.2],"rotation":{"angle":0.0,"axis":"x","origin":[9.139999,0.7999997,8.0]},"faces":{"down":{"uv":[10.5,9.25,9.5,10.25],"rotation":0,"texture":"#0","tintindex":0},"east":{"uv":[5.0,7.5,6.0,9.125],"rotation":0,"texture":"#0","tintindex":0},"north":{"uv":[4.0,7.5,5.0,9.125],"rotation":0,"texture":"#0","tintindex":0},"south":{"uv":[6.0,7.5,7.0,9.125],"rotation":0,"texture":"#0","tintindex":0},"up":{"uv":[10.5,9.25,9.5,8.25],"rotation":0,"texture":"#0","tintindex":0},"west":{"uv":[7.0,7.5,8.0,9.125],"rotation":0,"texture":"#0","tintindex":0}}}],"display":{"head":{"translation":[0.0,-6.4,0.0],"rotation":[0.0,0.0,0.0],"scale":[3.8095,3.8095,3.8095]}}}