{"textures":{"0":"modelengine:entity/villager_blacksmith"},"elements":[{"name":"leg2","from":[6.8,4.7,6.8],"to":[9.2,8.6,9.2],"rotation":{"angle":0.0,"axis":"x","origin":[6.8,0.7999997,8.0]},"faces":{"down":{"uv":[7.25,9.25,6.25,10.25],"rotation":0,"texture":"#0","tintindex":0},"east":{"uv":[1.0,6.75,2.0,8.375],"rotation":0,"texture":"#0","tintindex":0},"north":{"uv":[6.5,0.0,7.5,1.625],"rotation":0,"texture":"#0","tintindex":0},"south":{"uv":[2.0,6.75,3.0,8.375],"rotation":0,"texture":"#0","tintindex":0},"up":{"uv":[6.25,10.25,5.25,9.25],"rotation":0,"texture":"#0","tintindex":0},"west":{"uv":[7.0,1.75,8.0,3.375],"rotation":0,"texture":"#0","tintindex":0}}}],"display":{"head":{"translation":[0.0,-6.4,0.0],"rotation":[0.0,0.0,0.0],"scale":[3.8095,3.8095,3.8095]}}}