{"textures":{"0":"modelengine:entity/villager_blacksmith"},"elements":[{"name":"leftarm","from":[7.1,3.7999997,6.8],"to":[8.9,8.0,9.2],"rotation":{"angle":0.0,"axis":"x","origin":[4.7,-2.8000002,8.0]},"faces":{"down":{"uv":[10.5,7.25,9.75,8.25],"rotation":0,"texture":"#0","tintindex":0},"east":{"uv":[3.0,5.75,4.0,7.5],"rotation":0,"texture":"#0","tintindex":0},"north":{"uv":[8.0,8.75,8.75,10.5],"rotation":0,"texture":"#0","tintindex":0},"south":{"uv":[8.75,8.75,9.5,10.5],"rotation":0,"texture":"#0","tintindex":0},"up":{"uv":[10.5,7.25,9.75,6.25],"rotation":0,"texture":"#0","tintindex":0},"west":{"uv":[4.0,5.75,5.0,7.5],"rotation":0,"texture":"#0","tintindex":0}}}],"display":{"head":{"translation":[0.0,-6.4,0.0],"rotation":[0.0,0.0,0.0],"scale":[3.8095,3.8095,3.8095]}}}