{"textures":{"0":"modelengine:entity/villager_blacksmith"},"elements":[{"name":"leg1","from":[6.8,4.3999996,6.8],"to":[9.2,8.3,9.2],"rotation":{"angle":0.0,"axis":"x","origin":[6.8,4.3999996,8.0]},"faces":{"down":{"uv":[10.5,3.25,9.5,4.25],"rotation":0,"texture":"#0","tintindex":0},"east":{"uv":[7.5,0.0,8.5,1.625],"rotation":0,"texture":"#0","tintindex":0},"north":{"uv":[7.0,5.75,8.0,7.375],"rotation":0,"texture":"#0","tintindex":0},"south":{"uv":[3.0,7.5,4.0,9.125],"rotation":0,"texture":"#0","tintindex":0},"up":{"uv":[10.5,1.0,9.5,0.0],"rotation":0,"texture":"#0","tintindex":0},"west":{"uv":[7.5,3.5,8.5,5.125],"rotation":0,"texture":"#0","tintindex":0}}}],"display":{"head":{"translation":[0.0,-6.4,0.0],"rotation":[0.0,0.0,0.0],"scale":[3.8095,3.8095,3.8095]}}}