{"textures":{"0":"modelengine:entity/villager_blacksmith"},"elements":[{"name":"rightleg","from":[6.8599997,4.3999996,6.8],"to":[9.26,8.3,9.2],"rotation":{"angle":0.0,"axis":"x","origin":[9.2,4.3999996,8.0]},"faces":{"down":{"uv":[10.75,1.0,9.75,2.0],"rotation":0,"texture":"#0","tintindex":0},"east":{"uv":[8.0,1.75,9.0,3.375],"rotation":0,"texture":"#0","tintindex":0},"north":{"uv":[0.0,8.0,1.0,9.625],"rotation":0,"texture":"#0","tintindex":0},"south":{"uv":[8.0,5.25,9.0,6.875],"rotation":0,"texture":"#0","tintindex":0},"up":{"uv":[1.0,10.75,0.0,9.75],"rotation":0,"texture":"#0","tintindex":0},"west":{"uv":[8.0,7.0,9.0,8.625],"rotation":0,"texture":"#0","tintindex":0}}}],"display":{"head":{"translation":[0.0,-6.4,0.0],"rotation":[0.0,0.0,0.0],"scale":[3.8095,3.8095,3.8095]}}}