{"textures":{"0":"modelengine:entity/villager_blacksmith"},"elements":[{"name":"rightarm","from":[6.8,5.0,6.8],"to":[8.6,9.2,9.2],"rotation":{"angle":0.0,"axis":"x","origin":[11.0,-5.200001,8.0]},"faces":{"down":{"uv":[6.75,10.25,6.0,11.25],"rotation":0,"texture":"#0","tintindex":0},"east":{"uv":[5.0,5.75,6.0,7.5],"rotation":0,"texture":"#0","tintindex":0},"north":{"uv":[9.0,1.5,9.75,3.25],"rotation":0,"texture":"#0","tintindex":0},"south":{"uv":[9.0,5.0,9.75,6.75],"rotation":0,"texture":"#0","tintindex":0},"up":{"uv":[6.0,11.25,5.25,10.25],"rotation":0,"texture":"#0","tintindex":0},"west":{"uv":[6.0,5.75,7.0,7.5],"rotation":0,"texture":"#0","tintindex":0}}}],"display":{"head":{"translation":[0.0,-6.4,0.0],"rotation":[0.0,0.0,0.0],"scale":[3.8095,3.8095,3.8095]}}}