{"textures":{"0":"modelengine:entity/villager_blacksmith"},"elements":[{"name":"rightarm","from":[6.8,5.6,6.8],"to":[8.6,9.2,9.2],"rotation":{"angle":0.0,"axis":"x","origin":[11.0,-5.200001,8.0]},"faces":{"down":{"uv":[2.5,10.0,1.75,11.0],"rotation":0,"texture":"#0","tintindex":0},"east":{"uv":[2.0,8.5,3.0,10.0],"rotation":0,"texture":"#0","tintindex":0},"north":{"uv":[3.75,9.25,4.5,10.75],"rotation":0,"texture":"#0","tintindex":0},"south":{"uv":[4.5,9.25,5.25,10.75],"rotation":0,"texture":"#0","tintindex":0},"up":{"uv":[1.75,11.0,1.0,10.0],"rotation":0,"texture":"#0","tintindex":0},"west":{"uv":[8.5,3.5,9.5,5.0],"rotation":0,"texture":"#0","tintindex":0}}}],"display":{"head":{"translation":[0.0,-6.4,0.0],"rotation":[0.0,0.0,0.0],"scale":[3.8095,3.8095,3.8095]}}}