{"textures":{"0":"modelengine:entity/spider2"},"elements":[{"name":"cube","from":[7.46,2.975,8.205],"to":[8.54,6.575,9.165],"rotation":{"angle":0.0,"axis":"x","origin":[7.1,2.975,8.085]},"faces":{"down":{"uv":[2.3,8.25,3.1,8.5],"rotation":0,"texture":"#0","tintindex":0},"east":{"uv":[2.3,8.25,3.1,8.5],"rotation":0,"texture":"#0","tintindex":0},"north":{"uv":[2.3,8.25,3.1,8.5],"rotation":0,"texture":"#0","tintindex":0},"south":{"uv":[2.3,8.25,3.1,8.5],"rotation":0,"texture":"#0","tintindex":0},"up":{"uv":[2.3,8.25,3.1,8.5],"rotation":0,"texture":"#0","tintindex":0},"west":{"uv":[2.3,8.25,3.1,8.5],"rotation":0,"texture":"#0","tintindex":0}}},{"name":"cube","from":[7.4,2.975,7.005],"to":[8.6,3.9349997,9.1050005],"rotation":{"angle":0.0,"axis":"x","origin":[7.1,2.975,8.085]},"faces":{"down":{"uv":[0.0,11.0,0.725,11.3625],"rotation":0,"texture":"#0","tintindex":0},"east":{"uv":[0.0,11.0,0.725,11.3625],"rotation":0,"texture":"#0","tintindex":0},"north":{"uv":[0.0,11.0,0.725,11.3625],"rotation":0,"texture":"#0","tintindex":0},"south":{"uv":[0.0,11.0,0.725,11.3625],"rotation":0,"texture":"#0","tintindex":0},"up":{"uv":[0.0,11.0,0.725,11.3625],"rotation":0,"texture":"#0","tintindex":0},"west":{"uv":[0.0,11.0,0.725,11.3625],"rotation":0,"texture":"#0","tintindex":0}}},{"name":"cube","from":[7.46,2.975,6.165],"to":[8.54,4.8949995,7.005],"rotation":{"angle":0.0,"axis":"x","origin":[7.1,2.975,8.085]},"faces":{"down":{"uv":[1.0,11.0,1.725,11.3625],"rotation":0,"texture":"#0","tintindex":0},"east":{"uv":[1.0,11.0,1.725,11.3625],"rotation":0,"texture":"#0","tintindex":0},"north":{"uv":[1.0,11.0,1.725,11.3625],"rotation":0,"texture":"#0","tintindex":0},"south":{"uv":[1.0,11.0,1.725,11.3625],"rotation":0,"texture":"#0","tintindex":0},"up":{"uv":[1.0,11.0,1.725,11.3625],"rotation":0,"texture":"#0","tintindex":0},"west":{"uv":[1.0,11.0,1.725,11.3625],"rotation":0,"texture":"#0","tintindex":0}}},{"name":"cube","from":[7.46,4.415,7.005],"to":[8.54,4.8949995,7.725],"rotation":{"angle":0.0,"axis":"x","origin":[7.1,2.975,8.085]},"faces":{"down":{"uv":[1.0,11.0,1.725,11.3625],"rotation":0,"texture":"#0","tintindex":0},"east":{"uv":[1.0,11.0,1.725,11.3625],"rotation":0,"texture":"#0","tintindex":0},"north":{"uv":[1.0,11.0,1.725,11.3625],"rotation":0,"texture":"#0","tintindex":0},"south":{"uv":[1.0,11.0,1.725,11.3625],"rotation":0,"texture":"#0","tintindex":0},"up":{"uv":[1.0,11.0,1.725,11.3625],"rotation":0,"texture":"#0","tintindex":0},"west":{"uv":[1.0,11.0,1.725,11.3625],"rotation":0,"texture":"#0","tintindex":0}}},{"name":"cube","from":[7.16,7.355,7.785],"to":[8.84,8.014999,9.465],"rotation":{"angle":0.0,"axis":"x","origin":[7.1,2.975,8.085]},"faces":{"down":{"uv":[3.5,7.375,4.2,7.725],"rotation":0,"texture":"#0","tintindex":0},"east":{"uv":[3.5,7.375,4.2,7.725],"rotation":0,"texture":"#0","tintindex":0},"north":{"uv":[3.5,7.375,4.2,7.725],"rotation":0,"texture":"#0","tintindex":0},"south":{"uv":[3.5,7.375,4.2,7.725],"rotation":0,"texture":"#0","tintindex":0},"up":{"uv":[3.5,7.375,4.2,7.725],"rotation":0,"texture":"#0","tintindex":0},"west":{"uv":[3.5,7.375,4.2,7.725],"rotation":0,"texture":"#0","tintindex":0}}},{"name":"cube","from":[7.46,6.575,8.205],"to":[8.54,8.014999,9.165],"rotation":{"angle":0.0,"axis":"x","origin":[7.1,2.975,8.085]},"faces":{"down":{"uv":[2.3,8.25,3.1,8.5],"rotation":0,"texture":"#0","tintindex":0},"east":{"uv":[2.3,8.25,3.1,8.5],"rotation":0,"texture":"#0","tintindex":0},"north":{"uv":[2.3,8.25,3.1,8.5],"rotation":0,"texture":"#0","tintindex":0},"south":{"uv":[2.3,8.25,3.1,8.5],"rotation":0,"texture":"#0","tintindex":0},"up":{"uv":[2.3,8.25,3.1,8.5],"rotation":0,"texture":"#0","tintindex":0},"west":{"uv":[2.3,8.25,3.1,8.5],"rotation":0,"texture":"#0","tintindex":0}}}],"display":{"head":{"translation":[0.0,-6.4,0.0],"rotation":[0.0,0.0,0.0],"scale":[3.8095,3.8095,3.8095]}}}