{"textures":{"0":"modelengine:entity/spider2"},"elements":[{"name":"cube","from":[7.513115,2.11499,7.31],"to":[8.713116,8.05499,8.69],"rotation":{"angle":-22.5,"axis":"z","origin":[8.113115,8.41499,8.48]},"faces":{"down":{"uv":[3.0,5.2625,3.5,6.375],"rotation":0,"texture":"#0","tintindex":0},"east":{"uv":[3.0,5.2625,3.5,6.375],"rotation":0,"texture":"#0","tintindex":0},"north":{"uv":[3.0,5.2625,3.5,6.375],"rotation":0,"texture":"#0","tintindex":0},"south":{"uv":[3.0,5.2625,3.5,6.375],"rotation":0,"texture":"#0","tintindex":0},"up":{"uv":[3.0,5.2625,3.5,6.375],"rotation":0,"texture":"#0","tintindex":0},"west":{"uv":[3.0,5.2625,3.5,6.375],"rotation":0,"texture":"#0","tintindex":0}}},{"name":"cube","from":[7.1157846,-1.576818,8.69],"to":[8.915785,0.16318178,8.69],"rotation":{"angle":-22.5,"axis":"z","origin":[16.655785,2.5931814,8.0]},"faces":{"down":{"uv":[7.5,3.25,8.225,3.525],"rotation":0,"texture":"#0","tintindex":0},"east":{"uv":[7.5,3.25,8.225,3.525],"rotation":0,"texture":"#0","tintindex":0},"north":{"uv":[7.5,3.25,8.225,3.525],"rotation":0,"texture":"#0","tintindex":0},"south":{"uv":[7.5,3.25,8.225,3.525],"rotation":0,"texture":"#0","tintindex":0},"up":{"uv":[7.5,3.25,8.225,3.525],"rotation":0,"texture":"#0","tintindex":0},"west":{"uv":[7.5,3.25,8.225,3.525],"rotation":0,"texture":"#0","tintindex":0}}},{"name":"cube","from":[7.1157846,-1.576818,7.31],"to":[8.915785,0.16318178,7.31],"rotation":{"angle":-22.5,"axis":"z","origin":[16.655785,2.5931814,8.0]},"faces":{"down":{"uv":[7.5,3.25,8.225,3.525],"rotation":0,"texture":"#0","tintindex":0},"east":{"uv":[7.5,3.25,8.225,3.525],"rotation":0,"texture":"#0","tintindex":0},"north":{"uv":[7.5,3.25,8.225,3.525],"rotation":0,"texture":"#0","tintindex":0},"south":{"uv":[7.5,3.25,8.225,3.525],"rotation":0,"texture":"#0","tintindex":0},"up":{"uv":[7.5,3.25,8.225,3.525],"rotation":0,"texture":"#0","tintindex":0},"west":{"uv":[7.5,3.25,8.225,3.525],"rotation":0,"texture":"#0","tintindex":0}}}],"display":{"head":{"translation":[0.0,-6.4,0.0],"rotation":[0.0,0.0,0.0],"scale":[3.8095,3.8095,3.8095]}}}