{"textures":{"0":"modelengine:entity/spider2"},"elements":[{"name":"cube","from":[5.673977,4.7988987,7.1449995],"to":[6.5739765,6.478898,9.005],"rotation":{"angle":-22.5,"axis":"z","origin":[10.923977,2.6388988,8.075]},"faces":{"down":{"uv":[9.0,5.375,9.775,5.725],"rotation":0,"texture":"#0","tintindex":0},"east":{"uv":[9.0,5.375,9.775,5.725],"rotation":0,"texture":"#0","tintindex":0},"north":{"uv":[9.0,5.375,9.775,5.725],"rotation":0,"texture":"#0","tintindex":0},"south":{"uv":[9.0,5.375,9.775,5.725],"rotation":0,"texture":"#0","tintindex":0},"up":{"uv":[9.0,5.375,9.775,5.725],"rotation":0,"texture":"#0","tintindex":0},"west":{"uv":[9.0,5.375,9.775,5.725],"rotation":0,"texture":"#0","tintindex":0}}},{"name":"cube","from":[8.2374325,0.46339703,6.845],"to":[8.657433,2.563397,7.325],"rotation":{"angle":-22.5,"axis":"z","origin":[21.647434,6.673397,7.085]},"faces":{"down":{"uv":[9.0,5.375,9.175,5.5875],"rotation":0,"texture":"#0","tintindex":0},"east":{"uv":[9.0,5.375,9.175,5.5875],"rotation":0,"texture":"#0","tintindex":0},"north":{"uv":[9.0,5.375,9.175,5.5875],"rotation":0,"texture":"#0","tintindex":0},"south":{"uv":[9.0,5.375,9.175,5.5875],"rotation":0,"texture":"#0","tintindex":0},"up":{"uv":[9.0,5.375,9.175,5.5875],"rotation":0,"texture":"#0","tintindex":0},"west":{"uv":[9.0,5.375,9.175,5.5875],"rotation":0,"texture":"#0","tintindex":0}}},{"name":"cube","from":[6.5639706,5.5084963,7.1449995],"to":[6.983971,6.5284967,7.4449997],"rotation":{"angle":-22.5,"axis":"z","origin":[7.1161847,5.592039,8.105]},"faces":{"down":{"uv":[9.0,5.375,9.175,5.5875],"rotation":0,"texture":"#0","tintindex":0},"east":{"uv":[9.0,5.375,9.175,5.5875],"rotation":0,"texture":"#0","tintindex":0},"north":{"uv":[9.0,5.375,9.175,5.5875],"rotation":0,"texture":"#0","tintindex":0},"south":{"uv":[9.0,5.375,9.175,5.5875],"rotation":0,"texture":"#0","tintindex":0},"up":{"uv":[9.0,5.375,9.175,5.5875],"rotation":0,"texture":"#0","tintindex":0},"west":{"uv":[9.0,5.375,9.175,5.5875],"rotation":0,"texture":"#0","tintindex":0}}},{"name":"cube","from":[6.5639706,5.5084963,7.685],"to":[6.983971,6.5284967,7.985],"rotation":{"angle":-22.5,"axis":"z","origin":[7.1161847,5.592039,8.105]},"faces":{"down":{"uv":[9.0,5.375,9.175,5.5875],"rotation":0,"texture":"#0","tintindex":0},"east":{"uv":[9.0,5.375,9.175,5.5875],"rotation":0,"texture":"#0","tintindex":0},"north":{"uv":[9.0,5.375,9.175,5.5875],"rotation":0,"texture":"#0","tintindex":0},"south":{"uv":[9.0,5.375,9.175,5.5875],"rotation":0,"texture":"#0","tintindex":0},"up":{"uv":[9.0,5.375,9.175,5.5875],"rotation":0,"texture":"#0","tintindex":0},"west":{"uv":[9.0,5.375,9.175,5.5875],"rotation":0,"texture":"#0","tintindex":0}}},{"name":"cube","from":[6.5639706,5.5084963,8.225],"to":[6.983971,6.5284967,8.525],"rotation":{"angle":-22.5,"axis":"z","origin":[7.1161847,5.592039,8.105]},"faces":{"down":{"uv":[9.0,5.375,9.175,5.5875],"rotation":0,"texture":"#0","tintindex":0},"east":{"uv":[9.0,5.375,9.175,5.5875],"rotation":0,"texture":"#0","tintindex":0},"north":{"uv":[9.0,5.375,9.175,5.5875],"rotation":0,"texture":"#0","tintindex":0},"south":{"uv":[9.0,5.375,9.175,5.5875],"rotation":0,"texture":"#0","tintindex":0},"up":{"uv":[9.0,5.375,9.175,5.5875],"rotation":0,"texture":"#0","tintindex":0},"west":{"uv":[9.0,5.375,9.175,5.5875],"rotation":0,"texture":"#0","tintindex":0}}},{"name":"cube","from":[6.5639706,5.5084963,8.764999],"to":[6.983971,6.5284967,9.065],"rotation":{"angle":-22.5,"axis":"z","origin":[7.1161847,5.592039,8.105]},"faces":{"down":{"uv":[9.0,5.375,9.175,5.5875],"rotation":0,"texture":"#0","tintindex":0},"east":{"uv":[9.0,5.375,9.175,5.5875],"rotation":0,"texture":"#0","tintindex":0},"north":{"uv":[9.0,5.375,9.175,5.5875],"rotation":0,"texture":"#0","tintindex":0},"south":{"uv":[9.0,5.375,9.175,5.5875],"rotation":0,"texture":"#0","tintindex":0},"up":{"uv":[9.0,5.375,9.175,5.5875],"rotation":0,"texture":"#0","tintindex":0},"west":{"uv":[9.0,5.375,9.175,5.5875],"rotation":0,"texture":"#0","tintindex":0}}},{"name":"cube","from":[6.5283985,4.640583,7.1449995],"to":[6.9483986,5.5405836,7.4449997],"rotation":{"angle":-22.5,"axis":"z","origin":[7.1161847,5.592039,8.105]},"faces":{"down":{"uv":[9.075,5.5375,9.175,5.5625],"rotation":0,"texture":"#0","tintindex":0},"east":{"uv":[9.075,5.5375,9.175,5.5625],"rotation":0,"texture":"#0","tintindex":0},"north":{"uv":[9.075,5.5375,9.175,5.5625],"rotation":0,"texture":"#0","tintindex":0},"south":{"uv":[9.075,5.5375,9.175,5.5625],"rotation":0,"texture":"#0","tintindex":0},"up":{"uv":[9.075,5.5375,9.175,5.5625],"rotation":0,"texture":"#0","tintindex":0},"west":{"uv":[9.075,5.5375,9.175,5.5625],"rotation":0,"texture":"#0","tintindex":0}}},{"name":"cube","from":[6.5283985,4.460583,7.685],"to":[6.9483986,5.5405836,7.985],"rotation":{"angle":-22.5,"axis":"z","origin":[7.1161847,5.592039,8.105]},"faces":{"down":{"uv":[9.075,5.5375,9.175,5.5625],"rotation":0,"texture":"#0","tintindex":0},"east":{"uv":[9.075,5.5375,9.175,5.5625],"rotation":0,"texture":"#0","tintindex":0},"north":{"uv":[9.075,5.5375,9.175,5.5625],"rotation":0,"texture":"#0","tintindex":0},"south":{"uv":[9.075,5.5375,9.175,5.5625],"rotation":0,"texture":"#0","tintindex":0},"up":{"uv":[9.075,5.5375,9.175,5.5625],"rotation":0,"texture":"#0","tintindex":0},"west":{"uv":[9.075,5.5375,9.175,5.5625],"rotation":0,"texture":"#0","tintindex":0}}},{"name":"cube","from":[6.5283985,4.640583,8.225],"to":[6.9483986,5.5405836,8.525],"rotation":{"angle":-22.5,"axis":"z","origin":[7.1161847,5.592039,8.105]},"faces":{"down":{"uv":[9.075,5.5375,9.175,5.5625],"rotation":0,"texture":"#0","tintindex":0},"east":{"uv":[9.075,5.5375,9.175,5.5625],"rotation":0,"texture":"#0","tintindex":0},"north":{"uv":[9.075,5.5375,9.175,5.5625],"rotation":0,"texture":"#0","tintindex":0},"south":{"uv":[9.075,5.5375,9.175,5.5625],"rotation":0,"texture":"#0","tintindex":0},"up":{"uv":[9.075,5.5375,9.175,5.5625],"rotation":0,"texture":"#0","tintindex":0},"west":{"uv":[9.075,5.5375,9.175,5.5625],"rotation":0,"texture":"#0","tintindex":0}}},{"name":"cube","from":[6.5283985,4.460583,8.764999],"to":[6.9483986,5.5405836,9.065],"rotation":{"angle":-22.5,"axis":"z","origin":[7.1161847,5.592039,8.105]},"faces":{"down":{"uv":[9.075,5.5375,9.175,5.5625],"rotation":0,"texture":"#0","tintindex":0},"east":{"uv":[9.075,5.5375,9.175,5.5625],"rotation":0,"texture":"#0","tintindex":0},"north":{"uv":[9.075,5.5375,9.175,5.5625],"rotation":0,"texture":"#0","tintindex":0},"south":{"uv":[9.075,5.5375,9.175,5.5625],"rotation":0,"texture":"#0","tintindex":0},"up":{"uv":[9.075,5.5375,9.175,5.5625],"rotation":0,"texture":"#0","tintindex":0},"west":{"uv":[9.075,5.5375,9.175,5.5625],"rotation":0,"texture":"#0","tintindex":0}}}],"display":{"head":{"translation":[0.0,-6.4,0.0],"rotation":[0.0,0.0,0.0],"scale":[3.8095,3.8095,3.8095]}}}