{"textures":{"0":"modelengine:entity/spider2"},"elements":[{"name":"cube","from":[8.299026,6.2298126,6.623],"to":[8.719026,8.329813,7.1029997],"rotation":{"angle":22.5,"axis":"z","origin":[8.509026,7.4898133,6.863]},"faces":{"down":{"uv":[9.0,5.375,9.175,5.5875],"rotation":0,"texture":"#0","tintindex":0},"east":{"uv":[9.0,5.375,9.175,5.5875],"rotation":0,"texture":"#0","tintindex":0},"north":{"uv":[9.0,5.375,9.175,5.5875],"rotation":0,"texture":"#0","tintindex":0},"south":{"uv":[9.0,5.375,9.175,5.5875],"rotation":0,"texture":"#0","tintindex":0},"up":{"uv":[9.0,5.375,9.175,5.5875],"rotation":0,"texture":"#0","tintindex":0},"west":{"uv":[9.0,5.375,9.175,5.5875],"rotation":0,"texture":"#0","tintindex":0}}},{"name":"cube","from":[8.299026,5.629813,8.783],"to":[8.719026,6.6498137,9.083],"rotation":{"angle":22.5,"axis":"z","origin":[8.509026,7.4898133,6.863]},"faces":{"down":{"uv":[9.0,5.375,9.175,5.5875],"rotation":0,"texture":"#0","tintindex":0},"east":{"uv":[9.0,5.375,9.175,5.5875],"rotation":0,"texture":"#0","tintindex":0},"north":{"uv":[9.0,5.375,9.175,5.5875],"rotation":0,"texture":"#0","tintindex":0},"south":{"uv":[9.0,5.375,9.175,5.5875],"rotation":0,"texture":"#0","tintindex":0},"up":{"uv":[9.0,5.375,9.175,5.5875],"rotation":0,"texture":"#0","tintindex":0},"west":{"uv":[9.0,5.375,9.175,5.5875],"rotation":0,"texture":"#0","tintindex":0}}},{"name":"cube","from":[8.299026,5.629813,8.243],"to":[8.719026,6.6498137,8.542999],"rotation":{"angle":22.5,"axis":"z","origin":[8.509026,7.4898133,6.863]},"faces":{"down":{"uv":[9.0,5.375,9.175,5.5875],"rotation":0,"texture":"#0","tintindex":0},"east":{"uv":[9.0,5.375,9.175,5.5875],"rotation":0,"texture":"#0","tintindex":0},"north":{"uv":[9.0,5.375,9.175,5.5875],"rotation":0,"texture":"#0","tintindex":0},"south":{"uv":[9.0,5.375,9.175,5.5875],"rotation":0,"texture":"#0","tintindex":0},"up":{"uv":[9.0,5.375,9.175,5.5875],"rotation":0,"texture":"#0","tintindex":0},"west":{"uv":[9.0,5.375,9.175,5.5875],"rotation":0,"texture":"#0","tintindex":0}}},{"name":"cube","from":[8.299026,5.629813,7.703],"to":[8.719026,6.6498137,8.003],"rotation":{"angle":22.5,"axis":"z","origin":[8.509026,7.4898133,6.863]},"faces":{"down":{"uv":[9.0,5.375,9.175,5.5875],"rotation":0,"texture":"#0","tintindex":0},"east":{"uv":[9.0,5.375,9.175,5.5875],"rotation":0,"texture":"#0","tintindex":0},"north":{"uv":[9.0,5.375,9.175,5.5875],"rotation":0,"texture":"#0","tintindex":0},"south":{"uv":[9.0,5.375,9.175,5.5875],"rotation":0,"texture":"#0","tintindex":0},"up":{"uv":[9.0,5.375,9.175,5.5875],"rotation":0,"texture":"#0","tintindex":0},"west":{"uv":[9.0,5.375,9.175,5.5875],"rotation":0,"texture":"#0","tintindex":0}}},{"name":"cube","from":[8.299026,5.629813,7.163],"to":[8.719026,6.6498137,7.463],"rotation":{"angle":22.5,"axis":"z","origin":[8.509026,7.4898133,6.863]},"faces":{"down":{"uv":[9.0,5.375,9.175,5.5875],"rotation":0,"texture":"#0","tintindex":0},"east":{"uv":[9.0,5.375,9.175,5.5875],"rotation":0,"texture":"#0","tintindex":0},"north":{"uv":[9.0,5.375,9.175,5.5875],"rotation":0,"texture":"#0","tintindex":0},"south":{"uv":[9.0,5.375,9.175,5.5875],"rotation":0,"texture":"#0","tintindex":0},"up":{"uv":[9.0,5.375,9.175,5.5875],"rotation":0,"texture":"#0","tintindex":0},"west":{"uv":[9.0,5.375,9.175,5.5875],"rotation":0,"texture":"#0","tintindex":0}}},{"name":"cube","from":[8.299026,4.549813,8.783],"to":[8.719026,5.629813,9.083],"rotation":{"angle":22.5,"axis":"z","origin":[8.509026,7.4898133,6.863]},"faces":{"down":{"uv":[9.075,5.5375,9.175,5.5625],"rotation":0,"texture":"#0","tintindex":0},"east":{"uv":[9.075,5.5375,9.175,5.5625],"rotation":0,"texture":"#0","tintindex":0},"north":{"uv":[9.075,5.5375,9.175,5.5625],"rotation":0,"texture":"#0","tintindex":0},"south":{"uv":[9.075,5.5375,9.175,5.5625],"rotation":0,"texture":"#0","tintindex":0},"up":{"uv":[9.075,5.5375,9.175,5.5625],"rotation":0,"texture":"#0","tintindex":0},"west":{"uv":[9.075,5.5375,9.175,5.5625],"rotation":0,"texture":"#0","tintindex":0}}},{"name":"cube","from":[8.299026,4.549813,8.243],"to":[8.719026,5.629813,8.542999],"rotation":{"angle":22.5,"axis":"z","origin":[8.509026,7.4898133,6.863]},"faces":{"down":{"uv":[9.075,5.5375,9.175,5.5625],"rotation":0,"texture":"#0","tintindex":0},"east":{"uv":[9.075,5.5375,9.175,5.5625],"rotation":0,"texture":"#0","tintindex":0},"north":{"uv":[9.075,5.5375,9.175,5.5625],"rotation":0,"texture":"#0","tintindex":0},"south":{"uv":[9.075,5.5375,9.175,5.5625],"rotation":0,"texture":"#0","tintindex":0},"up":{"uv":[9.075,5.5375,9.175,5.5625],"rotation":0,"texture":"#0","tintindex":0},"west":{"uv":[9.075,5.5375,9.175,5.5625],"rotation":0,"texture":"#0","tintindex":0}}},{"name":"cube","from":[8.299026,4.549813,7.703],"to":[8.719026,5.629813,8.003],"rotation":{"angle":22.5,"axis":"z","origin":[8.509026,7.4898133,6.863]},"faces":{"down":{"uv":[9.075,5.5375,9.175,5.5625],"rotation":0,"texture":"#0","tintindex":0},"east":{"uv":[9.075,5.5375,9.175,5.5625],"rotation":0,"texture":"#0","tintindex":0},"north":{"uv":[9.075,5.5375,9.175,5.5625],"rotation":0,"texture":"#0","tintindex":0},"south":{"uv":[9.075,5.5375,9.175,5.5625],"rotation":0,"texture":"#0","tintindex":0},"up":{"uv":[9.075,5.5375,9.175,5.5625],"rotation":0,"texture":"#0","tintindex":0},"west":{"uv":[9.075,5.5375,9.175,5.5625],"rotation":0,"texture":"#0","tintindex":0}}},{"name":"cube","from":[8.299026,4.549813,7.163],"to":[8.719026,5.629813,7.463],"rotation":{"angle":22.5,"axis":"z","origin":[8.509026,7.4898133,6.863]},"faces":{"down":{"uv":[9.075,5.5375,9.175,5.5625],"rotation":0,"texture":"#0","tintindex":0},"east":{"uv":[9.075,5.5375,9.175,5.5625],"rotation":0,"texture":"#0","tintindex":0},"north":{"uv":[9.075,5.5375,9.175,5.5625],"rotation":0,"texture":"#0","tintindex":0},"south":{"uv":[9.075,5.5375,9.175,5.5625],"rotation":0,"texture":"#0","tintindex":0},"up":{"uv":[9.075,5.5375,9.175,5.5625],"rotation":0,"texture":"#0","tintindex":0},"west":{"uv":[9.075,5.5375,9.175,5.5625],"rotation":0,"texture":"#0","tintindex":0}}},{"name":"cube","from":[3.9620166,5.7035847,7.223],"to":[4.8620167,7.383586,9.083],"rotation":{"angle":22.5,"axis":"z","origin":[4.1420164,17.013586,8.153]},"faces":{"down":{"uv":[9.0,5.375,9.775,5.725],"rotation":0,"texture":"#0","tintindex":0},"east":{"uv":[9.0,5.375,9.775,5.725],"rotation":0,"texture":"#0","tintindex":0},"north":{"uv":[9.0,5.375,9.775,5.725],"rotation":0,"texture":"#0","tintindex":0},"south":{"uv":[9.0,5.375,9.775,5.725],"rotation":0,"texture":"#0","tintindex":0},"up":{"uv":[9.0,5.375,9.775,5.725],"rotation":0,"texture":"#0","tintindex":0},"west":{"uv":[9.0,5.375,9.775,5.725],"rotation":0,"texture":"#0","tintindex":0}}}],"display":{"head":{"translation":[0.0,-6.4,0.0],"rotation":[0.0,0.0,0.0],"scale":[3.8095,3.8095,3.8095]}}}