{"textures":{"0":"modelengine:entity/spider2"},"elements":[{"name":"cube","from":[5.2782965,1.5613626,7.31],"to":[6.4782963,8.941363,8.69],"rotation":{"angle":-22.5,"axis":"z","origin":[5.878296,1.9213629,8.48]},"faces":{"down":{"uv":[0.0,5.2625,0.5,6.375],"rotation":0,"texture":"#0","tintindex":0},"east":{"uv":[0.0,5.2625,0.5,6.375],"rotation":0,"texture":"#0","tintindex":0},"north":{"uv":[0.0,5.2625,0.5,6.375],"rotation":0,"texture":"#0","tintindex":0},"south":{"uv":[0.0,5.2625,0.5,6.375],"rotation":0,"texture":"#0","tintindex":0},"up":{"uv":[0.0,5.2625,0.5,6.375],"rotation":0,"texture":"#0","tintindex":0},"west":{"uv":[0.0,5.2625,0.5,6.375],"rotation":0,"texture":"#0","tintindex":0}}}],"display":{"head":{"translation":[0.0,-6.4,0.0],"rotation":[0.0,0.0,0.0],"scale":[3.8095,3.8095,3.8095]}}}