{"textures":{"0":"modelengine:entity/spider2"},"elements":[{"name":"cube","from":[6.019451,1.6991528,7.31],"to":[7.219451,7.639153,8.69],"rotation":{"angle":22.5,"axis":"z","origin":[6.619451,11.329153,8.0]},"faces":{"down":{"uv":[3.0,5.2625,3.5,6.375],"rotation":0,"texture":"#0","tintindex":0},"east":{"uv":[3.0,5.2625,3.5,6.375],"rotation":0,"texture":"#0","tintindex":0},"north":{"uv":[3.0,5.2625,3.5,6.375],"rotation":0,"texture":"#0","tintindex":0},"south":{"uv":[3.0,5.2625,3.5,6.375],"rotation":0,"texture":"#0","tintindex":0},"up":{"uv":[3.0,5.2625,3.5,6.375],"rotation":0,"texture":"#0","tintindex":0},"west":{"uv":[3.0,5.2625,3.5,6.375],"rotation":0,"texture":"#0","tintindex":0}}},{"name":"cube","from":[4.219451,1.6991528,7.31],"to":[6.019451,3.4391527,7.31],"rotation":{"angle":22.5,"axis":"z","origin":[6.619451,11.329153,8.0]},"faces":{"down":{"uv":[7.5,3.25,8.225,3.525],"rotation":0,"texture":"#0","tintindex":0},"east":{"uv":[7.5,3.25,8.225,3.525],"rotation":0,"texture":"#0","tintindex":0},"north":{"uv":[7.5,3.25,8.225,3.525],"rotation":0,"texture":"#0","tintindex":0},"south":{"uv":[7.5,3.25,8.225,3.525],"rotation":0,"texture":"#0","tintindex":0},"up":{"uv":[7.5,3.25,8.225,3.525],"rotation":0,"texture":"#0","tintindex":0},"west":{"uv":[7.5,3.25,8.225,3.525],"rotation":0,"texture":"#0","tintindex":0}}},{"name":"cube","from":[4.219451,1.6991528,8.69],"to":[6.019451,3.4391527,8.69],"rotation":{"angle":22.5,"axis":"z","origin":[6.619451,11.329153,8.0]},"faces":{"down":{"uv":[7.5,3.25,8.225,3.525],"rotation":0,"texture":"#0","tintindex":0},"east":{"uv":[7.5,3.25,8.225,3.525],"rotation":0,"texture":"#0","tintindex":0},"north":{"uv":[7.5,3.25,8.225,3.525],"rotation":0,"texture":"#0","tintindex":0},"south":{"uv":[7.5,3.25,8.225,3.525],"rotation":0,"texture":"#0","tintindex":0},"up":{"uv":[7.5,3.25,8.225,3.525],"rotation":0,"texture":"#0","tintindex":0},"west":{"uv":[7.5,3.25,8.225,3.525],"rotation":0,"texture":"#0","tintindex":0}}}],"display":{"head":{"translation":[0.0,-6.4,0.0],"rotation":[0.0,0.0,0.0],"scale":[3.8095,3.8095,3.8095]}}}