{"textures":{"0":"modelengine:entity/spider2"},"elements":[{"name":"cube","from":[8.757085,0.34442067,7.31],"to":[9.957085,7.7244196,8.69],"rotation":{"angle":22.5,"axis":"z","origin":[8.157085,2.954421,8.0]},"faces":{"down":{"uv":[0.0,5.2625,0.5,6.375],"rotation":0,"texture":"#0","tintindex":0},"east":{"uv":[0.0,5.2625,0.5,6.375],"rotation":0,"texture":"#0","tintindex":0},"north":{"uv":[0.0,5.2625,0.5,6.375],"rotation":0,"texture":"#0","tintindex":0},"south":{"uv":[0.0,5.2625,0.5,6.375],"rotation":0,"texture":"#0","tintindex":0},"up":{"uv":[0.0,5.2625,0.5,6.375],"rotation":0,"texture":"#0","tintindex":0},"west":{"uv":[0.0,5.2625,0.5,6.375],"rotation":0,"texture":"#0","tintindex":0}}}],"display":{"head":{"translation":[0.0,-6.4,0.0],"rotation":[0.0,0.0,0.0],"scale":[3.8095,3.8095,3.8095]}}}