{"textures":{"0":"modelengine:entity/spider2"},"elements":[{"name":"cube","from":[7.4,7.3700004,7.355],"to":[8.6,11.27,8.735001],"rotation":{"angle":0.0,"axis":"x","origin":[8.3,-18.07,7.835]},"faces":{"down":{"uv":[13.25,1.125,13.975,1.6125],"rotation":0,"texture":"#0","tintindex":0},"east":{"uv":[13.25,1.125,13.975,1.6125],"rotation":0,"texture":"#0","tintindex":0},"north":{"uv":[13.25,1.125,13.975,1.6125],"rotation":0,"texture":"#0","tintindex":0},"south":{"uv":[13.25,1.125,13.975,1.6125],"rotation":0,"texture":"#0","tintindex":0},"up":{"uv":[13.25,1.125,13.975,1.6125],"rotation":0,"texture":"#0","tintindex":0},"west":{"uv":[13.25,1.125,13.975,1.6125],"rotation":0,"texture":"#0","tintindex":0}}},{"name":"cube","from":[7.4,9.889999,6.1549997],"to":[8.6,11.27,7.355],"rotation":{"angle":0.0,"axis":"x","origin":[8.3,-18.07,7.835]},"faces":{"down":{"uv":[13.25,1.125,13.975,1.6125],"rotation":0,"texture":"#0","tintindex":0},"east":{"uv":[13.25,1.125,13.975,1.6125],"rotation":0,"texture":"#0","tintindex":0},"north":{"uv":[13.25,1.125,13.975,1.6125],"rotation":0,"texture":"#0","tintindex":0},"south":{"uv":[13.25,1.125,13.975,1.6125],"rotation":0,"texture":"#0","tintindex":0},"up":{"uv":[13.25,1.125,13.975,1.6125],"rotation":0,"texture":"#0","tintindex":0},"west":{"uv":[13.25,1.125,13.975,1.6125],"rotation":0,"texture":"#0","tintindex":0}}}],"display":{"head":{"translation":[0.0,-6.4,0.0],"rotation":[0.0,0.0,0.0],"scale":[3.8095,3.8095,3.8095]}}}