{"textures":{"0":"modelengine:entity/spider2"},"elements":[{"name":"cube","from":[4.98,5.3599987,6.08],"to":[10.9800005,11.36,7.88],"rotation":{"angle":0.0,"axis":"x","origin":[8.34,-20.8,9.2]},"faces":{"down":{"uv":[1.25,0.125,4.725,0.3625],"rotation":0,"texture":"#0","tintindex":0},"east":{"uv":[1.25,0.125,4.725,0.3625],"rotation":0,"texture":"#0","tintindex":0},"north":{"uv":[0.5,0.375,3.475,1.6125],"rotation":0,"texture":"#0","tintindex":0},"south":{"uv":[4.0,0.375,6.475,1.6125],"rotation":0,"texture":"#0","tintindex":0},"up":{"uv":[1.25,0.125,4.725,0.3625],"rotation":0,"texture":"#0","tintindex":0},"west":{"uv":[1.25,0.125,4.725,0.3625],"rotation":0,"texture":"#0","tintindex":0}}},{"name":"cube","from":[3.5399997,3.859999,6.8599997],"to":[12.54,12.86,6.8599997],"rotation":{"angle":0.0,"axis":"x","origin":[8.34,-20.8,9.2]},"faces":{"down":{"uv":[0.0,1.7375,3.75,3.375],"rotation":0,"texture":"#0","tintindex":0},"east":{"uv":[0.0,1.7375,3.75,3.375],"rotation":0,"texture":"#0","tintindex":0},"north":{"uv":[0.0,1.6375,3.75,3.375],"rotation":0,"texture":"#0","tintindex":0},"south":{"uv":[0.0,1.6375,3.75,3.375],"rotation":0,"texture":"#0","tintindex":0},"up":{"uv":[0.0,1.7375,3.75,3.375],"rotation":0,"texture":"#0","tintindex":0},"west":{"uv":[0.0,1.7375,3.75,3.375],"rotation":0,"texture":"#0","tintindex":0}}},{"name":"cube","from":[4.92,5.3599987,5.84],"to":[11.04,11.36,6.56],"rotation":{"angle":0.0,"axis":"x","origin":[8.34,-20.8,9.2]},"faces":{"down":{"uv":[12.525,4.375,16.0,5.6125],"rotation":0,"texture":"#0","tintindex":0},"east":{"uv":[12.525,4.375,16.0,5.6125],"rotation":0,"texture":"#0","tintindex":0},"north":{"uv":[7.025,0.375,10.0,1.6125],"rotation":0,"texture":"#0","tintindex":0},"south":{"uv":[12.525,4.375,16.0,5.6125],"rotation":0,"texture":"#0","tintindex":0},"up":{"uv":[12.525,4.375,16.0,5.6125],"rotation":0,"texture":"#0","tintindex":0},"west":{"uv":[12.525,4.375,16.0,5.6125],"rotation":0,"texture":"#0","tintindex":0}}}],"display":{"head":{"translation":[0.0,-6.4,0.0],"rotation":[0.0,0.0,0.0],"scale":[3.8095,3.8095,3.8095]}}}