{"textures":{"0":"modelengine:entity/spider2"},"elements":[{"name":"cube","from":[4.7,23.3,6.0199995],"to":[10.700001,24.440002,10.58],"rotation":{"angle":0.0,"axis":"x","origin":[8.0,7.1,8.0]},"faces":{"down":{"uv":[5.0,8.5,11.0,8.85],"rotation":0,"texture":"#0","tintindex":0},"east":{"uv":[5.0,8.5,11.0,8.85],"rotation":0,"texture":"#0","tintindex":0},"north":{"uv":[5.0,8.5,11.0,8.85],"rotation":0,"texture":"#0","tintindex":0},"south":{"uv":[5.0,8.5,11.0,8.85],"rotation":0,"texture":"#0","tintindex":0},"up":{"uv":[5.0,8.5,6.75,8.625],"rotation":0,"texture":"#0","tintindex":0},"west":{"uv":[5.0,8.5,11.0,8.85],"rotation":0,"texture":"#0","tintindex":0}}}],"display":{"head":{"translation":[0.0,-6.4,0.0],"rotation":[0.0,0.0,0.0],"scale":[3.8095,3.8095,3.8095]}}}