{"textures":{"0":"modelengine:entity/spider2"},"elements":[{"name":"cube","from":[6.8599997,7.32,6.76],"to":[9.139999,10.380001,9.46],"rotation":{"angle":0.0,"axis":"x","origin":[8.3,-8.880001,7.72]},"faces":{"down":{"uv":[5.0,4.1,5.925,4.7375],"rotation":0,"texture":"#0","tintindex":0},"east":{"uv":[5.0,4.1,5.925,4.7375],"rotation":0,"texture":"#0","tintindex":0},"north":{"uv":[5.0,4.1,5.925,4.7375],"rotation":0,"texture":"#0","tintindex":0},"south":{"uv":[5.0,4.1,5.925,4.7375],"rotation":0,"texture":"#0","tintindex":0},"up":{"uv":[5.0,4.1,5.925,4.7375],"rotation":0,"texture":"#0","tintindex":0},"west":{"uv":[5.0,4.1,5.925,4.7375],"rotation":0,"texture":"#0","tintindex":0}}}],"display":{"head":{"translation":[0.0,-6.4,0.0],"rotation":[0.0,0.0,0.0],"scale":[3.8095,3.8095,3.8095]}}}