{"textures":{"0":"modelengine:entity/spider2"},"elements":[{"name":"cube","from":[6.38,8.09,6.6499996],"to":[9.62,14.630001,9.35],"rotation":{"angle":0.0,"axis":"x","origin":[8.3,-11.110001,7.61]},"faces":{"down":{"uv":[1.0,3.475,2.475,4.9],"rotation":0,"texture":"#0","tintindex":0},"east":{"uv":[2.5,4.0,3.475,4.8625],"rotation":0,"texture":"#0","tintindex":0},"north":{"uv":[1.0,3.5,2.35,4.8625],"rotation":0,"texture":"#0","tintindex":0},"south":{"uv":[4.0,4.0,4.975,4.8625],"rotation":0,"texture":"#0","tintindex":0},"up":{"uv":[1.0,3.475,2.475,4.9],"rotation":0,"texture":"#0","tintindex":0},"west":{"uv":[0.0,4.0,0.975,4.8625],"rotation":0,"texture":"#0","tintindex":0}}},{"name":"cube","from":[6.2,12.89,6.17],"to":[9.8,14.930001,9.17],"rotation":{"angle":0.0,"axis":"x","origin":[8.3,-11.110001,7.61]},"faces":{"down":{"uv":[7.5,3.2375,8.7,3.525],"rotation":0,"texture":"#0","tintindex":0},"east":{"uv":[7.5,3.2375,8.7,3.525],"rotation":0,"texture":"#0","tintindex":0},"north":{"uv":[7.5,3.2375,8.7,3.525],"rotation":0,"texture":"#0","tintindex":0},"south":{"uv":[7.5,3.2375,8.7,3.525],"rotation":0,"texture":"#0","tintindex":0},"up":{"uv":[7.5,3.2375,8.7,3.525],"rotation":0,"texture":"#0","tintindex":0},"west":{"uv":[7.5,3.2375,8.7,3.525],"rotation":0,"texture":"#0","tintindex":0}}}],"display":{"head":{"translation":[0.0,-6.4,0.0],"rotation":[0.0,0.0,0.0],"scale":[3.8095,3.8095,3.8095]}}}