{"textures":{"0":"modelengine:entity/skulbike"},"elements":[{"name":"cube","from":[4.2032,6.4002466,13.860186],"to":[8.4272,8.7042465,19.620186],"rotation":{"angle":-22.5,"axis":"x","origin":[6.3152,7.5522466,17.392986]},"faces":{"down":{"uv":[10.3125,2.1875,9.96875,3.125],"rotation":0,"texture":"#0","tintindex":0},"east":{"uv":[9.15625,3.125,9.625,3.5],"rotation":0,"texture":"#0","tintindex":0},"north":{"uv":[9.625,3.125,9.96875,3.5],"rotation":0,"texture":"#0","tintindex":0},"south":{"uv":[10.4375,3.125,10.78125,3.5],"rotation":0,"texture":"#0","tintindex":0},"up":{"uv":[9.96875,3.125,9.625,2.1875],"rotation":0,"texture":"#0","tintindex":0},"west":{"uv":[9.96875,3.125,10.4375,3.5],"rotation":0,"texture":"#0","tintindex":0}}},{"name":"cube","from":[4.088,2.2146463,3.3769855],"to":[5.24,12.966647,4.5289855],"rotation":{"angle":22.5,"axis":"x","origin":[6.3919997,5.6706467,2.4169853]},"faces":{"down":{"uv":[11.09375,6.125,11.0,6.3125],"rotation":0,"texture":"#0","tintindex":0},"east":{"uv":[10.8125,6.3125,10.90625,8.0625],"rotation":0,"texture":"#0","tintindex":0},"north":{"uv":[10.90625,6.3125,11.0,8.0625],"rotation":0,"texture":"#0","tintindex":0},"south":{"uv":[11.09375,6.3125,11.1875,8.0625],"rotation":0,"texture":"#0","tintindex":0},"up":{"uv":[11.0,6.3125,10.90625,6.125],"rotation":0,"texture":"#0","tintindex":0},"west":{"uv":[11.0,6.3125,11.09375,8.0625],"rotation":0,"texture":"#0","tintindex":0}}},{"name":"cube","from":[4.856,1.830646,10.288986],"to":[7.928,5.6706467,15.664986],"rotation":{"angle":0.0,"axis":"x","origin":[6.3919997,0.6786461,11.440986]},"faces":{"down":{"uv":[11.0,0.0,10.75,0.875],"rotation":0,"texture":"#0","tintindex":0},"east":{"uv":[10.0625,0.875,10.5,1.5],"rotation":0,"texture":"#0","tintindex":0},"north":{"uv":[10.5,0.875,10.75,1.5],"rotation":0,"texture":"#0","tintindex":0},"south":{"uv":[11.1875,0.875,11.4375,1.5],"rotation":0,"texture":"#0","tintindex":0},"up":{"uv":[10.75,0.875,10.5,0.0],"rotation":0,"texture":"#0","tintindex":0},"west":{"uv":[10.75,0.875,11.1875,1.5],"rotation":0,"texture":"#0","tintindex":0}}},{"name":"cube","from":[4.2416,2.9826462,4.9129853],"to":[8.4656,6.822646,11.8249855],"rotation":{"angle":22.5,"axis":"x","origin":[6.3919997,4.710646,9.904985]},"faces":{"down":{"uv":[9.25,0.0,8.90625,1.125],"rotation":0,"texture":"#0","tintindex":0},"east":{"uv":[8.0,1.125,8.5625,1.75],"rotation":0,"texture":"#0","tintindex":0},"north":{"uv":[8.5625,1.125,8.90625,1.75],"rotation":0,"texture":"#0","tintindex":0},"south":{"uv":[9.46875,1.125,9.8125,1.75],"rotation":0,"texture":"#0","tintindex":0},"up":{"uv":[8.90625,1.125,8.5625,0.0],"rotation":0,"texture":"#0","tintindex":0},"west":{"uv":[8.90625,1.125,9.46875,1.75],"rotation":0,"texture":"#0","tintindex":0}}},{"name":"cube","from":[4.6256,5.4786463,8.868185],"to":[8.0816,7.3986464,15.396187],"rotation":{"angle":0.0,"axis":"x","origin":[6.3919997,0.6786461,11.440986]},"faces":{"down":{"uv":[9.09375,1.75,8.8125,2.8125],"rotation":0,"texture":"#0","tintindex":0},"east":{"uv":[8.0,2.8125,8.53125,3.125],"rotation":0,"texture":"#0","tintindex":0},"north":{"uv":[8.53125,2.8125,8.8125,3.125],"rotation":0,"texture":"#0","tintindex":0},"south":{"uv":[9.34375,2.8125,9.625,3.125],"rotation":0,"texture":"#0","tintindex":0},"up":{"uv":[8.8125,2.8125,8.53125,1.75],"rotation":0,"texture":"#0","tintindex":0},"west":{"uv":[8.8125,2.8125,9.34375,3.125],"rotation":0,"texture":"#0","tintindex":0}}},{"name":"cube","from":[4.3952,7.2044864,18.35979],"to":[8.2352,9.124486,22.199795],"rotation":{"angle":0.0,"axis":"x","origin":[6.3152,7.2428865,21.239792]},"faces":{"down":{"uv":[11.375,5.1875,11.0625,5.8125],"rotation":0,"texture":"#0","tintindex":0},"east":{"uv":[10.4375,5.8125,10.75,6.125],"rotation":0,"texture":"#0","tintindex":0},"north":{"uv":[10.75,5.8125,11.0625,6.125],"rotation":0,"texture":"#0","tintindex":0},"south":{"uv":[11.375,5.8125,11.6875,6.125],"rotation":0,"texture":"#0","tintindex":0},"up":{"uv":[11.0625,5.8125,10.75,5.1875],"rotation":0,"texture":"#0","tintindex":0},"west":{"uv":[11.0625,5.8125,11.375,6.125],"rotation":0,"texture":"#0","tintindex":0}}},{"name":"cube","from":[4.8943996,6.822646,3.7609851],"to":[7.9664,9.894647,6.4489856],"rotation":{"angle":0.0,"axis":"x","origin":[6.4304,7.974646,5.104985]},"faces":{"down":{"uv":[9.09375,7.3125,8.84375,7.75],"rotation":0,"texture":"#0","tintindex":0},"east":{"uv":[8.375,7.75,8.59375,8.25],"rotation":0,"texture":"#0","tintindex":0},"north":{"uv":[8.59375,7.75,8.84375,8.25],"rotation":0,"texture":"#0","tintindex":0},"south":{"uv":[9.0625,7.75,9.3125,8.25],"rotation":0,"texture":"#0","tintindex":0},"up":{"uv":[8.84375,7.75,8.59375,7.3125],"rotation":0,"texture":"#0","tintindex":0},"west":{"uv":[8.84375,7.75,9.0625,8.25],"rotation":0,"texture":"#0","tintindex":0}}},{"name":"cube","from":[3.3199997,11.182401,5.9936],"to":[9.464001,12.334401,7.1456003],"rotation":{"angle":0.0,"axis":"x","origin":[6.3919997,12.104,6.9152]},"faces":{"down":{"uv":[10.34375,0.0,9.84375,0.1875],"rotation":0,"texture":"#0","tintindex":0},"east":{"uv":[9.25,0.1875,9.34375,0.375],"rotation":0,"texture":"#0","tintindex":0},"north":{"uv":[9.34375,0.1875,9.84375,0.375],"rotation":0,"texture":"#0","tintindex":0},"south":{"uv":[9.9375,0.1875,10.4375,0.375],"rotation":0,"texture":"#0","tintindex":0},"up":{"uv":[9.84375,0.1875,9.34375,0.0],"rotation":0,"texture":"#0","tintindex":0},"west":{"uv":[9.84375,0.1875,9.9375,0.375],"rotation":0,"texture":"#0","tintindex":0}}},{"name":"cube","from":[0.40159988,11.3359995,6.8],"to":[3.4735997,12.104,7.568],"rotation":{"angle":22.5,"axis":"y","origin":[1.7839994,11.72,6.8]},"faces":{"down":{"uv":[8.5625,3.125,8.3125,3.25],"rotation":0,"texture":"#0","tintindex":0},"east":{"uv":[8.0,3.25,8.0625,3.375],"rotation":0,"texture":"#0","tintindex":0},"north":{"uv":[8.0625,3.25,8.3125,3.375],"rotation":0,"texture":"#0","tintindex":0},"south":{"uv":[8.375,3.25,8.625,3.375],"rotation":0,"texture":"#0","tintindex":0},"up":{"uv":[8.3125,3.25,8.0625,3.125],"rotation":0,"texture":"#0","tintindex":0},"west":{"uv":[8.3125,3.25,8.375,3.375],"rotation":0,"texture":"#0","tintindex":0}}},{"name":"cube","from":[4.7023997,2.2146463,12.285786],"to":[5.0864,4.1346464,19.965786],"rotation":{"angle":0.0,"axis":"x","origin":[4.664,3.174646,16.048986]},"faces":{"down":{"uv":[8.6875,4.625,8.65625,5.875],"rotation":0,"texture":"#0","tintindex":0},"east":{"uv":[8.0,5.875,8.625,6.1875],"rotation":0,"texture":"#0","tintindex":0},"north":{"uv":[8.625,5.875,8.65625,6.1875],"rotation":0,"texture":"#0","tintindex":0},"south":{"uv":[9.28125,5.875,9.3125,6.1875],"rotation":0,"texture":"#0","tintindex":0},"up":{"uv":[8.65625,5.875,8.625,4.625],"rotation":0,"texture":"#0","tintindex":0},"west":{"uv":[8.65625,5.875,9.28125,6.1875],"rotation":0,"texture":"#0","tintindex":0}}},{"name":"cube","from":[3.704,2.598646,9.904985],"to":[5.24,4.1346464,17.584986],"rotation":{"angle":-22.5,"axis":"y","origin":[3.416,4.038646,14.224986]},"faces":{"down":{"uv":[9.75,3.5,9.625,4.75],"rotation":0,"texture":"#0","tintindex":0},"east":{"uv":[8.875,4.75,9.5,5.0],"rotation":0,"texture":"#0","tintindex":0},"north":{"uv":[9.5,4.75,9.625,5.0],"rotation":0,"texture":"#0","tintindex":0},"south":{"uv":[10.25,4.75,10.375,5.0],"rotation":0,"texture":"#0","tintindex":0},"up":{"uv":[9.625,4.75,9.5,3.5],"rotation":0,"texture":"#0","tintindex":0},"west":{"uv":[9.625,4.75,10.25,5.0],"rotation":0,"texture":"#0","tintindex":0}}},{"name":"cube","from":[4.088,4.1346464,9.904985],"to":[5.24,5.2866464,17.968987],"rotation":{"angle":-22.5,"axis":"y","origin":[3.416,4.038646,14.224986]},"faces":{"down":{"uv":[8.84375,3.125,8.75,4.4375],"rotation":0,"texture":"#0","tintindex":0},"east":{"uv":[8.0,4.4375,8.65625,4.625],"rotation":0,"texture":"#0","tintindex":0},"north":{"uv":[8.65625,4.4375,8.75,4.625],"rotation":0,"texture":"#0","tintindex":0},"south":{"uv":[9.40625,4.4375,9.5,4.625],"rotation":0,"texture":"#0","tintindex":0},"up":{"uv":[8.75,4.4375,8.65625,3.125],"rotation":0,"texture":"#0","tintindex":0},"west":{"uv":[8.75,4.4375,9.40625,4.625],"rotation":0,"texture":"#0","tintindex":0}}},{"name":"cube","from":[7.6976004,2.2146463,12.285786],"to":[8.0816,4.1346464,19.965786],"rotation":{"angle":0.0,"axis":"x","origin":[8.12,3.174646,16.048986]},"faces":{"down":{"uv":[8.65625,4.625,8.6875,5.875],"rotation":0,"texture":"#0","tintindex":0},"east":{"uv":[9.28125,5.875,8.65625,6.1875],"rotation":0,"texture":"#0","tintindex":0},"north":{"uv":[8.65625,5.875,8.625,6.1875],"rotation":0,"texture":"#0","tintindex":0},"south":{"uv":[9.3125,5.875,9.28125,6.1875],"rotation":0,"texture":"#0","tintindex":0},"up":{"uv":[8.625,5.875,8.65625,4.625],"rotation":0,"texture":"#0","tintindex":0},"west":{"uv":[8.625,5.875,8.0,6.1875],"rotation":0,"texture":"#0","tintindex":0}}},{"name":"cube","from":[7.5439997,2.2146463,3.3769855],"to":[8.696,12.966647,4.5289855],"rotation":{"angle":22.5,"axis":"x","origin":[6.3919997,5.6706467,2.4169853]},"faces":{"down":{"uv":[11.0,6.125,11.09375,6.3125],"rotation":0,"texture":"#0","tintindex":0},"east":{"uv":[11.09375,6.3125,11.0,8.0625],"rotation":0,"texture":"#0","tintindex":0},"north":{"uv":[11.0,6.3125,10.90625,8.0625],"rotation":0,"texture":"#0","tintindex":0},"south":{"uv":[11.1875,6.3125,11.09375,8.0625],"rotation":0,"texture":"#0","tintindex":0},"up":{"uv":[10.90625,6.3125,11.0,6.125],"rotation":0,"texture":"#0","tintindex":0},"west":{"uv":[10.90625,6.3125,10.8125,8.0625],"rotation":0,"texture":"#0","tintindex":0}}},{"name":"cube","from":[7.5439997,2.598646,9.904985],"to":[9.08,4.1346464,17.584986],"rotation":{"angle":22.5,"axis":"y","origin":[9.368,4.038646,14.224986]},"faces":{"down":{"uv":[9.625,3.5,9.75,4.75],"rotation":0,"texture":"#0","tintindex":0},"east":{"uv":[10.25,4.75,9.625,5.0],"rotation":0,"texture":"#0","tintindex":0},"north":{"uv":[9.625,4.75,9.5,5.0],"rotation":0,"texture":"#0","tintindex":0},"south":{"uv":[10.375,4.75,10.25,5.0],"rotation":0,"texture":"#0","tintindex":0},"up":{"uv":[9.5,4.75,9.625,3.5],"rotation":0,"texture":"#0","tintindex":0},"west":{"uv":[9.5,4.75,8.875,5.0],"rotation":0,"texture":"#0","tintindex":0}}},{"name":"cube","from":[7.5439997,4.1346464,9.904985],"to":[8.696,5.2866464,17.968987],"rotation":{"angle":22.5,"axis":"y","origin":[9.368,4.038646,14.224986]},"faces":{"down":{"uv":[8.75,3.125,8.84375,4.4375],"rotation":0,"texture":"#0","tintindex":0},"east":{"uv":[9.40625,4.4375,8.75,4.625],"rotation":0,"texture":"#0","tintindex":0},"north":{"uv":[8.75,4.4375,8.65625,4.625],"rotation":0,"texture":"#0","tintindex":0},"south":{"uv":[9.5,4.4375,9.40625,4.625],"rotation":0,"texture":"#0","tintindex":0},"up":{"uv":[8.65625,4.4375,8.75,3.125],"rotation":0,"texture":"#0","tintindex":0},"west":{"uv":[8.65625,4.4375,8.0,4.625],"rotation":0,"texture":"#0","tintindex":0}}},{"name":"cube","from":[9.3104,11.3359995,6.8],"to":[12.3824005,12.104,7.568],"rotation":{"angle":-22.5,"axis":"y","origin":[11.0,11.72,6.8]},"faces":{"down":{"uv":[8.3125,3.125,8.5625,3.25],"rotation":0,"texture":"#0","tintindex":0},"east":{"uv":[8.375,3.25,8.3125,3.375],"rotation":0,"texture":"#0","tintindex":0},"north":{"uv":[8.3125,3.25,8.0625,3.375],"rotation":0,"texture":"#0","tintindex":0},"south":{"uv":[8.625,3.25,8.375,3.375],"rotation":0,"texture":"#0","tintindex":0},"up":{"uv":[8.0625,3.25,8.3125,3.125],"rotation":0,"texture":"#0","tintindex":0},"west":{"uv":[8.0625,3.25,8.0,3.375],"rotation":0,"texture":"#0","tintindex":0}}}],"display":{"head":{"translation":[0.0,-6.4,0.0],"rotation":[0.0,0.0,0.0],"scale":[3.8095,3.8095,3.8095]}}}