{"textures":{"0":"modelengine:entity/skulbike"},"elements":[{"name":"cube","from":[6.8479996,5.696,5.696],"to":[9.152,10.304001,10.304001],"rotation":{"angle":0.0,"axis":"x","origin":[8.0,5.696,16.448]},"faces":{"down":{"uv":[10.0625,5.1875,9.875,5.9375],"rotation":0,"texture":"#0","tintindex":0},"east":{"uv":[9.3125,5.9375,9.6875,6.6875],"rotation":0,"texture":"#0","tintindex":0},"north":{"uv":[9.6875,5.9375,9.875,6.6875],"rotation":0,"texture":"#0","tintindex":0},"south":{"uv":[10.25,5.9375,10.4375,6.6875],"rotation":0,"texture":"#0","tintindex":0},"up":{"uv":[9.875,5.9375,9.6875,5.1875],"rotation":0,"texture":"#0","tintindex":0},"west":{"uv":[9.875,5.9375,10.25,6.6875],"rotation":0,"texture":"#0","tintindex":0}}}],"display":{"head":{"translation":[0.0,-6.4,0.0],"rotation":[0.0,0.0,0.0],"scale":[3.8095,3.8095,3.8095]}}}