{"textures":{"0":"modelengine:entity/greenvinecat"},"elements":[{"name":"cube","from":[4.4096003,14.193617,3.0865648],"to":[11.590401,18.153618,9.184965],"rotation":{"angle":22.5,"axis":"x","origin":[8.0,8.0,8.0]},"faces":{"down":{"uv":[0.0,0.0,0.63525,0.4125],"rotation":0,"texture":"#0","tintindex":0},"east":{"uv":[0.0,0.0,0.63525,0.4125],"rotation":0,"texture":"#0","tintindex":0},"north":{"uv":[0.0,0.0,0.63525,0.4125],"rotation":0,"texture":"#0","tintindex":0},"south":{"uv":[0.0,0.0,0.63525,0.4125],"rotation":0,"texture":"#0","tintindex":0},"up":{"uv":[0.0,0.0,0.748,0.63525],"rotation":0,"texture":"#0","tintindex":0},"west":{"uv":[0.0,0.0,0.63525,0.4125],"rotation":0,"texture":"#0","tintindex":0}}}],"display":{"head":{"translation":[0.0,-6.4,0.0],"rotation":[0.0,0.0,0.0],"scale":[3.8095,3.8095,3.8095]}}}