{"textures":{"0":"modelengine:entity/greenvinecat"},"elements":[{"name":"cube","from":[9.188,3.7388003,5.404],"to":[12.1448,9.6524,8.572],"rotation":{"angle":0.0,"axis":"x","origin":[11.062401,2.2604003,1.7079992]},"faces":{"down":{"uv":[0.0,0.0,0.33,0.616],"rotation":0,"texture":"#0","tintindex":0},"east":{"uv":[0.0,0.0,0.33,0.616],"rotation":0,"texture":"#0","tintindex":0},"north":{"uv":[0.0,0.0,0.33,0.616],"rotation":0,"texture":"#0","tintindex":0},"south":{"uv":[0.0,0.0,0.33,0.616],"rotation":0,"texture":"#0","tintindex":0},"up":{"uv":[0.0,0.0,0.33,0.616],"rotation":0,"texture":"#0","tintindex":0},"west":{"uv":[0.0,0.0,0.33,0.616],"rotation":0,"texture":"#0","tintindex":0}}},{"name":"cube","from":[9.188,4.6363997,8.572],"to":[12.1448,9.6524,10.684],"rotation":{"angle":0.0,"axis":"x","origin":[11.062401,2.2604003,1.7079992]},"faces":{"down":{"uv":[0.0,0.0,0.22,0.5225],"rotation":0,"texture":"#0","tintindex":0},"east":{"uv":[0.0,0.0,0.22,0.5225],"rotation":0,"texture":"#0","tintindex":0},"north":{"uv":[0.0,0.0,0.22,0.5225],"rotation":0,"texture":"#0","tintindex":0},"south":{"uv":[0.0,0.0,0.22,0.5225],"rotation":0,"texture":"#0","tintindex":0},"up":{"uv":[0.0,0.0,0.22,0.5225],"rotation":0,"texture":"#0","tintindex":0},"west":{"uv":[0.0,0.0,0.22,0.5225],"rotation":0,"texture":"#0","tintindex":0}}},{"name":"cube","from":[10.944799,3.8804002,9.615999],"to":[10.944799,10.2164,14.955999],"rotation":{"angle":22.5,"axis":"x","origin":[10.944799,7.0484,12.286]},"faces":{"down":{"uv":[0.0,0.0,0.55,0.66],"rotation":0,"texture":"#0","tintindex":0},"east":{"uv":[10.0875,6.625,11.0665,7.505],"rotation":0,"texture":"#0","tintindex":0},"north":{"uv":[0.0,0.0,0.55,0.66],"rotation":0,"texture":"#0","tintindex":0},"south":{"uv":[0.0,0.0,0.55,0.66],"rotation":0,"texture":"#0","tintindex":0},"up":{"uv":[0.0,0.0,0.55,0.66],"rotation":0,"texture":"#0","tintindex":0},"west":{"uv":[11.625,6.625,12.5915,7.43625],"rotation":0,"texture":"#0","tintindex":0}}}],"display":{"head":{"translation":[0.0,-6.4,0.0],"rotation":[0.0,0.0,0.0],"scale":[3.8095,3.8095,3.8095]}}}