{"textures":{"0":"modelengine:entity/greenvinecat"},"elements":[{"name":"cube","from":[6.6694455,4.941465,5.012886],"to":[9.457285,7.9774647,7.5208864],"rotation":{"angle":0.0,"axis":"x","origin":[6.7433653,0.26866484,11.692086]},"faces":{"down":{"uv":[0.0,0.0,0.26125,0.31625],"rotation":0,"texture":"#0","tintindex":0},"east":{"uv":[0.0,0.0,0.26125,0.31625],"rotation":0,"texture":"#0","tintindex":0},"north":{"uv":[0.0,0.0,0.26125,0.31625],"rotation":0,"texture":"#0","tintindex":0},"south":{"uv":[0.0,0.0,0.26125,0.31625],"rotation":0,"texture":"#0","tintindex":0},"up":{"uv":[0.0,0.0,0.26125,0.31625],"rotation":0,"texture":"#0","tintindex":0},"west":{"uv":[0.0,0.0,0.26125,0.31625],"rotation":0,"texture":"#0","tintindex":0}}},{"name":"cube","from":[6.6958456,5.3057995,5.689254],"to":[9.430885,8.3418,7.6428537],"rotation":{"angle":22.5,"axis":"x","origin":[8.063366,6.823799,6.9432545]},"faces":{"down":{"uv":[0.0,0.0,0.2035,0.31625],"rotation":0,"texture":"#0","tintindex":0},"east":{"uv":[0.0,0.0,0.2035,0.31625],"rotation":0,"texture":"#0","tintindex":0},"north":{"uv":[0.0,0.0,0.2035,0.31625],"rotation":0,"texture":"#0","tintindex":0},"south":{"uv":[0.0,0.0,0.2035,0.31625],"rotation":0,"texture":"#0","tintindex":0},"up":{"uv":[0.0,0.0,0.2035,0.31625],"rotation":0,"texture":"#0","tintindex":0},"west":{"uv":[0.0,0.0,0.2035,0.31625],"rotation":0,"texture":"#0","tintindex":0}}}],"display":{"head":{"translation":[0.0,-6.4,0.0],"rotation":[0.0,0.0,0.0],"scale":[3.8095,3.8095,3.8095]}}}