{"textures":{"0":"modelengine:entity/greenvinecat"},"elements":[{"name":"cube","from":[6.4156,6.121929,8.090243],"to":[9.742001,9.21073,11.522244],"rotation":{"angle":0.0,"axis":"x","origin":[7.9468,1.000329,1.2262441]},"faces":{"down":{"uv":[1.1875,0.0,1.952,0.66825],"rotation":0,"texture":"#0","tintindex":0},"east":{"uv":[0.0,0.0,0.3575,0.32175],"rotation":0,"texture":"#0","tintindex":0},"north":{"uv":[0.0,0.0,0.3575,0.32175],"rotation":0,"texture":"#0","tintindex":0},"south":{"uv":[0.0,0.0,0.3575,0.32175],"rotation":0,"texture":"#0","tintindex":0},"up":{"uv":[0.0,0.0,0.3575,0.32175],"rotation":0,"texture":"#0","tintindex":0},"west":{"uv":[0.0,0.0,0.3575,0.32175],"rotation":0,"texture":"#0","tintindex":0}}},{"name":"cube","from":[7.9156003,5.3419285,10.010244],"to":[7.9156003,15.510731,20.762245],"rotation":{"angle":-22.5,"axis":"x","origin":[7.9156003,8.566329,14.786246]},"faces":{"down":{"uv":[0.0,0.0,0.3575,0.32175],"rotation":0,"texture":"#0","tintindex":0},"east":{"uv":[6.064,10.625,5.0125,12.33],"rotation":180,"texture":"#0","tintindex":0},"north":{"uv":[0.0,0.0,0.3575,0.32175],"rotation":0,"texture":"#0","tintindex":0},"south":{"uv":[0.0,0.0,0.3575,0.32175],"rotation":0,"texture":"#0","tintindex":0},"up":{"uv":[0.0,0.0,0.3575,0.32175],"rotation":0,"texture":"#0","tintindex":0},"west":{"uv":[0.0625,2.0,0.42,2.32175],"rotation":0,"texture":"#0","tintindex":0}}},{"name":"cube","from":[7.9156003,-0.058071375,9.410244],"to":[7.9156003,10.110729,20.162243],"rotation":{"angle":45.0,"axis":"x","origin":[7.9156003,5.026329,14.786246]},"faces":{"down":{"uv":[0.0,0.0,0.3575,0.32175],"rotation":0,"texture":"#0","tintindex":0},"east":{"uv":[6.064,10.625,5.0125,12.33],"rotation":180,"texture":"#0","tintindex":0},"north":{"uv":[0.0,0.0,0.3575,0.32175],"rotation":0,"texture":"#0","tintindex":0},"south":{"uv":[0.0,0.0,0.3575,0.32175],"rotation":0,"texture":"#0","tintindex":0},"up":{"uv":[0.0,0.0,0.3575,0.32175],"rotation":0,"texture":"#0","tintindex":0},"west":{"uv":[0.0625,2.0,0.42,2.32175],"rotation":0,"texture":"#0","tintindex":0}}},{"name":"cube","from":[6.0556,3.3619292,9.410244],"to":[6.0556,13.530729,20.162243],"rotation":{"angle":45.0,"axis":"z","origin":[6.0556,8.446329,14.786246]},"faces":{"down":{"uv":[0.0,0.0,0.3575,0.32175],"rotation":0,"texture":"#0","tintindex":0},"east":{"uv":[6.064,10.625,5.0125,12.33],"rotation":180,"texture":"#0","tintindex":0},"north":{"uv":[0.0,0.0,0.3575,0.32175],"rotation":0,"texture":"#0","tintindex":0},"south":{"uv":[0.0,0.0,0.3575,0.32175],"rotation":0,"texture":"#0","tintindex":0},"up":{"uv":[0.0,0.0,0.3575,0.32175],"rotation":0,"texture":"#0","tintindex":0},"west":{"uv":[0.0625,2.0,0.42,2.32175],"rotation":0,"texture":"#0","tintindex":0}}},{"name":"cube","from":[9.955601,3.3619292,9.410244],"to":[9.955601,13.530729,20.162243],"rotation":{"angle":-45.0,"axis":"z","origin":[9.955601,8.446329,14.786246]},"faces":{"down":{"uv":[0.0,0.0,0.3575,0.32175],"rotation":0,"texture":"#0","tintindex":0},"east":{"uv":[6.064,10.625,5.0125,12.33],"rotation":180,"texture":"#0","tintindex":0},"north":{"uv":[0.0,0.0,0.3575,0.32175],"rotation":0,"texture":"#0","tintindex":0},"south":{"uv":[0.0,0.0,0.3575,0.32175],"rotation":0,"texture":"#0","tintindex":0},"up":{"uv":[0.0,0.0,0.3575,0.32175],"rotation":0,"texture":"#0","tintindex":0},"west":{"uv":[0.0625,2.0,0.42,2.32175],"rotation":0,"texture":"#0","tintindex":0}}},{"name":"cube","from":[8.0788,8.485929,6.2302446],"to":[8.0788,11.634729,13.382246],"rotation":{"angle":22.5,"axis":"x","origin":[8.0788,10.060329,9.806244]},"faces":{"down":{"uv":[0.0,0.0,0.0,0.375],"rotation":0,"texture":"#0","tintindex":0},"east":{"uv":[10.0875,6.625,10.9675,7.604],"rotation":90,"texture":"#0","tintindex":0},"north":{"uv":[0.0,0.0,0.0,0.3125],"rotation":0,"texture":"#0","tintindex":0},"south":{"uv":[0.0,0.0,0.0,0.3125],"rotation":0,"texture":"#0","tintindex":0},"up":{"uv":[0.0,0.375,0.0,0.0],"rotation":0,"texture":"#0","tintindex":0},"west":{"uv":[11.75,6.625,12.65225,7.5885],"rotation":270,"texture":"#0","tintindex":0}}}],"display":{"head":{"translation":[0.0,-6.4,0.0],"rotation":[0.0,0.0,0.0],"scale":[3.8095,3.8095,3.8095]}}}