{"textures":{"0":"modelengine:entity/greenvinecat"},"elements":[{"name":"cube","from":[6.304407,5.498,4.683349],"to":[9.884247,7.9003997,9.118549],"rotation":{"angle":0.0,"axis":"x","origin":[14.826327,0.19159961,12.60335]},"faces":{"down":{"uv":[0.0,0.0,0.462,0.25025],"rotation":0,"texture":"#0","tintindex":0},"east":{"uv":[0.0,0.0,0.462,0.25025],"rotation":0,"texture":"#0","tintindex":0},"north":{"uv":[0.0,0.0,0.462,0.25025],"rotation":0,"texture":"#0","tintindex":0},"south":{"uv":[0.0,0.0,0.462,0.25025],"rotation":0,"texture":"#0","tintindex":0},"up":{"uv":[0.0,0.0,0.462,0.25025],"rotation":0,"texture":"#0","tintindex":0},"west":{"uv":[0.0,0.0,0.462,0.25025],"rotation":0,"texture":"#0","tintindex":0}}},{"name":"cube","from":[5.260942,5.498,3.6759324],"to":[7.784782,7.7156,7.847133],"rotation":{"angle":45.0,"axis":"y","origin":[7.0508623,6.6068,5.761533]},"faces":{"down":{"uv":[0.0,0.0,0.4345,0.231],"rotation":0,"texture":"#0","tintindex":0},"east":{"uv":[0.0,0.0,0.4345,0.231],"rotation":0,"texture":"#0","tintindex":0},"north":{"uv":[0.0,0.0,0.4345,0.231],"rotation":0,"texture":"#0","tintindex":0},"south":{"uv":[0.0,0.0,0.4345,0.231],"rotation":0,"texture":"#0","tintindex":0},"up":{"uv":[0.0,0.0,0.4345,0.231],"rotation":0,"texture":"#0","tintindex":0},"west":{"uv":[0.0,0.0,0.4345,0.231],"rotation":0,"texture":"#0","tintindex":0}}},{"name":"cube","from":[8.250187,5.498,3.49121],"to":[10.774027,7.7156,7.66241],"rotation":{"angle":-45.0,"axis":"y","origin":[8.720107,6.6068,5.57681]},"faces":{"down":{"uv":[0.0,0.0,0.4345,0.231],"rotation":0,"texture":"#0","tintindex":0},"east":{"uv":[0.0,0.0,0.4345,0.231],"rotation":0,"texture":"#0","tintindex":0},"north":{"uv":[0.0,0.0,0.4345,0.231],"rotation":0,"texture":"#0","tintindex":0},"south":{"uv":[0.0,0.0,0.4345,0.231],"rotation":0,"texture":"#0","tintindex":0},"up":{"uv":[0.0,0.0,0.4345,0.231],"rotation":0,"texture":"#0","tintindex":0},"west":{"uv":[0.0,0.0,0.4345,0.231],"rotation":0,"texture":"#0","tintindex":0}}},{"name":"cube","from":[6.7355895,5.498,3.257285],"to":[9.25943,7.7156,7.4284854],"rotation":{"angle":0.0,"axis":"x","origin":[6.6775093,6.6068,6.134885]},"faces":{"down":{"uv":[0.0,0.0,0.4345,0.231],"rotation":0,"texture":"#0","tintindex":0},"east":{"uv":[0.0,0.0,0.4345,0.231],"rotation":0,"texture":"#0","tintindex":0},"north":{"uv":[0.0,0.0,0.4345,0.231],"rotation":0,"texture":"#0","tintindex":0},"south":{"uv":[0.0,0.0,0.4345,0.231],"rotation":0,"texture":"#0","tintindex":0},"up":{"uv":[0.0,0.0,0.4345,0.231],"rotation":0,"texture":"#0","tintindex":0},"west":{"uv":[0.0,0.0,0.4345,0.231],"rotation":0,"texture":"#0","tintindex":0}}},{"name":"cube","from":[3.571458,5.498,0.72644854],"to":[3.571458,7.7156,4.897649],"rotation":{"angle":45.0,"axis":"y","origin":[4.101378,6.6068,2.8120484]},"faces":{"down":{"uv":[0.0,0.0,0.4345,0.231],"rotation":0,"texture":"#0","tintindex":0},"east":{"uv":[10.1875,10.25,10.622,10.481],"rotation":0,"texture":"#0","tintindex":0},"north":{"uv":[0.0,0.0,0.4345,0.231],"rotation":0,"texture":"#0","tintindex":0},"south":{"uv":[0.0,0.0,0.4345,0.231],"rotation":0,"texture":"#0","tintindex":0},"up":{"uv":[0.0,0.0,0.4345,0.231],"rotation":0,"texture":"#0","tintindex":0},"west":{"uv":[10.25,11.25,10.6845,11.481],"rotation":0,"texture":"#0","tintindex":0}}},{"name":"cube","from":[7.9955897,5.498,-0.91391563],"to":[7.9955897,7.7156,3.257285],"rotation":{"angle":0.0,"axis":"x","origin":[6.6775093,6.6068,1.9636854]},"faces":{"down":{"uv":[0.0,0.0,0.4345,0.231],"rotation":0,"texture":"#0","tintindex":0},"east":{"uv":[10.1875,10.25,10.622,10.481],"rotation":0,"texture":"#0","tintindex":0},"north":{"uv":[0.0,0.0,0.4345,0.231],"rotation":0,"texture":"#0","tintindex":0},"south":{"uv":[0.0,0.0,0.4345,0.231],"rotation":0,"texture":"#0","tintindex":0},"up":{"uv":[0.0,0.0,0.4345,0.231],"rotation":0,"texture":"#0","tintindex":0},"west":{"uv":[10.25,11.25,10.6845,11.481],"rotation":0,"texture":"#0","tintindex":0}}},{"name":"cube","from":[12.459671,5.498,0.5417261],"to":[12.459671,7.7156,4.712926],"rotation":{"angle":-45.0,"axis":"y","origin":[11.669591,6.6068,2.627326]},"faces":{"down":{"uv":[0.0,0.0,0.4345,0.231],"rotation":0,"texture":"#0","tintindex":0},"east":{"uv":[10.1875,10.25,10.622,10.481],"rotation":0,"texture":"#0","tintindex":0},"north":{"uv":[0.0,0.0,0.4345,0.231],"rotation":0,"texture":"#0","tintindex":0},"south":{"uv":[0.0,0.0,0.4345,0.231],"rotation":0,"texture":"#0","tintindex":0},"up":{"uv":[0.0,0.0,0.4345,0.231],"rotation":0,"texture":"#0","tintindex":0},"west":{"uv":[10.25,11.25,10.6845,11.481],"rotation":0,"texture":"#0","tintindex":0}}}],"display":{"head":{"translation":[0.0,-6.4,0.0],"rotation":[0.0,0.0,0.0],"scale":[3.8095,3.8095,3.8095]}}}