{"textures":{"0":"modelengine:entity/greenvinecat"},"elements":[{"name":"cube","from":[6.5004797,3.8827999,7.8368006],"to":[9.499519,8.3972,11.1632],"rotation":{"angle":0.0,"axis":"x","origin":[14.732001,0.6883998,14.648]},"faces":{"down":{"uv":[0.0,0.0,0.3465,0.47025],"rotation":0,"texture":"#0","tintindex":0},"east":{"uv":[0.0,0.0,0.3465,0.47025],"rotation":0,"texture":"#0","tintindex":0},"north":{"uv":[0.0,0.0,0.3465,0.47025],"rotation":0,"texture":"#0","tintindex":0},"south":{"uv":[0.0,0.0,0.3465,0.47025],"rotation":0,"texture":"#0","tintindex":0},"up":{"uv":[0.0,0.0,0.3465,0.47025],"rotation":0,"texture":"#0","tintindex":0},"west":{"uv":[0.0,0.0,0.3465,0.47025],"rotation":0,"texture":"#0","tintindex":0}}}],"display":{"head":{"translation":[0.0,-6.4,0.0],"rotation":[0.0,0.0,0.0],"scale":[3.8095,3.8095,3.8095]}}}