{"textures":{"0":"modelengine:entity/greenvinecat"},"elements":[{"name":"cube","from":[6.3108797,4.8098373,7.78862],"to":[9.09872,7.845837,10.296619],"rotation":{"angle":0.0,"axis":"x","origin":[6.3848,0.13703656,14.467821]},"faces":{"down":{"uv":[0.0,0.0,0.26125,0.31625],"rotation":0,"texture":"#0","tintindex":0},"east":{"uv":[0.0,0.0,0.26125,0.31625],"rotation":0,"texture":"#0","tintindex":0},"north":{"uv":[0.0,0.0,0.26125,0.31625],"rotation":0,"texture":"#0","tintindex":0},"south":{"uv":[0.0,0.0,0.26125,0.31625],"rotation":0,"texture":"#0","tintindex":0},"up":{"uv":[0.0,0.0,0.26125,0.31625],"rotation":0,"texture":"#0","tintindex":0},"west":{"uv":[0.0,0.0,0.26125,0.31625],"rotation":0,"texture":"#0","tintindex":0}}},{"name":"cube","from":[6.33728,5.1741714,8.464989],"to":[9.07232,8.210171,10.365788],"rotation":{"angle":22.5,"axis":"x","origin":[3.6787996,6.692171,9.718988]},"faces":{"down":{"uv":[0.0,0.0,0.198,0.31625],"rotation":0,"texture":"#0","tintindex":0},"east":{"uv":[0.0,0.0,0.198,0.31625],"rotation":0,"texture":"#0","tintindex":0},"north":{"uv":[0.0,0.0,0.198,0.31625],"rotation":0,"texture":"#0","tintindex":0},"south":{"uv":[0.0,0.0,0.198,0.31625],"rotation":0,"texture":"#0","tintindex":0},"up":{"uv":[0.0,0.0,0.198,0.31625],"rotation":0,"texture":"#0","tintindex":0},"west":{"uv":[0.0,0.0,0.198,0.31625],"rotation":0,"texture":"#0","tintindex":0}}},{"name":"cube","from":[8.5904,4.613037,9.29582],"to":[8.5904,9.689037,13.79582],"rotation":{"angle":22.5,"axis":"x","origin":[8.5904,6.521037,11.96582]},"faces":{"down":{"uv":[0.0,0.0,0.55,0.66],"rotation":0,"texture":"#0","tintindex":0},"east":{"uv":[10.0875,6.625,11.0665,7.505],"rotation":0,"texture":"#0","tintindex":0},"north":{"uv":[0.0,0.0,0.55,0.66],"rotation":0,"texture":"#0","tintindex":0},"south":{"uv":[0.0,0.0,0.55,0.66],"rotation":0,"texture":"#0","tintindex":0},"up":{"uv":[0.0,0.0,0.55,0.66],"rotation":0,"texture":"#0","tintindex":0},"west":{"uv":[11.625,6.625,12.5915,7.43625],"rotation":0,"texture":"#0","tintindex":0}}}],"display":{"head":{"translation":[0.0,-6.4,0.0],"rotation":[0.0,0.0,0.0],"scale":[3.8095,3.8095,3.8095]}}}