{"textures":{"0":"modelengine:entity/greenvinecat"},"elements":[{"name":"cube","from":[6.5004797,4.4708,7.7768],"to":[9.499521,7.9292,11.1032],"rotation":{"angle":0.0,"axis":"x","origin":[6.6800003,0.22039986,14.588]},"faces":{"down":{"uv":[0.0,0.0,0.3465,0.36025],"rotation":0,"texture":"#0","tintindex":0},"east":{"uv":[0.0,0.0,0.3465,0.36025],"rotation":0,"texture":"#0","tintindex":0},"north":{"uv":[0.0,0.0,0.3465,0.36025],"rotation":0,"texture":"#0","tintindex":0},"south":{"uv":[0.0,0.0,0.3465,0.36025],"rotation":0,"texture":"#0","tintindex":0},"up":{"uv":[0.0,0.0,0.3465,0.36025],"rotation":0,"texture":"#0","tintindex":0},"west":{"uv":[0.0,0.0,0.3465,0.36025],"rotation":0,"texture":"#0","tintindex":0}}}],"display":{"head":{"translation":[0.0,-6.4,0.0],"rotation":[0.0,0.0,0.0],"scale":[3.8095,3.8095,3.8095]}}}