{"textures":{"0":"modelengine:entity/greenvinecat"},"elements":[{"name":"cube","from":[5.6768,5.8178005,7.8752],"to":[10.3232,10.068201,12.2048],"rotation":{"angle":0.0,"axis":"x","origin":[7.868,1.1978004,1.0111992]},"faces":{"down":{"uv":[1.1875,0.0,1.952,0.66825],"rotation":0,"texture":"#0","tintindex":0},"east":{"uv":[0.0,0.0,0.451,0.44275],"rotation":0,"texture":"#0","tintindex":0},"north":{"uv":[0.0,0.0,0.451,0.44275],"rotation":0,"texture":"#0","tintindex":0},"south":{"uv":[0.0,0.0,0.451,0.44275],"rotation":0,"texture":"#0","tintindex":0},"up":{"uv":[0.0,0.0,0.451,0.44275],"rotation":0,"texture":"#0","tintindex":0},"west":{"uv":[0.0,0.0,0.451,0.44275],"rotation":0,"texture":"#0","tintindex":0}}},{"name":"cube","from":[8.0,8.721801,6.0151997],"to":[8.0,14.592201,14.064799],"rotation":{"angle":22.5,"axis":"x","origin":[8.0,11.657001,10.04]},"faces":{"down":{"uv":[0.0,0.0,0.0,0.4375],"rotation":0,"texture":"#0","tintindex":0},"east":{"uv":[10.0875,6.625,10.9675,7.604],"rotation":90,"texture":"#0","tintindex":0},"north":{"uv":[0.0,0.0,0.0,0.4375],"rotation":0,"texture":"#0","tintindex":0},"south":{"uv":[0.0,0.0,0.0,0.4375],"rotation":0,"texture":"#0","tintindex":0},"up":{"uv":[0.0,0.4375,0.0,0.0],"rotation":0,"texture":"#0","tintindex":0},"west":{"uv":[11.75,6.625,12.65225,7.5885],"rotation":270,"texture":"#0","tintindex":0}}}],"display":{"head":{"translation":[0.0,-6.4,0.0],"rotation":[0.0,0.0,0.0],"scale":[3.8095,3.8095,3.8095]}}}