{"textures":{"0":"modelengine:entity/greenvinecat"},"elements":[{"name":"cube","from":[5.7917337,6.1655874,3.7439992],"to":[10.226934,8.277588,7.968],"rotation":{"angle":0.0,"axis":"x","origin":[8.009334,10.389588,4.799999]},"faces":{"down":{"uv":[6.4375,1.0625,6.0,1.5],"rotation":0,"texture":"#0","tintindex":0},"east":{"uv":[7.125,6.5,7.5625,6.75],"rotation":0,"texture":"#0","tintindex":0},"north":{"uv":[7.125,6.5,7.5625,6.75],"rotation":0,"texture":"#0","tintindex":0},"south":{"uv":[7.25,2.3125,7.6875,2.5625],"rotation":0,"texture":"#0","tintindex":0},"up":{"uv":[6.375,0.4375,5.9375,0.0],"rotation":0,"texture":"#0","tintindex":0},"west":{"uv":[7.125,6.5,7.5625,6.75],"rotation":0,"texture":"#0","tintindex":0}}},{"name":"cube","from":[5.9117336,8.265588,3.7439992],"to":[5.9117336,9.597589,7.968],"rotation":{"angle":0.0,"axis":"x","origin":[8.009334,10.389588,4.799999]},"faces":{"down":{"uv":[9.7,8.5,11.374,8.94],"rotation":180,"texture":"#0","tintindex":0},"east":{"uv":[9.7,8.5,11.374,8.94],"rotation":180,"texture":"#0","tintindex":0},"north":{"uv":[9.7,8.5,11.374,8.94],"rotation":180,"texture":"#0","tintindex":0},"south":{"uv":[9.7,8.5,11.374,8.94],"rotation":180,"texture":"#0","tintindex":0},"up":{"uv":[9.7,8.5,11.374,8.94],"rotation":180,"texture":"#0","tintindex":0},"west":{"uv":[10.075,8.0625,11.749,8.44],"rotation":180,"texture":"#0","tintindex":0}}},{"name":"cube","from":[10.111734,8.265588,3.7439992],"to":[10.111734,9.597589,7.968],"rotation":{"angle":0.0,"axis":"x","origin":[8.009334,10.389588,4.799999]},"faces":{"down":{"uv":[9.7,8.5,11.374,8.94],"rotation":180,"texture":"#0","tintindex":0},"east":{"uv":[9.7,8.5,11.374,8.94],"rotation":180,"texture":"#0","tintindex":0},"north":{"uv":[9.7,8.5,11.374,8.94],"rotation":180,"texture":"#0","tintindex":0},"south":{"uv":[9.7,8.5,11.374,8.94],"rotation":180,"texture":"#0","tintindex":0},"up":{"uv":[9.7,8.5,11.374,8.94],"rotation":180,"texture":"#0","tintindex":0},"west":{"uv":[10.075,8.0625,11.749,8.44],"rotation":180,"texture":"#0","tintindex":0}}},{"name":"cube","from":[5.851734,8.206747,3.7749395],"to":[10.166933,10.318747,3.7749395],"rotation":{"angle":0.0,"axis":"x","origin":[8.009334,8.177276,3.7882216]},"faces":{"down":{"uv":[10.075,8.0,11.749,8.44],"rotation":180,"texture":"#0","tintindex":0},"east":{"uv":[10.075,8.0,11.749,8.44],"rotation":180,"texture":"#0","tintindex":0},"north":{"uv":[10.075,8.1,11.749,8.44],"rotation":180,"texture":"#0","tintindex":0},"south":{"uv":[9.45,8.875,11.124,9.315],"rotation":180,"texture":"#0","tintindex":0},"up":{"uv":[10.075,8.0,11.749,8.44],"rotation":180,"texture":"#0","tintindex":0},"west":{"uv":[10.075,8.0,11.749,8.44],"rotation":180,"texture":"#0","tintindex":0}}},{"name":"cube","from":[5.0789337,5.3207884,3.7968001],"to":[8.100534,8.210388,7.968],"rotation":{"angle":45.0,"axis":"z","origin":[8.009334,8.145588,5.856]},"faces":{"down":{"uv":[7.6875,7.1875,8.0,7.5],"rotation":0,"texture":"#0","tintindex":0},"east":{"uv":[4.1875,6.875,4.625,7.1875],"rotation":0,"texture":"#0","tintindex":0},"north":{"uv":[7.6875,7.1875,8.0,7.5],"rotation":0,"texture":"#0","tintindex":0},"south":{"uv":[7.75,0.0,8.0625,0.3125],"rotation":0,"texture":"#0","tintindex":0},"up":{"uv":[7.1875,5.0625,6.875,4.625],"rotation":0,"texture":"#0","tintindex":0},"west":{"uv":[7.6875,7.1875,8.0,7.5],"rotation":0,"texture":"#0","tintindex":0}}},{"name":"cube","from":[3.4157338,3.665914,4.5394554],"to":[12.602934,9.341915,4.5394554],"rotation":{"angle":0.0,"axis":"x","origin":[8.009334,10.389588,4.799999]},"faces":{"down":{"uv":[0.9375,0.0,0.0,0.0],"rotation":0,"texture":"#0","tintindex":0},"east":{"uv":[0.0,0.0,0.0,0.5625],"rotation":0,"texture":"#0","tintindex":0},"north":{"uv":[9.6875,3.75,11.6015,4.9325],"rotation":0,"texture":"#0","tintindex":0},"south":{"uv":[2.75,1.375,3.6875,1.9375],"rotation":0,"texture":"#0","tintindex":0},"up":{"uv":[0.9375,0.0,0.0,0.0],"rotation":0,"texture":"#0","tintindex":0},"west":{"uv":[0.0,0.0,0.0,0.5625],"rotation":0,"texture":"#0","tintindex":0}}},{"name":"cube","from":[3.2957337,1.3902442,5.275975],"to":[12.482934,5.8662443,5.275975],"rotation":{"angle":45.0,"axis":"x","origin":[7.8893337,5.399478,5.441083]},"faces":{"down":{"uv":[0.9375,0.0,0.0,0.0],"rotation":0,"texture":"#0","tintindex":0},"east":{"uv":[0.0,0.0,0.0,0.5625],"rotation":0,"texture":"#0","tintindex":0},"north":{"uv":[9.5625,5.0,11.4765,6.1825],"rotation":0,"texture":"#0","tintindex":0},"south":{"uv":[2.75,1.375,3.6875,1.9375],"rotation":0,"texture":"#0","tintindex":0},"up":{"uv":[0.9375,0.0,0.0,0.0],"rotation":0,"texture":"#0","tintindex":0},"west":{"uv":[0.0,0.0,0.0,0.5625],"rotation":0,"texture":"#0","tintindex":0}}},{"name":"cube","from":[7.915734,0.56448483,0.43664074],"to":[7.915734,6.2404857,7.036641],"rotation":{"angle":45.0,"axis":"x","origin":[7.8893337,5.399478,5.441083]},"faces":{"down":{"uv":[0.9375,0.0,0.0,0.0],"rotation":0,"texture":"#0","tintindex":0},"east":{"uv":[12.0,14.125,13.914,15.3075],"rotation":0,"texture":"#0","tintindex":0},"north":{"uv":[9.5625,5.0,11.4765,6.1825],"rotation":0,"texture":"#0","tintindex":0},"south":{"uv":[2.75,1.375,3.6875,1.9375],"rotation":0,"texture":"#0","tintindex":0},"up":{"uv":[0.9375,0.0,0.0,0.0],"rotation":0,"texture":"#0","tintindex":0},"west":{"uv":[9.9375,14.125,11.8515,15.3075],"rotation":0,"texture":"#0","tintindex":0}}}],"display":{"head":{"translation":[0.0,-6.4,0.0],"rotation":[0.0,0.0,0.0],"scale":[3.8095,3.8095,3.8095]}}}