{"textures":{"0":"modelengine:entity/greenvinecat"},"elements":[{"name":"cube","from":[3.2934206,9.407345,-1.1189651],"to":[8.25662,15.109746,3.3690348],"rotation":{"angle":45.0,"axis":"x","origin":[6.810149,7.4773064,8.701224]},"faces":{"down":{"uv":[4.3125,2.75,4.8125,3.375],"rotation":0,"texture":"#0","tintindex":0},"east":{"uv":[4.3125,2.75,4.8125,3.375],"rotation":0,"texture":"#0","tintindex":0},"north":{"uv":[4.3125,2.75,4.8125,3.375],"rotation":0,"texture":"#0","tintindex":0},"south":{"uv":[4.3125,2.75,4.8125,3.375],"rotation":0,"texture":"#0","tintindex":0},"up":{"uv":[4.3125,2.75,4.8125,3.375],"rotation":0,"texture":"#0","tintindex":0},"west":{"uv":[4.3125,2.75,4.8125,3.375],"rotation":0,"texture":"#0","tintindex":0}}},{"name":"cube","from":[-2.4525313,11.28819,-3.6428027],"to":[4.094668,11.28819,4.5411983],"rotation":{"angle":45.0,"axis":"x","origin":[6.8629494,7.4773064,8.701224]},"faces":{"down":{"uv":[12.0625,14.086,13.9765,15.2685],"rotation":180,"texture":"#0","tintindex":0},"east":{"uv":[7.5515,9.0,6.1875,10.705],"rotation":0,"texture":"#0","tintindex":0},"north":{"uv":[7.5515,9.0,6.1875,10.705],"rotation":0,"texture":"#0","tintindex":0},"south":{"uv":[7.5515,9.0,6.1875,10.705],"rotation":0,"texture":"#0","tintindex":0},"up":{"uv":[9.8875,14.08125,11.8015,15.26375],"rotation":0,"texture":"#0","tintindex":0},"west":{"uv":[7.5515,9.0,6.1875,10.705],"rotation":0,"texture":"#0","tintindex":0}}}],"display":{"head":{"translation":[0.0,-6.4,0.0],"rotation":[0.0,0.0,0.0],"scale":[3.8095,3.8095,3.8095]}}}