{"textures":{"0":"modelengine:entity/greenvinecat"},"elements":[{"name":"cube","from":[7.0105915,7.208,7.3623433],"to":[9.069792,8.792,8.233543],"rotation":{"angle":-22.5,"axis":"y","origin":[7.512192,7.3399997,7.797943]},"faces":{"down":{"uv":[5.0625,2.5625,5.25,2.75],"rotation":0,"texture":"#0","tintindex":0},"east":{"uv":[5.0625,2.5625,5.25,2.75],"rotation":0,"texture":"#0","tintindex":0},"north":{"uv":[5.0625,2.5625,5.25,2.75],"rotation":0,"texture":"#0","tintindex":0},"south":{"uv":[5.0625,2.5625,5.25,2.75],"rotation":0,"texture":"#0","tintindex":0},"up":{"uv":[5.0625,2.5625,5.25,2.75],"rotation":0,"texture":"#0","tintindex":0},"west":{"uv":[5.0625,2.5625,5.25,2.75],"rotation":0,"texture":"#0","tintindex":0}}}],"display":{"head":{"translation":[0.0,-6.4,0.0],"rotation":[0.0,0.0,0.0],"scale":[3.8095,3.8095,3.8095]}}}