{"textures":{"0":"modelengine:entity/greenvinecat"},"elements":[{"name":"cube","from":[5.5184,11.054741,-1.6490622],"to":[10.4816,16.757141,2.8389375],"rotation":{"angle":45.0,"axis":"x","origin":[8.0,9.270296,8.316721]},"faces":{"down":{"uv":[4.3125,2.75,4.8125,3.375],"rotation":0,"texture":"#0","tintindex":0},"east":{"uv":[4.3125,2.75,4.8125,3.375],"rotation":0,"texture":"#0","tintindex":0},"north":{"uv":[4.3125,2.75,4.8125,3.375],"rotation":0,"texture":"#0","tintindex":0},"south":{"uv":[4.3125,2.75,4.8125,3.375],"rotation":0,"texture":"#0","tintindex":0},"up":{"uv":[4.3125,2.75,4.8125,3.375],"rotation":0,"texture":"#0","tintindex":0},"west":{"uv":[4.3125,2.75,4.8125,3.375],"rotation":0,"texture":"#0","tintindex":0}}}],"display":{"head":{"translation":[0.0,-6.4,0.0],"rotation":[0.0,0.0,0.0],"scale":[3.8095,3.8095,3.8095]}}}