{"textures":{"0":"modelengine:entity/greenvinecat"},"elements":[{"name":"cube","from":[8.0064,7.447509,10.636089],"to":[8.0064,15.607509,18.53449],"rotation":{"angle":-45.0,"axis":"x","origin":[8.0064,10.68751,16.685291]},"faces":{"down":{"uv":[0.0,0.0,0.63525,0.4125],"rotation":0,"texture":"#0","tintindex":0},"east":{"uv":[4.9375,10.5,6.5555,12.21],"rotation":0,"texture":"#0","tintindex":0},"north":{"uv":[0.0,0.0,0.63525,0.4125],"rotation":0,"texture":"#0","tintindex":0},"south":{"uv":[0.0,0.0,0.63525,0.4125],"rotation":0,"texture":"#0","tintindex":0},"up":{"uv":[0.0,0.0,0.748,0.63525],"rotation":0,"texture":"#0","tintindex":0},"west":{"uv":[7.5,10.5,9.118,12.21],"rotation":0,"texture":"#0","tintindex":0}}},{"name":"cube","from":[3.588,4.1977234,8.980203],"to":[12.405601,10.2961235,14.313003],"rotation":{"angle":0.0,"axis":"x","origin":[7.8648,0.21132302,8.0826025]},"faces":{"down":{"uv":[1.1875,0.0,1.952,0.66825],"rotation":0,"texture":"#0","tintindex":0},"east":{"uv":[0.0,0.0,0.5555,0.63525],"rotation":0,"texture":"#0","tintindex":0},"north":{"uv":[0.0,0.0,0.5555,0.63525],"rotation":0,"texture":"#0","tintindex":0},"south":{"uv":[0.0,0.0,0.5555,0.63525],"rotation":0,"texture":"#0","tintindex":0},"up":{"uv":[0.0,0.0,0.9185,0.5555],"rotation":0,"texture":"#0","tintindex":0},"west":{"uv":[0.0,0.0,0.5555,0.63525],"rotation":0,"texture":"#0","tintindex":0}}},{"name":"cube","from":[3.8783998,4.1977234,8.346602],"to":[12.115201,9.7153225,14.867403],"rotation":{"angle":0.0,"axis":"x","origin":[7.8648,0.21132302,8.0826025]},"faces":{"down":{"uv":[1.1875,0.0,1.952,0.66825],"rotation":0,"texture":"#0","tintindex":0},"east":{"uv":[0.0,0.0,0.67925,0.57475],"rotation":0,"texture":"#0","tintindex":0},"north":{"uv":[0.0,0.0,0.67925,0.57475],"rotation":0,"texture":"#0","tintindex":0},"south":{"uv":[0.0,0.0,0.67925,0.57475],"rotation":0,"texture":"#0","tintindex":0},"up":{"uv":[0.0,0.0,0.67925,0.57475],"rotation":0,"texture":"#0","tintindex":0},"west":{"uv":[0.0,0.0,0.67925,0.57475],"rotation":0,"texture":"#0","tintindex":0}}}],"display":{"head":{"translation":[0.0,-6.4,0.0],"rotation":[0.0,0.0,0.0],"scale":[3.8095,3.8095,3.8095]}}}