{"textures":{"0":"modelengine:entity/greenvinecat"},"elements":[{"name":"cube","from":[8.004801,8.129507,5.984909],"to":[8.004801,16.289507,13.883309],"rotation":{"angle":-45.0,"axis":"x","origin":[8.004801,13.469508,13.05411]},"faces":{"down":{"uv":[0.0,0.0,0.63525,0.4125],"rotation":0,"texture":"#0","tintindex":0},"east":{"uv":[4.9375,10.5,6.5555,12.21],"rotation":0,"texture":"#0","tintindex":0},"north":{"uv":[0.0,0.0,0.63525,0.4125],"rotation":0,"texture":"#0","tintindex":0},"south":{"uv":[0.0,0.0,0.63525,0.4125],"rotation":0,"texture":"#0","tintindex":0},"up":{"uv":[0.0,0.0,0.748,0.63525],"rotation":0,"texture":"#0","tintindex":0},"west":{"uv":[7.5,10.5,9.118,12.21],"rotation":0,"texture":"#0","tintindex":0}}},{"name":"cube","from":[4.2991996,4.5044193,8.320709],"to":[11.6912,9.15082,14.84151],"rotation":{"angle":0.0,"axis":"x","origin":[7.8631997,0.17481971,11.4887085]},"faces":{"down":{"uv":[0.0,0.0,0.67925,0.484],"rotation":0,"texture":"#0","tintindex":0},"east":{"uv":[0.0,0.0,0.86675,0.484],"rotation":0,"texture":"#0","tintindex":0},"north":{"uv":[0.0,0.0,0.67925,0.484],"rotation":0,"texture":"#0","tintindex":0},"south":{"uv":[0.0,0.0,0.67925,0.484],"rotation":0,"texture":"#0","tintindex":0},"up":{"uv":[0.0,0.0,0.67925,0.484],"rotation":0,"texture":"#0","tintindex":0},"west":{"uv":[0.0,0.0,0.67925,0.484],"rotation":0,"texture":"#0","tintindex":0}}}],"display":{"head":{"translation":[0.0,-6.4,0.0],"rotation":[0.0,0.0,0.0],"scale":[3.8095,3.8095,3.8095]}}}