{"textures":{"0":"modelengine:entity/greenvinecat"},"elements":[{"name":"cube","from":[8.004801,10.419195,1.0325632],"to":[8.004801,18.579195,8.9309635],"rotation":{"angle":-45.0,"axis":"x","origin":[8.004801,14.499195,6.4217634]},"faces":{"down":{"uv":[0.0,0.0,0.63525,0.4125],"rotation":0,"texture":"#0","tintindex":0},"east":{"uv":[4.9375,10.5,6.5555,12.21],"rotation":0,"texture":"#0","tintindex":0},"north":{"uv":[0.0,0.0,0.63525,0.4125],"rotation":0,"texture":"#0","tintindex":0},"south":{"uv":[0.0,0.0,0.63525,0.4125],"rotation":0,"texture":"#0","tintindex":0},"up":{"uv":[0.0,0.0,0.748,0.63525],"rotation":0,"texture":"#0","tintindex":0},"west":{"uv":[7.5,10.5,9.118,12.21],"rotation":0,"texture":"#0","tintindex":0}}},{"name":"cube","from":[4.1407995,3.5270393,-0.5875294],"to":[11.849601,11.77104,7.8604703],"rotation":{"angle":0.0,"axis":"x","origin":[7.8631997,0.9470396,8.916471]},"faces":{"down":{"uv":[0.875,0.0,2.3655,0.755],"rotation":0,"texture":"#0","tintindex":0},"east":{"uv":[0.0,0.0,0.88,0.8525],"rotation":0,"texture":"#0","tintindex":0},"north":{"uv":[0.0,0.0,0.88,0.8525],"rotation":0,"texture":"#0","tintindex":0},"south":{"uv":[0.0,0.0,0.88,0.8525],"rotation":0,"texture":"#0","tintindex":0},"up":{"uv":[0.0,0.0,0.88,0.8525],"rotation":0,"texture":"#0","tintindex":0},"west":{"uv":[0.0,0.0,0.88,0.8525],"rotation":0,"texture":"#0","tintindex":0}}}],"display":{"head":{"translation":[0.0,-6.4,0.0],"rotation":[0.0,0.0,0.0],"scale":[3.8095,3.8095,3.8095]}}}