{"textures":{"0":"modelengine:entity/villager_cook"},"elements":[{"name":"leftarm","from":[7.7,5.6,6.8],"to":[9.5,9.2,9.2],"rotation":{"angle":0.0,"axis":"x","origin":[5.3,-5.200001,8.0]},"faces":{"down":{"uv":[0.75,12.5,0.0,13.5],"rotation":0,"texture":"#0","tintindex":0},"east":{"uv":[10.5,0.0,11.5,1.5],"rotation":0,"texture":"#0","tintindex":0},"north":{"uv":[1.0,11.0,1.75,12.5],"rotation":0,"texture":"#0","tintindex":0},"south":{"uv":[1.75,11.0,2.5,12.5],"rotation":0,"texture":"#0","tintindex":0},"up":{"uv":[6.25,8.5,5.5,7.5],"rotation":0,"texture":"#0","tintindex":0},"west":{"uv":[10.5,1.5,11.5,3.0],"rotation":0,"texture":"#0","tintindex":0}}}],"display":{"head":{"translation":[0.0,-6.4,0.0],"rotation":[0.0,0.0,0.0],"scale":[3.8095,3.8095,3.8095]}}}