{"textures":{"0":"modelengine:entity/villager_cook"},"elements":[{"name":"head","from":[6.2,8.0,6.2],"to":[9.8,12.2,9.8],"rotation":{"angle":0.0,"axis":"x","origin":[8.0,-6.4000006,8.0]},"faces":{"down":{"uv":[9.5,3.5,8.0,5.0],"rotation":0,"texture":"#0","tintindex":0},"east":{"uv":[1.0,7.5,2.5,9.25],"rotation":0,"texture":"#0","tintindex":0},"north":{"uv":[6.25,7.0,7.75,8.75],"rotation":0,"texture":"#0","tintindex":0},"south":{"uv":[2.5,7.5,4.0,9.25],"rotation":0,"texture":"#0","tintindex":0},"up":{"uv":[9.25,8.5,7.75,7.0],"rotation":0,"texture":"#0","tintindex":0},"west":{"uv":[4.0,7.5,5.5,9.25],"rotation":0,"texture":"#0","tintindex":0}}},{"name":"head","from":[6.08,15.86,6.08],"to":[9.92,15.86,9.92],"rotation":{"angle":0.0,"axis":"x","origin":[8.0,-6.4000006,8.0]},"faces":{"down":{"uv":[8.375,1.75,6.75,3.375],"rotation":0,"texture":"#0","tintindex":0},"east":{"uv":[0.0,0.0,1.625,0.0],"rotation":0,"texture":"#0","tintindex":0},"north":{"uv":[0.0,0.0,1.625,0.0],"rotation":0,"texture":"#0","tintindex":0},"south":{"uv":[0.0,0.0,1.625,0.0],"rotation":0,"texture":"#0","tintindex":0},"up":{"uv":[8.375,1.625,6.75,0.0],"rotation":0,"texture":"#0","tintindex":0},"west":{"uv":[0.0,0.0,1.625,0.0],"rotation":0,"texture":"#0","tintindex":0}}},{"name":"head","from":[6.05,10.4,6.05],"to":[9.950001,11.6,6.05],"rotation":{"angle":0.0,"axis":"x","origin":[8.0,-6.4000006,8.0]},"faces":{"down":{"uv":[1.625,0.0,0.0,0.0],"rotation":0,"texture":"#0","tintindex":0},"east":{"uv":[0.0,0.0,0.0,0.5],"rotation":0,"texture":"#0","tintindex":0},"north":{"uv":[11.75,3.75,13.375,4.25],"rotation":0,"texture":"#0","tintindex":0},"south":{"uv":[4.75,12.0,6.375,12.5],"rotation":0,"texture":"#0","tintindex":0},"up":{"uv":[1.625,0.0,0.0,0.0],"rotation":0,"texture":"#0","tintindex":0},"west":{"uv":[0.0,0.0,0.0,0.5],"rotation":0,"texture":"#0","tintindex":0}}},{"name":"head","from":[6.1099997,11.6,6.1099997],"to":[9.889999,15.86,6.1099997],"rotation":{"angle":0.0,"axis":"x","origin":[8.0,-6.4000006,8.0]},"faces":{"down":{"uv":[1.625,0.0,0.0,0.0],"rotation":0,"texture":"#0","tintindex":0},"east":{"uv":[0.0,0.0,0.0,1.75],"rotation":0,"texture":"#0","tintindex":0},"north":{"uv":[4.5,4.0,6.125,5.75],"rotation":0,"texture":"#0","tintindex":0},"south":{"uv":[5.0,0.0,6.625,1.75],"rotation":0,"texture":"#0","tintindex":0},"up":{"uv":[1.625,0.0,0.0,0.0],"rotation":0,"texture":"#0","tintindex":0},"west":{"uv":[0.0,0.0,0.0,1.75],"rotation":0,"texture":"#0","tintindex":0}}},{"name":"head","from":[6.05,10.4,9.950001],"to":[9.950001,11.6,9.950001],"rotation":{"angle":0.0,"axis":"x","origin":[8.0,-6.4000006,8.0]},"faces":{"down":{"uv":[1.625,0.0,0.0,0.0],"rotation":0,"texture":"#0","tintindex":0},"east":{"uv":[0.0,0.0,0.0,0.5],"rotation":0,"texture":"#0","tintindex":0},"north":{"uv":[6.5,12.0,8.125,12.5],"rotation":0,"texture":"#0","tintindex":0},"south":{"uv":[12.0,10.5,13.625,11.0],"rotation":0,"texture":"#0","tintindex":0},"up":{"uv":[1.625,0.0,0.0,0.0],"rotation":0,"texture":"#0","tintindex":0},"west":{"uv":[0.0,0.0,0.0,0.5],"rotation":0,"texture":"#0","tintindex":0}}},{"name":"head","from":[6.05,10.4,6.05],"to":[6.05,11.6,9.950001],"rotation":{"angle":0.0,"axis":"x","origin":[8.0,-6.4000006,8.0]},"faces":{"down":{"uv":[0.0,0.0,0.0,1.625],"rotation":0,"texture":"#0","tintindex":0},"east":{"uv":[12.0,11.0,13.625,11.5],"rotation":0,"texture":"#0","tintindex":0},"north":{"uv":[0.0,0.0,0.0,0.5],"rotation":0,"texture":"#0","tintindex":0},"south":{"uv":[0.0,0.0,0.0,0.5],"rotation":0,"texture":"#0","tintindex":0},"up":{"uv":[0.0,1.625,0.0,0.0],"rotation":0,"texture":"#0","tintindex":0},"west":{"uv":[8.25,12.25,9.875,12.75],"rotation":0,"texture":"#0","tintindex":0}}},{"name":"head","from":[9.950001,10.4,6.05],"to":[9.950001,11.6,9.950001],"rotation":{"angle":0.0,"axis":"x","origin":[8.0,-6.4000006,8.0]},"faces":{"down":{"uv":[0.0,0.0,0.0,1.625],"rotation":0,"texture":"#0","tintindex":0},"east":{"uv":[10.0,12.25,11.625,12.75],"rotation":0,"texture":"#0","tintindex":0},"north":{"uv":[0.0,0.0,0.0,0.5],"rotation":0,"texture":"#0","tintindex":0},"south":{"uv":[0.0,0.0,0.0,0.5],"rotation":0,"texture":"#0","tintindex":0},"up":{"uv":[0.0,1.625,0.0,0.0],"rotation":0,"texture":"#0","tintindex":0},"west":{"uv":[11.75,12.25,13.375,12.75],"rotation":0,"texture":"#0","tintindex":0}}},{"name":"head","from":[6.1099997,11.6,6.1099997],"to":[6.1099997,15.86,9.889999],"rotation":{"angle":0.0,"axis":"x","origin":[8.0,-6.4000006,8.0]},"faces":{"down":{"uv":[0.0,0.0,0.0,1.625],"rotation":0,"texture":"#0","tintindex":0},"east":{"uv":[5.0,1.75,6.625,3.5],"rotation":0,"texture":"#0","tintindex":0},"north":{"uv":[0.0,0.0,0.0,1.75],"rotation":0,"texture":"#0","tintindex":0},"south":{"uv":[0.0,0.0,0.0,1.75],"rotation":0,"texture":"#0","tintindex":0},"up":{"uv":[0.0,1.625,0.0,0.0],"rotation":0,"texture":"#0","tintindex":0},"west":{"uv":[1.0,5.75,2.625,7.5],"rotation":0,"texture":"#0","tintindex":0}}},{"name":"head","from":[6.1099997,11.6,9.889999],"to":[9.889999,15.86,9.889999],"rotation":{"angle":0.0,"axis":"x","origin":[8.0,-6.4000006,8.0]},"faces":{"down":{"uv":[1.625,0.0,0.0,0.0],"rotation":0,"texture":"#0","tintindex":0},"east":{"uv":[0.0,0.0,0.0,1.75],"rotation":0,"texture":"#0","tintindex":0},"north":{"uv":[2.75,5.75,4.375,7.5],"rotation":0,"texture":"#0","tintindex":0},"south":{"uv":[4.5,5.75,6.125,7.5],"rotation":0,"texture":"#0","tintindex":0},"up":{"uv":[1.625,0.0,0.0,0.0],"rotation":0,"texture":"#0","tintindex":0},"west":{"uv":[0.0,0.0,0.0,1.75],"rotation":0,"texture":"#0","tintindex":0}}},{"name":"head","from":[9.889999,11.6,6.1099997],"to":[9.889999,15.86,9.889999],"rotation":{"angle":0.0,"axis":"x","origin":[8.0,-6.4000006,8.0]},"faces":{"down":{"uv":[0.0,0.0,0.0,1.625],"rotation":0,"texture":"#0","tintindex":0},"east":{"uv":[6.25,3.5,7.875,5.25],"rotation":0,"texture":"#0","tintindex":0},"north":{"uv":[0.0,0.0,0.0,1.75],"rotation":0,"texture":"#0","tintindex":0},"south":{"uv":[0.0,0.0,0.0,1.75],"rotation":0,"texture":"#0","tintindex":0},"up":{"uv":[0.0,1.625,0.0,0.0],"rotation":0,"texture":"#0","tintindex":0},"west":{"uv":[6.25,5.25,7.875,7.0],"rotation":0,"texture":"#0","tintindex":0}}},{"name":"head","from":[7.4,6.8,5.0],"to":[8.6,9.2,6.2],"rotation":{"angle":0.0,"axis":"x","origin":[8.0,-6.4000006,8.0]},"faces":{"down":{"uv":[6.0,3.5,5.5,4.0],"rotation":0,"texture":"#0","tintindex":0},"east":{"uv":[9.25,7.0,9.75,8.0],"rotation":0,"texture":"#0","tintindex":0},"north":{"uv":[5.0,9.25,5.5,10.25],"rotation":0,"texture":"#0","tintindex":0},"south":{"uv":[9.5,3.5,10.0,4.5],"rotation":0,"texture":"#0","tintindex":0},"up":{"uv":[5.5,4.0,5.0,3.5],"rotation":0,"texture":"#0","tintindex":0},"west":{"uv":[7.0,10.5,7.5,11.5],"rotation":0,"texture":"#0","tintindex":0}}}],"display":{"head":{"translation":[0.0,-6.4,0.0],"rotation":[0.0,0.0,0.0],"scale":[3.8095,3.8095,3.8095]}}}