{"textures":{"0":"modelengine:entity/villager_cook"},"elements":[{"name":"rightleg","from":[6.8,4.7,6.8],"to":[9.2,8.6,9.2],"rotation":{"angle":0.0,"axis":"x","origin":[9.139999,0.7999997,8.0]},"faces":{"down":{"uv":[12.5,6.75,11.5,7.75],"rotation":0,"texture":"#0","tintindex":0},"east":{"uv":[0.0,9.75,1.0,11.375],"rotation":0,"texture":"#0","tintindex":0},"north":{"uv":[9.5,1.75,10.5,3.375],"rotation":0,"texture":"#0","tintindex":0},"south":{"uv":[9.75,7.0,10.75,8.625],"rotation":0,"texture":"#0","tintindex":0},"up":{"uv":[12.5,3.0,11.5,2.0],"rotation":0,"texture":"#0","tintindex":0},"west":{"uv":[9.75,8.75,10.75,10.375],"rotation":0,"texture":"#0","tintindex":0}}}],"display":{"head":{"translation":[0.0,-6.4,0.0],"rotation":[0.0,0.0,0.0],"scale":[3.8095,3.8095,3.8095]}}}