{"textures":{"0":"modelengine:entity/villager_cook"},"elements":[{"name":"leg2","from":[6.8,4.7,6.8],"to":[9.2,8.6,9.2],"rotation":{"angle":0.0,"axis":"x","origin":[6.8,0.7999997,8.0]},"faces":{"down":{"uv":[1.0,11.5,0.0,12.5],"rotation":0,"texture":"#0","tintindex":0},"east":{"uv":[6.5,8.75,7.5,10.375],"rotation":0,"texture":"#0","tintindex":0},"north":{"uv":[5.5,8.75,6.5,10.375],"rotation":0,"texture":"#0","tintindex":0},"south":{"uv":[8.75,8.5,9.75,10.125],"rotation":0,"texture":"#0","tintindex":0},"up":{"uv":[12.0,11.5,11.0,10.5],"rotation":0,"texture":"#0","tintindex":0},"west":{"uv":[1.0,9.25,2.0,10.875],"rotation":0,"texture":"#0","tintindex":0}}}],"display":{"head":{"translation":[0.0,-6.4,0.0],"rotation":[0.0,0.0,0.0],"scale":[3.8095,3.8095,3.8095]}}}