{"textures":{"0":"modelengine:entity/villager_cook"},"elements":[{"name":"leftarm","from":[7.1,3.7999997,6.8],"to":[8.9,8.0,9.2],"rotation":{"angle":0.0,"axis":"x","origin":[4.7,-2.8000002,8.0]},"faces":{"down":{"uv":[1.5,12.5,0.75,13.5],"rotation":0,"texture":"#0","tintindex":0},"east":{"uv":[0.0,8.0,1.0,9.75],"rotation":0,"texture":"#0","tintindex":0},"north":{"uv":[9.5,10.5,10.25,12.25],"rotation":0,"texture":"#0","tintindex":0},"south":{"uv":[10.25,10.5,11.0,12.25],"rotation":0,"texture":"#0","tintindex":0},"up":{"uv":[13.25,1.0,12.5,0.0],"rotation":0,"texture":"#0","tintindex":0},"west":{"uv":[8.5,0.0,9.5,1.75],"rotation":0,"texture":"#0","tintindex":0}}}],"display":{"head":{"translation":[0.0,-6.4,0.0],"rotation":[0.0,0.0,0.0],"scale":[3.8095,3.8095,3.8095]}}}