{"textures":{"0":"modelengine:entity/villager_cook"},"elements":[{"name":"rightleg","from":[6.8599997,4.3999996,6.8],"to":[9.26,8.3,9.2],"rotation":{"angle":0.0,"axis":"x","origin":[9.2,4.3999996,8.0]},"faces":{"down":{"uv":[12.5,8.75,11.5,9.75],"rotation":0,"texture":"#0","tintindex":0},"east":{"uv":[10.0,5.25,11.0,6.875],"rotation":0,"texture":"#0","tintindex":0},"north":{"uv":[10.0,3.5,11.0,5.125],"rotation":0,"texture":"#0","tintindex":0},"south":{"uv":[7.5,10.25,8.5,11.875],"rotation":0,"texture":"#0","tintindex":0},"up":{"uv":[12.5,8.75,11.5,7.75],"rotation":0,"texture":"#0","tintindex":0},"west":{"uv":[8.5,10.25,9.5,11.875],"rotation":0,"texture":"#0","tintindex":0}}}],"display":{"head":{"translation":[0.0,-6.4,0.0],"rotation":[0.0,0.0,0.0],"scale":[3.8095,3.8095,3.8095]}}}