{"textures":{"0":"modelengine:entity/villager_cook"},"elements":[{"name":"leg1","from":[6.8,4.3999996,6.8],"to":[9.2,8.3,9.2],"rotation":{"angle":0.0,"axis":"x","origin":[6.8,4.3999996,8.0]},"faces":{"down":{"uv":[12.5,1.0,11.5,2.0],"rotation":0,"texture":"#0","tintindex":0},"east":{"uv":[3.0,9.25,4.0,10.875],"rotation":0,"texture":"#0","tintindex":0},"north":{"uv":[2.0,9.25,3.0,10.875],"rotation":0,"texture":"#0","tintindex":0},"south":{"uv":[4.0,9.25,5.0,10.875],"rotation":0,"texture":"#0","tintindex":0},"up":{"uv":[12.5,1.0,11.5,0.0],"rotation":0,"texture":"#0","tintindex":0},"west":{"uv":[9.5,0.0,10.5,1.625],"rotation":0,"texture":"#0","tintindex":0}}}],"display":{"head":{"translation":[0.0,-6.4,0.0],"rotation":[0.0,0.0,0.0],"scale":[3.8095,3.8095,3.8095]}}}