{"textures":{"0":"modelengine:entity/villager_cook"},"elements":[{"name":"rightarm","from":[6.8,5.6,6.8],"to":[8.6,9.2,9.2],"rotation":{"angle":0.0,"axis":"x","origin":[11.0,-5.200001,8.0]},"faces":{"down":{"uv":[2.25,12.5,1.5,13.5],"rotation":0,"texture":"#0","tintindex":0},"east":{"uv":[5.0,10.5,6.0,12.0],"rotation":0,"texture":"#0","tintindex":0},"north":{"uv":[2.5,11.0,3.25,12.5],"rotation":0,"texture":"#0","tintindex":0},"south":{"uv":[11.0,3.0,11.75,4.5],"rotation":0,"texture":"#0","tintindex":0},"up":{"uv":[13.25,2.0,12.5,1.0],"rotation":0,"texture":"#0","tintindex":0},"west":{"uv":[6.0,10.5,7.0,12.0],"rotation":0,"texture":"#0","tintindex":0}}}],"display":{"head":{"translation":[0.0,-6.4,0.0],"rotation":[0.0,0.0,0.0],"scale":[3.8095,3.8095,3.8095]}}}