{"textures":{"0":"modelengine:entity/villager_cook"},"elements":[{"name":"rightarm","from":[6.8,5.0,6.8],"to":[8.6,9.2,9.2],"rotation":{"angle":0.0,"axis":"x","origin":[11.0,-5.200001,8.0]},"faces":{"down":{"uv":[3.0,12.5,2.25,13.5],"rotation":0,"texture":"#0","tintindex":0},"east":{"uv":[8.5,1.75,9.5,3.5],"rotation":0,"texture":"#0","tintindex":0},"north":{"uv":[10.75,7.0,11.5,8.75],"rotation":0,"texture":"#0","tintindex":0},"south":{"uv":[10.75,8.75,11.5,10.5],"rotation":0,"texture":"#0","tintindex":0},"up":{"uv":[13.25,3.0,12.5,2.0],"rotation":0,"texture":"#0","tintindex":0},"west":{"uv":[7.75,8.5,8.75,10.25],"rotation":0,"texture":"#0","tintindex":0}}}],"display":{"head":{"translation":[0.0,-6.4,0.0],"rotation":[0.0,0.0,0.0],"scale":[3.8095,3.8095,3.8095]}}}