{"textures":{"0":"modelengine:entity/villager_cook"},"elements":[{"name":"cube","from":[8.3,7.7,7.4],"to":[8.9,8.0,12.2],"rotation":{"angle":0.0,"axis":"x","origin":[8.3,8.3,8.6]},"faces":{"down":{"uv":[3.5,12.5,3.25,14.5],"rotation":0,"texture":"#0","tintindex":0},"east":{"uv":[11.75,4.25,13.75,4.375],"rotation":0,"texture":"#0","tintindex":0},"north":{"uv":[6.0,8.5,6.25,8.625],"rotation":0,"texture":"#0","tintindex":0},"south":{"uv":[9.5,8.0,9.75,8.125],"rotation":0,"texture":"#0","tintindex":0},"up":{"uv":[3.25,14.5,3.0,12.5],"rotation":0,"texture":"#0","tintindex":0},"west":{"uv":[3.5,12.5,5.5,12.625],"rotation":0,"texture":"#0","tintindex":0}}},{"name":"cube","from":[8.3,7.55,7.4],"to":[8.9,7.85,8.3],"rotation":{"angle":22.5,"axis":"x","origin":[8.3,8.3,8.6]},"faces":{"down":{"uv":[7.75,8.75,7.5,9.125],"rotation":0,"texture":"#0","tintindex":0},"east":{"uv":[5.5,8.5,5.875,8.625],"rotation":0,"texture":"#0","tintindex":0},"north":{"uv":[9.5,8.25,9.75,8.375],"rotation":0,"texture":"#0","tintindex":0},"south":{"uv":[7.5,9.75,7.75,9.875],"rotation":0,"texture":"#0","tintindex":0},"up":{"uv":[6.25,3.875,6.0,3.5],"rotation":0,"texture":"#0","tintindex":0},"west":{"uv":[9.5,4.5,9.875,4.625],"rotation":0,"texture":"#0","tintindex":0}}},{"name":"cube","from":[8.3,7.1951075,6.6382656],"to":[8.9,7.465108,7.5382657],"rotation":{"angle":22.5,"axis":"x","origin":[8.3,7.795108,8.738265]},"faces":{"down":{"uv":[9.5,8.0,9.25,8.375],"rotation":0,"texture":"#0","tintindex":0},"east":{"uv":[9.5,4.75,9.875,4.875],"rotation":0,"texture":"#0","tintindex":0},"north":{"uv":[7.5,10.0,7.75,10.125],"rotation":0,"texture":"#0","tintindex":0},"south":{"uv":[9.5,10.25,9.75,10.375],"rotation":0,"texture":"#0","tintindex":0},"up":{"uv":[7.75,9.625,7.5,9.25],"rotation":0,"texture":"#0","tintindex":0},"west":{"uv":[5.0,10.25,5.375,10.375],"rotation":0,"texture":"#0","tintindex":0}}},{"name":"cube","from":[10.700001,8.3,3.1999998],"to":[11.0,9.8,7.4],"rotation":{"angle":0.0,"axis":"x","origin":[8.3,8.3,8.6]},"faces":{"down":{"uv":[5.875,12.5,5.75,14.25],"rotation":0,"texture":"#0","tintindex":0},"east":{"uv":[3.25,11.0,5.0,11.625],"rotation":0,"texture":"#0","tintindex":0},"north":{"uv":[12.5,8.5,12.625,9.125],"rotation":0,"texture":"#0","tintindex":0},"south":{"uv":[12.5,11.5,12.625,12.125],"rotation":0,"texture":"#0","tintindex":0},"up":{"uv":[5.625,14.25,5.5,12.5],"rotation":0,"texture":"#0","tintindex":0},"west":{"uv":[11.0,4.5,12.75,5.125],"rotation":0,"texture":"#0","tintindex":0}}},{"name":"cube","from":[6.2,8.3,3.1999998],"to":[6.5,9.8,7.4],"rotation":{"angle":0.0,"axis":"x","origin":[8.3,8.3,8.6]},"faces":{"down":{"uv":[6.375,12.5,6.25,14.25],"rotation":0,"texture":"#0","tintindex":0},"east":{"uv":[11.0,5.25,12.75,5.875],"rotation":0,"texture":"#0","tintindex":0},"north":{"uv":[3.5,12.75,3.625,13.375],"rotation":0,"texture":"#0","tintindex":0},"south":{"uv":[3.75,12.75,3.875,13.375],"rotation":0,"texture":"#0","tintindex":0},"up":{"uv":[6.125,14.25,6.0,12.5],"rotation":0,"texture":"#0","tintindex":0},"west":{"uv":[11.0,6.0,12.75,6.625],"rotation":0,"texture":"#0","tintindex":0}}},{"name":"cube","from":[6.5,8.0,3.1999998],"to":[10.700001,8.3,7.4],"rotation":{"angle":0.0,"axis":"x","origin":[8.3,8.3,8.6]},"faces":{"down":{"uv":[4.5,4.0,2.75,5.75],"rotation":0,"texture":"#0","tintindex":0},"east":{"uv":[12.5,6.75,14.25,6.875],"rotation":0,"texture":"#0","tintindex":0},"north":{"uv":[6.5,12.5,8.25,12.625],"rotation":0,"texture":"#0","tintindex":0},"south":{"uv":[12.5,7.0,14.25,7.125],"rotation":0,"texture":"#0","tintindex":0},"up":{"uv":[2.75,5.75,1.0,4.0],"rotation":0,"texture":"#0","tintindex":0},"west":{"uv":[12.5,7.25,14.25,7.375],"rotation":0,"texture":"#0","tintindex":0}}},{"name":"cube","from":[6.5,8.3,2.8999999],"to":[10.700001,9.8,3.1999998],"rotation":{"angle":0.0,"axis":"x","origin":[8.3,8.3,8.6]},"faces":{"down":{"uv":[14.0,7.75,12.5,7.875],"rotation":0,"texture":"#0","tintindex":0},"east":{"uv":[4.0,12.75,4.125,13.375],"rotation":0,"texture":"#0","tintindex":0},"north":{"uv":[11.5,9.75,13.0,10.375],"rotation":0,"texture":"#0","tintindex":0},"south":{"uv":[11.0,11.5,12.5,12.125],"rotation":0,"texture":"#0","tintindex":0},"up":{"uv":[14.0,7.625,12.5,7.5],"rotation":0,"texture":"#0","tintindex":0},"west":{"uv":[4.25,12.75,4.375,13.375],"rotation":0,"texture":"#0","tintindex":0}}},{"name":"cube","from":[6.5,8.3,7.4],"to":[10.700001,9.8,7.7],"rotation":{"angle":0.0,"axis":"x","origin":[8.3,8.3,8.6]},"faces":{"down":{"uv":[14.0,8.25,12.5,8.375],"rotation":0,"texture":"#0","tintindex":0},"east":{"uv":[4.5,12.75,4.625,13.375],"rotation":0,"texture":"#0","tintindex":0},"north":{"uv":[11.75,3.0,13.25,3.625],"rotation":0,"texture":"#0","tintindex":0},"south":{"uv":[3.25,11.75,4.75,12.375],"rotation":0,"texture":"#0","tintindex":0},"up":{"uv":[14.0,8.125,12.5,8.0],"rotation":0,"texture":"#0","tintindex":0},"west":{"uv":[12.75,4.5,12.875,5.125],"rotation":0,"texture":"#0","tintindex":0}}}],"display":{"head":{"translation":[0.0,-6.4,0.0],"rotation":[0.0,0.0,0.0],"scale":[3.8095,3.8095,3.8095]}}}