{"textures":{"0":"modelengine:entity/secrob"},"elements":[{"name":"cube","from":[7.9351816,6.793859,7.46],"to":[14.535182,7.9938593,8.54],"rotation":{"angle":0.0,"axis":"x","origin":[5.235182,5.293859,8.0]},"faces":{"down":{"uv":[8.25,1.375,9.625,1.625],"rotation":180,"texture":"#0","tintindex":0},"east":{"uv":[8.25,1.375,9.625,1.625],"rotation":0,"texture":"#0","tintindex":0},"north":{"uv":[8.25,1.375,9.625,1.625],"rotation":0,"texture":"#0","tintindex":0},"south":{"uv":[8.25,1.375,9.625,1.625],"rotation":180,"texture":"#0","tintindex":0},"up":{"uv":[8.25,1.375,9.625,1.625],"rotation":180,"texture":"#0","tintindex":0},"west":{"uv":[8.25,1.375,9.625,1.625],"rotation":0,"texture":"#0","tintindex":0}}},{"name":"cube","from":[7.9351816,6.553859,7.28],"to":[9.735182,8.233859,8.719999],"rotation":{"angle":0.0,"axis":"x","origin":[5.235182,5.293859,8.0]},"faces":{"down":{"uv":[5.75,9.375,5.375,9.6875],"rotation":0,"texture":"#0","tintindex":0},"east":{"uv":[3.625,9.375,3.9375,9.75],"rotation":0,"texture":"#0","tintindex":0},"north":{"uv":[6.0,0.75,6.375,1.125],"rotation":0,"texture":"#0","tintindex":0},"south":{"uv":[6.375,1.375,6.75,1.75],"rotation":0,"texture":"#0","tintindex":0},"up":{"uv":[4.375,9.6875,4.0,9.375],"rotation":0,"texture":"#0","tintindex":0},"west":{"uv":[9.375,3.875,9.6875,4.25],"rotation":0,"texture":"#0","tintindex":0}}}],"display":{"head":{"translation":[0.0,-6.4,0.0],"rotation":[0.0,0.0,0.0],"scale":[3.8095,3.8095,3.8095]}}}