{"textures":{"0":"modelengine:entity/secrob"},"elements":[{"name":"cube","from":[1.3347449,7.1754026,7.28],"to":[7.9347453,8.615402,8.719999],"rotation":{"angle":0.0,"axis":"x","origin":[17.234745,5.795402,8.0]},"faces":{"down":{"uv":[7.5,1.0,8.875,1.3125],"rotation":0,"texture":"#0","tintindex":0},"east":{"uv":[7.5,1.0,8.875,1.3125],"rotation":180,"texture":"#0","tintindex":0},"north":{"uv":[7.5,1.0,8.875,1.3125],"rotation":180,"texture":"#0","tintindex":0},"south":{"uv":[7.5,1.0,8.875,1.3125],"rotation":0,"texture":"#0","tintindex":0},"up":{"uv":[7.5,1.0,8.875,1.3125],"rotation":0,"texture":"#0","tintindex":0},"west":{"uv":[2.5,9.5,2.8125,9.8125],"rotation":0,"texture":"#0","tintindex":0}}},{"name":"cube","from":[0.734745,8.135402,8.18],"to":[1.4547454,8.615402,8.719999],"rotation":{"angle":0.0,"axis":"x","origin":[17.234745,5.795402,8.0]},"faces":{"down":{"uv":[10.125,9.75,10.0,9.875],"rotation":0,"texture":"#0","tintindex":0},"east":{"uv":[9.5,10.0,9.625,10.125],"rotation":0,"texture":"#0","tintindex":0},"north":{"uv":[10.0,9.375,10.125,9.5],"rotation":0,"texture":"#0","tintindex":0},"south":{"uv":[10.0,9.5,10.125,9.625],"rotation":0,"texture":"#0","tintindex":0},"up":{"uv":[10.125,9.75,10.0,9.625],"rotation":0,"texture":"#0","tintindex":0},"west":{"uv":[9.625,10.0,9.75,10.125],"rotation":0,"texture":"#0","tintindex":0}}},{"name":"cube","from":[0.734745,8.135402,7.28],"to":[1.4547454,8.615402,7.8199997],"rotation":{"angle":0.0,"axis":"x","origin":[17.234745,5.795402,8.0]},"faces":{"down":{"uv":[1.75,10.125,1.625,10.25],"rotation":0,"texture":"#0","tintindex":0},"east":{"uv":[10.0,10.0,10.125,10.125],"rotation":0,"texture":"#0","tintindex":0},"north":{"uv":[10.0,9.875,10.125,10.0],"rotation":0,"texture":"#0","tintindex":0},"south":{"uv":[1.25,10.125,1.375,10.25],"rotation":0,"texture":"#0","tintindex":0},"up":{"uv":[1.625,10.25,1.5,10.125],"rotation":0,"texture":"#0","tintindex":0},"west":{"uv":[1.375,10.125,1.5,10.25],"rotation":0,"texture":"#0","tintindex":0}}},{"name":"cube","from":[-0.062117577,8.096896,7.34],"to":[0.8378825,8.456896,7.7599998],"rotation":{"angle":22.5,"axis":"z","origin":[0.38788247,8.276896,8.0]},"faces":{"down":{"uv":[6.4375,4.875,6.25,5.0],"rotation":0,"texture":"#0","tintindex":0},"east":{"uv":[10.125,6.375,10.25,6.4375],"rotation":0,"texture":"#0","tintindex":0},"north":{"uv":[5.125,10.125,5.3125,10.1875],"rotation":0,"texture":"#0","tintindex":0},"south":{"uv":[10.125,5.5,10.3125,5.5625],"rotation":0,"texture":"#0","tintindex":0},"up":{"uv":[6.1875,1.25,6.0,1.125],"rotation":0,"texture":"#0","tintindex":0},"west":{"uv":[6.5,10.125,6.625,10.1875],"rotation":0,"texture":"#0","tintindex":0}}},{"name":"cube","from":[-0.062117577,8.096896,8.24],"to":[0.8378825,8.456896,8.66],"rotation":{"angle":22.5,"axis":"z","origin":[0.38788247,8.276896,8.0]},"faces":{"down":{"uv":[6.9375,6.375,6.75,6.5],"rotation":0,"texture":"#0","tintindex":0},"east":{"uv":[10.125,6.5,10.25,6.5625],"rotation":0,"texture":"#0","tintindex":0},"north":{"uv":[10.125,5.625,10.3125,5.6875],"rotation":0,"texture":"#0","tintindex":0},"south":{"uv":[5.75,10.125,5.9375,10.1875],"rotation":0,"texture":"#0","tintindex":0},"up":{"uv":[6.6875,5.0,6.5,4.875],"rotation":0,"texture":"#0","tintindex":0},"west":{"uv":[6.625,10.125,6.75,10.1875],"rotation":0,"texture":"#0","tintindex":0}}}],"display":{"head":{"translation":[0.0,-6.4,0.0],"rotation":[0.0,0.0,0.0],"scale":[3.8095,3.8095,3.8095]}}}