{"textures":{"0":"modelengine:entity/secrob"},"elements":[{"name":"cube","from":[7.0392466,4.7594967,7.28],"to":[7.7592473,5.239496,7.8199997],"rotation":{"angle":0.0,"axis":"x","origin":[-8.860754,5.5394964,8.0]},"faces":{"down":{"uv":[10.25,2.875,10.125,3.0],"rotation":0,"texture":"#0","tintindex":0},"east":{"uv":[2.5,10.125,2.625,10.25],"rotation":0,"texture":"#0","tintindex":0},"north":{"uv":[10.125,2.375,10.25,2.5],"rotation":0,"texture":"#0","tintindex":0},"south":{"uv":[10.125,2.5,10.25,2.625],"rotation":0,"texture":"#0","tintindex":0},"up":{"uv":[2.875,10.25,2.75,10.125],"rotation":0,"texture":"#0","tintindex":0},"west":{"uv":[2.625,10.125,2.75,10.25],"rotation":0,"texture":"#0","tintindex":0}}},{"name":"cube","from":[8.833972,4.9974947,7.28],"to":[9.733973,5.3574953,7.8199997],"rotation":{"angle":-22.5,"axis":"z","origin":[8.0,8.0,8.0]},"faces":{"down":{"uv":[10.0625,7.0,9.875,7.125],"rotation":0,"texture":"#0","tintindex":0},"east":{"uv":[10.125,6.75,10.25,6.8125],"rotation":0,"texture":"#0","tintindex":0},"north":{"uv":[6.0,10.125,6.1875,10.1875],"rotation":0,"texture":"#0","tintindex":0},"south":{"uv":[10.125,6.0,10.3125,6.0625],"rotation":0,"texture":"#0","tintindex":0},"up":{"uv":[9.9375,4.25,9.75,4.125],"rotation":0,"texture":"#0","tintindex":0},"west":{"uv":[6.875,10.125,7.0,10.1875],"rotation":0,"texture":"#0","tintindex":0}}}],"display":{"head":{"translation":[0.0,-6.4,0.0],"rotation":[0.0,0.0,0.0],"scale":[3.8095,3.8095,3.8095]}}}