{"textures":{"0":"modelengine:entity/secrob"},"elements":[{"name":"cube","from":[1.696246,6.553858,7.46],"to":[8.296247,7.753858,8.54],"rotation":{"angle":0.0,"axis":"x","origin":[10.996246,5.053858,8.0]},"faces":{"down":{"uv":[8.25,1.375,9.625,1.625],"rotation":0,"texture":"#0","tintindex":0},"east":{"uv":[8.25,1.375,9.625,1.625],"rotation":180,"texture":"#0","tintindex":0},"north":{"uv":[8.25,1.375,9.625,1.625],"rotation":180,"texture":"#0","tintindex":0},"south":{"uv":[8.25,1.375,9.625,1.625],"rotation":0,"texture":"#0","tintindex":0},"up":{"uv":[8.25,1.375,9.625,1.625],"rotation":0,"texture":"#0","tintindex":0},"west":{"uv":[8.25,1.375,9.625,1.625],"rotation":180,"texture":"#0","tintindex":0}}},{"name":"cube","from":[6.4962463,6.313858,7.28],"to":[8.296247,7.993858,8.719999],"rotation":{"angle":0.0,"axis":"x","origin":[10.996246,5.053858,8.0]},"faces":{"down":{"uv":[2.5,9.5,2.125,9.8125],"rotation":0,"texture":"#0","tintindex":0},"east":{"uv":[9.0,9.375,9.3125,9.75],"rotation":0,"texture":"#0","tintindex":0},"north":{"uv":[8.25,9.25,8.625,9.625],"rotation":0,"texture":"#0","tintindex":0},"south":{"uv":[0.0,9.375,0.375,9.75],"rotation":0,"texture":"#0","tintindex":0},"up":{"uv":[2.125,9.8125,1.75,9.5],"rotation":0,"texture":"#0","tintindex":0},"west":{"uv":[9.375,9.375,9.6875,9.75],"rotation":0,"texture":"#0","tintindex":0}}}],"display":{"head":{"translation":[0.0,-6.4,0.0],"rotation":[0.0,0.0,0.0],"scale":[3.8095,3.8095,3.8095]}}}