{"textures":{"0":"modelengine:entity/secrob"},"elements":[{"name":"cube","from":[6.2,2.48,5.42],"to":[8.6,7.28,10.58],"rotation":{"angle":-22.5,"axis":"z","origin":[8.0,4.88,8.0]},"faces":{"down":{"uv":[6.0,7.375,5.5,8.4375],"rotation":0,"texture":"#0","tintindex":0},"east":{"uv":[1.125,3.375,2.1875,4.375],"rotation":0,"texture":"#0","tintindex":0},"north":{"uv":[0.0,7.5,0.5,8.5],"rotation":0,"texture":"#0","tintindex":0},"south":{"uv":[7.5,0.0,8.0,1.0],"rotation":0,"texture":"#0","tintindex":0},"up":{"uv":[7.75,3.9375,7.25,2.875],"rotation":0,"texture":"#0","tintindex":0},"west":{"uv":[3.375,2.125,4.4375,3.125],"rotation":0,"texture":"#0","tintindex":0}}}],"display":{"head":{"translation":[0.0,-6.4,0.0],"rotation":[0.0,0.0,0.0],"scale":[3.8095,3.8095,3.8095]}}}