{"textures":{"0":"modelengine:entity/secrob"},"elements":[{"name":"cube","from":[7.993431,4.689254,7.73],"to":[8.713431,5.1692533,8.27],"rotation":{"angle":0.0,"axis":"x","origin":[8.0,8.0,8.0]},"faces":{"down":{"uv":[2.5,10.125,2.375,10.25],"rotation":0,"texture":"#0","tintindex":0},"east":{"uv":[1.875,10.125,2.0,10.25],"rotation":0,"texture":"#0","tintindex":0},"north":{"uv":[1.75,10.125,1.875,10.25],"rotation":0,"texture":"#0","tintindex":0},"south":{"uv":[2.0,10.125,2.125,10.25],"rotation":0,"texture":"#0","tintindex":0},"up":{"uv":[2.375,10.25,2.25,10.125],"rotation":0,"texture":"#0","tintindex":0},"west":{"uv":[2.125,10.125,2.25,10.25],"rotation":0,"texture":"#0","tintindex":0}}},{"name":"cube","from":[6.0106506,5.0272446,7.79],"to":[6.9106503,5.387245,8.21],"rotation":{"angle":22.5,"axis":"z","origin":[8.0,8.0,8.0]},"faces":{"down":{"uv":[9.9375,1.25,9.75,1.375],"rotation":0,"texture":"#0","tintindex":0},"east":{"uv":[10.125,6.625,10.25,6.6875],"rotation":0,"texture":"#0","tintindex":0},"north":{"uv":[10.125,5.75,10.3125,5.8125],"rotation":0,"texture":"#0","tintindex":0},"south":{"uv":[10.125,5.875,10.3125,5.9375],"rotation":0,"texture":"#0","tintindex":0},"up":{"uv":[8.8125,4.875,8.625,4.75],"rotation":0,"texture":"#0","tintindex":0},"west":{"uv":[6.75,10.125,6.875,10.1875],"rotation":0,"texture":"#0","tintindex":0}}}],"display":{"head":{"translation":[0.0,-6.4,0.0],"rotation":[0.0,0.0,0.0],"scale":[3.8095,3.8095,3.8095]}}}