{"textures":{"0":"modelengine:entity/secrob"},"elements":[{"name":"cube","from":[8.089254,7.2954035,7.28],"to":[14.689255,8.735403,8.719999],"rotation":{"angle":0.0,"axis":"x","origin":[-1.2107458,5.9154024,8.0]},"faces":{"down":{"uv":[8.875,4.875,7.5,5.1875],"rotation":0,"texture":"#0","tintindex":0},"east":{"uv":[2.5,9.5,2.8125,9.8125],"rotation":0,"texture":"#0","tintindex":0},"north":{"uv":[7.5,1.0,8.875,1.3125],"rotation":0,"texture":"#0","tintindex":0},"south":{"uv":[2.0,7.5,3.375,7.8125],"rotation":0,"texture":"#0","tintindex":0},"up":{"uv":[4.75,7.8125,3.375,7.5],"rotation":0,"texture":"#0","tintindex":0},"west":{"uv":[6.25,9.5,6.5625,9.8125],"rotation":0,"texture":"#0","tintindex":0}}},{"name":"cube","from":[14.689255,8.255403,8.18],"to":[15.409256,8.735403,8.719999],"rotation":{"angle":0.0,"axis":"x","origin":[-1.2107458,5.9154024,8.0]},"faces":{"down":{"uv":[8.25,7.25,8.125,7.375],"rotation":0,"texture":"#0","tintindex":0},"east":{"uv":[4.375,2.0,4.5,2.125],"rotation":0,"texture":"#0","tintindex":0},"north":{"uv":[3.25,2.125,3.375,2.25],"rotation":0,"texture":"#0","tintindex":0},"south":{"uv":[6.25,1.125,6.375,1.25],"rotation":0,"texture":"#0","tintindex":0},"up":{"uv":[7.875,4.0,7.75,3.875],"rotation":0,"texture":"#0","tintindex":0},"west":{"uv":[7.5,7.375,7.625,7.5],"rotation":0,"texture":"#0","tintindex":0}}},{"name":"cube","from":[14.689255,8.255403,7.28],"to":[15.409256,8.735403,7.8199997],"rotation":{"angle":0.0,"axis":"x","origin":[-1.2107458,5.9154024,8.0]},"faces":{"down":{"uv":[9.5,10.0,9.375,10.125],"rotation":0,"texture":"#0","tintindex":0},"east":{"uv":[8.75,0.875,8.875,1.0],"rotation":0,"texture":"#0","tintindex":0},"north":{"uv":[1.875,8.375,2.0,8.5],"rotation":0,"texture":"#0","tintindex":0},"south":{"uv":[1.75,9.25,1.875,9.375],"rotation":0,"texture":"#0","tintindex":0},"up":{"uv":[9.375,10.125,9.25,10.0],"rotation":0,"texture":"#0","tintindex":0},"west":{"uv":[5.375,9.25,5.5,9.375],"rotation":0,"texture":"#0","tintindex":0}}},{"name":"cube","from":[15.290009,8.255906,8.18],"to":[16.190008,8.615906,8.719999],"rotation":{"angle":-22.5,"axis":"z","origin":[15.650008,8.375905,8.0]},"faces":{"down":{"uv":[4.3125,2.0,4.125,2.125],"rotation":0,"texture":"#0","tintindex":0},"east":{"uv":[10.125,6.125,10.25,6.1875],"rotation":0,"texture":"#0","tintindex":0},"north":{"uv":[10.125,3.0,10.3125,3.0625],"rotation":0,"texture":"#0","tintindex":0},"south":{"uv":[10.125,4.25,10.3125,4.3125],"rotation":0,"texture":"#0","tintindex":0},"up":{"uv":[3.1875,2.25,3.0,2.125],"rotation":0,"texture":"#0","tintindex":0},"west":{"uv":[6.25,10.125,6.375,10.1875],"rotation":0,"texture":"#0","tintindex":0}}},{"name":"cube","from":[15.290009,8.255906,7.28],"to":[16.190008,8.615906,7.8199997],"rotation":{"angle":-22.5,"axis":"z","origin":[15.650008,8.375905,8.0]},"faces":{"down":{"uv":[5.5625,5.0,5.375,5.125],"rotation":0,"texture":"#0","tintindex":0},"east":{"uv":[10.125,6.25,10.25,6.3125],"rotation":0,"texture":"#0","tintindex":0},"north":{"uv":[4.625,10.125,4.8125,10.1875],"rotation":0,"texture":"#0","tintindex":0},"south":{"uv":[4.875,10.125,5.0625,10.1875],"rotation":0,"texture":"#0","tintindex":0},"up":{"uv":[5.3125,5.125,5.125,5.0],"rotation":0,"texture":"#0","tintindex":0},"west":{"uv":[6.375,10.125,6.5,10.1875],"rotation":0,"texture":"#0","tintindex":0}}}],"display":{"head":{"translation":[0.0,-6.4,0.0],"rotation":[0.0,0.0,0.0],"scale":[3.8095,3.8095,3.8095]}}}