{"textures":{"0":"modelengine:entity/secrob"},"elements":[{"name":"hexadecagon","from":[7.8502994,8.257753,7.58045],"to":[8.109701,9.568646,8.88455],"rotation":{"angle":-45.0,"axis":"y","origin":[7.98,8.6036005,8.2325]},"faces":{"down":{"uv":[8.25,1.375,9.3125,1.625],"rotation":90,"texture":"#0","tintindex":0},"east":{"uv":[8.25,1.375,9.3125,1.625],"rotation":90,"texture":"#0","tintindex":0},"north":{"uv":[8.25,1.375,9.3125,1.625],"rotation":90,"texture":"#0","tintindex":0},"south":{"uv":[8.25,1.375,9.3125,1.625],"rotation":90,"texture":"#0","tintindex":0},"up":{"uv":[8.25,1.375,9.3125,1.625],"rotation":90,"texture":"#0","tintindex":0},"west":{"uv":[8.25,1.375,9.3125,1.625],"rotation":90,"texture":"#0","tintindex":0}}},{"name":"hexadecagon","from":[7.8502994,8.257753,7.58045],"to":[8.109701,9.568646,8.88455],"rotation":{"angle":-22.5,"axis":"y","origin":[7.98,8.6036005,8.2325]},"faces":{"down":{"uv":[8.25,1.375,9.3125,1.625],"rotation":90,"texture":"#0","tintindex":0},"east":{"uv":[8.25,1.375,9.3125,1.625],"rotation":90,"texture":"#0","tintindex":0},"north":{"uv":[8.25,1.375,9.3125,1.625],"rotation":90,"texture":"#0","tintindex":0},"south":{"uv":[8.25,1.375,9.3125,1.625],"rotation":90,"texture":"#0","tintindex":0},"up":{"uv":[8.25,1.375,9.3125,1.625],"rotation":90,"texture":"#0","tintindex":0},"west":{"uv":[8.25,1.375,9.3125,1.625],"rotation":90,"texture":"#0","tintindex":0}}},{"name":"hexadecagon","from":[7.8502994,8.257753,7.58045],"to":[8.109701,9.568646,8.88455],"rotation":{"angle":0.0,"axis":"x","origin":[7.98,8.6036005,8.2325]},"faces":{"down":{"uv":[8.25,1.375,9.3125,1.625],"rotation":90,"texture":"#0","tintindex":0},"east":{"uv":[8.25,1.375,9.3125,1.625],"rotation":90,"texture":"#0","tintindex":0},"north":{"uv":[8.25,1.375,9.3125,1.625],"rotation":90,"texture":"#0","tintindex":0},"south":{"uv":[8.25,1.375,9.3125,1.625],"rotation":90,"texture":"#0","tintindex":0},"up":{"uv":[8.25,1.375,9.3125,1.625],"rotation":90,"texture":"#0","tintindex":0},"west":{"uv":[8.25,1.375,9.3125,1.625],"rotation":90,"texture":"#0","tintindex":0}}},{"name":"hexadecagon","from":[7.8502994,8.257753,7.58045],"to":[8.109701,9.568646,8.88455],"rotation":{"angle":22.5,"axis":"y","origin":[7.98,8.6036005,8.2325]},"faces":{"down":{"uv":[8.25,1.375,9.3125,1.625],"rotation":90,"texture":"#0","tintindex":0},"east":{"uv":[8.25,1.375,9.3125,1.625],"rotation":90,"texture":"#0","tintindex":0},"north":{"uv":[8.25,1.375,9.3125,1.625],"rotation":90,"texture":"#0","tintindex":0},"south":{"uv":[8.25,1.375,9.3125,1.625],"rotation":90,"texture":"#0","tintindex":0},"up":{"uv":[8.25,1.375,9.3125,1.625],"rotation":90,"texture":"#0","tintindex":0},"west":{"uv":[8.25,1.375,9.3125,1.625],"rotation":90,"texture":"#0","tintindex":0}}},{"name":"hexadecagon","from":[7.8502994,8.257753,7.58045],"to":[8.109701,9.568646,8.88455],"rotation":{"angle":45.0,"axis":"y","origin":[7.98,8.6036005,8.2325]},"faces":{"down":{"uv":[8.25,1.375,9.3125,1.625],"rotation":90,"texture":"#0","tintindex":0},"east":{"uv":[8.25,1.375,9.3125,1.625],"rotation":90,"texture":"#0","tintindex":0},"north":{"uv":[8.25,1.375,9.3125,1.625],"rotation":90,"texture":"#0","tintindex":0},"south":{"uv":[8.25,1.375,9.3125,1.625],"rotation":90,"texture":"#0","tintindex":0},"up":{"uv":[8.25,1.375,9.3125,1.625],"rotation":90,"texture":"#0","tintindex":0},"west":{"uv":[8.25,1.375,9.3125,1.625],"rotation":90,"texture":"#0","tintindex":0}}},{"name":"hexadecagon","from":[7.32795,8.257753,8.102799],"to":[8.6320505,9.568646,8.362201],"rotation":{"angle":-22.5,"axis":"y","origin":[7.98,8.6036005,8.2325]},"faces":{"down":{"uv":[8.25,1.375,9.3125,1.625],"rotation":90,"texture":"#0","tintindex":0},"east":{"uv":[8.25,1.375,9.3125,1.625],"rotation":90,"texture":"#0","tintindex":0},"north":{"uv":[8.25,1.375,9.3125,1.625],"rotation":90,"texture":"#0","tintindex":0},"south":{"uv":[8.25,1.375,9.3125,1.625],"rotation":90,"texture":"#0","tintindex":0},"up":{"uv":[8.25,1.375,9.3125,1.625],"rotation":90,"texture":"#0","tintindex":0},"west":{"uv":[8.25,1.375,9.3125,1.625],"rotation":90,"texture":"#0","tintindex":0}}},{"name":"hexadecagon","from":[7.32795,8.257753,8.102799],"to":[8.6320505,9.568646,8.362201],"rotation":{"angle":0.0,"axis":"x","origin":[7.98,8.6036005,8.2325]},"faces":{"down":{"uv":[8.25,1.375,9.3125,1.625],"rotation":90,"texture":"#0","tintindex":0},"east":{"uv":[8.25,1.375,9.3125,1.625],"rotation":90,"texture":"#0","tintindex":0},"north":{"uv":[8.25,1.375,9.3125,1.625],"rotation":90,"texture":"#0","tintindex":0},"south":{"uv":[8.25,1.375,9.3125,1.625],"rotation":90,"texture":"#0","tintindex":0},"up":{"uv":[8.25,1.375,9.3125,1.625],"rotation":90,"texture":"#0","tintindex":0},"west":{"uv":[8.25,1.375,9.3125,1.625],"rotation":90,"texture":"#0","tintindex":0}}},{"name":"hexadecagon","from":[7.32795,8.257753,8.102799],"to":[8.6320505,9.568646,8.362201],"rotation":{"angle":22.5,"axis":"y","origin":[7.98,8.6036005,8.2325]},"faces":{"down":{"uv":[8.25,1.375,9.3125,1.625],"rotation":90,"texture":"#0","tintindex":0},"east":{"uv":[8.25,1.375,9.3125,1.625],"rotation":90,"texture":"#0","tintindex":0},"north":{"uv":[8.25,1.375,9.3125,1.625],"rotation":90,"texture":"#0","tintindex":0},"south":{"uv":[8.25,1.375,9.3125,1.625],"rotation":90,"texture":"#0","tintindex":0},"up":{"uv":[8.25,1.375,9.3125,1.625],"rotation":90,"texture":"#0","tintindex":0},"west":{"uv":[8.25,1.375,9.3125,1.625],"rotation":90,"texture":"#0","tintindex":0}}},{"name":"cube","from":[6.18,9.323601,6.6125],"to":[9.9,13.1036005,10.092501],"rotation":{"angle":0.0,"axis":"x","origin":[8.04,4.5235996,8.3525]},"faces":{"down":{"uv":[7.5,5.625,6.75,6.375],"rotation":0,"texture":"#0","tintindex":0},"east":{"uv":[6.25,6.5,7.0,7.3125],"rotation":0,"texture":"#0","tintindex":0},"north":{"uv":[5.5,6.5,6.25,7.3125],"rotation":0,"texture":"#0","tintindex":0},"south":{"uv":[3.5,6.625,4.25,7.4375],"rotation":0,"texture":"#0","tintindex":0},"up":{"uv":[7.5,5.625,6.75,4.875],"rotation":0,"texture":"#0","tintindex":0},"west":{"uv":[4.25,6.625,5.0,7.4375],"rotation":0,"texture":"#0","tintindex":0}}},{"name":"cube","from":[5.9399996,13.1036005,3.4325],"to":[10.139999,13.1036005,6.7925],"rotation":{"angle":0.0,"axis":"x","origin":[8.04,4.5235996,8.3525]},"faces":{"down":{"uv":[3.5,6.75,2.625,7.4375],"rotation":0,"texture":"#0","tintindex":0},"east":{"uv":[0.0,0.0,0.6875,0.0],"rotation":0,"texture":"#0","tintindex":0},"north":{"uv":[0.0,0.0,0.875,0.0],"rotation":0,"texture":"#0","tintindex":0},"south":{"uv":[0.0,0.0,0.875,0.0],"rotation":0,"texture":"#0","tintindex":0},"up":{"uv":[7.625,2.8125,6.75,2.125],"rotation":0,"texture":"#0","tintindex":0},"west":{"uv":[0.0,0.0,0.6875,0.0],"rotation":0,"texture":"#0","tintindex":0}}},{"name":"cube","from":[5.88,13.1036005,6.4325],"to":[10.2,14.1836,10.2125],"rotation":{"angle":0.0,"axis":"x","origin":[8.04,4.5235996,8.3525]},"faces":{"down":{"uv":[3.5,5.875,2.625,6.6875],"rotation":0,"texture":"#0","tintindex":0},"east":{"uv":[8.5,3.875,9.3125,4.125],"rotation":0,"texture":"#0","tintindex":0},"north":{"uv":[8.375,3.375,9.25,3.625],"rotation":0,"texture":"#0","tintindex":0},"south":{"uv":[8.375,3.625,9.25,3.875],"rotation":0,"texture":"#0","tintindex":0},"up":{"uv":[2.625,6.6875,1.75,5.875],"rotation":0,"texture":"#0","tintindex":0},"west":{"uv":[8.5,4.125,9.3125,4.375],"rotation":0,"texture":"#0","tintindex":0}}},{"name":"cube","from":[5.58,9.923601,7.1525],"to":[10.5,12.5036,9.5525],"rotation":{"angle":0.0,"axis":"x","origin":[8.04,4.5235996,8.3525]},"faces":{"down":{"uv":[12.1875,9.0,13.2125,9.5375],"rotation":0,"texture":"#0","tintindex":0},"east":{"uv":[12.1875,9.0,13.2125,9.5375],"rotation":0,"texture":"#0","tintindex":0},"north":{"uv":[12.1875,9.0,13.2125,9.5375],"rotation":0,"texture":"#0","tintindex":0},"south":{"uv":[12.1875,9.0,13.2125,9.5375],"rotation":0,"texture":"#0","tintindex":0},"up":{"uv":[12.1875,9.0,13.2125,9.5375],"rotation":0,"texture":"#0","tintindex":0},"west":{"uv":[12.1875,9.0,13.2125,9.5375],"rotation":0,"texture":"#0","tintindex":0}}}],"display":{"head":{"translation":[0.0,-6.4,0.0],"rotation":[0.0,0.0,0.0],"scale":[3.8095,3.8095,3.8095]}}}