{"textures":{"0":"modelengine:entity/secrob"},"elements":[{"name":"hexadecagon","from":[7.3315763,7.619043,6.0848],"to":[8.668425,8.380957,9.915199],"rotation":{"angle":-45.0,"axis":"x","origin":[8.3018,8.0,8.0]},"faces":{"down":{"uv":[2.625,8.5,2.375,9.3125],"rotation":0,"texture":"#0","tintindex":0},"east":{"uv":[8.875,6.5,9.6875,6.6875],"rotation":0,"texture":"#0","tintindex":0},"north":{"uv":[7.25,9.875,7.5,10.0625],"rotation":0,"texture":"#0","tintindex":0},"south":{"uv":[9.875,8.875,10.125,9.0625],"rotation":0,"texture":"#0","tintindex":0},"up":{"uv":[2.375,9.3125,2.125,8.5],"rotation":0,"texture":"#0","tintindex":0},"west":{"uv":[9.0,8.875,9.8125,9.0625],"rotation":0,"texture":"#0","tintindex":0}}},{"name":"hexadecagon","from":[7.3315763,7.619043,6.0848],"to":[8.668425,8.380957,9.915199],"rotation":{"angle":-22.5,"axis":"x","origin":[8.3018,8.0,8.0]},"faces":{"down":{"uv":[3.125,8.5,2.875,9.3125],"rotation":0,"texture":"#0","tintindex":0},"east":{"uv":[9.125,0.0,9.9375,0.1875],"rotation":0,"texture":"#0","tintindex":0},"north":{"uv":[9.875,9.125,10.125,9.3125],"rotation":0,"texture":"#0","tintindex":0},"south":{"uv":[9.75,9.875,10.0,10.0625],"rotation":0,"texture":"#0","tintindex":0},"up":{"uv":[2.875,9.3125,2.625,8.5],"rotation":0,"texture":"#0","tintindex":0},"west":{"uv":[9.125,7.25,9.9375,7.4375],"rotation":0,"texture":"#0","tintindex":0}}},{"name":"hexadecagon","from":[7.3315763,7.619043,6.0848],"to":[8.668425,8.380957,9.915199],"rotation":{"angle":0.0,"axis":"x","origin":[8.3018,8.0,8.0]},"faces":{"down":{"uv":[3.625,8.5,3.375,9.3125],"rotation":0,"texture":"#0","tintindex":0},"east":{"uv":[9.125,7.5,9.9375,7.6875],"rotation":0,"texture":"#0","tintindex":0},"north":{"uv":[10.0,0.0,10.25,0.1875],"rotation":0,"texture":"#0","tintindex":0},"south":{"uv":[10.0,1.625,10.25,1.8125],"rotation":0,"texture":"#0","tintindex":0},"up":{"uv":[3.375,9.3125,3.125,8.5],"rotation":0,"texture":"#0","tintindex":0},"west":{"uv":[9.125,7.75,9.9375,7.9375],"rotation":0,"texture":"#0","tintindex":0}}},{"name":"hexadecagon","from":[7.3315763,7.619043,6.0848],"to":[8.668425,8.380957,9.915199],"rotation":{"angle":22.5,"axis":"x","origin":[8.3018,8.0,8.0]},"faces":{"down":{"uv":[4.125,8.5,3.875,9.3125],"rotation":0,"texture":"#0","tintindex":0},"east":{"uv":[9.125,8.0,9.9375,8.1875],"rotation":0,"texture":"#0","tintindex":0},"north":{"uv":[10.0,1.875,10.25,2.0625],"rotation":0,"texture":"#0","tintindex":0},"south":{"uv":[10.0,2.125,10.25,2.3125],"rotation":0,"texture":"#0","tintindex":0},"up":{"uv":[3.875,9.3125,3.625,8.5],"rotation":0,"texture":"#0","tintindex":0},"west":{"uv":[9.0,9.125,9.8125,9.3125],"rotation":0,"texture":"#0","tintindex":0}}},{"name":"hexadecagon","from":[7.3315763,7.619043,6.0848],"to":[8.668425,8.380957,9.915199],"rotation":{"angle":45.0,"axis":"x","origin":[8.3018,8.0,8.0]},"faces":{"down":{"uv":[5.75,8.5,5.5,9.3125],"rotation":0,"texture":"#0","tintindex":0},"east":{"uv":[9.25,2.375,10.0625,2.5625],"rotation":0,"texture":"#0","tintindex":0},"north":{"uv":[3.625,10.0,3.875,10.1875],"rotation":0,"texture":"#0","tintindex":0},"south":{"uv":[3.875,10.0,4.125,10.1875],"rotation":0,"texture":"#0","tintindex":0},"up":{"uv":[4.375,9.3125,4.125,8.5],"rotation":0,"texture":"#0","tintindex":0},"west":{"uv":[9.25,2.875,10.0625,3.0625],"rotation":0,"texture":"#0","tintindex":0}}},{"name":"hexadecagon","from":[7.3315763,6.0848,7.619043],"to":[8.668425,9.9152,8.380957],"rotation":{"angle":-22.5,"axis":"x","origin":[8.3018,8.0,8.0]},"faces":{"down":{"uv":[4.375,10.0,4.125,10.1875],"rotation":0,"texture":"#0","tintindex":0},"east":{"uv":[1.25,9.25,1.4375,10.0625],"rotation":0,"texture":"#0","tintindex":0},"north":{"uv":[5.75,8.5,6.0,9.3125],"rotation":0,"texture":"#0","tintindex":0},"south":{"uv":[8.5,8.375,8.75,9.1875],"rotation":0,"texture":"#0","tintindex":0},"up":{"uv":[10.25,4.0625,10.0,3.875],"rotation":0,"texture":"#0","tintindex":0},"west":{"uv":[1.5,9.25,1.6875,10.0625],"rotation":0,"texture":"#0","tintindex":0}}},{"name":"hexadecagon","from":[7.3315763,6.0848,7.619043],"to":[8.668425,9.9152,8.380957],"rotation":{"angle":0.0,"axis":"x","origin":[8.3018,8.0,8.0]},"faces":{"down":{"uv":[10.25,5.0,10.0,5.1875],"rotation":0,"texture":"#0","tintindex":0},"east":{"uv":[4.625,9.25,4.8125,10.0625],"rotation":0,"texture":"#0","tintindex":0},"north":{"uv":[7.5,8.625,7.75,9.4375],"rotation":0,"texture":"#0","tintindex":0},"south":{"uv":[7.75,8.625,8.0,9.4375],"rotation":0,"texture":"#0","tintindex":0},"up":{"uv":[10.25,4.9375,10.0,4.75],"rotation":0,"texture":"#0","tintindex":0},"west":{"uv":[4.875,9.25,5.0625,10.0625],"rotation":0,"texture":"#0","tintindex":0}}},{"name":"hexadecagon","from":[7.3315763,6.0848,7.619043],"to":[8.668425,9.9152,8.380957],"rotation":{"angle":22.5,"axis":"x","origin":[8.3018,8.0,8.0]},"faces":{"down":{"uv":[5.625,10.0,5.375,10.1875],"rotation":0,"texture":"#0","tintindex":0},"east":{"uv":[5.125,9.25,5.3125,10.0625],"rotation":0,"texture":"#0","tintindex":0},"north":{"uv":[8.0,8.625,8.25,9.4375],"rotation":0,"texture":"#0","tintindex":0},"south":{"uv":[0.5,8.75,0.75,9.5625],"rotation":0,"texture":"#0","tintindex":0},"up":{"uv":[10.25,5.4375,10.0,5.25],"rotation":0,"texture":"#0","tintindex":0},"west":{"uv":[6.0,9.25,6.1875,10.0625],"rotation":0,"texture":"#0","tintindex":0}}}],"display":{"head":{"translation":[0.0,-6.4,0.0],"rotation":[0.0,0.0,0.0],"scale":[3.8095,3.8095,3.8095]}}}