{"textures":{"0":"modelengine:entity/secrob"},"elements":[{"name":"hexadecagon","from":[7.331576,7.619043,6.0848],"to":[8.668425,8.380957,9.915199],"rotation":{"angle":-45.0,"axis":"x","origin":[8.3018,8.0,8.0]},"faces":{"down":{"uv":[7.25,8.125,7.0,8.9375],"rotation":0,"texture":"#0","tintindex":0},"east":{"uv":[8.75,8.625,9.5625,8.8125],"rotation":0,"texture":"#0","tintindex":0},"north":{"uv":[9.75,8.375,10.0,8.5625],"rotation":0,"texture":"#0","tintindex":0},"south":{"uv":[8.75,9.75,9.0,9.9375],"rotation":0,"texture":"#0","tintindex":0},"up":{"uv":[4.75,8.6875,4.5,7.875],"rotation":0,"texture":"#0","tintindex":0},"west":{"uv":[8.875,0.875,9.6875,1.0625],"rotation":0,"texture":"#0","tintindex":0}}},{"name":"hexadecagon","from":[7.331576,7.619043,6.0848],"to":[8.668425,8.380957,9.915199],"rotation":{"angle":-22.5,"axis":"x","origin":[8.3018,8.0,8.0]},"faces":{"down":{"uv":[1.625,8.375,1.375,9.1875],"rotation":0,"texture":"#0","tintindex":0},"east":{"uv":[8.875,1.125,9.6875,1.3125],"rotation":0,"texture":"#0","tintindex":0},"north":{"uv":[9.0,9.75,9.25,9.9375],"rotation":0,"texture":"#0","tintindex":0},"south":{"uv":[9.25,9.75,9.5,9.9375],"rotation":0,"texture":"#0","tintindex":0},"up":{"uv":[7.5,8.9375,7.25,8.125],"rotation":0,"texture":"#0","tintindex":0},"west":{"uv":[8.875,4.75,9.6875,4.9375],"rotation":0,"texture":"#0","tintindex":0}}},{"name":"hexadecagon","from":[7.331576,7.619043,6.0848],"to":[8.668425,8.380957,9.915199],"rotation":{"angle":0.0,"axis":"x","origin":[8.3018,8.0,8.0]},"faces":{"down":{"uv":[5.0,8.375,4.75,9.1875],"rotation":0,"texture":"#0","tintindex":0},"east":{"uv":[8.875,5.0,9.6875,5.1875],"rotation":0,"texture":"#0","tintindex":0},"north":{"uv":[9.75,9.375,10.0,9.5625],"rotation":0,"texture":"#0","tintindex":0},"south":{"uv":[9.5,9.75,9.75,9.9375],"rotation":0,"texture":"#0","tintindex":0},"up":{"uv":[1.875,9.1875,1.625,8.375],"rotation":0,"texture":"#0","tintindex":0},"west":{"uv":[8.875,5.25,9.6875,5.4375],"rotation":0,"texture":"#0","tintindex":0}}},{"name":"hexadecagon","from":[7.331576,7.619043,6.0848],"to":[8.668425,8.380957,9.915199],"rotation":{"angle":22.5,"axis":"x","origin":[8.3018,8.0,8.0]},"faces":{"down":{"uv":[5.5,8.375,5.25,9.1875],"rotation":0,"texture":"#0","tintindex":0},"east":{"uv":[8.875,5.5,9.6875,5.6875],"rotation":0,"texture":"#0","tintindex":0},"north":{"uv":[9.75,9.625,10.0,9.8125],"rotation":0,"texture":"#0","tintindex":0},"south":{"uv":[1.75,9.875,2.0,10.0625],"rotation":0,"texture":"#0","tintindex":0},"up":{"uv":[5.25,9.1875,5.0,8.375],"rotation":0,"texture":"#0","tintindex":0},"west":{"uv":[8.875,5.75,9.6875,5.9375],"rotation":0,"texture":"#0","tintindex":0}}},{"name":"hexadecagon","from":[7.331576,7.619043,6.0848],"to":[8.668425,8.380957,9.915199],"rotation":{"angle":45.0,"axis":"x","origin":[8.3018,8.0,8.0]},"faces":{"down":{"uv":[6.5,8.375,6.25,9.1875],"rotation":0,"texture":"#0","tintindex":0},"east":{"uv":[8.875,6.0,9.6875,6.1875],"rotation":0,"texture":"#0","tintindex":0},"north":{"uv":[2.0,9.875,2.25,10.0625],"rotation":0,"texture":"#0","tintindex":0},"south":{"uv":[2.25,9.875,2.5,10.0625],"rotation":0,"texture":"#0","tintindex":0},"up":{"uv":[6.25,9.1875,6.0,8.375],"rotation":0,"texture":"#0","tintindex":0},"west":{"uv":[8.875,6.25,9.6875,6.4375],"rotation":0,"texture":"#0","tintindex":0}}},{"name":"hexadecagon","from":[7.331576,6.0848,7.619043],"to":[8.668425,9.9152,8.380957],"rotation":{"angle":-22.5,"axis":"x","origin":[8.3018,8.0,8.0]},"faces":{"down":{"uv":[6.5,9.875,6.25,10.0625],"rotation":0,"texture":"#0","tintindex":0},"east":{"uv":[0.75,8.75,0.9375,9.5625],"rotation":0,"texture":"#0","tintindex":0},"north":{"uv":[6.5,8.375,6.75,9.1875],"rotation":0,"texture":"#0","tintindex":0},"south":{"uv":[6.75,8.375,7.0,9.1875],"rotation":0,"texture":"#0","tintindex":0},"up":{"uv":[2.75,10.0625,2.5,9.875],"rotation":0,"texture":"#0","tintindex":0},"west":{"uv":[1.0,8.75,1.1875,9.5625],"rotation":0,"texture":"#0","tintindex":0}}},{"name":"hexadecagon","from":[7.331576,6.0848,7.619043],"to":[8.668425,9.9152,8.380957],"rotation":{"angle":0.0,"axis":"x","origin":[8.3018,8.0,8.0]},"faces":{"down":{"uv":[7.0,9.875,6.75,10.0625],"rotation":0,"texture":"#0","tintindex":0},"east":{"uv":[4.375,8.75,4.5625,9.5625],"rotation":0,"texture":"#0","tintindex":0},"north":{"uv":[8.25,8.375,8.5,9.1875],"rotation":0,"texture":"#0","tintindex":0},"south":{"uv":[0.0,8.5,0.25,9.3125],"rotation":0,"texture":"#0","tintindex":0},"up":{"uv":[6.75,10.0625,6.5,9.875],"rotation":0,"texture":"#0","tintindex":0},"west":{"uv":[8.75,8.875,8.9375,9.6875],"rotation":0,"texture":"#0","tintindex":0}}},{"name":"hexadecagon","from":[7.331576,6.0848,7.619043],"to":[8.668425,9.9152,8.380957],"rotation":{"angle":22.5,"axis":"x","origin":[8.3018,8.0,8.0]},"faces":{"down":{"uv":[7.25,9.875,7.0,10.0625],"rotation":0,"texture":"#0","tintindex":0},"east":{"uv":[7.0,9.0,7.1875,9.8125],"rotation":0,"texture":"#0","tintindex":0},"north":{"uv":[0.25,8.5,0.5,9.3125],"rotation":0,"texture":"#0","tintindex":0},"south":{"uv":[1.875,8.5,2.125,9.3125],"rotation":0,"texture":"#0","tintindex":0},"up":{"uv":[10.125,6.9375,9.875,6.75],"rotation":0,"texture":"#0","tintindex":0},"west":{"uv":[7.25,9.0,7.4375,9.8125],"rotation":0,"texture":"#0","tintindex":0}}}],"display":{"head":{"translation":[0.0,-6.4,0.0],"rotation":[0.0,0.0,0.0],"scale":[3.8095,3.8095,3.8095]}}}