{"textures":{"0":"modelengine:entity/secrob"},"elements":[{"name":"hexadecagon","from":[2.9503996,3.825827,6.3199997],"to":[8.3336,4.494172,9.68],"rotation":{"angle":-45.0,"axis":"x","origin":[8.012,4.16,8.0]},"faces":{"down":{"uv":[1.125,4.375,0.0,5.0625],"rotation":0,"texture":"#0","tintindex":0},"east":{"uv":[7.875,4.75,8.5625,4.875],"rotation":0,"texture":"#0","tintindex":0},"north":{"uv":[8.5,4.375,9.625,4.5],"rotation":0,"texture":"#0","tintindex":0},"south":{"uv":[9.125,0.25,10.25,0.375],"rotation":0,"texture":"#0","tintindex":0},"up":{"uv":[5.25,1.9375,4.125,1.25],"rotation":0,"texture":"#0","tintindex":0},"west":{"uv":[8.0,0.875,8.6875,1.0],"rotation":0,"texture":"#0","tintindex":0}}},{"name":"hexadecagon","from":[2.9503996,3.825827,6.3199997],"to":[8.3336,4.494172,9.68],"rotation":{"angle":-22.5,"axis":"x","origin":[8.012,4.16,8.0]},"faces":{"down":{"uv":[3.375,4.375,2.25,5.0625],"rotation":0,"texture":"#0","tintindex":0},"east":{"uv":[9.375,4.25,10.0625,4.375],"rotation":0,"texture":"#0","tintindex":0},"north":{"uv":[9.125,8.25,10.25,8.375],"rotation":0,"texture":"#0","tintindex":0},"south":{"uv":[9.25,3.125,10.375,3.25],"rotation":0,"texture":"#0","tintindex":0},"up":{"uv":[2.25,5.0625,1.125,4.375],"rotation":0,"texture":"#0","tintindex":0},"west":{"uv":[9.5,7.125,10.1875,7.25],"rotation":0,"texture":"#0","tintindex":0}}},{"name":"hexadecagon","from":[2.9503996,3.825827,6.3199997],"to":[8.3336,4.494172,9.68],"rotation":{"angle":0.0,"axis":"x","origin":[8.012,4.16,8.0]},"faces":{"down":{"uv":[5.625,2.75,4.5,3.4375],"rotation":0,"texture":"#0","tintindex":0},"east":{"uv":[7.5,9.5,8.1875,9.625],"rotation":0,"texture":"#0","tintindex":0},"north":{"uv":[9.25,3.25,10.375,3.375],"rotation":0,"texture":"#0","tintindex":0},"south":{"uv":[9.25,3.375,10.375,3.5],"rotation":0,"texture":"#0","tintindex":0},"up":{"uv":[5.625,2.6875,4.5,2.0],"rotation":0,"texture":"#0","tintindex":0},"west":{"uv":[0.375,9.625,1.0625,9.75],"rotation":0,"texture":"#0","tintindex":0}}},{"name":"hexadecagon","from":[2.9503996,3.825827,6.3199997],"to":[8.3336,4.494172,9.68],"rotation":{"angle":22.5,"axis":"x","origin":[8.012,4.16,8.0]},"faces":{"down":{"uv":[2.25,5.125,1.125,5.8125],"rotation":0,"texture":"#0","tintindex":0},"east":{"uv":[9.625,0.375,10.3125,0.5],"rotation":0,"texture":"#0","tintindex":0},"north":{"uv":[9.25,3.5,10.375,3.625],"rotation":0,"texture":"#0","tintindex":0},"south":{"uv":[9.25,3.625,10.375,3.75],"rotation":0,"texture":"#0","tintindex":0},"up":{"uv":[1.125,5.8125,0.0,5.125],"rotation":0,"texture":"#0","tintindex":0},"west":{"uv":[9.625,0.5,10.3125,0.625],"rotation":0,"texture":"#0","tintindex":0}}},{"name":"hexadecagon","from":[2.9503996,3.825827,6.3199997],"to":[8.3336,4.494172,9.68],"rotation":{"angle":45.0,"axis":"x","origin":[8.012,4.16,8.0]},"faces":{"down":{"uv":[4.5,5.125,3.375,5.8125],"rotation":0,"texture":"#0","tintindex":0},"east":{"uv":[9.625,1.375,10.3125,1.5],"rotation":0,"texture":"#0","tintindex":0},"north":{"uv":[9.25,3.75,10.375,3.875],"rotation":0,"texture":"#0","tintindex":0},"south":{"uv":[9.25,4.5,10.375,4.625],"rotation":0,"texture":"#0","tintindex":0},"up":{"uv":[3.375,5.8125,2.25,5.125],"rotation":0,"texture":"#0","tintindex":0},"west":{"uv":[9.625,1.5,10.3125,1.625],"rotation":0,"texture":"#0","tintindex":0}}},{"name":"hexadecagon","from":[2.9503996,2.48,7.6658273],"to":[8.3336,5.8399997,8.334173],"rotation":{"angle":-22.5,"axis":"x","origin":[8.012,4.16,8.0]},"faces":{"down":{"uv":[10.5,0.625,9.375,0.75],"rotation":0,"texture":"#0","tintindex":0},"east":{"uv":[8.625,9.25,8.75,9.9375],"rotation":0,"texture":"#0","tintindex":0},"north":{"uv":[5.125,3.5,6.25,4.1875],"rotation":0,"texture":"#0","tintindex":0},"south":{"uv":[5.125,4.25,6.25,4.9375],"rotation":0,"texture":"#0","tintindex":0},"up":{"uv":[10.375,4.75,9.25,4.625],"rotation":0,"texture":"#0","tintindex":0},"west":{"uv":[5.75,9.375,5.875,10.0625],"rotation":0,"texture":"#0","tintindex":0}}},{"name":"hexadecagon","from":[2.9503996,2.48,7.6658273],"to":[8.3336,5.8399997,8.334173],"rotation":{"angle":0.0,"axis":"x","origin":[8.012,4.16,8.0]},"faces":{"down":{"uv":[2.875,9.375,1.75,9.5],"rotation":0,"texture":"#0","tintindex":0},"east":{"uv":[5.875,9.375,6.0,10.0625],"rotation":0,"texture":"#0","tintindex":0},"north":{"uv":[4.5,5.125,5.625,5.8125],"rotation":0,"texture":"#0","tintindex":0},"south":{"uv":[5.25,1.25,6.375,1.9375],"rotation":0,"texture":"#0","tintindex":0},"up":{"uv":[10.5,0.875,9.375,0.75],"rotation":0,"texture":"#0","tintindex":0},"west":{"uv":[1.125,9.625,1.25,10.3125],"rotation":0,"texture":"#0","tintindex":0}}},{"name":"hexadecagon","from":[2.9503996,2.48,7.6658273],"to":[8.3336,5.8399997,8.334173],"rotation":{"angle":22.5,"axis":"x","origin":[8.012,4.16,8.0]},"faces":{"down":{"uv":[10.5,2.75,9.375,2.875],"rotation":0,"texture":"#0","tintindex":0},"east":{"uv":[9.625,1.625,9.75,2.3125],"rotation":0,"texture":"#0","tintindex":0},"north":{"uv":[5.625,2.0,6.75,2.6875],"rotation":0,"texture":"#0","tintindex":0},"south":{"uv":[5.625,2.75,6.75,3.4375],"rotation":0,"texture":"#0","tintindex":0},"up":{"uv":[10.5,2.75,9.375,2.625],"rotation":0,"texture":"#0","tintindex":0},"west":{"uv":[2.875,9.625,3.0,10.3125],"rotation":0,"texture":"#0","tintindex":0}}}],"display":{"head":{"translation":[0.0,-6.4,0.0],"rotation":[0.0,0.0,0.0],"scale":[3.8095,3.8095,3.8095]}}}