{"textures":{"0":"modelengine:entity/secrob"},"elements":[{"name":"cube","from":[6.2,15.8,6.2],"to":[10.4,19.16,10.4],"rotation":{"angle":0.0,"axis":"x","origin":[8.0,2.6,8.0]},"faces":{"down":{"uv":[0.0,6.75,0.875,7.4375],"rotation":0,"texture":"#0","tintindex":0},"east":{"uv":[0.0,6.75,0.875,7.4375],"rotation":0,"texture":"#0","tintindex":0},"north":{"uv":[0.0,6.75,0.875,7.4375],"rotation":0,"texture":"#0","tintindex":0},"south":{"uv":[0.0,6.75,0.875,7.4375],"rotation":0,"texture":"#0","tintindex":0},"up":{"uv":[0.0,6.75,0.875,7.4375],"rotation":0,"texture":"#0","tintindex":0},"west":{"uv":[0.0,6.75,0.875,7.4375],"rotation":0,"texture":"#0","tintindex":0}}},{"name":"cube","from":[3.931355,8.318624,5.66],"to":[12.631355,11.078623,10.940001],"rotation":{"angle":0.0,"axis":"x","origin":[11.431355,8.678623,8.3]},"faces":{"down":{"uv":[1.8125,1.125,0.0,2.25],"rotation":0,"texture":"#0","tintindex":0},"east":{"uv":[6.25,4.25,7.375,4.8125],"rotation":0,"texture":"#0","tintindex":0},"north":{"uv":[4.125,0.0,5.9375,0.5625],"rotation":0,"texture":"#0","tintindex":0},"south":{"uv":[4.125,0.625,5.9375,1.1875],"rotation":0,"texture":"#0","tintindex":0},"up":{"uv":[1.8125,1.125,0.0,0.0],"rotation":0,"texture":"#0","tintindex":0},"west":{"uv":[6.375,0.75,7.5,1.3125],"rotation":0,"texture":"#0","tintindex":0}}},{"name":"cube","from":[8.6,9.68,5.72],"to":[11.0,14.48,10.88],"rotation":{"angle":22.5,"axis":"z","origin":[8.3,14.48,8.3]},"faces":{"down":{"uv":[7.5,6.375,7.0,7.4375],"rotation":0,"texture":"#0","tintindex":0},"east":{"uv":[3.0,1.125,4.0625,2.125],"rotation":0,"texture":"#0","tintindex":0},"north":{"uv":[6.0,7.375,6.5,8.375],"rotation":0,"texture":"#0","tintindex":0},"south":{"uv":[6.5,7.375,7.0,8.375],"rotation":0,"texture":"#0","tintindex":0},"up":{"uv":[5.5,7.6875,5.0,6.625],"rotation":0,"texture":"#0","tintindex":0},"west":{"uv":[0.0,3.375,1.0625,4.375],"rotation":0,"texture":"#0","tintindex":0}}},{"name":"cube","from":[5.6,10.88,5.6],"to":[11.0,16.16,11.0],"rotation":{"angle":0.0,"axis":"x","origin":[8.0,4.88,8.0]},"faces":{"down":{"uv":[4.125,0.0,3.0,1.125],"rotation":0,"texture":"#0","tintindex":0},"east":{"uv":[1.875,1.125,3.0,2.25],"rotation":0,"texture":"#0","tintindex":0},"north":{"uv":[1.875,0.0,3.0,1.125],"rotation":0,"texture":"#0","tintindex":0},"south":{"uv":[0.0,2.25,1.125,3.375],"rotation":0,"texture":"#0","tintindex":0},"up":{"uv":[3.375,3.375,2.25,2.25],"rotation":0,"texture":"#0","tintindex":0},"west":{"uv":[1.125,2.25,2.25,3.375],"rotation":0,"texture":"#0","tintindex":0}}}],"display":{"head":{"translation":[0.0,-6.4,0.0],"rotation":[0.0,0.0,0.0],"scale":[3.8095,3.8095,3.8095]}}}