{"textures":{"0":"modelengine:entity/secrob"},"elements":[{"name":"cube","from":[5.2960606,12.585486,5.7799997],"to":[10.69606,15.945487,10.219999],"rotation":{"angle":0.0,"axis":"x","origin":[7.9960604,13.065486,8.0]},"faces":{"down":{"uv":[4.5,3.125,3.375,4.0625],"rotation":0,"texture":"#0","tintindex":0},"east":{"uv":[6.0,0.0,6.9375,0.6875],"rotation":0,"texture":"#0","tintindex":0},"north":{"uv":[5.625,5.0,6.75,5.6875],"rotation":0,"texture":"#0","tintindex":0},"south":{"uv":[5.625,5.75,6.75,6.4375],"rotation":0,"texture":"#0","tintindex":0},"up":{"uv":[3.375,4.3125,2.25,3.375],"rotation":0,"texture":"#0","tintindex":0},"west":{"uv":[6.25,3.5,7.1875,4.1875],"rotation":0,"texture":"#0","tintindex":0}}},{"name":"cube","from":[5.7160606,15.945487,6.14],"to":[10.27606,16.905487,9.860001],"rotation":{"angle":0.0,"axis":"x","origin":[7.9960604,13.065486,8.0]},"faces":{"down":{"uv":[5.4375,5.875,4.5,6.625],"rotation":0,"texture":"#0","tintindex":0},"east":{"uv":[6.25,9.25,7.0,9.4375],"rotation":0,"texture":"#0","tintindex":0},"north":{"uv":[8.625,0.375,9.5625,0.5625],"rotation":0,"texture":"#0","tintindex":0},"south":{"uv":[8.75,8.375,9.6875,8.5625],"rotation":0,"texture":"#0","tintindex":0},"up":{"uv":[4.4375,6.625,3.5,5.875],"rotation":0,"texture":"#0","tintindex":0},"west":{"uv":[2.875,9.375,3.625,9.5625],"rotation":0,"texture":"#0","tintindex":0}}},{"name":"cube","from":[5.155905,12.79728,5.84],"to":[7.675905,14.477281,10.16],"rotation":{"angle":22.5,"axis":"z","origin":[9.955906,13.87728,8.0]},"faces":{"down":{"uv":[2.0,7.5,1.5,8.375],"rotation":0,"texture":"#0","tintindex":0},"east":{"uv":[8.25,8.0,9.125,8.375],"rotation":0,"texture":"#0","tintindex":0},"north":{"uv":[7.0,0.375,7.5,0.75],"rotation":0,"texture":"#0","tintindex":0},"south":{"uv":[8.625,0.0,9.125,0.375],"rotation":0,"texture":"#0","tintindex":0},"up":{"uv":[1.5,8.375,1.0,7.5],"rotation":0,"texture":"#0","tintindex":0},"west":{"uv":[0.5,8.375,1.375,8.75],"rotation":0,"texture":"#0","tintindex":0}}},{"name":"cube","from":[5.89606,10.785486,5.7799997],"to":[10.09606,12.045486,10.219999],"rotation":{"angle":0.0,"axis":"x","origin":[7.9960604,13.065486,8.0]},"faces":{"down":{"uv":[5.125,4.125,4.25,5.0625],"rotation":0,"texture":"#0","tintindex":0},"east":{"uv":[8.25,2.375,9.1875,2.625],"rotation":0,"texture":"#0","tintindex":0},"north":{"uv":[8.375,2.875,9.25,3.125],"rotation":0,"texture":"#0","tintindex":0},"south":{"uv":[8.375,3.125,9.25,3.375],"rotation":0,"texture":"#0","tintindex":0},"up":{"uv":[4.25,5.0625,3.375,4.125],"rotation":0,"texture":"#0","tintindex":0},"west":{"uv":[8.375,2.625,9.3125,2.875],"rotation":0,"texture":"#0","tintindex":0}}},{"name":"cube","from":[8.695905,11.29728,5.84],"to":[11.095905,12.977281,10.16],"rotation":{"angle":-22.5,"axis":"z","origin":[9.955906,13.87728,8.0]},"faces":{"down":{"uv":[1.0,7.5,0.5,8.375],"rotation":0,"texture":"#0","tintindex":0},"east":{"uv":[8.25,7.25,9.125,7.625],"rotation":0,"texture":"#0","tintindex":0},"north":{"uv":[6.75,2.875,7.25,3.25],"rotation":0,"texture":"#0","tintindex":0},"south":{"uv":[7.0,0.0,7.5,0.375],"rotation":0,"texture":"#0","tintindex":0},"up":{"uv":[7.875,4.875,7.375,4.0],"rotation":0,"texture":"#0","tintindex":0},"west":{"uv":[8.25,7.625,9.125,8.0],"rotation":0,"texture":"#0","tintindex":0}}}],"display":{"head":{"translation":[0.0,-6.4,0.0],"rotation":[0.0,0.0,0.0],"scale":[3.8095,3.8095,3.8095]}}}