{"textures":{"0":"modelengine:entity/statue4"},"elements":[{"name":"cube","from":[7.4,1.8499998,8.9],"to":[8.6,4.25,10.1],"rotation":{"angle":0.0,"axis":"x","origin":[8.0,1.2499998,8.6]},"faces":{"down":{"uv":[0.25,10.625,0.0,10.875],"rotation":0,"texture":"#0","tintindex":0},"east":{"uv":[2.75,10.375,3.0,10.875],"rotation":0,"texture":"#0","tintindex":0},"north":{"uv":[5.0,10.125,5.25,10.625],"rotation":0,"texture":"#0","tintindex":0},"south":{"uv":[9.25,10.375,9.5,10.875],"rotation":0,"texture":"#0","tintindex":0},"up":{"uv":[10.75,9.5,10.5,9.25],"rotation":0,"texture":"#0","tintindex":0},"west":{"uv":[9.625,10.375,9.875,10.875],"rotation":0,"texture":"#0","tintindex":0}}},{"name":"cube","from":[5.6,1.8499998,9.35],"to":[6.8,4.25,10.55],"rotation":{"angle":-22.5,"axis":"z","origin":[8.0,1.2499998,8.6]},"faces":{"down":{"uv":[10.875,0.75,10.625,1.0],"rotation":0,"texture":"#0","tintindex":0},"east":{"uv":[10.375,10.375,10.625,10.875],"rotation":0,"texture":"#0","tintindex":0},"north":{"uv":[10.0,10.375,10.25,10.875],"rotation":0,"texture":"#0","tintindex":0},"south":{"uv":[10.5,1.625,10.75,2.125],"rotation":0,"texture":"#0","tintindex":0},"up":{"uv":[10.875,0.625,10.625,0.375],"rotation":0,"texture":"#0","tintindex":0},"west":{"uv":[3.625,10.5,3.875,11.0],"rotation":0,"texture":"#0","tintindex":0}}}],"display":{"head":{"translation":[0.0,-6.4,0.0],"rotation":[0.0,0.0,0.0],"scale":[3.8095,3.8095,3.8095]}}}