{"textures":{"0":"modelengine:entity/statue4"},"elements":[{"name":"cube","from":[5.6,1.2499998,6.8],"to":[7.4,1.8499998,9.2],"rotation":{"angle":22.5,"axis":"y","origin":[8.0,1.2499998,8.6]},"faces":{"down":{"uv":[10.375,1.625,10.0,2.125],"rotation":0,"texture":"#0","tintindex":0},"east":{"uv":[7.5,3.75,8.0,3.875],"rotation":0,"texture":"#0","tintindex":0},"north":{"uv":[10.75,6.875,11.125,7.0],"rotation":0,"texture":"#0","tintindex":0},"south":{"uv":[10.75,7.125,11.125,7.25],"rotation":0,"texture":"#0","tintindex":0},"up":{"uv":[0.375,10.5,0.0,10.0],"rotation":0,"texture":"#0","tintindex":0},"west":{"uv":[9.125,0.5,9.625,0.625],"rotation":0,"texture":"#0","tintindex":0}}},{"name":"cube","from":[5.8999996,1.2499998,5.6],"to":[7.1,1.6999998,6.8],"rotation":{"angle":22.5,"axis":"y","origin":[8.0,1.2499998,8.6]},"faces":{"down":{"uv":[3.375,10.75,3.125,11.0],"rotation":0,"texture":"#0","tintindex":0},"east":{"uv":[4.625,10.875,4.875,11.0],"rotation":0,"texture":"#0","tintindex":0},"north":{"uv":[10.875,3.375,11.125,3.5],"rotation":0,"texture":"#0","tintindex":0},"south":{"uv":[10.875,5.25,11.125,5.375],"rotation":0,"texture":"#0","tintindex":0},"up":{"uv":[11.0,2.5,10.75,2.25],"rotation":0,"texture":"#0","tintindex":0},"west":{"uv":[10.875,5.5,11.125,5.625],"rotation":0,"texture":"#0","tintindex":0}}},{"name":"cube","from":[8.9,1.2499998,5.6],"to":[10.1,1.6999998,6.8],"rotation":{"angle":-22.5,"axis":"y","origin":[8.0,1.2499998,8.6]},"faces":{"down":{"uv":[11.0,4.125,10.75,4.375],"rotation":0,"texture":"#0","tintindex":0},"east":{"uv":[5.875,10.875,6.125,11.0],"rotation":0,"texture":"#0","tintindex":0},"north":{"uv":[10.875,5.75,11.125,5.875],"rotation":0,"texture":"#0","tintindex":0},"south":{"uv":[10.875,6.0,11.125,6.125],"rotation":0,"texture":"#0","tintindex":0},"up":{"uv":[11.0,4.0,10.75,3.75],"rotation":0,"texture":"#0","tintindex":0},"west":{"uv":[10.875,6.25,11.125,6.375],"rotation":0,"texture":"#0","tintindex":0}}},{"name":"cube","from":[8.6,1.2499998,6.8],"to":[10.4,1.8499998,9.2],"rotation":{"angle":-22.5,"axis":"y","origin":[8.0,1.2499998,8.6]},"faces":{"down":{"uv":[10.375,6.0,10.0,6.5],"rotation":0,"texture":"#0","tintindex":0},"east":{"uv":[9.25,8.0,9.75,8.125],"rotation":0,"texture":"#0","tintindex":0},"north":{"uv":[10.75,7.375,11.125,7.5],"rotation":0,"texture":"#0","tintindex":0},"south":{"uv":[10.75,7.625,11.125,7.75],"rotation":0,"texture":"#0","tintindex":0},"up":{"uv":[10.375,5.875,10.0,5.375],"rotation":0,"texture":"#0","tintindex":0},"west":{"uv":[10.75,4.5,11.25,4.625],"rotation":0,"texture":"#0","tintindex":0}}}],"display":{"head":{"translation":[0.0,-6.4,0.0],"rotation":[0.0,0.0,0.0],"scale":[3.8095,3.8095,3.8095]}}}