{"textures":{"0":"modelengine:entity/statue4"},"elements":[{"name":"cube","from":[5.0,10.85,7.4],"to":[11.0,14.45,10.4],"rotation":{"angle":0.0,"axis":"x","origin":[8.0,1.2499998,8.6]},"faces":{"down":{"uv":[7.5,6.25,6.25,6.875],"rotation":0,"texture":"#0","tintindex":0},"east":{"uv":[8.0,4.875,8.625,5.625],"rotation":0,"texture":"#0","tintindex":0},"north":{"uv":[5.5,5.375,6.75,6.125],"rotation":0,"texture":"#0","tintindex":0},"south":{"uv":[6.125,0.0,7.375,0.75],"rotation":0,"texture":"#0","tintindex":0},"up":{"uv":[7.375,1.5,6.125,0.875],"rotation":0,"texture":"#0","tintindex":0},"west":{"uv":[8.25,1.5,8.875,2.25],"rotation":0,"texture":"#0","tintindex":0}}},{"name":"cube","from":[0.6336627,10.706739,7.4015],"to":[6.17694,13.00284,10.3985],"rotation":{"angle":-22.5,"axis":"z","origin":[3.17694,-0.19716,8.6015005]},"faces":{"down":{"uv":[3.375,7.0,2.25,7.625],"rotation":0,"texture":"#0","tintindex":0},"east":{"uv":[9.75,9.25,10.375,9.75],"rotation":0,"texture":"#0","tintindex":0},"north":{"uv":[7.5,0.875,8.625,1.375],"rotation":0,"texture":"#0","tintindex":0},"south":{"uv":[7.5,3.125,8.625,3.625],"rotation":0,"texture":"#0","tintindex":0},"up":{"uv":[8.125,2.25,7.0,1.625],"rotation":0,"texture":"#0","tintindex":0},"west":{"uv":[9.875,0.5,10.5,1.0],"rotation":0,"texture":"#0","tintindex":0}}},{"name":"cube","from":[4.7,4.85,7.1],"to":[11.3,8.45,10.700001],"rotation":{"angle":0.0,"axis":"x","origin":[8.0,-4.7500005,8.6]},"faces":{"down":{"uv":[6.25,3.5,4.875,4.25],"rotation":0,"texture":"#0","tintindex":0},"east":{"uv":[6.125,7.625,6.875,8.375],"rotation":0,"texture":"#0","tintindex":0},"north":{"uv":[1.625,4.5,3.0,5.25],"rotation":0,"texture":"#0","tintindex":0},"south":{"uv":[3.125,4.5,4.5,5.25],"rotation":0,"texture":"#0","tintindex":0},"up":{"uv":[6.0,5.25,4.625,4.5],"rotation":0,"texture":"#0","tintindex":0},"west":{"uv":[7.625,6.125,8.375,6.875],"rotation":0,"texture":"#0","tintindex":0}}},{"name":"cube","from":[9.580662,4.417154,7.1015],"to":[15.6782675,6.9428654,10.6985],"rotation":{"angle":22.5,"axis":"z","origin":[12.401103,-6.3719406,8.6015005]},"faces":{"down":{"uv":[4.875,6.125,3.625,6.875],"rotation":0,"texture":"#0","tintindex":0},"east":{"uv":[9.0,1.25,9.75,1.75],"rotation":0,"texture":"#0","tintindex":0},"north":{"uv":[6.25,7.0,7.5,7.5],"rotation":0,"texture":"#0","tintindex":0},"south":{"uv":[4.75,7.125,6.0,7.625],"rotation":0,"texture":"#0","tintindex":0},"up":{"uv":[3.5,6.875,2.25,6.125],"rotation":0,"texture":"#0","tintindex":0},"west":{"uv":[9.0,3.5,9.75,4.0],"rotation":0,"texture":"#0","tintindex":0}}},{"name":"cube","from":[5.3,19.850002,7.4],"to":[10.700001,23.45,10.1],"rotation":{"angle":0.0,"axis":"x","origin":[8.0,1.2499998,8.6]},"faces":{"down":{"uv":[4.625,7.0,3.5,7.625],"rotation":0,"texture":"#0","tintindex":0},"east":{"uv":[8.25,3.75,8.875,4.5],"rotation":0,"texture":"#0","tintindex":0},"north":{"uv":[6.125,4.375,7.25,5.125],"rotation":0,"texture":"#0","tintindex":0},"south":{"uv":[5.0,6.25,6.125,7.0],"rotation":0,"texture":"#0","tintindex":0},"up":{"uv":[8.125,3.0,7.0,2.375],"rotation":0,"texture":"#0","tintindex":0},"west":{"uv":[7.0,8.25,7.625,9.0],"rotation":0,"texture":"#0","tintindex":0}}},{"name":"cube","from":[5.8999996,18.05,7.7],"to":[10.1,19.850002,10.1],"rotation":{"angle":0.0,"axis":"x","origin":[8.0,1.2499998,8.6]},"faces":{"down":{"uv":[9.125,7.625,8.25,8.125],"rotation":0,"texture":"#0","tintindex":0},"east":{"uv":[9.875,8.375,10.375,8.75],"rotation":0,"texture":"#0","tintindex":0},"north":{"uv":[8.75,9.25,9.625,9.625],"rotation":0,"texture":"#0","tintindex":0},"south":{"uv":[3.75,9.375,4.625,9.75],"rotation":0,"texture":"#0","tintindex":0},"up":{"uv":[9.125,2.875,8.25,2.375],"rotation":0,"texture":"#0","tintindex":0},"west":{"uv":[9.5,9.875,10.0,10.25],"rotation":0,"texture":"#0","tintindex":0}}},{"name":"cube","from":[5.3,1.5499997,7.7],"to":[10.700001,18.05,10.1],"rotation":{"angle":0.0,"axis":"x","origin":[8.0,1.2499998,8.6]},"faces":{"down":{"uv":[8.75,7.0,7.625,7.5],"rotation":0,"texture":"#0","tintindex":0},"east":{"uv":[2.5,0.0,3.0,3.5],"rotation":0,"texture":"#0","tintindex":0},"north":{"uv":[0.0,0.0,1.125,3.5],"rotation":0,"texture":"#0","tintindex":0},"south":{"uv":[1.25,0.0,2.375,3.5],"rotation":0,"texture":"#0","tintindex":0},"up":{"uv":[8.125,8.125,7.0,7.625],"rotation":0,"texture":"#0","tintindex":0},"west":{"uv":[3.125,0.0,3.625,3.5],"rotation":0,"texture":"#0","tintindex":0}}}],"display":{"head":{"translation":[0.0,-6.4,0.0],"rotation":[0.0,0.0,0.0],"scale":[3.8095,3.8095,3.8095]}}}