{"textures":{"0":"modelengine:entity/statue4"},"elements":[{"name":"cube","from":[5.6,-1.0000005,9.8],"to":[6.8,0.49999976,11.0],"rotation":{"angle":0.0,"axis":"x","origin":[6.2,-23.2,10.55]},"faces":{"down":{"uv":[10.875,9.625,10.625,9.875],"rotation":0,"texture":"#0","tintindex":0},"east":{"uv":[7.625,10.5,7.875,10.875],"rotation":0,"texture":"#0","tintindex":0},"north":{"uv":[7.25,10.5,7.5,10.875],"rotation":0,"texture":"#0","tintindex":0},"south":{"uv":[8.0,10.5,8.25,10.875],"rotation":0,"texture":"#0","tintindex":0},"up":{"uv":[10.875,9.0,10.625,8.75],"rotation":0,"texture":"#0","tintindex":0},"west":{"uv":[8.375,10.5,8.625,10.875],"rotation":0,"texture":"#0","tintindex":0}}},{"name":"cube","from":[4.7,-0.7000003,9.2],"to":[7.7,0.49999976,10.4],"rotation":{"angle":0.0,"axis":"x","origin":[5.8999996,-23.2,10.55]},"faces":{"down":{"uv":[10.75,0.0,10.125,0.25],"rotation":0,"texture":"#0","tintindex":0},"east":{"uv":[10.625,10.0,10.875,10.25],"rotation":0,"texture":"#0","tintindex":0},"north":{"uv":[9.875,8.875,10.5,9.125],"rotation":0,"texture":"#0","tintindex":0},"south":{"uv":[10.0,4.125,10.625,4.375],"rotation":0,"texture":"#0","tintindex":0},"up":{"uv":[10.625,7.25,10.0,7.0],"rotation":0,"texture":"#0","tintindex":0},"west":{"uv":[10.75,1.125,11.0,1.375],"rotation":0,"texture":"#0","tintindex":0}}},{"name":"cube","from":[4.85,-1.359909,7.542978],"to":[7.55,1.1900911,8.442978],"rotation":{"angle":22.5,"axis":"x","origin":[7.55,-1.359909,7.542978]},"faces":{"down":{"uv":[8.625,10.125,8.0,10.375],"rotation":0,"texture":"#0","tintindex":0},"east":{"uv":[4.0,10.5,4.25,11.0],"rotation":0,"texture":"#0","tintindex":0},"north":{"uv":[0.0,9.375,0.625,9.875],"rotation":0,"texture":"#0","tintindex":0},"south":{"uv":[7.25,9.5,7.875,10.0],"rotation":0,"texture":"#0","tintindex":0},"up":{"uv":[7.875,10.375,7.25,10.125],"rotation":0,"texture":"#0","tintindex":0},"west":{"uv":[10.5,5.375,10.75,5.875],"rotation":0,"texture":"#0","tintindex":0}}},{"name":"cube","from":[5.8999996,6.4505796,-8.879574],"to":[6.5,7.2005796,-7.9795732],"rotation":{"angle":45.0,"axis":"x","origin":[7.1,-16.649422,-6.7795734]},"faces":{"down":{"uv":[10.875,10.625,10.75,10.875],"rotation":0,"texture":"#0","tintindex":0},"east":{"uv":[10.75,8.125,11.0,8.25],"rotation":0,"texture":"#0","tintindex":0},"north":{"uv":[8.75,10.875,8.875,11.0],"rotation":0,"texture":"#0","tintindex":0},"south":{"uv":[9.0,10.875,9.125,11.0],"rotation":0,"texture":"#0","tintindex":0},"up":{"uv":[0.625,10.25,0.5,10.0],"rotation":0,"texture":"#0","tintindex":0},"west":{"uv":[10.75,10.375,11.0,10.5],"rotation":0,"texture":"#0","tintindex":0}}},{"name":"cube","from":[4.7,0.49999976,8.6],"to":[7.7,2.8999999,11.6],"rotation":{"angle":0.0,"axis":"x","origin":[5.8999996,-23.2,10.55]},"faces":{"down":{"uv":[4.375,8.625,3.75,9.25],"rotation":0,"texture":"#0","tintindex":0},"east":{"uv":[0.75,9.75,1.375,10.25],"rotation":0,"texture":"#0","tintindex":0},"north":{"uv":[8.0,9.5,8.625,10.0],"rotation":0,"texture":"#0","tintindex":0},"south":{"uv":[5.875,9.75,6.5,10.25],"rotation":0,"texture":"#0","tintindex":0},"up":{"uv":[9.0,0.625,8.375,0.0],"rotation":0,"texture":"#0","tintindex":0},"west":{"uv":[8.75,9.75,9.375,10.25],"rotation":0,"texture":"#0","tintindex":0}}},{"name":"cube","from":[-2.582581,4.1928844,8.3],"to":[-1.3825808,4.792885,8.6],"rotation":{"angle":-22.5,"axis":"z","origin":[-3.182581,-19.507114,7.55]},"faces":{"down":{"uv":[1.375,10.875,1.125,11.0],"rotation":0,"texture":"#0","tintindex":0},"east":{"uv":[10.875,9.125,11.0,9.25],"rotation":0,"texture":"#0","tintindex":0},"north":{"uv":[10.875,0.0,11.125,0.125],"rotation":0,"texture":"#0","tintindex":0},"south":{"uv":[0.375,10.875,0.625,11.0],"rotation":0,"texture":"#0","tintindex":0},"up":{"uv":[1.0,11.0,0.75,10.875],"rotation":0,"texture":"#0","tintindex":0},"west":{"uv":[10.875,9.375,11.0,9.5],"rotation":0,"texture":"#0","tintindex":0}}},{"name":"cube","from":[13.78258,4.1928844,8.3],"to":[14.982581,4.792885,8.6],"rotation":{"angle":22.5,"axis":"z","origin":[15.582581,-19.507114,7.55]},"faces":{"down":{"uv":[2.5,10.875,2.25,11.0],"rotation":0,"texture":"#0","tintindex":0},"east":{"uv":[0.0,11.0,0.125,11.125],"rotation":0,"texture":"#0","tintindex":0},"north":{"uv":[10.875,1.5,11.125,1.625],"rotation":0,"texture":"#0","tintindex":0},"south":{"uv":[10.875,1.75,11.125,1.875],"rotation":0,"texture":"#0","tintindex":0},"up":{"uv":[11.125,2.125,10.875,2.0],"rotation":0,"texture":"#0","tintindex":0},"west":{"uv":[11.0,0.25,11.125,0.375],"rotation":0,"texture":"#0","tintindex":0}}},{"name":"cube","from":[4.3999996,2.8999999,8.3],"to":[8.0,4.25,11.900001],"rotation":{"angle":22.5,"axis":"x","origin":[7.7,2.8999999,8.6]},"faces":{"down":{"uv":[8.25,0.0,7.5,0.75],"rotation":0,"texture":"#0","tintindex":0},"east":{"uv":[6.375,4.0,7.125,4.25],"rotation":0,"texture":"#0","tintindex":0},"north":{"uv":[5.375,3.125,6.125,3.375],"rotation":0,"texture":"#0","tintindex":0},"south":{"uv":[9.0,6.625,9.75,6.875],"rotation":0,"texture":"#0","tintindex":0},"up":{"uv":[8.125,4.75,7.375,4.0],"rotation":0,"texture":"#0","tintindex":0},"west":{"uv":[9.875,3.75,10.625,4.0],"rotation":0,"texture":"#0","tintindex":0}}},{"name":"cube","from":[4.3999996,0.049999714,10.700001],"to":[8.0,2.6,11.900001],"rotation":{"angle":0.0,"axis":"x","origin":[7.7,1.2499998,8.6]},"faces":{"down":{"uv":[10.625,5.0,9.875,5.25],"rotation":0,"texture":"#0","tintindex":0},"east":{"uv":[10.5,6.0,10.75,6.5],"rotation":0,"texture":"#0","tintindex":0},"north":{"uv":[4.5,8.625,5.25,9.125],"rotation":0,"texture":"#0","tintindex":0},"south":{"uv":[0.0,8.75,0.75,9.25],"rotation":0,"texture":"#0","tintindex":0},"up":{"uv":[10.625,4.875,9.875,4.625],"rotation":0,"texture":"#0","tintindex":0},"west":{"uv":[6.375,10.5,6.625,11.0],"rotation":0,"texture":"#0","tintindex":0}}},{"name":"cube","from":[5.3,-0.7000003,8.6],"to":[7.1,0.49999976,9.2],"rotation":{"angle":0.0,"axis":"x","origin":[5.8999996,-23.2,10.55]},"faces":{"down":{"uv":[11.125,6.625,10.75,6.75],"rotation":0,"texture":"#0","tintindex":0},"east":{"uv":[10.875,2.625,11.0,2.875],"rotation":0,"texture":"#0","tintindex":0},"north":{"uv":[7.375,4.875,7.75,5.125],"rotation":0,"texture":"#0","tintindex":0},"south":{"uv":[8.0,5.75,8.375,6.0],"rotation":0,"texture":"#0","tintindex":0},"up":{"uv":[11.125,5.125,10.75,5.0],"rotation":0,"texture":"#0","tintindex":0},"west":{"uv":[10.875,3.0,11.0,3.25],"rotation":0,"texture":"#0","tintindex":0}}}],"display":{"head":{"translation":[0.0,-6.4,0.0],"rotation":[0.0,0.0,0.0],"scale":[3.8095,3.8095,3.8095]}}}