{"textures":{"0":"modelengine:entity/statue4"},"elements":[{"name":"cube","from":[2.3408284,0.33405685,10.9955845],"to":[4.140828,5.7340574,12.795585],"rotation":{"angle":-22.5,"axis":"z","origin":[3.5408282,6.334057,10.095585]},"faces":{"down":{"uv":[10.625,2.25,10.25,2.625],"rotation":0,"texture":"#0","tintindex":0},"east":{"uv":[8.25,8.25,8.625,9.375],"rotation":0,"texture":"#0","tintindex":0},"north":{"uv":[7.75,8.25,8.125,9.375],"rotation":0,"texture":"#0","tintindex":0},"south":{"uv":[8.5,5.75,8.875,6.875],"rotation":0,"texture":"#0","tintindex":0},"up":{"uv":[10.5,10.25,10.125,9.875],"rotation":0,"texture":"#0","tintindex":0},"west":{"uv":[6.0,8.5,6.375,9.625],"rotation":0,"texture":"#0","tintindex":0}}},{"name":"cube","from":[0.1385696,1.8374456,9.345585],"to":[4.9385695,3.6374457,11.145584],"rotation":{"angle":22.5,"axis":"z","origin":[6.13857,2.4374456,8.7455845]},"faces":{"down":{"uv":[9.75,4.625,8.75,5.0],"rotation":0,"texture":"#0","tintindex":0},"east":{"uv":[10.25,7.375,10.625,7.75],"rotation":0,"texture":"#0","tintindex":0},"north":{"uv":[8.75,0.75,9.75,1.125],"rotation":0,"texture":"#0","tintindex":0},"south":{"uv":[0.875,8.75,1.875,9.125],"rotation":0,"texture":"#0","tintindex":0},"up":{"uv":[9.75,3.375,8.75,3.0],"rotation":0,"texture":"#0","tintindex":0},"west":{"uv":[0.5,10.375,0.875,10.75],"rotation":0,"texture":"#0","tintindex":0}}},{"name":"cube","from":[0.82490206,-0.41298318,9.347084],"to":[5.2595243,1.4238973,11.144085],"rotation":{"angle":0.0,"axis":"x","origin":[6.459524,0.22389722,8.747084]},"faces":{"down":{"uv":[9.875,6.125,9.0,6.5],"rotation":0,"texture":"#0","tintindex":0},"east":{"uv":[1.0,10.375,1.375,10.75],"rotation":0,"texture":"#0","tintindex":0},"north":{"uv":[9.0,1.875,9.875,2.25],"rotation":0,"texture":"#0","tintindex":0},"south":{"uv":[9.0,4.125,9.875,4.5],"rotation":0,"texture":"#0","tintindex":0},"up":{"uv":[9.875,6.0,9.0,5.625],"rotation":0,"texture":"#0","tintindex":0},"west":{"uv":[2.25,10.375,2.625,10.75],"rotation":0,"texture":"#0","tintindex":0}}},{"name":"cube","from":[6.5408287,0.33405685,10.9955845],"to":[8.340828,5.7340574,12.795585],"rotation":{"angle":22.5,"axis":"z","origin":[7.140828,6.334057,10.095585]},"faces":{"down":{"uv":[10.75,3.25,10.375,3.625],"rotation":0,"texture":"#0","tintindex":0},"east":{"uv":[2.25,8.625,2.625,9.75],"rotation":0,"texture":"#0","tintindex":0},"north":{"uv":[6.5,8.5,6.875,9.625],"rotation":0,"texture":"#0","tintindex":0},"south":{"uv":[2.75,8.625,3.125,9.75],"rotation":0,"texture":"#0","tintindex":0},"up":{"uv":[10.75,3.125,10.375,2.75],"rotation":0,"texture":"#0","tintindex":0},"west":{"uv":[3.25,8.625,3.625,9.75],"rotation":0,"texture":"#0","tintindex":0}}},{"name":"cube","from":[5.497056,0.6499996,11.145584],"to":[10.297056,4.25,12.645584],"rotation":{"angle":45.0,"axis":"z","origin":[9.697056,1.2499998,10.9955845]},"faces":{"down":{"uv":[9.75,8.25,8.75,8.625],"rotation":0,"texture":"#0","tintindex":0},"east":{"uv":[4.75,9.25,5.125,10.0],"rotation":0,"texture":"#0","tintindex":0},"north":{"uv":[6.375,3.125,7.375,3.875],"rotation":0,"texture":"#0","tintindex":0},"south":{"uv":[6.875,5.25,7.875,6.0],"rotation":0,"texture":"#0","tintindex":0},"up":{"uv":[9.75,5.5,8.75,5.125],"rotation":0,"texture":"#0","tintindex":0},"west":{"uv":[1.5,9.75,1.875,10.5],"rotation":0,"texture":"#0","tintindex":0}}},{"name":"cube","from":[6.8,-0.5500004,9.2],"to":[11.0,1.2499998,11.0],"rotation":{"angle":-22.5,"axis":"y","origin":[8.0,1.2499998,8.6]},"faces":{"down":{"uv":[10.125,7.5,9.25,7.875],"rotation":0,"texture":"#0","tintindex":0},"east":{"uv":[5.875,10.375,6.25,10.75],"rotation":0,"texture":"#0","tintindex":0},"north":{"uv":[9.125,0.0,10.0,0.375],"rotation":0,"texture":"#0","tintindex":0},"south":{"uv":[0.875,9.25,1.75,9.625],"rotation":0,"texture":"#0","tintindex":0},"up":{"uv":[10.125,2.75,9.25,2.375],"rotation":0,"texture":"#0","tintindex":0},"west":{"uv":[8.75,10.375,9.125,10.75],"rotation":0,"texture":"#0","tintindex":0}}},{"name":"cube","from":[6.8,-1.7500005,9.2],"to":[10.4,-0.5500004,11.0],"rotation":{"angle":-22.5,"axis":"y","origin":[8.0,1.2499998,8.6]},"faces":{"down":{"uv":[3.0,9.875,2.25,10.25],"rotation":0,"texture":"#0","tintindex":0},"east":{"uv":[7.25,9.125,7.625,9.375],"rotation":0,"texture":"#0","tintindex":0},"north":{"uv":[9.875,6.625,10.625,6.875],"rotation":0,"texture":"#0","tintindex":0},"south":{"uv":[9.875,8.0,10.625,8.25],"rotation":0,"texture":"#0","tintindex":0},"up":{"uv":[10.625,1.5,9.875,1.125],"rotation":0,"texture":"#0","tintindex":0},"west":{"uv":[10.5,8.375,10.875,8.625],"rotation":0,"texture":"#0","tintindex":0}}},{"name":"cube","from":[0.3846004,0.6499996,11.145584],"to":[5.1846004,4.25,12.645584],"rotation":{"angle":-45.0,"axis":"z","origin":[0.9846003,1.2499998,10.9955845]},"faces":{"down":{"uv":[9.875,7.0,8.875,7.375],"rotation":0,"texture":"#0","tintindex":0},"east":{"uv":[9.875,2.875,10.25,3.625],"rotation":0,"texture":"#0","tintindex":0},"north":{"uv":[0.0,7.0,1.0,7.75],"rotation":0,"texture":"#0","tintindex":0},"south":{"uv":[1.125,7.0,2.125,7.75],"rotation":0,"texture":"#0","tintindex":0},"up":{"uv":[9.75,9.125,8.75,8.75],"rotation":0,"texture":"#0","tintindex":0},"west":{"uv":[3.125,9.875,3.5,10.625],"rotation":0,"texture":"#0","tintindex":0}}}],"display":{"head":{"translation":[0.0,-6.4,0.0],"rotation":[0.0,0.0,0.0],"scale":[3.8095,3.8095,3.8095]}}}