{"textures":{"0":"modelengine:entity/statue4"},"elements":[{"name":"cube","from":[10.4,6.35,8.6],"to":[11.6,9.35,9.2],"rotation":{"angle":-22.5,"axis":"z","origin":[8.0,1.2499998,8.6]},"faces":{"down":{"uv":[11.0,7.875,10.75,8.0],"rotation":0,"texture":"#0","tintindex":0},"east":{"uv":[4.375,10.5,4.5,11.125],"rotation":0,"texture":"#0","tintindex":0},"north":{"uv":[6.625,9.75,6.875,10.375],"rotation":0,"texture":"#0","tintindex":0},"south":{"uv":[4.625,10.125,4.875,10.75],"rotation":0,"texture":"#0","tintindex":0},"up":{"uv":[5.25,10.875,5.0,10.75],"rotation":0,"texture":"#0","tintindex":0},"west":{"uv":[6.75,10.5,6.875,11.125],"rotation":0,"texture":"#0","tintindex":0}}},{"name":"cube","from":[8.6,6.6499996,8.75],"to":[10.4,9.05,9.05],"rotation":{"angle":-22.5,"axis":"z","origin":[8.0,1.2499998,8.6]},"faces":{"down":{"uv":[11.125,4.75,10.75,4.875],"rotation":0,"texture":"#0","tintindex":0},"east":{"uv":[1.5,10.625,1.625,11.125],"rotation":0,"texture":"#0","tintindex":0},"north":{"uv":[3.625,9.875,4.0,10.375],"rotation":0,"texture":"#0","tintindex":0},"south":{"uv":[4.125,9.875,4.5,10.375],"rotation":0,"texture":"#0","tintindex":0},"up":{"uv":[8.625,4.75,8.25,4.625],"rotation":0,"texture":"#0","tintindex":0},"west":{"uv":[1.75,10.625,1.875,11.125],"rotation":0,"texture":"#0","tintindex":0}}},{"name":"cube","from":[8.0,-2.9500003,8.6],"to":[8.6,9.65,9.2],"rotation":{"angle":-22.5,"axis":"z","origin":[8.0,1.2499998,8.6]},"faces":{"down":{"uv":[8.875,3.5,8.75,3.625],"rotation":0,"texture":"#0","tintindex":0},"east":{"uv":[5.625,8.625,5.75,11.25],"rotation":0,"texture":"#0","tintindex":0},"north":{"uv":[5.375,8.625,5.5,11.25],"rotation":0,"texture":"#0","tintindex":0},"south":{"uv":[2.0,8.75,2.125,11.375],"rotation":0,"texture":"#0","tintindex":0},"up":{"uv":[8.875,1.375,8.75,1.25],"rotation":0,"texture":"#0","tintindex":0},"west":{"uv":[7.0,9.125,7.125,11.75],"rotation":0,"texture":"#0","tintindex":0}}}],"display":{"head":{"translation":[0.0,-6.4,0.0],"rotation":[0.0,0.0,0.0],"scale":[3.8095,3.8095,3.8095]}}}