{"textures":{"0":"modelengine:entity/statue4"},"elements":[{"name":"octagon","from":[6.508831,-1.7875004,4.3999996],"to":[9.491169,1.8124998,11.6],"rotation":{"angle":45.0,"axis":"y","origin":[8.0,1.6999998,8.0]},"faces":{"down":{"uv":[6.0,0.0,5.375,1.5],"rotation":0,"texture":"#0","tintindex":0},"east":{"uv":[0.0,3.625,1.5,4.375],"rotation":0,"texture":"#0","tintindex":0},"north":{"uv":[2.25,7.75,2.875,8.5],"rotation":0,"texture":"#0","tintindex":0},"south":{"uv":[3.0,7.75,3.625,8.5],"rotation":0,"texture":"#0","tintindex":0},"up":{"uv":[0.625,6.875,0.0,5.375],"rotation":0,"texture":"#0","tintindex":0},"west":{"uv":[1.625,3.625,3.125,4.375],"rotation":0,"texture":"#0","tintindex":0}}},{"name":"octagon","from":[6.508831,-1.7875004,4.3999996],"to":[9.491169,1.8124998,11.6],"rotation":{"angle":0.0,"axis":"x","origin":[8.0,1.6999998,8.0]},"faces":{"down":{"uv":[2.125,5.375,1.5,6.875],"rotation":0,"texture":"#0","tintindex":0},"east":{"uv":[3.25,3.625,4.75,4.375],"rotation":0,"texture":"#0","tintindex":0},"north":{"uv":[3.75,7.75,4.375,8.5],"rotation":0,"texture":"#0","tintindex":0},"south":{"uv":[4.5,7.75,5.125,8.5],"rotation":0,"texture":"#0","tintindex":0},"up":{"uv":[1.375,6.875,0.75,5.375],"rotation":0,"texture":"#0","tintindex":0},"west":{"uv":[3.75,0.0,5.25,0.75],"rotation":0,"texture":"#0","tintindex":0}}},{"name":"octagon","from":[4.3999996,-1.7875004,6.508831],"to":[11.6,1.8124998,9.491169],"rotation":{"angle":45.0,"axis":"y","origin":[8.0,1.6999998,8.0]},"faces":{"down":{"uv":[3.75,5.375,2.25,6.0],"rotation":0,"texture":"#0","tintindex":0},"east":{"uv":[5.25,7.75,5.875,8.5],"rotation":0,"texture":"#0","tintindex":0},"north":{"uv":[3.75,0.875,5.25,1.625],"rotation":0,"texture":"#0","tintindex":0},"south":{"uv":[3.75,1.75,5.25,2.5],"rotation":0,"texture":"#0","tintindex":0},"up":{"uv":[6.875,2.25,5.375,1.625],"rotation":0,"texture":"#0","tintindex":0},"west":{"uv":[0.0,7.875,0.625,8.625],"rotation":0,"texture":"#0","tintindex":0}}},{"name":"octagon","from":[4.3999996,-1.7875004,6.508831],"to":[11.6,1.8124998,9.491169],"rotation":{"angle":0.0,"axis":"x","origin":[8.0,1.6999998,8.0]},"faces":{"down":{"uv":[5.375,5.375,3.875,6.0],"rotation":0,"texture":"#0","tintindex":0},"east":{"uv":[0.75,7.875,1.375,8.625],"rotation":0,"texture":"#0","tintindex":0},"north":{"uv":[3.75,2.625,5.25,3.375],"rotation":0,"texture":"#0","tintindex":0},"south":{"uv":[0.0,4.5,1.5,5.25],"rotation":0,"texture":"#0","tintindex":0},"up":{"uv":[6.875,3.0,5.375,2.375],"rotation":0,"texture":"#0","tintindex":0},"west":{"uv":[1.5,7.875,2.125,8.625],"rotation":0,"texture":"#0","tintindex":0}}}],"display":{"head":{"translation":[0.0,-6.4,0.0],"rotation":[0.0,0.0,0.0],"scale":[3.8095,3.8095,3.8095]}}}