{"textures":{"0":"modelengine:entity/drops"},"elements":[{"name":"cube","from":[7.1,2.6299994,7.1],"to":[8.9,7.9699993,8.9],"rotation":{"angle":0.0,"axis":"x","origin":[7.1,-8.170001,7.46]},"faces":{"down":{"uv":[8.0,7.625,8.25,8.2375],"rotation":0,"texture":"#0","tintindex":0},"east":{"uv":[8.0,7.625,8.25,8.2375],"rotation":0,"texture":"#0","tintindex":0},"north":{"uv":[8.0,7.625,8.25,8.2375],"rotation":0,"texture":"#0","tintindex":0},"south":{"uv":[8.0,7.625,8.25,8.2375],"rotation":0,"texture":"#0","tintindex":0},"up":{"uv":[8.0,7.625,8.25,8.2375],"rotation":0,"texture":"#0","tintindex":0},"west":{"uv":[8.0,7.625,8.25,8.2375],"rotation":0,"texture":"#0","tintindex":0}}}],"display":{"head":{"translation":[0.0,-6.4,0.0],"rotation":[0.0,0.0,0.0],"scale":[3.8095,3.8095,3.8095]}}}