{"textures":{"0":"modelengine:entity/drops"},"elements":[{"name":"cube","from":[6.08,2.1157146,6.975714],"to":[9.92,7.875715,10.455715],"rotation":{"angle":0.0,"axis":"x","origin":[9.5,-3.284286,8.1757145]},"faces":{"down":{"uv":[8.625,9.2625,9.2625,10.625],"rotation":0,"texture":"#0","tintindex":0},"east":{"uv":[8.625,9.2625,9.2625,10.625],"rotation":0,"texture":"#0","tintindex":0},"north":{"uv":[8.625,9.2625,9.2625,10.625],"rotation":0,"texture":"#0","tintindex":0},"south":{"uv":[8.625,9.2625,9.2625,10.625],"rotation":0,"texture":"#0","tintindex":0},"up":{"uv":[8.625,9.2625,9.2625,10.625],"rotation":0,"texture":"#0","tintindex":0},"west":{"uv":[8.625,9.2625,9.2625,10.625],"rotation":0,"texture":"#0","tintindex":0}}}],"display":{"head":{"translation":[0.0,-6.4,0.0],"rotation":[0.0,0.0,0.0],"scale":[3.8095,3.8095,3.8095]}}}