{"textures":{"0":"modelengine:entity/drops"},"elements":[{"name":"cube","from":[7.46,2.975,8.205],"to":[8.54,6.575,9.165],"rotation":{"angle":0.0,"axis":"x","origin":[7.1,2.975,8.085]},"faces":{"down":{"uv":[9.15,8.25,9.55,8.5],"rotation":0,"texture":"#0","tintindex":0},"east":{"uv":[9.15,8.25,9.55,8.5],"rotation":0,"texture":"#0","tintindex":0},"north":{"uv":[9.15,8.25,9.55,8.5],"rotation":0,"texture":"#0","tintindex":0},"south":{"uv":[9.15,8.25,9.55,8.5],"rotation":0,"texture":"#0","tintindex":0},"up":{"uv":[9.15,8.25,9.55,8.5],"rotation":0,"texture":"#0","tintindex":0},"west":{"uv":[9.15,8.25,9.55,8.5],"rotation":0,"texture":"#0","tintindex":0}}},{"name":"cube","from":[7.4,2.975,7.005],"to":[8.6,3.9349997,9.1050005],"rotation":{"angle":0.0,"axis":"x","origin":[7.1,2.975,8.085]},"faces":{"down":{"uv":[8.0,11.0,8.3625,11.3625],"rotation":0,"texture":"#0","tintindex":0},"east":{"uv":[8.0,11.0,8.3625,11.3625],"rotation":0,"texture":"#0","tintindex":0},"north":{"uv":[8.0,11.0,8.3625,11.3625],"rotation":0,"texture":"#0","tintindex":0},"south":{"uv":[8.0,11.0,8.3625,11.3625],"rotation":0,"texture":"#0","tintindex":0},"up":{"uv":[8.0,11.0,8.3625,11.3625],"rotation":0,"texture":"#0","tintindex":0},"west":{"uv":[8.0,11.0,8.3625,11.3625],"rotation":0,"texture":"#0","tintindex":0}}},{"name":"cube","from":[7.46,2.975,6.165],"to":[8.54,4.8949995,7.005],"rotation":{"angle":0.0,"axis":"x","origin":[7.1,2.975,8.085]},"faces":{"down":{"uv":[8.5,11.0,8.8625,11.3625],"rotation":0,"texture":"#0","tintindex":0},"east":{"uv":[8.5,11.0,8.8625,11.3625],"rotation":0,"texture":"#0","tintindex":0},"north":{"uv":[8.5,11.0,8.8625,11.3625],"rotation":0,"texture":"#0","tintindex":0},"south":{"uv":[8.5,11.0,8.8625,11.3625],"rotation":0,"texture":"#0","tintindex":0},"up":{"uv":[8.5,11.0,8.8625,11.3625],"rotation":0,"texture":"#0","tintindex":0},"west":{"uv":[8.5,11.0,8.8625,11.3625],"rotation":0,"texture":"#0","tintindex":0}}},{"name":"cube","from":[7.46,4.415,7.005],"to":[8.54,4.8949995,7.725],"rotation":{"angle":0.0,"axis":"x","origin":[7.1,2.975,8.085]},"faces":{"down":{"uv":[8.5,11.0,8.8625,11.3625],"rotation":0,"texture":"#0","tintindex":0},"east":{"uv":[8.5,11.0,8.8625,11.3625],"rotation":0,"texture":"#0","tintindex":0},"north":{"uv":[8.5,11.0,8.8625,11.3625],"rotation":0,"texture":"#0","tintindex":0},"south":{"uv":[8.5,11.0,8.8625,11.3625],"rotation":0,"texture":"#0","tintindex":0},"up":{"uv":[8.5,11.0,8.8625,11.3625],"rotation":0,"texture":"#0","tintindex":0},"west":{"uv":[8.5,11.0,8.8625,11.3625],"rotation":0,"texture":"#0","tintindex":0}}},{"name":"cube","from":[7.16,7.355,7.785],"to":[8.84,8.014999,9.465],"rotation":{"angle":0.0,"axis":"x","origin":[7.1,2.975,8.085]},"faces":{"down":{"uv":[9.75,7.375,10.1,7.725],"rotation":0,"texture":"#0","tintindex":0},"east":{"uv":[9.75,7.375,10.1,7.725],"rotation":0,"texture":"#0","tintindex":0},"north":{"uv":[9.75,7.375,10.1,7.725],"rotation":0,"texture":"#0","tintindex":0},"south":{"uv":[9.75,7.375,10.1,7.725],"rotation":0,"texture":"#0","tintindex":0},"up":{"uv":[9.75,7.375,10.1,7.725],"rotation":0,"texture":"#0","tintindex":0},"west":{"uv":[9.75,7.375,10.1,7.725],"rotation":0,"texture":"#0","tintindex":0}}},{"name":"cube","from":[7.46,6.575,8.205],"to":[8.54,8.014999,9.165],"rotation":{"angle":0.0,"axis":"x","origin":[7.1,2.975,8.085]},"faces":{"down":{"uv":[9.15,8.25,9.55,8.5],"rotation":0,"texture":"#0","tintindex":0},"east":{"uv":[9.15,8.25,9.55,8.5],"rotation":0,"texture":"#0","tintindex":0},"north":{"uv":[9.15,8.25,9.55,8.5],"rotation":0,"texture":"#0","tintindex":0},"south":{"uv":[9.15,8.25,9.55,8.5],"rotation":0,"texture":"#0","tintindex":0},"up":{"uv":[9.15,8.25,9.55,8.5],"rotation":0,"texture":"#0","tintindex":0},"west":{"uv":[9.15,8.25,9.55,8.5],"rotation":0,"texture":"#0","tintindex":0}}}],"display":{"head":{"translation":[0.0,-6.4,0.0],"rotation":[0.0,0.0,0.0],"scale":[3.8095,3.8095,3.8095]}}}