{"textures":{"0":"modelengine:entity/quadbike"},"elements":[{"name":"cube","from":[6.46352,5.4392,5.4392004],"to":[9.53648,10.560801,10.560801],"rotation":{"angle":0.0,"axis":"x","origin":[8.0,8.0,8.0]},"faces":{"down":{"uv":[12.375,1.25,12.75,2.5],"rotation":0,"texture":"#0","tintindex":0},"east":{"uv":[10.8125,6.5,10.1875,7.75],"rotation":0,"texture":"#0","tintindex":0},"north":{"uv":[12.5625,3.75,12.1875,5.0],"rotation":0,"texture":"#0","tintindex":0},"south":{"uv":[12.5625,5.0,12.1875,6.25],"rotation":0,"texture":"#0","tintindex":0},"up":{"uv":[12.375,1.25,12.75,0.0],"rotation":0,"texture":"#0","tintindex":0},"west":{"uv":[10.8125,6.5,10.1875,7.75],"rotation":0,"texture":"#0","tintindex":0}}}],"display":{"head":{"translation":[0.0,-6.4,0.0],"rotation":[0.0,0.0,0.0],"scale":[3.8095,3.8095,3.8095]}}}