{"textures":{"0":"modelengine:entity/quadbike"},"elements":[{"name":"cube","from":[2.6274416,6.8850155,-2.3043523],"to":[6.2125616,7.909335,3.841568],"rotation":{"angle":0.0,"axis":"x","origin":[9.792561,1.2512546,8.348576]},"faces":{"down":{"uv":[10.8125,7.75,10.375,9.25],"rotation":0,"texture":"#0","tintindex":0},"east":{"uv":[12.875,8.0,13.625,8.25],"rotation":0,"texture":"#0","tintindex":0},"north":{"uv":[13.0625,4.5,13.5,4.75],"rotation":0,"texture":"#0","tintindex":0},"south":{"uv":[13.0625,4.75,13.5,5.0],"rotation":0,"texture":"#0","tintindex":0},"up":{"uv":[10.375,9.25,9.9375,7.75],"rotation":0,"texture":"#0","tintindex":0},"west":{"uv":[12.875,8.25,13.625,8.5],"rotation":0,"texture":"#0","tintindex":0}}},{"name":"cube","from":[2.6223197,2.4942799,2.36624],"to":[6.2074394,7.61588,3.3905597],"rotation":{"angle":-22.5,"axis":"x","origin":[4.41488,8.89628,2.8783996]},"faces":{"down":{"uv":[13.5,4.25,13.0625,4.5],"rotation":0,"texture":"#0","tintindex":0},"east":{"uv":[8.4375,8.25,8.5625,9.5],"rotation":0,"texture":"#0","tintindex":0},"north":{"uv":[11.9375,1.25,12.375,2.5],"rotation":0,"texture":"#0","tintindex":0},"south":{"uv":[12.0625,6.5,12.5,7.75],"rotation":0,"texture":"#0","tintindex":0},"up":{"uv":[9.375,5.0,8.9375,4.75],"rotation":0,"texture":"#0","tintindex":0},"west":{"uv":[9.5,9.5,9.625,10.75],"rotation":0,"texture":"#0","tintindex":0}}},{"name":"cube","from":[2.6223197,7.2161007,-4.06585],"to":[6.2074394,8.240421,-2.0172095],"rotation":{"angle":-45.0,"axis":"x","origin":[4.41488,7.728261,-1.7611299]},"faces":{"down":{"uv":[11.5625,4.0,11.125,4.5],"rotation":0,"texture":"#0","tintindex":0},"east":{"uv":[12.1875,6.25,12.4375,6.5],"rotation":0,"texture":"#0","tintindex":0},"north":{"uv":[13.0625,5.0,13.5,5.25],"rotation":0,"texture":"#0","tintindex":0},"south":{"uv":[13.0625,5.25,13.5,5.5],"rotation":0,"texture":"#0","tintindex":0},"up":{"uv":[9.375,4.75,8.9375,4.25],"rotation":0,"texture":"#0","tintindex":0},"west":{"uv":[9.6875,10.75,9.9375,11.0],"rotation":0,"texture":"#0","tintindex":0}}},{"name":"cube","from":[2.6223197,8.099974,12.203067],"to":[14.91416,9.124294,18.348988],"rotation":{"angle":-22.5,"axis":"x","origin":[8.76824,8.612133,15.276027]},"faces":{"down":{"uv":[9.5,1.5,8.0,3.0],"rotation":0,"texture":"#0","tintindex":0},"east":{"uv":[12.875,8.5,13.625,8.75],"rotation":0,"texture":"#0","tintindex":0},"north":{"uv":[8.0,9.5,9.5,9.75],"rotation":0,"texture":"#0","tintindex":0},"south":{"uv":[12.75,0.0,14.25,0.25],"rotation":0,"texture":"#0","tintindex":0},"up":{"uv":[9.5,1.5,8.0,0.0],"rotation":0,"texture":"#0","tintindex":0},"west":{"uv":[12.875,8.75,13.625,9.0],"rotation":0,"texture":"#0","tintindex":0}}},{"name":"cube","from":[3.13448,2.7856092,4.8551707],"to":[6.2074394,3.8099296,11.231564],"rotation":{"angle":0.0,"axis":"x","origin":[9.280399,1.2491294,8.030563]},"faces":{"down":{"uv":[9.0,8.0,8.625,9.5],"rotation":0,"texture":"#0","tintindex":0},"east":{"uv":[12.875,9.0,13.625,9.25],"rotation":0,"texture":"#0","tintindex":0},"north":{"uv":[11.8125,3.75,12.1875,4.0],"rotation":0,"texture":"#0","tintindex":0},"south":{"uv":[9.75,10.5,10.125,10.75],"rotation":0,"texture":"#0","tintindex":0},"up":{"uv":[12.0625,9.25,11.6875,7.75],"rotation":0,"texture":"#0","tintindex":0},"west":{"uv":[12.875,9.25,13.625,9.5],"rotation":0,"texture":"#0","tintindex":0}}},{"name":"cube","from":[6.2074394,2.7856092,4.8551707],"to":[11.329041,7.9072094,12.025412],"rotation":{"angle":0.0,"axis":"x","origin":[9.280399,1.2491294,8.030563]},"faces":{"down":{"uv":[10.1875,5.0,9.5625,6.75],"rotation":0,"texture":"#0","tintindex":0},"east":{"uv":[11.125,3.75,10.25,5.0],"rotation":0,"texture":"#0","tintindex":0},"north":{"uv":[11.75,0.0,12.375,1.25],"rotation":0,"texture":"#0","tintindex":0},"south":{"uv":[11.8125,2.5,12.4375,3.75],"rotation":0,"texture":"#0","tintindex":0},"up":{"uv":[9.5625,6.75,8.9375,5.0],"rotation":0,"texture":"#0","tintindex":0},"west":{"uv":[10.25,3.75,11.125,5.0],"rotation":0,"texture":"#0","tintindex":0}}},{"name":"cube","from":[5.69528,4.3220897,-1.8029089],"to":[11.841201,9.443689,6.109963],"rotation":{"angle":-22.5,"axis":"x","origin":[8.76824,6.8828897,1.6413671]},"faces":{"down":{"uv":[10.25,3.125,9.5,5.0],"rotation":0,"texture":"#0","tintindex":0},"east":{"uv":[11.1875,1.25,10.25,2.5],"rotation":0,"texture":"#0","tintindex":0},"north":{"uv":[11.0,0.0,11.75,1.25],"rotation":0,"texture":"#0","tintindex":0},"south":{"uv":[11.1875,1.25,11.9375,2.5],"rotation":0,"texture":"#0","tintindex":0},"up":{"uv":[10.25,3.125,9.5,1.25],"rotation":0,"texture":"#0","tintindex":0},"west":{"uv":[10.25,1.25,11.1875,2.5],"rotation":0,"texture":"#0","tintindex":0}}},{"name":"cube","from":[5.9513597,7.39505,4.8551707],"to":[11.58512,8.93153,11.231564],"rotation":{"angle":0.0,"axis":"x","origin":[9.280399,1.2491294,8.030563]},"faces":{"down":{"uv":[8.6875,5.5,8.0,7.0],"rotation":0,"texture":"#0","tintindex":0},"east":{"uv":[12.75,0.75,13.5,1.125],"rotation":0,"texture":"#0","tintindex":0},"north":{"uv":[12.8125,2.25,13.5,2.625],"rotation":0,"texture":"#0","tintindex":0},"south":{"uv":[12.8125,2.625,13.5,3.0],"rotation":0,"texture":"#0","tintindex":0},"up":{"uv":[10.875,6.5,10.1875,5.0],"rotation":0,"texture":"#0","tintindex":0},"west":{"uv":[12.75,1.125,13.5,1.5],"rotation":0,"texture":"#0","tintindex":0}}},{"name":"cube","from":[5.18312,3.2977695,15.098372],"to":[12.35336,4.3220897,16.122692],"rotation":{"angle":0.0,"axis":"x","origin":[9.280399,1.2491294,8.030563]},"faces":{"down":{"uv":[13.75,7.75,12.875,8.0],"rotation":0,"texture":"#0","tintindex":0},"east":{"uv":[9.375,4.75,9.5,5.0],"rotation":0,"texture":"#0","tintindex":0},"north":{"uv":[12.875,7.0,13.75,7.25],"rotation":0,"texture":"#0","tintindex":0},"south":{"uv":[12.875,7.25,13.75,7.5],"rotation":0,"texture":"#0","tintindex":0},"up":{"uv":[13.75,7.75,12.875,7.5],"rotation":0,"texture":"#0","tintindex":0},"west":{"uv":[11.4375,10.75,11.5625,11.0],"rotation":0,"texture":"#0","tintindex":0}}},{"name":"cube","from":[5.69528,4.3220897,15.098372],"to":[6.7195997,8.41937,16.122692],"rotation":{"angle":0.0,"axis":"x","origin":[9.280399,1.2491294,8.030563]},"faces":{"down":{"uv":[12.375,10.75,12.25,11.0],"rotation":0,"texture":"#0","tintindex":0},"east":{"uv":[10.0625,6.75,10.1875,7.75],"rotation":0,"texture":"#0","tintindex":0},"north":{"uv":[9.9375,6.75,10.0625,7.75],"rotation":0,"texture":"#0","tintindex":0},"south":{"uv":[11.75,9.75,11.875,10.75],"rotation":0,"texture":"#0","tintindex":0},"up":{"uv":[12.25,11.0,12.125,10.75],"rotation":0,"texture":"#0","tintindex":0},"west":{"uv":[11.875,9.75,12.0,10.75],"rotation":0,"texture":"#0","tintindex":0}}},{"name":"cube","from":[10.816879,4.3220897,15.098372],"to":[11.841201,8.41937,16.122692],"rotation":{"angle":0.0,"axis":"x","origin":[9.280399,1.2491294,8.030563]},"faces":{"down":{"uv":[10.9375,10.875,10.8125,11.125],"rotation":0,"texture":"#0","tintindex":0},"east":{"uv":[12.9375,5.25,13.0625,6.25],"rotation":0,"texture":"#0","tintindex":0},"north":{"uv":[12.9375,4.25,13.0625,5.25],"rotation":0,"texture":"#0","tintindex":0},"south":{"uv":[12.4375,10.0,12.5625,11.0],"rotation":0,"texture":"#0","tintindex":0},"up":{"uv":[10.8125,11.125,10.6875,10.875],"rotation":0,"texture":"#0","tintindex":0},"west":{"uv":[12.5625,10.0,12.6875,11.0],"rotation":0,"texture":"#0","tintindex":0}}},{"name":"cube","from":[5.9513597,7.772652,10.850823],"to":[11.58512,9.309133,17.227215],"rotation":{"angle":-22.5,"axis":"x","origin":[8.76824,8.540893,11.99038]},"faces":{"down":{"uv":[11.8125,2.5,11.125,4.0],"rotation":0,"texture":"#0","tintindex":0},"east":{"uv":[12.75,1.5,13.5,1.875],"rotation":0,"texture":"#0","tintindex":0},"north":{"uv":[12.8125,3.0,13.5,3.375],"rotation":0,"texture":"#0","tintindex":0},"south":{"uv":[12.8125,3.375,13.5,3.75],"rotation":0,"texture":"#0","tintindex":0},"up":{"uv":[11.5625,6.5,10.875,5.0],"rotation":0,"texture":"#0","tintindex":0},"west":{"uv":[12.75,1.875,13.5,2.25],"rotation":0,"texture":"#0","tintindex":0}}},{"name":"cube","from":[7.7439203,9.136394,3.318691],"to":[9.792561,11.185034,5.367331],"rotation":{"angle":0.0,"axis":"x","origin":[9.280399,1.2491294,8.030563]},"faces":{"down":{"uv":[9.0,10.125,8.75,10.625],"rotation":0,"texture":"#0","tintindex":0},"east":{"uv":[12.9375,10.0,13.1875,10.5],"rotation":0,"texture":"#0","tintindex":0},"north":{"uv":[12.6875,10.0,12.9375,10.5],"rotation":0,"texture":"#0","tintindex":0},"south":{"uv":[8.0,10.125,8.25,10.625],"rotation":0,"texture":"#0","tintindex":0},"up":{"uv":[8.75,10.625,8.5,10.125],"rotation":0,"texture":"#0","tintindex":0},"west":{"uv":[8.25,10.125,8.5,10.625],"rotation":0,"texture":"#0","tintindex":0}}},{"name":"cube","from":[8.25608,10.982295,3.841568],"to":[9.280399,13.030935,4.865888],"rotation":{"angle":0.0,"axis":"x","origin":[9.792561,1.2512546,8.348576]},"faces":{"down":{"uv":[11.1875,10.875,11.0625,11.125],"rotation":0,"texture":"#0","tintindex":0},"east":{"uv":[9.125,10.5,9.25,11.0],"rotation":0,"texture":"#0","tintindex":0},"north":{"uv":[9.375,4.25,9.5,4.75],"rotation":0,"texture":"#0","tintindex":0},"south":{"uv":[10.4375,10.75,10.5625,11.25],"rotation":0,"texture":"#0","tintindex":0},"up":{"uv":[11.0625,11.125,10.9375,10.875],"rotation":0,"texture":"#0","tintindex":0},"west":{"uv":[10.5625,10.75,10.6875,11.25],"rotation":0,"texture":"#0","tintindex":0}}},{"name":"cube","from":[5.18312,12.365127,4.0976477],"to":[8.25608,12.877288,4.609808],"rotation":{"angle":22.5,"axis":"x","origin":[6.7195997,12.621207,4.353728]},"faces":{"down":{"uv":[13.0625,10.75,12.6875,10.875],"rotation":0,"texture":"#0","tintindex":0},"east":{"uv":[8.625,7.75,8.6875,7.875],"rotation":0,"texture":"#0","tintindex":0},"north":{"uv":[10.6875,10.75,11.0625,10.875],"rotation":0,"texture":"#0","tintindex":0},"south":{"uv":[11.0625,10.75,11.4375,10.875],"rotation":0,"texture":"#0","tintindex":0},"up":{"uv":[12.125,10.875,11.75,10.75],"rotation":0,"texture":"#0","tintindex":0},"west":{"uv":[8.625,7.875,8.6875,8.0],"rotation":0,"texture":"#0","tintindex":0}}},{"name":"cube","from":[2.1101599,12.109047,4.661024],"to":[5.18312,13.133368,5.6853437],"rotation":{"angle":22.5,"axis":"y","origin":[3.13448,12.621207,4.353728]},"faces":{"down":{"uv":[13.0625,10.5,12.6875,10.75],"rotation":0,"texture":"#0","tintindex":0},"east":{"uv":[11.1875,10.875,11.3125,11.125],"rotation":0,"texture":"#0","tintindex":0},"north":{"uv":[10.875,10.5,11.25,10.75],"rotation":0,"texture":"#0","tintindex":0},"south":{"uv":[11.25,10.5,11.625,10.75],"rotation":0,"texture":"#0","tintindex":0},"up":{"uv":[12.375,10.75,12.0,10.5],"rotation":0,"texture":"#0","tintindex":0},"west":{"uv":[11.3125,10.875,11.4375,11.125],"rotation":0,"texture":"#0","tintindex":0}}},{"name":"cube","from":[12.35336,12.109047,4.661024],"to":[15.426321,13.133368,5.6853437],"rotation":{"angle":-22.5,"axis":"y","origin":[14.402,12.621207,4.353728]},"faces":{"down":{"uv":[9.125,10.625,8.75,10.875],"rotation":0,"texture":"#0","tintindex":0},"east":{"uv":[11.75,10.875,11.875,11.125],"rotation":0,"texture":"#0","tintindex":0},"north":{"uv":[13.0625,10.5,13.4375,10.75],"rotation":0,"texture":"#0","tintindex":0},"south":{"uv":[8.0,10.625,8.375,10.875],"rotation":0,"texture":"#0","tintindex":0},"up":{"uv":[8.75,10.875,8.375,10.625],"rotation":0,"texture":"#0","tintindex":0},"west":{"uv":[11.875,10.875,12.0,11.125],"rotation":0,"texture":"#0","tintindex":0}}},{"name":"cube","from":[9.280399,12.365127,4.0976477],"to":[12.35336,12.877288,4.609808],"rotation":{"angle":22.5,"axis":"x","origin":[10.816879,12.621207,4.353728]},"faces":{"down":{"uv":[9.125,10.875,8.75,11.0],"rotation":0,"texture":"#0","tintindex":0},"east":{"uv":[12.4375,6.25,12.5,6.375],"rotation":0,"texture":"#0","tintindex":0},"north":{"uv":[13.0625,10.75,13.4375,10.875],"rotation":0,"texture":"#0","tintindex":0},"south":{"uv":[8.0,10.875,8.375,11.0],"rotation":0,"texture":"#0","tintindex":0},"up":{"uv":[8.75,11.0,8.375,10.875],"rotation":0,"texture":"#0","tintindex":0},"west":{"uv":[12.4375,6.375,12.5,6.5],"rotation":0,"texture":"#0","tintindex":0}}},{"name":"cube","from":[8.76824,3.0416892,11.513251],"to":[10.30472,4.5781693,16.634851],"rotation":{"angle":0.0,"axis":"x","origin":[9.280399,1.2491294,8.030563]},"faces":{"down":{"uv":[9.9375,8.0,9.75,9.25],"rotation":0,"texture":"#0","tintindex":0},"east":{"uv":[8.0,9.75,8.625,10.125],"rotation":0,"texture":"#0","tintindex":0},"north":{"uv":[9.0,10.125,9.1875,10.5],"rotation":0,"texture":"#0","tintindex":0},"south":{"uv":[9.5,10.75,9.6875,11.125],"rotation":0,"texture":"#0","tintindex":0},"up":{"uv":[8.875,6.75,8.6875,5.5],"rotation":0,"texture":"#0","tintindex":0},"west":{"uv":[8.625,9.75,9.25,10.125],"rotation":0,"texture":"#0","tintindex":0}}},{"name":"cube","from":[7.7439203,3.0416892,11.513251],"to":[8.25608,4.5781693,16.634851],"rotation":{"angle":0.0,"axis":"x","origin":[9.280399,1.2491294,8.030563]},"faces":{"down":{"uv":[8.625,8.25,8.5625,9.5],"rotation":0,"texture":"#0","tintindex":0},"east":{"uv":[13.5,6.625,12.875,7.0],"rotation":0,"texture":"#0","tintindex":0},"north":{"uv":[8.625,7.0,8.6875,7.375],"rotation":0,"texture":"#0","tintindex":0},"south":{"uv":[8.625,7.375,8.6875,7.75],"rotation":0,"texture":"#0","tintindex":0},"up":{"uv":[8.9375,6.75,8.875,5.5],"rotation":0,"texture":"#0","tintindex":0},"west":{"uv":[12.875,6.625,13.5,7.0],"rotation":0,"texture":"#0","tintindex":0}}},{"name":"cube","from":[2.6223197,2.4942799,12.691987],"to":[14.91416,7.61588,13.716308],"rotation":{"angle":22.5,"axis":"x","origin":[4.41488,8.89628,13.204148]},"faces":{"down":{"uv":[14.25,0.5,12.75,0.75],"rotation":0,"texture":"#0","tintindex":0},"east":{"uv":[9.625,9.5,9.75,10.75],"rotation":0,"texture":"#0","tintindex":0},"north":{"uv":[8.0,3.0,9.5,4.25],"rotation":0,"texture":"#0","tintindex":0},"south":{"uv":[9.5,0.0,11.0,1.25],"rotation":0,"texture":"#0","tintindex":0},"up":{"uv":[14.25,0.5,12.75,0.25],"rotation":0,"texture":"#0","tintindex":0},"west":{"uv":[9.25,9.75,9.375,11.0],"rotation":0,"texture":"#0","tintindex":0}}},{"name":"cube","from":[11.329041,7.2161007,-4.06585],"to":[14.91416,8.240421,-2.0172095],"rotation":{"angle":-45.0,"axis":"x","origin":[13.1216,7.728261,-1.7611299]},"faces":{"down":{"uv":[11.125,4.0,11.5625,4.5],"rotation":0,"texture":"#0","tintindex":0},"east":{"uv":[9.9375,10.75,9.6875,11.0],"rotation":0,"texture":"#0","tintindex":0},"north":{"uv":[13.5,5.0,13.0625,5.25],"rotation":0,"texture":"#0","tintindex":0},"south":{"uv":[13.5,5.25,13.0625,5.5],"rotation":0,"texture":"#0","tintindex":0},"up":{"uv":[8.9375,4.75,9.375,4.25],"rotation":0,"texture":"#0","tintindex":0},"west":{"uv":[12.4375,6.25,12.1875,6.5],"rotation":0,"texture":"#0","tintindex":0}}},{"name":"cube","from":[11.323918,6.8850155,-2.3043523],"to":[14.909039,7.909335,3.841568],"rotation":{"angle":0.0,"axis":"x","origin":[7.7439203,1.2512546,8.348576]},"faces":{"down":{"uv":[10.375,7.75,10.8125,9.25],"rotation":0,"texture":"#0","tintindex":0},"east":{"uv":[13.625,8.25,12.875,8.5],"rotation":0,"texture":"#0","tintindex":0},"north":{"uv":[13.5,4.5,13.0625,4.75],"rotation":0,"texture":"#0","tintindex":0},"south":{"uv":[13.5,4.75,13.0625,5.0],"rotation":0,"texture":"#0","tintindex":0},"up":{"uv":[9.9375,9.25,10.375,7.75],"rotation":0,"texture":"#0","tintindex":0},"west":{"uv":[13.625,8.0,12.875,8.25],"rotation":0,"texture":"#0","tintindex":0}}},{"name":"cube","from":[11.329041,2.7856092,4.8551707],"to":[14.402,3.8099296,11.231564],"rotation":{"angle":0.0,"axis":"x","origin":[8.25608,1.2491294,8.030563]},"faces":{"down":{"uv":[8.625,8.0,9.0,9.5],"rotation":0,"texture":"#0","tintindex":0},"east":{"uv":[13.625,9.25,12.875,9.5],"rotation":0,"texture":"#0","tintindex":0},"north":{"uv":[12.1875,3.75,11.8125,4.0],"rotation":0,"texture":"#0","tintindex":0},"south":{"uv":[10.125,10.5,9.75,10.75],"rotation":0,"texture":"#0","tintindex":0},"up":{"uv":[11.6875,9.25,12.0625,7.75],"rotation":0,"texture":"#0","tintindex":0},"west":{"uv":[13.625,9.0,12.875,9.25],"rotation":0,"texture":"#0","tintindex":0}}},{"name":"cube","from":[11.329041,2.4942799,2.36624],"to":[14.91416,7.61588,3.3905597],"rotation":{"angle":-22.5,"axis":"x","origin":[13.1216,8.89628,2.8783996]},"faces":{"down":{"uv":[13.0625,4.25,13.5,4.5],"rotation":0,"texture":"#0","tintindex":0},"east":{"uv":[9.625,9.5,9.5,10.75],"rotation":0,"texture":"#0","tintindex":0},"north":{"uv":[12.375,1.25,11.9375,2.5],"rotation":0,"texture":"#0","tintindex":0},"south":{"uv":[12.5,6.5,12.0625,7.75],"rotation":0,"texture":"#0","tintindex":0},"up":{"uv":[8.9375,5.0,9.375,4.75],"rotation":0,"texture":"#0","tintindex":0},"west":{"uv":[8.5625,8.25,8.4375,9.5],"rotation":0,"texture":"#0","tintindex":0}}}],"display":{"head":{"translation":[0.0,-6.4,0.0],"rotation":[0.0,0.0,0.0],"scale":[3.8095,3.8095,3.8095]}}}