{"textures":{"0":"modelengine:entity/mecha"},"elements":[{"name":"cube","from":[4.109942,-0.76617146,7.8491426],"to":[5.9147425,1.038629,9.653942],"rotation":{"angle":0.0,"axis":"x","origin":[13.327313,-25.775543,8.751543]},"faces":{"down":{"uv":[11.875,4.375,11.625,4.625],"rotation":0,"texture":"#0","tintindex":0},"east":{"uv":[10.0,9.75,10.25,10.0],"rotation":0,"texture":"#0","tintindex":0},"north":{"uv":[8.75,7.5625,9.0,7.8125],"rotation":0,"texture":"#0","tintindex":0},"south":{"uv":[11.5625,5.9375,11.8125,6.1875],"rotation":0,"texture":"#0","tintindex":0},"up":{"uv":[11.8125,10.0625,11.5625,9.8125],"rotation":0,"texture":"#0","tintindex":0},"west":{"uv":[11.5625,7.1875,11.8125,7.4375],"rotation":0,"texture":"#0","tintindex":0}}},{"name":"cube","from":[3.7876568,1.038629,7.2045712],"to":[6.365942,9.546969,10.298513],"rotation":{"angle":0.0,"axis":"x","origin":[13.327313,-25.775543,8.751543]},"faces":{"down":{"uv":[10.0,9.5625,9.625,10.0],"rotation":0,"texture":"#0","tintindex":0},"east":{"uv":[2.625,4.125,3.0625,5.375],"rotation":0,"texture":"#0","tintindex":0},"north":{"uv":[3.6875,5.3125,4.0625,6.5625],"rotation":0,"texture":"#0","tintindex":0},"south":{"uv":[5.75,2.6875,6.125,3.9375],"rotation":0,"texture":"#0","tintindex":0},"up":{"uv":[4.75,10.0625,4.375,9.625],"rotation":0,"texture":"#0","tintindex":0},"west":{"uv":[4.25,3.6875,4.6875,4.9375],"rotation":0,"texture":"#0","tintindex":0}}},{"name":"cube","from":[4.4966855,4.068114,-2.592915],"to":[5.6569138,5.228342,-0.59474325],"rotation":{"angle":22.5,"axis":"x","origin":[13.327313,-25.775543,8.751543]},"faces":{"down":{"uv":[5.0625,11.9375,4.875,12.25],"rotation":0,"texture":"#0","tintindex":0},"east":{"uv":[11.9375,2.125,12.25,2.3125],"rotation":0,"texture":"#0","tintindex":0},"north":{"uv":[3.1875,7.4375,3.375,7.625],"rotation":0,"texture":"#0","tintindex":0},"south":{"uv":[9.0625,2.4375,9.25,2.625],"rotation":0,"texture":"#0","tintindex":0},"up":{"uv":[4.875,12.25,4.6875,11.9375],"rotation":0,"texture":"#0","tintindex":0},"west":{"uv":[11.9375,3.125,12.25,3.3125],"rotation":0,"texture":"#0","tintindex":0}}},{"name":"cube","from":[4.586925,4.158354,-0.59474325],"to":[5.5666738,5.138104,-0.27245712],"rotation":{"angle":22.5,"axis":"x","origin":[13.327313,-25.775543,8.751543]},"faces":{"down":{"uv":[5.3125,0.875,5.1875,0.9375],"rotation":0,"texture":"#0","tintindex":0},"east":{"uv":[4.0625,4.8125,4.125,4.9375],"rotation":0,"texture":"#0","tintindex":0},"north":{"uv":[3.125,0.9375,3.25,1.0625],"rotation":0,"texture":"#0","tintindex":0},"south":{"uv":[2.5,6.6875,2.625,6.8125],"rotation":0,"texture":"#0","tintindex":0},"up":{"uv":[3.375,2.125,3.25,2.0625],"rotation":0,"texture":"#0","tintindex":0},"west":{"uv":[9.0,6.5625,9.0625,6.6875],"rotation":0,"texture":"#0","tintindex":0}}},{"name":"cube","from":[4.677165,4.248594,-0.27245712],"to":[5.4764338,5.047862,-0.14354277],"rotation":{"angle":22.5,"axis":"x","origin":[13.327313,-25.775543,8.751543]},"faces":{"down":{"uv":[7.4375,1.9375,7.3125,2.0],"rotation":0,"texture":"#0","tintindex":0},"east":{"uv":[9.625,3.875,9.6875,4.0],"rotation":0,"texture":"#0","tintindex":0},"north":{"uv":[1.3125,8.8125,1.4375,8.9375],"rotation":0,"texture":"#0","tintindex":0},"south":{"uv":[9.875,7.375,10.0,7.5],"rotation":0,"texture":"#0","tintindex":0},"up":{"uv":[4.625,6.8125,4.5,6.75],"rotation":0,"texture":"#0","tintindex":0},"west":{"uv":[10.0625,5.5,10.125,5.625],"rotation":0,"texture":"#0","tintindex":0}}},{"name":"cube","from":[3.7876568,8.966784,23.953238],"to":[6.365942,11.545073,24.211065],"rotation":{"angle":-22.5,"axis":"x","origin":[13.327313,-23.777445,22.148438]},"faces":{"down":{"uv":[1.8125,8.5625,1.4375,8.625],"rotation":0,"texture":"#0","tintindex":0},"east":{"uv":[5.6875,3.5625,5.75,3.9375],"rotation":0,"texture":"#0","tintindex":0},"north":{"uv":[10.0625,6.6875,10.4375,7.0625],"rotation":0,"texture":"#0","tintindex":0},"south":{"uv":[8.4375,10.0625,8.8125,10.4375],"rotation":0,"texture":"#0","tintindex":0},"up":{"uv":[4.25,3.75,3.875,3.6875],"rotation":0,"texture":"#0","tintindex":0},"west":{"uv":[7.0625,8.25,7.125,8.625],"rotation":0,"texture":"#0","tintindex":0}}},{"name":"cube","from":[3.7876568,1.554285,6.6889143],"to":[6.365942,9.546969,6.9467425],"rotation":{"angle":0.0,"axis":"x","origin":[13.327313,-25.775543,8.751543]},"faces":{"down":{"uv":[9.6875,1.0,9.3125,1.0625],"rotation":0,"texture":"#0","tintindex":0},"east":{"uv":[5.6875,10.4375,5.75,11.625],"rotation":0,"texture":"#0","tintindex":0},"north":{"uv":[5.0625,5.8125,5.4375,7.0],"rotation":0,"texture":"#0","tintindex":0},"south":{"uv":[5.4375,5.8125,5.8125,7.0],"rotation":0,"texture":"#0","tintindex":0},"up":{"uv":[9.5,5.5625,9.125,5.5],"rotation":0,"texture":"#0","tintindex":0},"west":{"uv":[10.0625,11.0,10.125,12.1875],"rotation":0,"texture":"#0","tintindex":0}}},{"name":"cube","from":[3.7876568,2.5856004,6.4310856],"to":[6.365942,8.257829,6.6889143],"rotation":{"angle":0.0,"axis":"x","origin":[13.327313,-25.775543,8.751543]},"faces":{"down":{"uv":[12.0,4.625,11.625,4.6875],"rotation":0,"texture":"#0","tintindex":0},"east":{"uv":[4.625,4.9375,4.6875,5.75],"rotation":0,"texture":"#0","tintindex":0},"north":{"uv":[7.6875,5.5625,8.0625,6.375],"rotation":0,"texture":"#0","tintindex":0},"south":{"uv":[1.4375,7.75,1.8125,8.5625],"rotation":0,"texture":"#0","tintindex":0},"up":{"uv":[11.25,9.875,10.875,9.8125],"rotation":0,"texture":"#0","tintindex":0},"west":{"uv":[5.25,11.9375,5.3125,12.75],"rotation":0,"texture":"#0","tintindex":0}}},{"name":"cube","from":[3.7876568,2.0304198,-4.4991417],"to":[6.365942,3.0617335,-4.241312],"rotation":{"angle":22.5,"axis":"x","origin":[13.327313,-25.815065,-2.436512]},"faces":{"down":{"uv":[12.8125,1.0625,12.4375,1.125],"rotation":0,"texture":"#0","tintindex":0},"east":{"uv":[3.1875,10.375,3.25,10.5],"rotation":0,"texture":"#0","tintindex":0},"north":{"uv":[12.125,0.0,12.5,0.125],"rotation":0,"texture":"#0","tintindex":0},"south":{"uv":[12.125,0.5625,12.5,0.6875],"rotation":0,"texture":"#0","tintindex":0},"up":{"uv":[12.75,10.125,12.375,10.0625],"rotation":0,"texture":"#0","tintindex":0},"west":{"uv":[10.4375,5.125,10.5,5.25],"rotation":0,"texture":"#0","tintindex":0}}},{"name":"cube","from":[3.2719998,1.554285,7.2045712],"to":[3.529828,9.546969,10.298513],"rotation":{"angle":0.0,"axis":"x","origin":[13.327313,-25.775543,8.751543]},"faces":{"down":{"uv":[3.875,8.875,3.8125,9.3125],"rotation":0,"texture":"#0","tintindex":0},"east":{"uv":[4.6875,3.6875,5.125,4.875],"rotation":0,"texture":"#0","tintindex":0},"north":{"uv":[8.9375,11.125,9.0,12.3125],"rotation":0,"texture":"#0","tintindex":0},"south":{"uv":[2.0625,11.25,2.125,12.4375],"rotation":0,"texture":"#0","tintindex":0},"up":{"uv":[6.125,8.625,6.0625,8.1875],"rotation":0,"texture":"#0","tintindex":0},"west":{"uv":[0.0,4.75,0.4375,5.9375],"rotation":0,"texture":"#0","tintindex":0}}},{"name":"cube","from":[3.2719998,2.8434277,10.298513],"to":[3.529828,8.515657,10.814171],"rotation":{"angle":0.0,"axis":"x","origin":[13.327313,-26.80686,8.751543]},"faces":{"down":{"uv":[4.125,9.25,4.0625,9.3125],"rotation":0,"texture":"#0","tintindex":0},"east":{"uv":[7.6875,11.9375,7.75,12.75],"rotation":0,"texture":"#0","tintindex":0},"north":{"uv":[6.0,11.9375,6.0625,12.75],"rotation":0,"texture":"#0","tintindex":0},"south":{"uv":[8.0625,11.9375,8.125,12.75],"rotation":0,"texture":"#0","tintindex":0},"up":{"uv":[6.5625,7.0625,6.5,7.0],"rotation":0,"texture":"#0","tintindex":0},"west":{"uv":[0.1875,12.0,0.25,12.8125],"rotation":0,"texture":"#0","tintindex":0}}},{"name":"cube","from":[3.2719998,4.891034,-1.1282725],"to":[3.529828,6.2446327,-0.61261654],"rotation":{"angle":22.5,"axis":"x","origin":[13.327313,-24.179138,-3.4487305]},"faces":{"down":{"uv":[10.0,9.5,9.9375,9.5625],"rotation":0,"texture":"#0","tintindex":0},"east":{"uv":[1.8125,7.125,1.875,7.3125],"rotation":0,"texture":"#0","tintindex":0},"north":{"uv":[3.1875,3.5625,3.25,3.75],"rotation":0,"texture":"#0","tintindex":0},"south":{"uv":[7.875,8.0,7.9375,8.1875],"rotation":0,"texture":"#0","tintindex":0},"up":{"uv":[1.75,9.4375,1.6875,9.375],"rotation":0,"texture":"#0","tintindex":0},"west":{"uv":[5.375,8.8125,5.4375,9.0],"rotation":0,"texture":"#0","tintindex":0}}},{"name":"cube","from":[6.6237707,2.8434277,10.298513],"to":[6.8815994,8.515657,10.814171],"rotation":{"angle":0.0,"axis":"x","origin":[16.679085,-26.80686,8.751543]},"faces":{"down":{"uv":[10.375,6.0,10.3125,6.0625],"rotation":0,"texture":"#0","tintindex":0},"east":{"uv":[7.1875,12.0,7.25,12.8125],"rotation":0,"texture":"#0","tintindex":0},"north":{"uv":[6.375,12.0,6.4375,12.8125],"rotation":0,"texture":"#0","tintindex":0},"south":{"uv":[11.5625,12.0,11.625,12.8125],"rotation":0,"texture":"#0","tintindex":0},"up":{"uv":[10.3125,6.0625,10.25,6.0],"rotation":0,"texture":"#0","tintindex":0},"west":{"uv":[11.9375,12.0625,12.0,12.875],"rotation":0,"texture":"#0","tintindex":0}}},{"name":"cube","from":[6.6237707,4.891034,-1.1282725],"to":[6.8815994,6.2446327,-0.61261654],"rotation":{"angle":22.5,"axis":"x","origin":[16.679085,-24.179138,-3.4487305]},"faces":{"down":{"uv":[10.6875,1.25,10.625,1.3125],"rotation":0,"texture":"#0","tintindex":0},"east":{"uv":[3.9375,10.4375,4.0,10.625],"rotation":0,"texture":"#0","tintindex":0},"north":{"uv":[4.125,9.125,4.1875,9.3125],"rotation":0,"texture":"#0","tintindex":0},"south":{"uv":[10.5,2.75,10.5625,2.9375],"rotation":0,"texture":"#0","tintindex":0},"up":{"uv":[10.625,10.5,10.5625,10.4375],"rotation":0,"texture":"#0","tintindex":0},"west":{"uv":[4.125,10.625,4.1875,10.8125],"rotation":0,"texture":"#0","tintindex":0}}},{"name":"cube","from":[-10.991131,-0.5375986,7.2045712],"to":[-10.733302,0.49371672,10.298513],"rotation":{"angle":-22.5,"axis":"z","origin":[-0.9358163,-34.828796,8.751543]},"faces":{"down":{"uv":[4.375,10.8125,4.3125,11.25],"rotation":0,"texture":"#0","tintindex":0},"east":{"uv":[7.5,0.5,7.9375,0.625],"rotation":0,"texture":"#0","tintindex":0},"north":{"uv":[10.5625,8.5,10.625,8.625],"rotation":0,"texture":"#0","tintindex":0},"south":{"uv":[9.75,10.5625,9.8125,10.6875],"rotation":0,"texture":"#0","tintindex":0},"up":{"uv":[10.625,0.6875,10.5625,0.25],"rotation":0,"texture":"#0","tintindex":0},"west":{"uv":[9.375,8.3125,9.8125,8.4375],"rotation":0,"texture":"#0","tintindex":0}}},{"name":"cube","from":[20.8869,-0.5375986,7.2045712],"to":[21.14473,0.49371672,10.298513],"rotation":{"angle":22.5,"axis":"z","origin":[11.089416,-34.828796,8.751543]},"faces":{"down":{"uv":[8.4375,12.5,8.375,12.9375],"rotation":0,"texture":"#0","tintindex":0},"east":{"uv":[11.6875,7.5625,12.125,7.6875],"rotation":0,"texture":"#0","tintindex":0},"north":{"uv":[10.6875,5.9375,10.75,6.0625],"rotation":0,"texture":"#0","tintindex":0},"south":{"uv":[8.375,11.0,8.4375,11.125],"rotation":0,"texture":"#0","tintindex":0},"up":{"uv":[12.5625,8.75,12.5,8.3125],"rotation":0,"texture":"#0","tintindex":0},"west":{"uv":[11.75,2.4375,12.1875,2.5625],"rotation":0,"texture":"#0","tintindex":0}}},{"name":"cube","from":[6.6237707,1.554285,7.2045712],"to":[6.8815994,9.546969,10.298513],"rotation":{"angle":0.0,"axis":"x","origin":[13.327313,-25.775543,8.751543]},"faces":{"down":{"uv":[8.5625,12.5,8.5,12.9375],"rotation":0,"texture":"#0","tintindex":0},"east":{"uv":[0.4375,4.75,0.875,5.9375],"rotation":0,"texture":"#0","tintindex":0},"north":{"uv":[6.9375,11.25,7.0,12.4375],"rotation":0,"texture":"#0","tintindex":0},"south":{"uv":[1.8125,11.3125,1.875,12.5],"rotation":0,"texture":"#0","tintindex":0},"up":{"uv":[8.5,12.9375,8.4375,12.5],"rotation":0,"texture":"#0","tintindex":0},"west":{"uv":[0.875,4.75,1.3125,5.9375],"rotation":0,"texture":"#0","tintindex":0}}},{"name":"cube","from":[6.8815994,3.3590853,7.720228],"to":[7.1394277,6.968684,10.298513],"rotation":{"angle":0.0,"axis":"x","origin":[13.327313,-25.775543,8.751543]},"faces":{"down":{"uv":[5.1875,12.5625,5.125,12.9375],"rotation":0,"texture":"#0","tintindex":0},"east":{"uv":[3.8125,9.3125,4.1875,9.8125],"rotation":0,"texture":"#0","tintindex":0},"north":{"uv":[6.4375,7.75,6.5,8.25],"rotation":0,"texture":"#0","tintindex":0},"south":{"uv":[0.75,9.125,0.8125,9.625],"rotation":0,"texture":"#0","tintindex":0},"up":{"uv":[5.125,12.9375,5.0625,12.5625],"rotation":0,"texture":"#0","tintindex":0},"west":{"uv":[1.3125,9.375,1.6875,9.875],"rotation":0,"texture":"#0","tintindex":0}}},{"name":"cube","from":[3.0141711,2.8434277,7.720228],"to":[3.2719998,6.968684,10.814171],"rotation":{"angle":0.0,"axis":"x","origin":[13.327313,-25.775543,8.751543]},"faces":{"down":{"uv":[8.6875,12.5,8.625,12.9375],"rotation":0,"texture":"#0","tintindex":0},"east":{"uv":[2.1875,4.75,2.625,5.375],"rotation":0,"texture":"#0","tintindex":0},"north":{"uv":[5.1875,12.25,5.25,12.875],"rotation":0,"texture":"#0","tintindex":0},"south":{"uv":[5.9375,12.25,6.0,12.875],"rotation":0,"texture":"#0","tintindex":0},"up":{"uv":[8.625,12.9375,8.5625,12.5],"rotation":0,"texture":"#0","tintindex":0},"west":{"uv":[7.4375,8.0,7.875,8.625],"rotation":0,"texture":"#0","tintindex":0}}},{"name":"cube","from":[2.5427504,7.333309,7.720228],"to":[3.2733788,9.395941,10.814171],"rotation":{"angle":0.0,"axis":"x","origin":[12.855893,-22.316977,8.751543]},"faces":{"down":{"uv":[12.1875,11.3125,12.0625,11.75],"rotation":0,"texture":"#0","tintindex":0},"east":{"uv":[10.1875,1.0,10.625,1.3125],"rotation":0,"texture":"#0","tintindex":0},"north":{"uv":[12.25,9.125,12.375,9.4375],"rotation":0,"texture":"#0","tintindex":0},"south":{"uv":[12.25,9.8125,12.375,10.125],"rotation":0,"texture":"#0","tintindex":0},"up":{"uv":[12.1875,11.3125,12.0625,10.875],"rotation":0,"texture":"#0","tintindex":0},"west":{"uv":[1.1875,10.1875,1.625,10.5],"rotation":0,"texture":"#0","tintindex":0}}},{"name":"cube","from":[31.201513,6.469509,7.7562284],"to":[31.71717,7.242996,10.807314],"rotation":{"angle":45.0,"axis":"z","origin":[16.763111,-27.306034,8.751543]},"faces":{"down":{"uv":[8.8125,12.5,8.75,12.9375],"rotation":0,"texture":"#0","tintindex":0},"east":{"uv":[11.9375,9.6875,12.375,9.8125],"rotation":0,"texture":"#0","tintindex":0},"north":{"uv":[10.4375,11.0,10.5,11.125],"rotation":0,"texture":"#0","tintindex":0},"south":{"uv":[9.6875,11.1875,9.75,11.3125],"rotation":0,"texture":"#0","tintindex":0},"up":{"uv":[8.75,12.9375,8.6875,12.5],"rotation":0,"texture":"#0","tintindex":0},"west":{"uv":[12.0,5.4375,12.4375,5.5625],"rotation":0,"texture":"#0","tintindex":0}}},{"name":"cube","from":[-0.77094126,1.554285,13.130776],"to":[-0.51311207,9.546969,13.8630085],"rotation":{"angle":-45.0,"axis":"y","origin":[9.284373,-25.775543,15.412559]},"faces":{"down":{"uv":[11.8125,7.0625,11.75,7.1875],"rotation":0,"texture":"#0","tintindex":0},"east":{"uv":[9.25,9.75,9.375,10.9375],"rotation":0,"texture":"#0","tintindex":0},"north":{"uv":[9.9375,11.3125,10.0,12.5],"rotation":0,"texture":"#0","tintindex":0},"south":{"uv":[10.0,11.3125,10.0625,12.5],"rotation":0,"texture":"#0","tintindex":0},"up":{"uv":[5.125,11.375,5.0625,11.25],"rotation":0,"texture":"#0","tintindex":0},"west":{"uv":[10.0625,1.0,10.1875,2.1875],"rotation":0,"texture":"#0","tintindex":0}}},{"name":"cube","from":[10.666712,1.554285,13.130776],"to":[10.92454,9.546969,13.8630085],"rotation":{"angle":45.0,"axis":"y","origin":[0.8692262,-25.775543,15.412559]},"faces":{"down":{"uv":[11.875,4.25,11.8125,4.375],"rotation":0,"texture":"#0","tintindex":0},"east":{"uv":[4.375,10.0625,4.5,11.25],"rotation":0,"texture":"#0","tintindex":0},"north":{"uv":[4.125,11.375,4.1875,12.5625],"rotation":0,"texture":"#0","tintindex":0},"south":{"uv":[4.1875,11.375,4.25,12.5625],"rotation":0,"texture":"#0","tintindex":0},"up":{"uv":[2.8125,11.9375,2.75,11.8125],"rotation":0,"texture":"#0","tintindex":0},"west":{"uv":[4.5,10.0625,4.625,11.25],"rotation":0,"texture":"#0","tintindex":0}}},{"name":"cube","from":[6.8815994,-2.3131428,-16.0],"to":[7.1394277,-0.76617146,-14.45303],"rotation":{"angle":45.0,"axis":"x","origin":[13.327313,-25.775543,8.751543]},"faces":{"down":{"uv":[7.4375,12.625,7.375,12.875],"rotation":0,"texture":"#0","tintindex":0},"east":{"uv":[9.5,11.625,9.75,11.875],"rotation":0,"texture":"#0","tintindex":0},"north":{"uv":[10.625,9.5,10.6875,9.75],"rotation":0,"texture":"#0","tintindex":0},"south":{"uv":[12.3125,4.1875,12.375,4.4375],"rotation":0,"texture":"#0","tintindex":0},"up":{"uv":[12.375,6.25,12.3125,6.0],"rotation":0,"texture":"#0","tintindex":0},"west":{"uv":[11.625,10.4375,11.875,10.6875],"rotation":0,"texture":"#0","tintindex":0}}},{"name":"cube","from":[7.6550856,-2.3131428,-16.0],"to":[8.428572,-0.76617146,-14.45303],"rotation":{"angle":45.0,"axis":"x","origin":[13.327313,-25.775543,8.751543]},"faces":{"down":{"uv":[6.75,12.4375,6.625,12.6875],"rotation":0,"texture":"#0","tintindex":0},"east":{"uv":[10.5,11.625,10.75,11.875],"rotation":0,"texture":"#0","tintindex":0},"north":{"uv":[12.4375,5.3125,12.5625,5.5625],"rotation":0,"texture":"#0","tintindex":0},"south":{"uv":[12.4375,5.6875,12.5625,5.9375],"rotation":0,"texture":"#0","tintindex":0},"up":{"uv":[12.5625,6.75,12.4375,6.5],"rotation":0,"texture":"#0","tintindex":0},"west":{"uv":[10.75,11.625,11.0,11.875],"rotation":0,"texture":"#0","tintindex":0}}},{"name":"cube","from":[7.1394277,-2.055314,-15.742172],"to":[7.6550856,-1.0240002,-14.710857],"rotation":{"angle":45.0,"axis":"x","origin":[13.327313,-25.775543,8.751543]},"faces":{"down":{"uv":[12.875,2.625,12.8125,2.75],"rotation":0,"texture":"#0","tintindex":0},"east":{"uv":[3.3125,11.0,3.4375,11.125],"rotation":0,"texture":"#0","tintindex":0},"north":{"uv":[12.25,6.5625,12.3125,6.6875],"rotation":0,"texture":"#0","tintindex":0},"south":{"uv":[12.3125,7.375,12.375,7.5],"rotation":0,"texture":"#0","tintindex":0},"up":{"uv":[12.8125,9.5625,12.75,9.4375],"rotation":0,"texture":"#0","tintindex":0},"west":{"uv":[11.125,10.8125,11.25,10.9375],"rotation":0,"texture":"#0","tintindex":0}}}],"display":{"head":{"translation":[0.0,-6.4,-2.8057606],"rotation":[0.0,0.0,0.0],"scale":[3.7333333,3.7333333,3.7333333]}}}