{"textures":{"0":"modelengine:entity/mecha"},"elements":[{"name":"cube","from":[4.7219567,2.482051,25.75631],"to":[6.0111,4.7963376,30.912884],"rotation":{"angle":-45.0,"axis":"x","origin":[8.589385,-28.715204,12.607054]},"faces":{"down":{"uv":[6.0,10.0625,5.8125,10.8125],"rotation":0,"texture":"#0","tintindex":0},"east":{"uv":[8.25,6.5625,9.0,6.875],"rotation":0,"texture":"#0","tintindex":0},"north":{"uv":[10.8125,11.875,11.0,12.1875],"rotation":0,"texture":"#0","tintindex":0},"south":{"uv":[11.875,11.125,12.0625,11.4375],"rotation":0,"texture":"#0","tintindex":0},"up":{"uv":[5.3125,10.8125,5.125,10.0625],"rotation":0,"texture":"#0","tintindex":0},"west":{"uv":[8.25,7.8125,9.0,8.125],"rotation":0,"texture":"#0","tintindex":0}}},{"name":"cube","from":[10.136356,2.482051,25.756313],"to":[11.4255,4.7963376,30.912884],"rotation":{"angle":-45.0,"axis":"x","origin":[8.589385,-28.715204,12.607055]},"faces":{"down":{"uv":[7.6875,10.0625,7.5,10.8125],"rotation":0,"texture":"#0","tintindex":0},"east":{"uv":[8.3125,5.6875,9.0625,6.0],"rotation":0,"texture":"#0","tintindex":0},"north":{"uv":[11.875,11.4375,12.0625,11.75],"rotation":0,"texture":"#0","tintindex":0},"south":{"uv":[11.625,11.875,11.8125,12.1875],"rotation":0,"texture":"#0","tintindex":0},"up":{"uv":[6.1875,10.8125,6.0,10.0625],"rotation":0,"texture":"#0","tintindex":0},"west":{"uv":[8.4375,1.25,9.1875,1.5625],"rotation":0,"texture":"#0","tintindex":0}}},{"name":"cube","from":[5.9682426,2.4804783,23.43743],"to":[10.136356,5.570478,30.91446],"rotation":{"angle":-45.0,"axis":"x","origin":[8.5839,-28.71678,12.608629]},"faces":{"down":{"uv":[3.25,1.0625,2.625,2.125],"rotation":0,"texture":"#0","tintindex":0},"east":{"uv":[5.6875,3.9375,6.75,4.375],"rotation":0,"texture":"#0","tintindex":0},"north":{"uv":[3.5,7.75,4.125,8.1875],"rotation":0,"texture":"#0","tintindex":0},"south":{"uv":[5.5,7.75,6.125,8.1875],"rotation":0,"texture":"#0","tintindex":0},"up":{"uv":[3.125,1.0625,2.5,0.0],"rotation":0,"texture":"#0","tintindex":0},"west":{"uv":[5.75,0.9375,6.8125,1.375],"rotation":0,"texture":"#0","tintindex":0}}},{"name":"cube","from":[6.268928,1.9620314,20.861929],"to":[9.878529,2.4776893,24.213701],"rotation":{"angle":-45.0,"axis":"x","origin":[8.589385,-28.719568,12.611416]},"faces":{"down":{"uv":[8.8125,5.1875,8.3125,5.6875],"rotation":0,"texture":"#0","tintindex":0},"east":{"uv":[9.625,5.25,10.125,5.3125],"rotation":0,"texture":"#0","tintindex":0},"north":{"uv":[8.75,0.3125,9.25,0.375],"rotation":0,"texture":"#0","tintindex":0},"south":{"uv":[10.4375,8.25,10.9375,8.3125],"rotation":0,"texture":"#0","tintindex":0},"up":{"uv":[5.3125,8.8125,4.8125,8.3125],"rotation":0,"texture":"#0","tintindex":0},"west":{"uv":[11.0,7.9375,11.5,8.0],"rotation":0,"texture":"#0","tintindex":0}}},{"name":"cube","from":[6.268928,-7.8567476,8.913073],"to":[9.878529,-1.4110327,9.557644],"rotation":{"angle":-22.5,"axis":"x","origin":[8.589385,-32.60829,1.1782157]},"faces":{"down":{"uv":[8.5625,0.375,8.0625,0.5],"rotation":0,"texture":"#0","tintindex":0},"east":{"uv":[4.5,5.8125,4.625,6.75],"rotation":0,"texture":"#0","tintindex":0},"north":{"uv":[5.625,1.75,6.125,2.6875],"rotation":0,"texture":"#0","tintindex":0},"south":{"uv":[5.75,0.0,6.25,0.9375],"rotation":0,"texture":"#0","tintindex":0},"up":{"uv":[7.3125,1.375,6.8125,1.25],"rotation":0,"texture":"#0","tintindex":0},"west":{"uv":[9.125,10.375,9.25,11.3125],"rotation":0,"texture":"#0","tintindex":0}}},{"name":"cube","from":[5.1857877,-4.6988716,-5.9876986],"to":[9.311045,-0.57361317,-4.891927],"rotation":{"angle":45.0,"axis":"y","origin":[11.373674,-34.35466,-0.83112717]},"faces":{"down":{"uv":[11.125,1.8125,10.5,2.0],"rotation":0,"texture":"#0","tintindex":0},"east":{"uv":[6.8125,10.625,7.0,11.25],"rotation":0,"texture":"#0","tintindex":0},"north":{"uv":[6.6875,1.375,7.3125,2.0],"rotation":0,"texture":"#0","tintindex":0},"south":{"uv":[1.875,6.6875,2.5,7.3125],"rotation":0,"texture":"#0","tintindex":0},"up":{"uv":[11.0625,2.5625,10.4375,2.375],"rotation":0,"texture":"#0","tintindex":0},"west":{"uv":[1.6875,10.6875,1.875,11.3125],"rotation":0,"texture":"#0","tintindex":0}}},{"name":"cube","from":[3.600029,-4.7043715,-3.0580158],"to":[5.1470003,-0.579113,-2.1556149],"rotation":{"angle":22.5,"axis":"y","origin":[11.334886,-34.35466,2.0985563]},"faces":{"down":{"uv":[3.75,7.625,3.5,7.75],"rotation":0,"texture":"#0","tintindex":0},"east":{"uv":[4.125,4.3125,4.25,4.9375],"rotation":0,"texture":"#0","tintindex":0},"north":{"uv":[3.125,6.8125,3.375,7.4375],"rotation":0,"texture":"#0","tintindex":0},"south":{"uv":[3.0,9.75,3.25,10.375],"rotation":0,"texture":"#0","tintindex":0},"up":{"uv":[2.5,7.4375,2.25,7.3125],"rotation":0,"texture":"#0","tintindex":0},"west":{"uv":[6.8125,11.25,6.9375,11.875],"rotation":0,"texture":"#0","tintindex":0}}},{"name":"cube","from":[5.276944,-6.767,-5.638714],"to":[8.886544,-4.7043715,-4.736313],"rotation":{"angle":45.0,"axis":"y","origin":[11.464829,-34.35466,-0.73997116]},"faces":{"down":{"uv":[12.0625,1.6875,11.5625,1.8125],"rotation":0,"texture":"#0","tintindex":0},"east":{"uv":[12.25,6.25,12.375,6.5625],"rotation":0,"texture":"#0","tintindex":0},"north":{"uv":[8.5,9.75,9.0,10.0625],"rotation":0,"texture":"#0","tintindex":0},"south":{"uv":[3.25,9.8125,3.75,10.125],"rotation":0,"texture":"#0","tintindex":0},"up":{"uv":[10.9375,7.0625,10.4375,6.9375],"rotation":0,"texture":"#0","tintindex":0},"west":{"uv":[7.5,12.25,7.625,12.5625],"rotation":0,"texture":"#0","tintindex":0}}},{"name":"cube","from":[6.1092153,-8.387693,1.121167],"to":[7.3983583,-6.3250637,4.601853],"rotation":{"angle":-22.5,"axis":"y","origin":[11.523615,-33.91272,-1.1992903]},"faces":{"down":{"uv":[5.5,11.125,5.3125,11.625],"rotation":0,"texture":"#0","tintindex":0},"east":{"uv":[6.3125,9.8125,6.8125,10.125],"rotation":0,"texture":"#0","tintindex":0},"north":{"uv":[11.875,11.75,12.0625,12.0625],"rotation":0,"texture":"#0","tintindex":0},"south":{"uv":[11.9375,1.8125,12.125,2.125],"rotation":0,"texture":"#0","tintindex":0},"up":{"uv":[3.9375,11.625,3.75,11.125],"rotation":0,"texture":"#0","tintindex":0},"west":{"uv":[9.8125,8.3125,10.3125,8.625],"rotation":0,"texture":"#0","tintindex":0}}},{"name":"cube","from":[8.749099,-8.387693,1.121167],"to":[10.038241,-6.3250637,4.601853],"rotation":{"angle":22.5,"axis":"y","origin":[4.6238413,-33.91272,-1.1992903]},"faces":{"down":{"uv":[8.5625,11.125,8.375,11.625],"rotation":0,"texture":"#0","tintindex":0},"east":{"uv":[9.875,0.6875,10.375,1.0],"rotation":0,"texture":"#0","tintindex":0},"north":{"uv":[2.75,11.9375,2.9375,12.25],"rotation":0,"texture":"#0","tintindex":0},"south":{"uv":[2.9375,11.9375,3.125,12.25],"rotation":0,"texture":"#0","tintindex":0},"up":{"uv":[5.6875,11.625,5.5,11.125],"rotation":0,"texture":"#0","tintindex":0},"west":{"uv":[1.1875,9.875,1.6875,10.1875],"rotation":0,"texture":"#0","tintindex":0}}},{"name":"cube","from":[7.2609124,-6.767,-5.638714],"to":[10.870512,-4.7043715,-4.736313],"rotation":{"angle":-45.0,"axis":"y","origin":[4.6826267,-34.35466,-0.73997116]},"faces":{"down":{"uv":[12.0625,2.875,11.5625,3.0],"rotation":0,"texture":"#0","tintindex":0},"east":{"uv":[7.875,12.25,8.0,12.5625],"rotation":0,"texture":"#0","tintindex":0},"north":{"uv":[1.9375,9.875,2.4375,10.1875],"rotation":0,"texture":"#0","tintindex":0},"south":{"uv":[9.875,7.0625,10.375,7.375],"rotation":0,"texture":"#0","tintindex":0},"up":{"uv":[12.0625,2.875,11.5625,2.75],"rotation":0,"texture":"#0","tintindex":0},"west":{"uv":[12.25,8.8125,12.375,9.125],"rotation":0,"texture":"#0","tintindex":0}}},{"name":"cube","from":[11.000456,-4.7043715,-3.0580158],"to":[12.547427,-0.579113,-2.1556149],"rotation":{"angle":-22.5,"axis":"y","origin":[4.8125706,-34.35466,2.0985563]},"faces":{"down":{"uv":[9.0625,5.5625,8.8125,5.6875],"rotation":0,"texture":"#0","tintindex":0},"east":{"uv":[1.6875,11.3125,1.8125,11.9375],"rotation":0,"texture":"#0","tintindex":0},"north":{"uv":[9.0,9.75,9.25,10.375],"rotation":0,"texture":"#0","tintindex":0},"south":{"uv":[3.75,9.8125,4.0,10.4375],"rotation":0,"texture":"#0","tintindex":0},"up":{"uv":[7.9375,7.0,7.6875,6.875],"rotation":0,"texture":"#0","tintindex":0},"west":{"uv":[2.4375,11.3125,2.5625,11.9375],"rotation":0,"texture":"#0","tintindex":0}}},{"name":"cube","from":[6.8364115,-4.6988716,-5.9876986],"to":[10.961668,-0.57361317,-4.891927],"rotation":{"angle":-45.0,"axis":"y","origin":[4.7737827,-34.35466,-0.83112717]},"faces":{"down":{"uv":[11.1875,4.25,10.5625,4.4375],"rotation":0,"texture":"#0","tintindex":0},"east":{"uv":[2.4375,10.6875,2.625,11.3125],"rotation":0,"texture":"#0","tintindex":0},"north":{"uv":[6.75,3.25,7.375,3.875],"rotation":0,"texture":"#0","tintindex":0},"south":{"uv":[6.8125,0.625,7.4375,1.25],"rotation":0,"texture":"#0","tintindex":0},"up":{"uv":[11.125,2.1875,10.5,2.0],"rotation":0,"texture":"#0","tintindex":0},"west":{"uv":[10.6875,9.25,10.875,9.875],"rotation":0,"texture":"#0","tintindex":0}}},{"name":"cube","from":[6.0111,-14.871435,21.64041],"to":[10.136356,-12.293148,22.284979],"rotation":{"angle":-45.0,"axis":"x","origin":[8.589385,-37.044693,3.5924075]},"faces":{"down":{"uv":[11.6875,7.5625,11.0625,7.6875],"rotation":0,"texture":"#0","tintindex":0},"east":{"uv":[3.625,12.1875,3.75,12.5625],"rotation":0,"texture":"#0","tintindex":0},"north":{"uv":[0.8125,8.4375,1.4375,8.8125],"rotation":0,"texture":"#0","tintindex":0},"south":{"uv":[2.125,8.4375,2.75,8.8125],"rotation":0,"texture":"#0","tintindex":0},"up":{"uv":[9.0625,1.6875,8.4375,1.5625],"rotation":0,"texture":"#0","tintindex":0},"west":{"uv":[12.1875,4.0625,12.3125,4.4375],"rotation":0,"texture":"#0","tintindex":0}}},{"name":"cube","from":[6.7845855,-11.135334,-0.39366198],"to":[9.362871,-7.525734,0.25090933],"rotation":{"angle":0.0,"axis":"x","origin":[8.589385,-37.176018,3.2159376]},"faces":{"down":{"uv":[6.5625,6.875,6.1875,7.0],"rotation":0,"texture":"#0","tintindex":0},"east":{"uv":[5.5625,11.625,5.6875,12.125],"rotation":0,"texture":"#0","tintindex":0},"north":{"uv":[1.75,8.9375,2.125,9.4375],"rotation":0,"texture":"#0","tintindex":0},"south":{"uv":[2.625,9.125,3.0,9.625],"rotation":0,"texture":"#0","tintindex":0},"up":{"uv":[5.125,3.6875,4.75,3.5625],"rotation":0,"texture":"#0","tintindex":0},"west":{"uv":[11.625,8.3125,11.75,8.8125],"rotation":0,"texture":"#0","tintindex":0}}},{"name":"cube","from":[7.3391123,-11.135334,-2.7270756],"to":[9.9173975,-7.525734,-2.0825043],"rotation":{"angle":-45.0,"axis":"y","origin":[5.5343122,-37.176018,0.88252425]},"faces":{"down":{"uv":[12.0625,7.8125,11.6875,7.9375],"rotation":0,"texture":"#0","tintindex":0},"east":{"uv":[8.375,11.625,8.5,12.125],"rotation":0,"texture":"#0","tintindex":0},"north":{"uv":[9.1875,4.375,9.5625,4.875],"rotation":0,"texture":"#0","tintindex":0},"south":{"uv":[9.25,2.4375,9.625,2.9375],"rotation":0,"texture":"#0","tintindex":0},"up":{"uv":[9.375,8.125,9.0,8.0],"rotation":0,"texture":"#0","tintindex":0},"west":{"uv":[8.5,11.625,8.625,12.125],"rotation":0,"texture":"#0","tintindex":0}}},{"name":"cube","from":[6.2300587,-11.135334,-2.7270756],"to":[8.808344,-7.525734,-2.0825043],"rotation":{"angle":45.0,"axis":"y","origin":[10.613144,-37.176018,0.88252425]},"faces":{"down":{"uv":[12.4375,4.875,12.0625,5.0],"rotation":0,"texture":"#0","tintindex":0},"east":{"uv":[8.625,11.625,8.75,12.125],"rotation":0,"texture":"#0","tintindex":0},"north":{"uv":[9.25,6.6875,9.625,7.1875],"rotation":0,"texture":"#0","tintindex":0},"south":{"uv":[9.0,9.25,9.375,9.75],"rotation":0,"texture":"#0","tintindex":0},"up":{"uv":[12.4375,3.6875,12.0625,3.5625],"rotation":0,"texture":"#0","tintindex":0},"west":{"uv":[8.75,11.625,8.875,12.125],"rotation":0,"texture":"#0","tintindex":0}}},{"name":"cube","from":[5.237614,-0.61625385,21.377588],"to":[6.268928,2.4776893,25.760675],"rotation":{"angle":-45.0,"axis":"x","origin":[8.589385,-28.719568,12.611416]},"faces":{"down":{"uv":[8.0,11.3125,7.875,11.9375],"rotation":0,"texture":"#0","tintindex":0},"east":{"uv":[7.8125,1.25,8.4375,1.6875],"rotation":0,"texture":"#0","tintindex":0},"north":{"uv":[6.8125,11.875,6.9375,12.3125],"rotation":0,"texture":"#0","tintindex":0},"south":{"uv":[1.6875,11.9375,1.8125,12.375],"rotation":0,"texture":"#0","tintindex":0},"up":{"uv":[2.9375,11.9375,2.8125,11.3125],"rotation":0,"texture":"#0","tintindex":0},"west":{"uv":[7.875,4.3125,8.5,4.75],"rotation":0,"texture":"#0","tintindex":0}}},{"name":"cube","from":[4.489911,-0.65911007,22.66673],"to":[5.237614,0.9307194,25.760675],"rotation":{"angle":-45.0,"axis":"x","origin":[8.589385,-28.719568,12.611416]},"faces":{"down":{"uv":[9.25,11.9375,9.125,12.375],"rotation":0,"texture":"#0","tintindex":0},"east":{"uv":[7.8125,1.6875,8.25,1.9375],"rotation":0,"texture":"#0","tintindex":0},"north":{"uv":[1.1875,9.625,1.3125,9.875],"rotation":0,"texture":"#0","tintindex":0},"south":{"uv":[10.5625,9.25,10.6875,9.5],"rotation":0,"texture":"#0","tintindex":0},"up":{"uv":[2.5625,12.375,2.4375,11.9375],"rotation":0,"texture":"#0","tintindex":0},"west":{"uv":[10.5625,4.4375,11.0,4.6875],"rotation":0,"texture":"#0","tintindex":0}}},{"name":"cube","from":[3.948471,-0.61625385,24.987188],"to":[5.237614,2.4776893,30.143763],"rotation":{"angle":-45.0,"axis":"x","origin":[8.589385,-28.719568,12.611416]},"faces":{"down":{"uv":[8.0625,10.0625,7.875,10.8125],"rotation":0,"texture":"#0","tintindex":0},"east":{"uv":[1.5,7.3125,2.25,7.75],"rotation":0,"texture":"#0","tintindex":0},"north":{"uv":[4.3125,11.25,4.5,11.6875],"rotation":0,"texture":"#0","tintindex":0},"south":{"uv":[4.5,11.25,4.6875,11.6875],"rotation":0,"texture":"#0","tintindex":0},"up":{"uv":[7.875,10.8125,7.6875,10.0625],"rotation":0,"texture":"#0","tintindex":0},"west":{"uv":[7.375,3.0,8.125,3.4375],"rotation":0,"texture":"#0","tintindex":0}}},{"name":"cube","from":[2.215475,-0.91652393,24.185337],"to":[4.5359325,0.37262058,30.95334],"rotation":{"angle":-45.0,"axis":"x","origin":[8.145533,-29.019838,13.420995]},"faces":{"down":{"uv":[1.4375,7.4375,1.125,8.4375],"rotation":0,"texture":"#0","tintindex":0},"east":{"uv":[9.125,5.3125,10.125,5.5],"rotation":0,"texture":"#0","tintindex":0},"north":{"uv":[10.0625,5.625,10.375,5.8125],"rotation":0,"texture":"#0","tintindex":0},"south":{"uv":[11.75,0.9375,12.0625,1.125],"rotation":0,"texture":"#0","tintindex":0},"up":{"uv":[1.125,8.4375,0.8125,7.4375],"rotation":0,"texture":"#0","tintindex":0},"west":{"uv":[9.25,0.3125,10.25,0.5],"rotation":0,"texture":"#0","tintindex":0}}},{"name":"cube","from":[10.9098425,-0.61625385,24.987188],"to":[12.198986,2.4776893,30.143763],"rotation":{"angle":-45.0,"axis":"x","origin":[7.558071,-28.719568,12.611416]},"faces":{"down":{"uv":[8.4375,10.0625,8.25,10.8125],"rotation":0,"texture":"#0","tintindex":0},"east":{"uv":[7.375,3.4375,8.125,3.875],"rotation":0,"texture":"#0","tintindex":0},"north":{"uv":[4.6875,11.25,4.875,11.6875],"rotation":0,"texture":"#0","tintindex":0},"south":{"uv":[4.875,11.25,5.0625,11.6875],"rotation":0,"texture":"#0","tintindex":0},"up":{"uv":[8.25,10.8125,8.0625,10.0625],"rotation":0,"texture":"#0","tintindex":0},"west":{"uv":[7.375,3.875,8.125,4.3125],"rotation":0,"texture":"#0","tintindex":0}}},{"name":"cube","from":[9.878529,-0.61625385,21.377588],"to":[10.9098425,2.4776893,25.760675],"rotation":{"angle":-45.0,"axis":"x","origin":[7.558071,-28.719568,12.611416]},"faces":{"down":{"uv":[9.25,11.3125,9.125,11.9375],"rotation":0,"texture":"#0","tintindex":0},"east":{"uv":[7.875,4.75,8.5,5.1875],"rotation":0,"texture":"#0","tintindex":0},"north":{"uv":[3.3125,12.0,3.4375,12.4375],"rotation":0,"texture":"#0","tintindex":0},"south":{"uv":[12.0625,4.25,12.1875,4.6875],"rotation":0,"texture":"#0","tintindex":0},"up":{"uv":[8.125,11.9375,8.0,11.3125],"rotation":0,"texture":"#0","tintindex":0},"west":{"uv":[4.8125,7.875,5.4375,8.3125],"rotation":0,"texture":"#0","tintindex":0}}},{"name":"cube","from":[6.0111,5.3782043,1.3080516],"to":[10.136356,8.472147,8.011595],"rotation":{"angle":0.0,"axis":"x","origin":[8.589385,-25.819052,-16.997778]},"faces":{"down":{"uv":[4.0,1.25,3.375,2.25],"rotation":0,"texture":"#0","tintindex":0},"east":{"uv":[5.9375,4.375,6.9375,4.8125],"rotation":0,"texture":"#0","tintindex":0},"north":{"uv":[7.9375,0.5,8.5625,0.9375],"rotation":0,"texture":"#0","tintindex":0},"south":{"uv":[7.9375,6.875,8.5625,7.3125],"rotation":0,"texture":"#0","tintindex":0},"up":{"uv":[3.875,3.75,3.25,2.75],"rotation":0,"texture":"#0","tintindex":0},"west":{"uv":[5.9375,4.8125,6.9375,5.25],"rotation":0,"texture":"#0","tintindex":0}}},{"name":"cube","from":[3.9325285,3.7999525,1.8549879],"to":[6.0111,7.925211,8.042873],"rotation":{"angle":0.0,"axis":"x","origin":[8.573442,-25.592505,-16.966497]},"faces":{"down":{"uv":[6.4375,7.75,6.125,8.625],"rotation":0,"texture":"#0","tintindex":0},"east":{"uv":[3.875,3.0625,4.75,3.6875],"rotation":0,"texture":"#0","tintindex":0},"north":{"uv":[8.0625,8.8125,8.375,9.4375],"rotation":0,"texture":"#0","tintindex":0},"south":{"uv":[8.375,8.8125,8.6875,9.4375],"rotation":0,"texture":"#0","tintindex":0},"up":{"uv":[2.125,8.625,1.8125,7.75],"rotation":0,"texture":"#0","tintindex":0},"west":{"uv":[0.0,4.125,0.875,4.75],"rotation":0,"texture":"#0","tintindex":0}}},{"name":"cube","from":[10.136356,3.7999525,1.8549888],"to":[12.214928,7.925211,8.042874],"rotation":{"angle":0.0,"axis":"x","origin":[7.558071,-25.592505,-16.966497]},"faces":{"down":{"uv":[8.25,7.3125,7.9375,8.1875],"rotation":0,"texture":"#0","tintindex":0},"east":{"uv":[0.875,4.125,1.75,4.75],"rotation":0,"texture":"#0","tintindex":0},"north":{"uv":[8.6875,8.8125,9.0,9.4375],"rotation":0,"texture":"#0","tintindex":0},"south":{"uv":[3.5,8.875,3.8125,9.5],"rotation":0,"texture":"#0","tintindex":0},"up":{"uv":[7.4375,8.625,7.125,7.75],"rotation":0,"texture":"#0","tintindex":0},"west":{"uv":[1.75,4.125,2.625,4.75],"rotation":0,"texture":"#0","tintindex":0}}},{"name":"cube","from":[11.611525,-0.91652393,24.185337],"to":[13.931981,0.37262058,30.95334],"rotation":{"angle":-45.0,"axis":"x","origin":[8.0019245,-29.019838,13.420995]},"faces":{"down":{"uv":[2.875,7.4375,2.5625,8.4375],"rotation":0,"texture":"#0","tintindex":0},"east":{"uv":[9.25,0.5,10.25,0.6875],"rotation":0,"texture":"#0","tintindex":0},"north":{"uv":[11.8125,3.6875,12.125,3.875],"rotation":0,"texture":"#0","tintindex":0},"south":{"uv":[11.8125,9.8125,12.125,10.0],"rotation":0,"texture":"#0","tintindex":0},"up":{"uv":[2.5625,8.4375,2.25,7.4375],"rotation":0,"texture":"#0","tintindex":0},"west":{"uv":[9.25,6.0,10.25,6.1875],"rotation":0,"texture":"#0","tintindex":0}}},{"name":"cube","from":[10.9098425,-0.65911007,22.66673],"to":[11.657545,0.9307194,25.760675],"rotation":{"angle":-45.0,"axis":"x","origin":[7.558071,-28.719568,12.611416]},"faces":{"down":{"uv":[12.1875,10.4375,12.0625,10.875],"rotation":0,"texture":"#0","tintindex":0},"east":{"uv":[10.6875,10.4375,11.125,10.6875],"rotation":0,"texture":"#0","tintindex":0},"north":{"uv":[12.4375,3.875,12.5625,4.125],"rotation":0,"texture":"#0","tintindex":0},"south":{"uv":[12.4375,5.0625,12.5625,5.3125],"rotation":0,"texture":"#0","tintindex":0},"up":{"uv":[12.1875,8.1875,12.0625,7.75],"rotation":0,"texture":"#0","tintindex":0},"west":{"uv":[10.6875,10.6875,11.125,10.9375],"rotation":0,"texture":"#0","tintindex":0}}}],"display":{"head":{"translation":[0.0,-6.4,0.0],"rotation":[0.0,0.0,0.0],"scale":[3.7333333,3.7333333,3.7333333]}}}