{"textures":{"0":"modelengine:entity/mecha"},"elements":[{"name":"cube","from":[6.521793,9.660417,8.099264],"to":[6.9278727,10.959871,8.911425],"rotation":{"angle":0.0,"axis":"x","origin":[20.815807,-12.7552,7.530752]},"faces":{"down":{"uv":[12.9375,0.375,12.875,0.5],"rotation":0,"texture":"#0","tintindex":0},"east":{"uv":[12.625,11.875,12.75,12.0],"rotation":0,"texture":"#0","tintindex":0},"north":{"uv":[12.875,0.25,12.9375,0.375],"rotation":0,"texture":"#0","tintindex":0},"south":{"uv":[0.3125,12.875,0.375,13.0],"rotation":0,"texture":"#0","tintindex":0},"up":{"uv":[0.4375,13.0,0.375,12.875],"rotation":0,"texture":"#0","tintindex":0},"west":{"uv":[12.625,12.0,12.75,12.125],"rotation":0,"texture":"#0","tintindex":0}}}],"display":{"head":{"translation":[0.0,-6.4,0.0],"rotation":[0.0,0.0,0.0],"scale":[3.8095,3.8095,3.8095]}}}