{"textures":{"0":"modelengine:entity/mecha"},"elements":[{"name":"cube","from":[6.521793,9.660417,8.099264],"to":[6.9278727,10.959871,8.911425],"rotation":{"angle":0.0,"axis":"x","origin":[20.815807,-12.7552,7.5307517]},"faces":{"down":{"uv":[12.875,12.5,12.8125,12.625],"rotation":0,"texture":"#0","tintindex":0},"east":{"uv":[12.625,11.625,12.75,11.75],"rotation":0,"texture":"#0","tintindex":0},"north":{"uv":[12.125,12.8125,12.1875,12.9375],"rotation":0,"texture":"#0","tintindex":0},"south":{"uv":[12.8125,12.125,12.875,12.25],"rotation":0,"texture":"#0","tintindex":0},"up":{"uv":[12.875,12.5,12.8125,12.375],"rotation":0,"texture":"#0","tintindex":0},"west":{"uv":[12.625,11.75,12.75,11.875],"rotation":0,"texture":"#0","tintindex":0}}}],"display":{"head":{"translation":[0.0,-6.4,0.0],"rotation":[0.0,0.0,0.0],"scale":[3.8095,3.8095,3.8095]}}}