{"textures":{"0":"modelengine:entity/mecha"},"elements":[{"name":"cube","from":[8.849696,9.660417,8.424129],"to":[9.661856,10.959873,8.830208],"rotation":{"angle":0.0,"axis":"x","origin":[8.281183,-13.080064,22.718143]},"faces":{"down":{"uv":[9.3125,7.5,9.4375,7.5625],"rotation":0,"texture":"#0","tintindex":0},"east":{"uv":[1.6875,12.875,1.625,13.0],"rotation":0,"texture":"#0","tintindex":0},"north":{"uv":[12.75,12.125,12.625,12.25],"rotation":0,"texture":"#0","tintindex":0},"south":{"uv":[12.75,12.25,12.625,12.375],"rotation":0,"texture":"#0","tintindex":0},"up":{"uv":[8.9375,4.0625,9.0625,4.0],"rotation":0,"texture":"#0","tintindex":0},"west":{"uv":[12.9375,1.5,12.875,1.625],"rotation":0,"texture":"#0","tintindex":0}}}],"display":{"head":{"translation":[0.0,-6.4,0.0],"rotation":[0.0,0.0,0.0],"scale":[3.8095,3.8095,3.8095]}}}