{"textures":{"0":"modelengine:entity/mecha"},"elements":[{"name":"cube","from":[9.012128,9.660417,8.099264],"to":[9.418208,10.959871,8.911425],"rotation":{"angle":0.0,"axis":"x","origin":[-4.875808,-12.7552,7.5307517]},"faces":{"down":{"uv":[12.8125,11.625,12.875,11.75],"rotation":0,"texture":"#0","tintindex":0},"east":{"uv":[12.75,11.5,12.625,11.625],"rotation":0,"texture":"#0","tintindex":0},"north":{"uv":[12.875,11.375,12.8125,11.5],"rotation":0,"texture":"#0","tintindex":0},"south":{"uv":[12.875,11.5,12.8125,11.625],"rotation":0,"texture":"#0","tintindex":0},"up":{"uv":[11.5625,12.9375,11.625,12.8125],"rotation":0,"texture":"#0","tintindex":0},"west":{"uv":[12.75,5.25,12.625,5.375],"rotation":0,"texture":"#0","tintindex":0}}}],"display":{"head":{"translation":[0.0,-6.4,0.0],"rotation":[0.0,0.0,0.0],"scale":[3.8095,3.8095,3.8095]}}}