{"textures":{"0":"modelengine:entity/mecha"},"elements":[{"name":"cube","from":[6.2449007,10.504494,10.067191],"to":[10.004042,13.323851,10.067191],"rotation":{"angle":0.0,"axis":"x","origin":[14.890924,-19.380674,4.8038945]},"faces":{"down":{"uv":[12.3125,7.4375,11.5625,7.5],"rotation":0,"texture":"#0","tintindex":0},"east":{"uv":[1.875,10.6875,1.9375,11.25],"rotation":0,"texture":"#0","tintindex":0},"north":{"uv":[5.9375,5.25,6.6875,5.8125],"rotation":0,"texture":"#0","tintindex":0},"south":{"uv":[1.875,6.125,2.625,6.6875],"rotation":0,"texture":"#0","tintindex":0},"up":{"uv":[11.25,6.625,10.5,6.5625],"rotation":0,"texture":"#0","tintindex":0},"west":{"uv":[9.5,12.375,9.5625,12.9375],"rotation":0,"texture":"#0","tintindex":0}}},{"name":"cube","from":[6.2449007,10.504494,5.9926224],"to":[10.004042,13.323851,6.368537],"rotation":{"angle":0.0,"axis":"x","origin":[14.890924,-19.380674,4.8038945]},"faces":{"down":{"uv":[12.6875,3.3125,11.9375,3.375],"rotation":0,"texture":"#0","tintindex":0},"east":{"uv":[10.375,12.375,10.4375,12.9375],"rotation":0,"texture":"#0","tintindex":0},"north":{"uv":[6.125,2.125,6.875,2.6875],"rotation":0,"texture":"#0","tintindex":0},"south":{"uv":[6.125,2.6875,6.875,3.25],"rotation":0,"texture":"#0","tintindex":0},"up":{"uv":[12.4375,10.375,11.6875,10.3125],"rotation":0,"texture":"#0","tintindex":0},"west":{"uv":[10.4375,12.375,10.5,12.9375],"rotation":0,"texture":"#0","tintindex":0}}},{"name":"cube","from":[6.2449007,13.323851,5.428752],"to":[10.004042,13.511808,10.066691],"rotation":{"angle":0.0,"axis":"x","origin":[14.890924,-19.380674,4.8038945]},"faces":{"down":{"uv":[1.5,0.0,0.75,1.0625],"rotation":0,"texture":"#0","tintindex":0},"east":{"uv":[11.5625,0.25,12.625,0.3125],"rotation":0,"texture":"#0","tintindex":0},"north":{"uv":[12.0625,1.1875,12.8125,1.25],"rotation":0,"texture":"#0","tintindex":0},"south":{"uv":[12.125,2.0625,12.875,2.125],"rotation":0,"texture":"#0","tintindex":0},"up":{"uv":[0.75,1.0625,0.0,0.0],"rotation":0,"texture":"#0","tintindex":0},"west":{"uv":[11.5625,0.3125,12.625,0.375],"rotation":0,"texture":"#0","tintindex":0}}},{"name":"cube","from":[6.056944,10.504494,5.428752],"to":[6.2449007,13.323851,10.066691],"rotation":{"angle":0.0,"axis":"x","origin":[14.890924,-19.380674,4.8038945]},"faces":{"down":{"uv":[7.3125,11.5625,7.25,12.625],"rotation":0,"texture":"#0","tintindex":0},"east":{"uv":[0.0,3.5625,1.0625,4.125],"rotation":0,"texture":"#0","tintindex":0},"north":{"uv":[10.5,12.375,10.5625,12.9375],"rotation":0,"texture":"#0","tintindex":0},"south":{"uv":[10.5625,12.375,10.625,12.9375],"rotation":0,"texture":"#0","tintindex":0},"up":{"uv":[6.625,12.625,6.5625,11.5625],"rotation":0,"texture":"#0","tintindex":0},"west":{"uv":[1.0625,3.5625,2.125,4.125],"rotation":0,"texture":"#0","tintindex":0}}},{"name":"cube","from":[10.004042,10.504494,5.428752],"to":[10.1919985,13.323851,10.066691],"rotation":{"angle":0.0,"axis":"x","origin":[14.890924,-19.380674,4.8038945]},"faces":{"down":{"uv":[7.4375,11.5625,7.375,12.625],"rotation":0,"texture":"#0","tintindex":0},"east":{"uv":[2.125,3.5625,3.1875,4.125],"rotation":0,"texture":"#0","tintindex":0},"north":{"uv":[10.625,12.375,10.6875,12.9375],"rotation":0,"texture":"#0","tintindex":0},"south":{"uv":[10.6875,12.375,10.75,12.9375],"rotation":0,"texture":"#0","tintindex":0},"up":{"uv":[7.375,12.625,7.3125,11.5625],"rotation":0,"texture":"#0","tintindex":0},"west":{"uv":[3.1875,3.75,4.25,4.3125],"rotation":0,"texture":"#0","tintindex":0}}},{"name":"cube","from":[26.707895,29.071497,5.428752],"to":[26.971035,29.259455,10.066691],"rotation":{"angle":45.0,"axis":"z","origin":[35.617058,-3.633028,4.8038945]},"faces":{"down":{"uv":[11.3125,11.5625,11.25,12.625],"rotation":0,"texture":"#0","tintindex":0},"east":{"uv":[11.5625,0.375,12.625,0.4375],"rotation":0,"texture":"#0","tintindex":0},"north":{"uv":[12.875,8.25,12.9375,8.3125],"rotation":0,"texture":"#0","tintindex":0},"south":{"uv":[12.875,8.3125,12.9375,8.375],"rotation":0,"texture":"#0","tintindex":0},"up":{"uv":[11.25,12.625,11.1875,11.5625],"rotation":0,"texture":"#0","tintindex":0},"west":{"uv":[11.5625,0.4375,12.625,0.5],"rotation":0,"texture":"#0","tintindex":0}}},{"name":"cube","from":[-10.722094,29.071497,5.428752],"to":[-10.458953,29.259455,10.066691],"rotation":{"angle":-45.0,"axis":"z","origin":[-19.368118,-3.633028,4.8038945]},"faces":{"down":{"uv":[3.8125,11.625,3.75,12.6875],"rotation":0,"texture":"#0","tintindex":0},"east":{"uv":[11.5625,0.5,12.625,0.5625],"rotation":0,"texture":"#0","tintindex":0},"north":{"uv":[12.875,8.375,12.9375,8.4375],"rotation":0,"texture":"#0","tintindex":0},"south":{"uv":[12.875,8.4375,12.9375,8.5],"rotation":0,"texture":"#0","tintindex":0},"up":{"uv":[11.375,12.625,11.3125,11.5625],"rotation":0,"texture":"#0","tintindex":0},"west":{"uv":[11.5625,1.25,12.625,1.3125],"rotation":0,"texture":"#0","tintindex":0}}},{"name":"cube","from":[-10.722094,-5.4311085,5.428752],"to":[-10.458953,-5.2431526,10.066691],"rotation":{"angle":45.0,"axis":"z","origin":[-19.368118,27.46137,4.8038945]},"faces":{"down":{"uv":[3.9375,11.625,3.875,12.6875],"rotation":0,"texture":"#0","tintindex":0},"east":{"uv":[11.5625,1.3125,12.625,1.375],"rotation":0,"texture":"#0","tintindex":0},"north":{"uv":[12.875,8.5,12.9375,8.5625],"rotation":0,"texture":"#0","tintindex":0},"south":{"uv":[12.875,8.5625,12.9375,8.625],"rotation":0,"texture":"#0","tintindex":0},"up":{"uv":[3.875,12.6875,3.8125,11.625],"rotation":0,"texture":"#0","tintindex":0},"west":{"uv":[11.5625,1.375,12.625,1.4375],"rotation":0,"texture":"#0","tintindex":0}}},{"name":"cube","from":[6.2449007,10.316536,5.428752],"to":[10.004042,10.504494,10.066691],"rotation":{"angle":0.0,"axis":"x","origin":[14.890924,43.209015,4.8038945]},"faces":{"down":{"uv":[1.5,1.0625,0.75,2.125],"rotation":0,"texture":"#0","tintindex":0},"east":{"uv":[11.5625,1.4375,12.625,1.5],"rotation":0,"texture":"#0","tintindex":0},"north":{"uv":[12.125,3.6875,12.875,3.75],"rotation":0,"texture":"#0","tintindex":0},"south":{"uv":[12.125,3.75,12.875,3.8125],"rotation":0,"texture":"#0","tintindex":0},"up":{"uv":[0.75,2.125,0.0,1.0625],"rotation":0,"texture":"#0","tintindex":0},"west":{"uv":[11.5625,1.5,12.625,1.5625],"rotation":0,"texture":"#0","tintindex":0}}},{"name":"cube","from":[6.6208153,9.7526655,6.871422],"to":[9.628128,10.316536,10.066691],"rotation":{"angle":0.0,"axis":"x","origin":[14.890924,43.209015,4.8038945]},"faces":{"down":{"uv":[7.5,0.0,6.875,0.625],"rotation":0,"texture":"#0","tintindex":0},"east":{"uv":[11.3125,3.125,11.9375,3.25],"rotation":0,"texture":"#0","tintindex":0},"north":{"uv":[11.1875,4.25,11.8125,4.375],"rotation":0,"texture":"#0","tintindex":0},"south":{"uv":[11.3125,3.25,11.9375,3.375],"rotation":0,"texture":"#0","tintindex":0},"up":{"uv":[3.125,7.4375,2.5,6.8125],"rotation":0,"texture":"#0","tintindex":0},"west":{"uv":[11.3125,6.375,11.9375,6.5],"rotation":0,"texture":"#0","tintindex":0}}},{"name":"cube","from":[7.5606003,9.188795,7.4352927],"to":[8.688342,9.7526655,9.314863],"rotation":{"angle":0.0,"axis":"x","origin":[14.890924,43.209015,4.8038945]},"faces":{"down":{"uv":[10.6875,11.125,10.4375,11.5],"rotation":0,"texture":"#0","tintindex":0},"east":{"uv":[12.125,5.5625,12.5,5.6875],"rotation":0,"texture":"#0","tintindex":0},"north":{"uv":[10.25,6.0625,10.5,6.1875],"rotation":0,"texture":"#0","tintindex":0},"south":{"uv":[10.3125,8.5,10.5625,8.625],"rotation":0,"texture":"#0","tintindex":0},"up":{"uv":[5.0625,7.875,4.8125,7.5],"rotation":0,"texture":"#0","tintindex":0},"west":{"uv":[12.125,9.5625,12.5,9.6875],"rotation":0,"texture":"#0","tintindex":0}}},{"name":"cube","from":[7.5527267,11.961163,20.592283],"to":[8.693091,13.464819,21.53207],"rotation":{"angle":22.5,"axis":"x","origin":[14.890924,43.209015,4.8038945]},"faces":{"down":{"uv":[9.25,6.6875,9.0,6.875],"rotation":0,"texture":"#0","tintindex":0},"east":{"uv":[3.125,12.0,3.3125,12.3125],"rotation":0,"texture":"#0","tintindex":0},"north":{"uv":[11.3125,8.3125,11.5625,8.625],"rotation":0,"texture":"#0","tintindex":0},"south":{"uv":[9.6875,11.3125,9.9375,11.625],"rotation":0,"texture":"#0","tintindex":0},"up":{"uv":[7.1875,5.8125,6.9375,5.625],"rotation":0,"texture":"#0","tintindex":0},"west":{"uv":[3.9375,12.0,4.125,12.3125],"rotation":0,"texture":"#0","tintindex":0}}},{"name":"cube","from":[7.5527267,-3.9652328,-13.419836],"to":[8.693091,-3.4013634,-12.480049],"rotation":{"angle":-45.0,"axis":"x","origin":[14.890924,30.054989,-17.930801]},"faces":{"down":{"uv":[10.625,12.1875,10.375,12.375],"rotation":0,"texture":"#0","tintindex":0},"east":{"uv":[12.5,9.5625,12.6875,9.6875],"rotation":0,"texture":"#0","tintindex":0},"north":{"uv":[10.375,0.875,10.625,1.0],"rotation":0,"texture":"#0","tintindex":0},"south":{"uv":[10.375,7.25,10.625,7.375],"rotation":0,"texture":"#0","tintindex":0},"up":{"uv":[9.5625,12.375,9.3125,12.1875],"rotation":0,"texture":"#0","tintindex":0},"west":{"uv":[12.5,10.1875,12.6875,10.3125],"rotation":0,"texture":"#0","tintindex":0}}},{"name":"cube","from":[7.5606003,1.9873948,30.083805],"to":[8.688342,2.551268,31.211548],"rotation":{"angle":45.0,"axis":"x","origin":[14.890924,36.007614,28.01628]},"faces":{"down":{"uv":[12.0,0.6875,11.75,0.9375],"rotation":0,"texture":"#0","tintindex":0},"east":{"uv":[0.0,11.0,0.25,11.125],"rotation":0,"texture":"#0","tintindex":0},"north":{"uv":[10.75,1.6875,11.0,1.8125],"rotation":0,"texture":"#0","tintindex":0},"south":{"uv":[11.6875,6.25,11.9375,6.375],"rotation":0,"texture":"#0","tintindex":0},"up":{"uv":[0.25,12.0,0.0,11.75],"rotation":0,"texture":"#0","tintindex":0},"west":{"uv":[11.75,8.6875,12.0,8.8125],"rotation":0,"texture":"#0","tintindex":0}}},{"name":"cube","from":[7.5527267,8.325434,19.481945],"to":[8.693091,8.889303,20.797647],"rotation":{"angle":22.5,"axis":"x","origin":[14.890924,42.345657,16.286678]},"faces":{"down":{"uv":[12.0,3.875,11.75,4.125],"rotation":0,"texture":"#0","tintindex":0},"east":{"uv":[12.4375,3.5625,12.6875,3.6875],"rotation":0,"texture":"#0","tintindex":0},"north":{"uv":[12.4375,3.125,12.6875,3.25],"rotation":0,"texture":"#0","tintindex":0},"south":{"uv":[12.4375,4.8125,12.6875,4.9375],"rotation":0,"texture":"#0","tintindex":0},"up":{"uv":[3.4375,12.0,3.1875,11.75],"rotation":0,"texture":"#0","tintindex":0},"west":{"uv":[12.4375,11.375,12.6875,11.5],"rotation":0,"texture":"#0","tintindex":0}}},{"name":"cube","from":[-3.5756702,9.219936,9.492392],"to":[-3.0117998,9.78381,10.056262],"rotation":{"angle":22.5,"axis":"z","origin":[1.6871264,42.676292,4.8038945]},"faces":{"down":{"uv":[3.875,12.6875,3.75,12.8125],"rotation":0,"texture":"#0","tintindex":0},"east":{"uv":[12.6875,1.75,12.8125,1.875],"rotation":0,"texture":"#0","tintindex":0},"north":{"uv":[12.6875,0.625,12.8125,0.75],"rotation":0,"texture":"#0","tintindex":0},"south":{"uv":[12.6875,2.625,12.8125,2.75],"rotation":0,"texture":"#0","tintindex":0},"up":{"uv":[12.8125,3.6875,12.6875,3.5625],"rotation":0,"texture":"#0","tintindex":0},"west":{"uv":[12.6875,3.125,12.8125,3.25],"rotation":0,"texture":"#0","tintindex":0}}},{"name":"cube","from":[19.260742,9.219936,9.492392],"to":[19.824612,9.78381,10.056262],"rotation":{"angle":-22.5,"axis":"z","origin":[14.561816,42.676292,4.8038945]},"faces":{"down":{"uv":[6.75,12.6875,6.625,12.8125],"rotation":0,"texture":"#0","tintindex":0},"east":{"uv":[12.6875,4.9375,12.8125,5.0625],"rotation":0,"texture":"#0","tintindex":0},"north":{"uv":[12.6875,4.8125,12.8125,4.9375],"rotation":0,"texture":"#0","tintindex":0},"south":{"uv":[12.6875,5.0625,12.8125,5.1875],"rotation":0,"texture":"#0","tintindex":0},"up":{"uv":[12.8125,6.6875,12.6875,6.5625],"rotation":0,"texture":"#0","tintindex":0},"west":{"uv":[5.3125,12.6875,5.4375,12.8125],"rotation":0,"texture":"#0","tintindex":0}}},{"name":"cube","from":[-3.5756702,9.219936,6.867991],"to":[-3.0117998,9.78381,7.431862],"rotation":{"angle":22.5,"axis":"z","origin":[1.6871264,42.676292,2.172496]},"faces":{"down":{"uv":[12.8125,8.3125,12.6875,8.4375],"rotation":0,"texture":"#0","tintindex":0},"east":{"uv":[12.6875,6.8125,12.8125,6.9375],"rotation":0,"texture":"#0","tintindex":0},"north":{"uv":[12.6875,6.6875,12.8125,6.8125],"rotation":0,"texture":"#0","tintindex":0},"south":{"uv":[12.6875,7.9375,12.8125,8.0625],"rotation":0,"texture":"#0","tintindex":0},"up":{"uv":[12.8125,8.3125,12.6875,8.1875],"rotation":0,"texture":"#0","tintindex":0},"west":{"uv":[12.6875,8.0625,12.8125,8.1875],"rotation":0,"texture":"#0","tintindex":0}}},{"name":"cube","from":[19.260742,9.219936,6.867991],"to":[19.824612,9.78381,7.431862],"rotation":{"angle":-22.5,"axis":"z","origin":[14.561816,42.676292,2.172496]},"faces":{"down":{"uv":[12.8125,10.3125,12.6875,10.4375],"rotation":0,"texture":"#0","tintindex":0},"east":{"uv":[12.6875,8.5625,12.8125,8.6875],"rotation":0,"texture":"#0","tintindex":0},"north":{"uv":[12.6875,8.4375,12.8125,8.5625],"rotation":0,"texture":"#0","tintindex":0},"south":{"uv":[12.6875,8.6875,12.8125,8.8125],"rotation":0,"texture":"#0","tintindex":0},"up":{"uv":[12.8125,10.3125,12.6875,10.1875],"rotation":0,"texture":"#0","tintindex":0},"west":{"uv":[12.6875,9.5625,12.8125,9.6875],"rotation":0,"texture":"#0","tintindex":0}}},{"name":"cube","from":[26.707895,-5.4311085,5.428752],"to":[26.971035,-5.2431526,10.066691],"rotation":{"angle":-45.0,"axis":"z","origin":[35.617058,27.46137,4.8038945]},"faces":{"down":{"uv":[5.4375,11.625,5.375,12.6875],"rotation":0,"texture":"#0","tintindex":0},"east":{"uv":[11.5625,1.5625,12.625,1.625],"rotation":0,"texture":"#0","tintindex":0},"north":{"uv":[12.875,8.625,12.9375,8.6875],"rotation":0,"texture":"#0","tintindex":0},"south":{"uv":[12.875,8.6875,12.9375,8.75],"rotation":0,"texture":"#0","tintindex":0},"up":{"uv":[5.375,12.6875,5.3125,11.625],"rotation":0,"texture":"#0","tintindex":0},"west":{"uv":[11.5625,1.625,12.625,1.6875],"rotation":0,"texture":"#0","tintindex":0}}},{"name":"cube","from":[8.876299,12.196107,5.428752],"to":[9.628128,12.947935,6.052609],"rotation":{"angle":0.0,"axis":"x","origin":[14.890924,-19.380674,4.8038945]},"faces":{"down":{"uv":[3.1875,8.4375,3.0625,8.625],"rotation":0,"texture":"#0","tintindex":0},"east":{"uv":[12.5,10.3125,12.6875,10.4375],"rotation":0,"texture":"#0","tintindex":0},"north":{"uv":[12.6875,11.375,12.8125,11.5],"rotation":0,"texture":"#0","tintindex":0},"south":{"uv":[12.6875,12.375,12.8125,12.5],"rotation":0,"texture":"#0","tintindex":0},"up":{"uv":[3.1875,4.3125,3.0625,4.125],"rotation":0,"texture":"#0","tintindex":0},"west":{"uv":[12.5625,3.875,12.75,4.0],"rotation":0,"texture":"#0","tintindex":0}}},{"name":"cube","from":[7.748557,12.196107,5.428752],"to":[8.500385,12.947935,6.052609],"rotation":{"angle":0.0,"axis":"x","origin":[14.890924,-19.380674,4.8038945]},"faces":{"down":{"uv":[8.9375,3.5625,8.8125,3.75],"rotation":0,"texture":"#0","tintindex":0},"east":{"uv":[12.5625,4.0,12.75,4.125],"rotation":0,"texture":"#0","tintindex":0},"north":{"uv":[12.6875,12.5,12.8125,12.625],"rotation":0,"texture":"#0","tintindex":0},"south":{"uv":[12.6875,12.625,12.8125,12.75],"rotation":0,"texture":"#0","tintindex":0},"up":{"uv":[7.875,8.8125,7.75,8.625],"rotation":0,"texture":"#0","tintindex":0},"west":{"uv":[12.5625,5.375,12.75,5.5],"rotation":0,"texture":"#0","tintindex":0}}},{"name":"cube","from":[6.6208153,12.196107,5.428752],"to":[7.3726435,12.947935,6.052609],"rotation":{"angle":0.0,"axis":"x","origin":[14.890924,-19.380674,4.8038945]},"faces":{"down":{"uv":[1.0,10.3125,0.875,10.5],"rotation":0,"texture":"#0","tintindex":0},"east":{"uv":[12.5625,5.6875,12.75,5.8125],"rotation":0,"texture":"#0","tintindex":0},"north":{"uv":[12.75,0.0,12.875,0.125],"rotation":0,"texture":"#0","tintindex":0},"south":{"uv":[12.75,0.125,12.875,0.25],"rotation":0,"texture":"#0","tintindex":0},"up":{"uv":[9.1875,1.25,9.0625,1.0625],"rotation":0,"texture":"#0","tintindex":0},"west":{"uv":[12.5625,5.8125,12.75,5.9375],"rotation":0,"texture":"#0","tintindex":0}}},{"name":"cube","from":[8.876299,10.880409,5.428752],"to":[9.628128,11.6322365,6.052609],"rotation":{"angle":0.0,"axis":"x","origin":[14.890924,-19.380674,4.8038945]},"faces":{"down":{"uv":[12.6875,6.75,12.5625,6.9375],"rotation":0,"texture":"#0","tintindex":0},"east":{"uv":[12.5625,6.3125,12.75,6.4375],"rotation":0,"texture":"#0","tintindex":0},"north":{"uv":[12.75,0.25,12.875,0.375],"rotation":0,"texture":"#0","tintindex":0},"south":{"uv":[0.3125,12.75,0.4375,12.875],"rotation":0,"texture":"#0","tintindex":0},"up":{"uv":[12.6875,6.75,12.5625,6.5625],"rotation":0,"texture":"#0","tintindex":0},"west":{"uv":[12.5625,6.4375,12.75,6.5625],"rotation":0,"texture":"#0","tintindex":0}}},{"name":"cube","from":[7.748557,10.880409,5.428752],"to":[8.500385,11.6322365,6.052609],"rotation":{"angle":0.0,"axis":"x","origin":[14.890924,-19.380674,4.8038945]},"faces":{"down":{"uv":[7.875,12.5625,7.75,12.75],"rotation":0,"texture":"#0","tintindex":0},"east":{"uv":[12.5625,6.9375,12.75,7.0625],"rotation":0,"texture":"#0","tintindex":0},"north":{"uv":[12.75,0.375,12.875,0.5],"rotation":0,"texture":"#0","tintindex":0},"south":{"uv":[12.75,0.5,12.875,0.625],"rotation":0,"texture":"#0","tintindex":0},"up":{"uv":[7.625,12.75,7.5,12.5625],"rotation":0,"texture":"#0","tintindex":0},"west":{"uv":[12.5625,7.0625,12.75,7.1875],"rotation":0,"texture":"#0","tintindex":0}}},{"name":"cube","from":[6.6208153,10.880409,5.428752],"to":[7.3726435,11.6322365,6.052609],"rotation":{"angle":0.0,"axis":"x","origin":[14.890924,-19.380674,4.8038945]},"faces":{"down":{"uv":[12.6875,7.9375,12.5625,8.125],"rotation":0,"texture":"#0","tintindex":0},"east":{"uv":[12.5625,7.1875,12.75,7.3125],"rotation":0,"texture":"#0","tintindex":0},"north":{"uv":[12.75,1.25,12.875,1.375],"rotation":0,"texture":"#0","tintindex":0},"south":{"uv":[12.75,1.375,12.875,1.5],"rotation":0,"texture":"#0","tintindex":0},"up":{"uv":[8.0,12.75,7.875,12.5625],"rotation":0,"texture":"#0","tintindex":0},"west":{"uv":[12.5625,7.8125,12.75,7.9375],"rotation":0,"texture":"#0","tintindex":0}}},{"name":"cube","from":[9.064257,11.068367,5.0528374],"to":[9.44017,11.444279,5.428752],"rotation":{"angle":0.0,"axis":"x","origin":[14.890924,-19.380674,4.8038945]},"faces":{"down":{"uv":[9.0625,12.875,9.0,12.9375],"rotation":0,"texture":"#0","tintindex":0},"east":{"uv":[12.875,8.8125,12.9375,8.875],"rotation":0,"texture":"#0","tintindex":0},"north":{"uv":[12.875,8.75,12.9375,8.8125],"rotation":0,"texture":"#0","tintindex":0},"south":{"uv":[8.875,12.875,8.9375,12.9375],"rotation":0,"texture":"#0","tintindex":0},"up":{"uv":[12.9375,9.0,12.875,8.9375],"rotation":0,"texture":"#0","tintindex":0},"west":{"uv":[12.875,8.875,12.9375,8.9375],"rotation":0,"texture":"#0","tintindex":0}}},{"name":"cube","from":[7.9365144,11.068367,5.0528374],"to":[8.312428,11.444279,5.428752],"rotation":{"angle":0.0,"axis":"x","origin":[14.890924,-19.380674,4.8038945]},"faces":{"down":{"uv":[9.5,12.875,9.4375,12.9375],"rotation":0,"texture":"#0","tintindex":0},"east":{"uv":[9.0625,12.875,9.125,12.9375],"rotation":0,"texture":"#0","tintindex":0},"north":{"uv":[12.875,9.0,12.9375,9.0625],"rotation":0,"texture":"#0","tintindex":0},"south":{"uv":[12.875,9.0625,12.9375,9.125],"rotation":0,"texture":"#0","tintindex":0},"up":{"uv":[9.3125,12.9375,9.25,12.875],"rotation":0,"texture":"#0","tintindex":0},"west":{"uv":[12.875,9.1875,12.9375,9.25],"rotation":0,"texture":"#0","tintindex":0}}},{"name":"cube","from":[6.808772,11.068367,5.0528374],"to":[7.184686,11.444279,5.428752],"rotation":{"angle":0.0,"axis":"x","origin":[14.890924,-19.380674,4.8038945]},"faces":{"down":{"uv":[12.9375,9.625,12.875,9.6875],"rotation":0,"texture":"#0","tintindex":0},"east":{"uv":[12.875,9.5,12.9375,9.5625],"rotation":0,"texture":"#0","tintindex":0},"north":{"uv":[12.875,9.4375,12.9375,9.5],"rotation":0,"texture":"#0","tintindex":0},"south":{"uv":[9.5625,12.875,9.625,12.9375],"rotation":0,"texture":"#0","tintindex":0},"up":{"uv":[9.6875,12.9375,9.625,12.875],"rotation":0,"texture":"#0","tintindex":0},"west":{"uv":[12.875,9.5625,12.9375,9.625],"rotation":0,"texture":"#0","tintindex":0}}},{"name":"cube","from":[9.064257,12.384065,5.0528374],"to":[9.44017,12.75998,5.428752],"rotation":{"angle":0.0,"axis":"x","origin":[14.890924,-19.380674,4.8038945]},"faces":{"down":{"uv":[12.9375,9.9375,12.875,10.0],"rotation":0,"texture":"#0","tintindex":0},"east":{"uv":[12.875,9.75,12.9375,9.8125],"rotation":0,"texture":"#0","tintindex":0},"north":{"uv":[12.875,9.6875,12.9375,9.75],"rotation":0,"texture":"#0","tintindex":0},"south":{"uv":[12.875,9.8125,12.9375,9.875],"rotation":0,"texture":"#0","tintindex":0},"up":{"uv":[12.9375,9.9375,12.875,9.875],"rotation":0,"texture":"#0","tintindex":0},"west":{"uv":[9.875,12.875,9.9375,12.9375],"rotation":0,"texture":"#0","tintindex":0}}},{"name":"cube","from":[7.9365144,12.384065,5.0528374],"to":[8.312428,12.75998,5.428752],"rotation":{"angle":0.0,"axis":"x","origin":[14.890924,-19.380674,4.8038945]},"faces":{"down":{"uv":[10.25,12.875,10.1875,12.9375],"rotation":0,"texture":"#0","tintindex":0},"east":{"uv":[10.0625,12.875,10.125,12.9375],"rotation":0,"texture":"#0","tintindex":0},"north":{"uv":[12.875,10.0,12.9375,10.0625],"rotation":0,"texture":"#0","tintindex":0},"south":{"uv":[12.875,10.0625,12.9375,10.125],"rotation":0,"texture":"#0","tintindex":0},"up":{"uv":[12.9375,10.1875,12.875,10.125],"rotation":0,"texture":"#0","tintindex":0},"west":{"uv":[10.125,12.875,10.1875,12.9375],"rotation":0,"texture":"#0","tintindex":0}}},{"name":"cube","from":[6.808772,12.384065,5.0528374],"to":[7.184686,12.75998,5.428752],"rotation":{"angle":0.0,"axis":"x","origin":[14.890924,-19.380674,4.8038945]},"faces":{"down":{"uv":[12.9375,10.5,12.875,10.5625],"rotation":0,"texture":"#0","tintindex":0},"east":{"uv":[12.875,10.25,12.9375,10.3125],"rotation":0,"texture":"#0","tintindex":0},"north":{"uv":[12.875,10.1875,12.9375,10.25],"rotation":0,"texture":"#0","tintindex":0},"south":{"uv":[12.875,10.3125,12.9375,10.375],"rotation":0,"texture":"#0","tintindex":0},"up":{"uv":[12.9375,10.5,12.875,10.4375],"rotation":0,"texture":"#0","tintindex":0},"west":{"uv":[12.875,10.375,12.9375,10.4375],"rotation":0,"texture":"#0","tintindex":0}}}],"display":{"head":{"translation":[0.0,-6.4,0.0],"rotation":[0.0,0.0,0.0],"scale":[3.7333333,3.7333333,3.7333333]}}}