{"textures":{"0":"modelengine:entity/mecha"},"elements":[{"name":"cube","from":[8.443615,8.848255,7.205888],"to":[9.743072,11.122305,9.8048],"rotation":{"angle":0.0,"axis":"x","origin":[-2.60176,-30.460289,3.9572477]},"faces":{"down":{"uv":[0.0,12.3125,0.125,12.625],"rotation":0,"texture":"#0","tintindex":0},"east":{"uv":[11.5625,9.8125,11.25,10.0625],"rotation":0,"texture":"#0","tintindex":0},"north":{"uv":[12.5625,6.75,12.4375,7.0],"rotation":0,"texture":"#0","tintindex":0},"south":{"uv":[12.5625,7.0625,12.4375,7.3125],"rotation":0,"texture":"#0","tintindex":0},"up":{"uv":[12.1875,12.5625,12.3125,12.25],"rotation":0,"texture":"#0","tintindex":0},"west":{"uv":[8.8125,4.9375,8.5,5.1875],"rotation":0,"texture":"#0","tintindex":0}}},{"name":"cube","from":[9.743072,9.173121,7.5307517],"to":[10.067936,11.122305,9.479936],"rotation":{"angle":0.0,"axis":"x","origin":[-2.60176,-30.460289,3.9572477]},"faces":{"down":{"uv":[8.875,12.625,8.9375,12.875],"rotation":0,"texture":"#0","tintindex":0},"east":{"uv":[11.875,11.375,11.625,11.625],"rotation":0,"texture":"#0","tintindex":0},"north":{"uv":[12.6875,8.125,12.625,8.375],"rotation":0,"texture":"#0","tintindex":0},"south":{"uv":[12.6875,8.375,12.625,8.625],"rotation":0,"texture":"#0","tintindex":0},"up":{"uv":[12.625,8.875,12.6875,8.625],"rotation":0,"texture":"#0","tintindex":0},"west":{"uv":[11.875,11.125,11.625,11.375],"rotation":0,"texture":"#0","tintindex":0}}},{"name":"cube","from":[10.067936,8.523392,7.205888],"to":[10.392799,11.122305,9.8048],"rotation":{"angle":0.0,"axis":"x","origin":[-2.60176,-30.460289,3.9572477]},"faces":{"down":{"uv":[2.8125,11.0,2.875,11.3125],"rotation":0,"texture":"#0","tintindex":0},"east":{"uv":[11.3125,5.0625,11.0,5.375],"rotation":0,"texture":"#0","tintindex":0},"north":{"uv":[4.8125,8.5,4.75,8.8125],"rotation":0,"texture":"#0","tintindex":0},"south":{"uv":[7.0625,9.0625,7.0,9.375],"rotation":0,"texture":"#0","tintindex":0},"up":{"uv":[5.25,10.0625,5.3125,9.75],"rotation":0,"texture":"#0","tintindex":0},"west":{"uv":[4.0625,6.5625,3.75,6.875],"rotation":0,"texture":"#0","tintindex":0}}},{"name":"cube","from":[11.576819,8.848255,16.696207],"to":[11.901684,11.122305,17.345936],"rotation":{"angle":45.0,"axis":"y","origin":[-1.0928774,-30.460289,14.097295]},"faces":{"down":{"uv":[10.6875,1.25,10.75,1.3125],"rotation":0,"texture":"#0","tintindex":0},"east":{"uv":[10.25,12.625,10.1875,12.875],"rotation":0,"texture":"#0","tintindex":0},"north":{"uv":[9.0625,12.625,9.0,12.875],"rotation":0,"texture":"#0","tintindex":0},"south":{"uv":[10.1875,12.625,10.125,12.875],"rotation":0,"texture":"#0","tintindex":0},"up":{"uv":[10.625,10.5,10.6875,10.4375],"rotation":0,"texture":"#0","tintindex":0},"west":{"uv":[9.125,12.625,9.0625,12.875],"rotation":0,"texture":"#0","tintindex":0}}},{"name":"cube","from":[11.576819,8.848255,-0.33524632],"to":[11.901684,11.122305,0.31448174],"rotation":{"angle":-45.0,"axis":"y","origin":[-1.0928774,-30.460289,2.9133935]},"faces":{"down":{"uv":[3.1875,11.0,3.25,11.0625],"rotation":0,"texture":"#0","tintindex":0},"east":{"uv":[11.4375,12.625,11.375,12.875],"rotation":0,"texture":"#0","tintindex":0},"north":{"uv":[11.25,12.625,11.1875,12.875],"rotation":0,"texture":"#0","tintindex":0},"south":{"uv":[11.375,12.625,11.3125,12.875],"rotation":0,"texture":"#0","tintindex":0},"up":{"uv":[10.9375,5.125,11.0,5.0625],"rotation":0,"texture":"#0","tintindex":0},"west":{"uv":[11.3125,12.625,11.25,12.875],"rotation":0,"texture":"#0","tintindex":0}}}],"display":{"head":{"translation":[0.0,-6.4,0.0],"rotation":[0.0,0.0,0.0],"scale":[3.8095,3.8095,3.8095]}}}