{"textures":{"0":"modelengine:entity/mecha"},"elements":[{"name":"cube","from":[5.696418,6.8587837,4.988313],"to":[10.410704,9.430212,10.559742],"rotation":{"angle":0.0,"axis":"x","origin":[7.8392754,-13.284075,4.988313]},"faces":{"down":{"uv":[4.6875,1.25,4.0,2.0625],"rotation":0,"texture":"#0","tintindex":0},"east":{"uv":[7.4375,1.9375,8.25,2.3125],"rotation":0,"texture":"#0","tintindex":0},"north":{"uv":[8.0625,0.0,8.75,0.375],"rotation":0,"texture":"#0","tintindex":0},"south":{"uv":[8.125,2.6875,8.8125,3.0625],"rotation":0,"texture":"#0","tintindex":0},"up":{"uv":[4.5625,3.0625,3.875,2.25],"rotation":0,"texture":"#0","tintindex":0},"west":{"uv":[7.4375,2.3125,8.25,2.6875],"rotation":0,"texture":"#0","tintindex":0}}},{"name":"cube","from":[6.1249895,5.573069,5.416885],"to":[9.982132,6.8587837,10.13117],"rotation":{"angle":0.0,"axis":"x","origin":[7.8392754,-13.284075,4.988313]},"faces":{"down":{"uv":[7.4375,2.0,6.875,2.6875],"rotation":0,"texture":"#0","tintindex":0},"east":{"uv":[10.3125,7.8125,11.0,8.0],"rotation":0,"texture":"#0","tintindex":0},"north":{"uv":[10.875,9.4375,11.4375,9.625],"rotation":0,"texture":"#0","tintindex":0},"south":{"uv":[10.875,9.625,11.4375,9.8125],"rotation":0,"texture":"#0","tintindex":0},"up":{"uv":[5.0625,7.5,4.5,6.8125],"rotation":0,"texture":"#0","tintindex":0},"west":{"uv":[10.3125,8.3125,11.0,8.5],"rotation":0,"texture":"#0","tintindex":0}}},{"name":"cube","from":[10.410704,4.715926,6.702599],"to":[14.267846,6.0016403,8.845456],"rotation":{"angle":22.5,"axis":"z","origin":[7.8392754,-13.284075,4.988313]},"faces":{"down":{"uv":[10.0,3.25,9.4375,3.5625],"rotation":0,"texture":"#0","tintindex":0},"east":{"uv":[12.0,0.6875,12.3125,0.875],"rotation":0,"texture":"#0","tintindex":0},"north":{"uv":[10.875,10.0625,11.4375,10.25],"rotation":0,"texture":"#0","tintindex":0},"south":{"uv":[10.875,10.25,11.4375,10.4375],"rotation":0,"texture":"#0","tintindex":0},"up":{"uv":[10.0,3.25,9.4375,2.9375],"rotation":0,"texture":"#0","tintindex":0},"west":{"uv":[12.0,3.875,12.3125,4.0625],"rotation":0,"texture":"#0","tintindex":0}}},{"name":"cube","from":[-3.3605485,1.5680587,6.702599],"to":[0.49659443,2.853773,8.845456],"rotation":{"angle":-22.5,"axis":"z","origin":[6.9251657,-13.860514,4.988313]},"faces":{"down":{"uv":[10.0,7.5,9.4375,7.8125],"rotation":0,"texture":"#0","tintindex":0},"east":{"uv":[12.0,5.0625,12.3125,5.25],"rotation":0,"texture":"#0","tintindex":0},"north":{"uv":[10.9375,0.875,11.5,1.0625],"rotation":0,"texture":"#0","tintindex":0},"south":{"uv":[10.9375,1.0625,11.5,1.25],"rotation":0,"texture":"#0","tintindex":0},"up":{"uv":[5.3125,9.75,4.75,9.4375],"rotation":0,"texture":"#0","tintindex":0},"west":{"uv":[12.0,5.25,12.3125,5.4375],"rotation":0,"texture":"#0","tintindex":0}}},{"name":"cube","from":[6.8901987,2.853737,6.702599],"to":[8.788771,4.1394515,8.845456],"rotation":{"angle":0.0,"axis":"x","origin":[13.31877,-12.574837,4.988313]},"faces":{"down":{"uv":[7.75,11.375,7.5,11.6875],"rotation":0,"texture":"#0","tintindex":0},"east":{"uv":[12.0,5.6875,12.3125,5.875],"rotation":0,"texture":"#0","tintindex":0},"north":{"uv":[10.625,12.1875,10.875,12.375],"rotation":0,"texture":"#0","tintindex":0},"south":{"uv":[12.1875,10.8125,12.4375,11.0],"rotation":0,"texture":"#0","tintindex":0},"up":{"uv":[6.0625,11.6875,5.8125,11.375],"rotation":0,"texture":"#0","tintindex":0},"west":{"uv":[12.0,5.875,12.3125,6.0625],"rotation":0,"texture":"#0","tintindex":0}}},{"name":"cube","from":[15.181955,1.5680587,6.702599],"to":[19.039099,2.853773,8.845456],"rotation":{"angle":22.5,"axis":"z","origin":[8.753385,-13.860514,4.988313]},"faces":{"down":{"uv":[8.875,9.4375,8.3125,9.75],"rotation":0,"texture":"#0","tintindex":0},"east":{"uv":[12.0,6.0625,12.3125,6.25],"rotation":0,"texture":"#0","tintindex":0},"north":{"uv":[10.9375,4.875,11.5,5.0625],"rotation":0,"texture":"#0","tintindex":0},"south":{"uv":[10.9375,6.6875,11.5,6.875],"rotation":0,"texture":"#0","tintindex":0},"up":{"uv":[8.3125,9.75,7.75,9.4375],"rotation":0,"texture":"#0","tintindex":0},"west":{"uv":[12.0,6.6875,12.3125,6.875],"rotation":0,"texture":"#0","tintindex":0}}},{"name":"cube","from":[1.4107034,4.715926,6.702599],"to":[5.2678466,6.0016403,8.845456],"rotation":{"angle":-22.5,"axis":"z","origin":[7.8392754,-13.284075,4.988313]},"faces":{"down":{"uv":[10.0625,1.4375,9.5,1.75],"rotation":0,"texture":"#0","tintindex":0},"east":{"uv":[12.0,7.0625,12.3125,7.25],"rotation":0,"texture":"#0","tintindex":0},"north":{"uv":[10.9375,6.875,11.5,7.0625],"rotation":0,"texture":"#0","tintindex":0},"south":{"uv":[10.9375,8.0,11.5,8.1875],"rotation":0,"texture":"#0","tintindex":0},"up":{"uv":[10.0,9.0625,9.4375,8.75],"rotation":0,"texture":"#0","tintindex":0},"west":{"uv":[12.0,7.25,12.3125,7.4375],"rotation":0,"texture":"#0","tintindex":0}}},{"name":"cube","from":[6.1249895,8.392068,-4.005739],"to":[9.982132,9.677782,-2.7200246],"rotation":{"angle":22.5,"axis":"x","origin":[7.8392754,-11.75079,-2.7200246]},"faces":{"down":{"uv":[11.5625,0.1875,11.0,0.375],"rotation":0,"texture":"#0","tintindex":0},"east":{"uv":[12.375,9.6875,12.5625,9.875],"rotation":0,"texture":"#0","tintindex":0},"north":{"uv":[8.4375,10.9375,9.0,11.125],"rotation":0,"texture":"#0","tintindex":0},"south":{"uv":[10.6875,10.9375,11.25,11.125],"rotation":0,"texture":"#0","tintindex":0},"up":{"uv":[11.5625,0.1875,11.0,0.0],"rotation":0,"texture":"#0","tintindex":0},"west":{"uv":[12.375,9.875,12.5625,10.0625],"rotation":0,"texture":"#0","tintindex":0}}},{"name":"cube","from":[5.2678466,7.1063538,-4.43431],"to":[10.839275,9.24921,-3.5771675],"rotation":{"angle":22.5,"axis":"x","origin":[7.8392754,-12.607933,-2.291453]},"faces":{"down":{"uv":[11.625,4.125,10.8125,4.25],"rotation":0,"texture":"#0","tintindex":0},"east":{"uv":[10.125,12.3125,10.25,12.625],"rotation":0,"texture":"#0","tintindex":0},"north":{"uv":[4.6875,1.75,5.5,2.0625],"rotation":0,"texture":"#0","tintindex":0},"south":{"uv":[7.9375,0.9375,8.75,1.25],"rotation":0,"texture":"#0","tintindex":0},"up":{"uv":[11.625,0.6875,10.8125,0.5625],"rotation":0,"texture":"#0","tintindex":0},"west":{"uv":[12.3125,10.4375,12.4375,10.75],"rotation":0,"texture":"#0","tintindex":0}}},{"name":"cube","from":[5.696418,4.315494,3.323414],"to":[10.410704,6.458351,4.180557],"rotation":{"angle":0.0,"axis":"x","origin":[7.8392754,-13.255934,5.2519855]},"faces":{"down":{"uv":[11.75,0.6875,11.0625,0.8125],"rotation":0,"texture":"#0","tintindex":0},"east":{"uv":[11.375,12.3125,11.5,12.625],"rotation":0,"texture":"#0","tintindex":0},"north":{"uv":[8.5625,6.875,9.25,7.1875],"rotation":0,"texture":"#0","tintindex":0},"south":{"uv":[8.5625,8.5,9.25,8.8125],"rotation":0,"texture":"#0","tintindex":0},"up":{"uv":[11.6875,9.1875,11.0,9.0625],"rotation":0,"texture":"#0","tintindex":0},"west":{"uv":[12.3125,12.25,12.4375,12.5625],"rotation":0,"texture":"#0","tintindex":0}}},{"name":"cube","from":[6.1249895,4.1149726,9.878008],"to":[9.982132,6.2578297,10.735151],"rotation":{"angle":-22.5,"axis":"x","origin":[7.8392754,-11.1636,11.485151]},"faces":{"down":{"uv":[12.0625,10.875,11.5,11.0],"rotation":0,"texture":"#0","tintindex":0},"east":{"uv":[0.75,12.375,0.875,12.6875],"rotation":0,"texture":"#0","tintindex":0},"north":{"uv":[9.5,1.75,10.0625,2.0625],"rotation":0,"texture":"#0","tintindex":0},"south":{"uv":[9.5,2.0625,10.0625,2.375],"rotation":0,"texture":"#0","tintindex":0},"up":{"uv":[12.0625,10.875,11.5,10.75],"rotation":0,"texture":"#0","tintindex":0},"west":{"uv":[1.6875,12.375,1.8125,12.6875],"rotation":0,"texture":"#0","tintindex":0}}},{"name":"cube","from":[5.2678466,7.1063538,19.125223],"to":[10.839275,9.24921,19.982367],"rotation":{"angle":-22.5,"axis":"x","origin":[7.8392754,-12.607933,17.839508]},"faces":{"down":{"uv":[11.8125,3.75,11.0,3.875],"rotation":0,"texture":"#0","tintindex":0},"east":{"uv":[2.4375,12.375,2.5625,12.6875],"rotation":0,"texture":"#0","tintindex":0},"north":{"uv":[8.125,3.75,8.9375,4.0625],"rotation":0,"texture":"#0","tintindex":0},"south":{"uv":[7.875,8.1875,8.6875,8.5],"rotation":0,"texture":"#0","tintindex":0},"up":{"uv":[11.75,8.3125,10.9375,8.1875],"rotation":0,"texture":"#0","tintindex":0},"west":{"uv":[12.375,4.1875,12.5,4.5],"rotation":0,"texture":"#0","tintindex":0}}},{"name":"cube","from":[5.696418,4.315494,11.367498],"to":[10.410704,6.458351,12.22464],"rotation":{"angle":0.0,"axis":"x","origin":[7.8392754,-13.255934,10.29607]},"faces":{"down":{"uv":[11.75,7.0625,11.0625,7.1875],"rotation":0,"texture":"#0","tintindex":0},"east":{"uv":[12.375,4.5,12.5,4.8125],"rotation":0,"texture":"#0","tintindex":0},"north":{"uv":[1.4375,8.625,2.125,8.9375],"rotation":0,"texture":"#0","tintindex":0},"south":{"uv":[7.0625,8.625,7.75,8.9375],"rotation":0,"texture":"#0","tintindex":0},"up":{"uv":[11.75,2.5625,11.0625,2.4375],"rotation":0,"texture":"#0","tintindex":0},"west":{"uv":[12.375,6.0,12.5,6.3125],"rotation":0,"texture":"#0","tintindex":0}}},{"name":"cube","from":[6.1249895,4.1149726,4.8129044],"to":[9.982132,6.2578297,5.6700473],"rotation":{"angle":22.5,"axis":"x","origin":[7.8392754,-11.1636,4.0629044]},"faces":{"down":{"uv":[12.125,0.0,11.5625,0.125],"rotation":0,"texture":"#0","tintindex":0},"east":{"uv":[12.375,7.375,12.5,7.6875],"rotation":0,"texture":"#0","tintindex":0},"north":{"uv":[3.25,9.5,3.8125,9.8125],"rotation":0,"texture":"#0","tintindex":0},"south":{"uv":[9.5,5.5,10.0625,5.8125],"rotation":0,"texture":"#0","tintindex":0},"up":{"uv":[12.0625,11.125,11.5,11.0],"rotation":0,"texture":"#0","tintindex":0},"west":{"uv":[12.375,7.6875,12.5,8.0],"rotation":0,"texture":"#0","tintindex":0}}},{"name":"cube","from":[6.1249895,6.0959663,18.724804],"to":[9.982132,7.3816805,20.010517],"rotation":{"angle":-22.5,"axis":"x","origin":[7.8392754,-14.046892,12.724803]},"faces":{"down":{"uv":[11.5625,1.4375,11.0,1.625],"rotation":0,"texture":"#0","tintindex":0},"east":{"uv":[12.375,11.5,12.5625,11.6875],"rotation":0,"texture":"#0","tintindex":0},"north":{"uv":[11.0,0.375,11.5625,0.5625],"rotation":0,"texture":"#0","tintindex":0},"south":{"uv":[0.875,11.0,1.4375,11.1875],"rotation":0,"texture":"#0","tintindex":0},"up":{"uv":[11.5625,1.4375,11.0,1.25],"rotation":0,"texture":"#0","tintindex":0},"west":{"uv":[12.375,11.6875,12.5625,11.875],"rotation":0,"texture":"#0","tintindex":0}}},{"name":"cube","from":[5.696418,5.6673946,20.010517],"to":[10.410704,7.8102517,21.724802],"rotation":{"angle":-22.5,"axis":"x","origin":[7.8392754,-14.046892,12.724803]},"faces":{"down":{"uv":[10.1875,6.1875,9.5,6.4375],"rotation":0,"texture":"#0","tintindex":0},"east":{"uv":[11.375,8.625,11.625,8.9375],"rotation":0,"texture":"#0","tintindex":0},"north":{"uv":[8.6875,8.125,9.375,8.4375],"rotation":0,"texture":"#0","tintindex":0},"south":{"uv":[8.75,0.0,9.4375,0.3125],"rotation":0,"texture":"#0","tintindex":0},"up":{"uv":[6.75,9.75,6.0625,9.5],"rotation":0,"texture":"#0","tintindex":0},"west":{"uv":[11.375,10.4375,11.625,10.75],"rotation":0,"texture":"#0","tintindex":0}}},{"name":"cube","from":[26.938808,10.258535,4.988313],"to":[28.653093,12.401392,10.559742],"rotation":{"angle":45.0,"axis":"z","origin":[23.081665,-9.45575,4.988313]},"faces":{"down":{"uv":[6.3125,8.625,6.0625,9.4375],"rotation":0,"texture":"#0","tintindex":0},"east":{"uv":[8.25,1.6875,9.0625,2.0],"rotation":0,"texture":"#0","tintindex":0},"north":{"uv":[11.375,11.125,11.625,11.4375],"rotation":0,"texture":"#0","tintindex":0},"south":{"uv":[0.0,11.4375,0.25,11.75],"rotation":0,"texture":"#0","tintindex":0},"up":{"uv":[3.5,9.4375,3.25,8.625],"rotation":0,"texture":"#0","tintindex":0},"west":{"uv":[8.25,2.0,9.0625,2.3125],"rotation":0,"texture":"#0","tintindex":0}}},{"name":"cube","from":[18.282158,7.5720315,5.416885],"to":[19.567871,8.857746,10.13117],"rotation":{"angle":22.5,"axis":"z","origin":[15.710728,-12.570826,4.988313]},"faces":{"down":{"uv":[3.1875,10.375,3.0,11.0625],"rotation":0,"texture":"#0","tintindex":0},"east":{"uv":[10.3125,9.0625,11.0,9.25],"rotation":0,"texture":"#0","tintindex":0},"north":{"uv":[12.375,11.875,12.5625,12.0625],"rotation":0,"texture":"#0","tintindex":0},"south":{"uv":[12.375,12.0625,12.5625,12.25],"rotation":0,"texture":"#0","tintindex":0},"up":{"uv":[2.8125,6.8125,2.625,6.125],"rotation":0,"texture":"#0","tintindex":0},"west":{"uv":[10.375,0.6875,11.0625,0.875],"rotation":0,"texture":"#0","tintindex":0}}},{"name":"cube","from":[-12.545971,10.258535,4.988313],"to":[-10.831685,12.401392,10.559742],"rotation":{"angle":-45.0,"axis":"z","origin":[-6.9745426,-9.45575,4.988313]},"faces":{"down":{"uv":[1.3125,8.8125,1.0625,9.625],"rotation":0,"texture":"#0","tintindex":0},"east":{"uv":[8.25,2.3125,9.0625,2.625],"rotation":0,"texture":"#0","tintindex":0},"north":{"uv":[11.4375,1.8125,11.6875,2.125],"rotation":0,"texture":"#0","tintindex":0},"south":{"uv":[11.4375,2.125,11.6875,2.4375],"rotation":0,"texture":"#0","tintindex":0},"up":{"uv":[1.0625,9.625,0.8125,8.8125],"rotation":0,"texture":"#0","tintindex":0},"west":{"uv":[8.25,6.25,9.0625,6.5625],"rotation":0,"texture":"#0","tintindex":0}}},{"name":"cube","from":[-3.4607496,7.5720315,5.416885],"to":[-2.1750355,8.857746,10.13117],"rotation":{"angle":-22.5,"axis":"z","origin":[0.39639282,-12.570826,4.988313]},"faces":{"down":{"uv":[3.9375,10.4375,3.75,11.125],"rotation":0,"texture":"#0","tintindex":0},"east":{"uv":[10.375,7.0625,11.0625,7.25],"rotation":0,"texture":"#0","tintindex":0},"north":{"uv":[12.4375,0.875,12.625,1.0625],"rotation":0,"texture":"#0","tintindex":0},"south":{"uv":[12.4375,2.125,12.625,2.3125],"rotation":0,"texture":"#0","tintindex":0},"up":{"uv":[10.625,4.25,10.4375,3.5625],"rotation":0,"texture":"#0","tintindex":0},"west":{"uv":[10.4375,2.1875,11.125,2.375],"rotation":0,"texture":"#0","tintindex":0}}}],"display":{"head":{"translation":[0.0,-6.4,0.0],"rotation":[0.0,0.0,0.0],"scale":[3.7333333,3.7333333,3.7333333]}}}