{"textures":{"0":"modelengine:entity/mecha"},"elements":[{"name":"cube","from":[7.661504,11.898368,7.711232],"to":[8.527807,12.764672,10.743296],"rotation":{"angle":45.0,"axis":"x","origin":[5.4957438,5.83424,5.1123195]},"faces":{"down":{"uv":[7.375,12.625,7.3125,12.9375],"rotation":0,"texture":"#0","tintindex":0},"east":{"uv":[12.5625,11.25,12.875,11.3125],"rotation":0,"texture":"#0","tintindex":0},"north":{"uv":[11.375,12.875,11.4375,12.9375],"rotation":0,"texture":"#0","tintindex":0},"south":{"uv":[12.875,11.375,12.9375,11.4375],"rotation":0,"texture":"#0","tintindex":0},"up":{"uv":[7.3125,12.9375,7.25,12.625],"rotation":0,"texture":"#0","tintindex":0},"west":{"uv":[12.5625,11.3125,12.875,11.375],"rotation":0,"texture":"#0","tintindex":0}}},{"name":"cube","from":[7.661504,12.33152,7.27808],"to":[8.527807,12.764672,7.711232],"rotation":{"angle":45.0,"axis":"x","origin":[5.4957438,5.83424,5.1123195]},"faces":{"down":{"uv":[12.9375,11.6875,12.875,11.75],"rotation":0,"texture":"#0","tintindex":0},"east":{"uv":[12.875,11.4375,12.9375,11.5],"rotation":0,"texture":"#0","tintindex":0},"north":{"uv":[11.4375,12.875,11.5,12.9375],"rotation":0,"texture":"#0","tintindex":0},"south":{"uv":[12.875,11.5,12.9375,11.5625],"rotation":0,"texture":"#0","tintindex":0},"up":{"uv":[12.9375,11.6875,12.875,11.625],"rotation":0,"texture":"#0","tintindex":0},"west":{"uv":[12.875,11.5625,12.9375,11.625],"rotation":0,"texture":"#0","tintindex":0}}},{"name":"cube","from":[7.6948156,7.1336956,10.743296],"to":[8.50112,8.0,12.909056],"rotation":{"angle":0.0,"axis":"x","origin":[5.4957438,5.83424,5.1123195]},"faces":{"down":{"uv":[3.875,12.8125,3.8125,13.0625],"rotation":0,"texture":"#0","tintindex":0},"east":{"uv":[12.75,1.125,13.0,1.1875],"rotation":0,"texture":"#0","tintindex":0},"north":{"uv":[12.875,11.75,12.9375,11.8125],"rotation":0,"texture":"#0","tintindex":0},"south":{"uv":[12.875,11.8125,12.9375,11.875],"rotation":0,"texture":"#0","tintindex":0},"up":{"uv":[3.8125,13.0625,3.75,12.8125],"rotation":0,"texture":"#0","tintindex":0},"west":{"uv":[12.75,3.375,13.0,3.4375],"rotation":0,"texture":"#0","tintindex":0}}},{"name":"cube","from":[7.2283516,5.83424,11.176448],"to":[8.96096,6.700544,14.208511],"rotation":{"angle":0.0,"axis":"x","origin":[5.4957438,5.83424,5.1123195]},"faces":{"down":{"uv":[7.1875,12.0,7.0,12.3125],"rotation":0,"texture":"#0","tintindex":0},"east":{"uv":[12.625,0.75,12.9375,0.8125],"rotation":0,"texture":"#0","tintindex":0},"north":{"uv":[11.875,4.5625,12.0625,4.625],"rotation":0,"texture":"#0","tintindex":0},"south":{"uv":[12.3125,2.0,12.5,2.0625],"rotation":0,"texture":"#0","tintindex":0},"up":{"uv":[6.375,12.3125,6.1875,12.0],"rotation":0,"texture":"#0","tintindex":0},"west":{"uv":[12.625,0.875,12.9375,0.9375],"rotation":0,"texture":"#0","tintindex":0}}},{"name":"cube","from":[6.3620477,5.83424,4.3182077],"to":[9.827264,8.0,10.743296],"rotation":{"angle":0.0,"axis":"x","origin":[5.928896,5.83424,7.27808]},"faces":{"down":{"uv":[3.875,8.1875,3.5,8.875],"rotation":0,"texture":"#0","tintindex":0},"east":{"uv":[9.5625,4.625,10.25,4.875],"rotation":0,"texture":"#0","tintindex":0},"north":{"uv":[11.0,4.4375,11.375,4.6875],"rotation":0,"texture":"#0","tintindex":0},"south":{"uv":[11.0625,5.6875,11.4375,5.9375],"rotation":0,"texture":"#0","tintindex":0},"up":{"uv":[8.5,3.75,8.125,3.0625],"rotation":0,"texture":"#0","tintindex":0},"west":{"uv":[1.9375,9.625,2.625,9.875],"rotation":0,"texture":"#0","tintindex":0}}},{"name":"cube","from":[7.661504,10.598912,6.844928],"to":[8.527807,11.465217,8.577536],"rotation":{"angle":45.0,"axis":"x","origin":[5.4957438,5.83424,5.1123195]},"faces":{"down":{"uv":[12.875,10.1875,12.8125,10.375],"rotation":0,"texture":"#0","tintindex":0},"east":{"uv":[12.75,5.4375,12.9375,5.5],"rotation":0,"texture":"#0","tintindex":0},"north":{"uv":[12.875,11.875,12.9375,11.9375],"rotation":0,"texture":"#0","tintindex":0},"south":{"uv":[11.9375,12.875,12.0,12.9375],"rotation":0,"texture":"#0","tintindex":0},"up":{"uv":[12.875,10.1875,12.8125,10.0],"rotation":0,"texture":"#0","tintindex":0},"west":{"uv":[12.75,9.25,12.9375,9.3125],"rotation":0,"texture":"#0","tintindex":0}}},{"name":"cube","from":[9.014816,6.267392,2.5855997],"to":[10.687424,6.700544,5.617664],"rotation":{"angle":-45.0,"axis":"x","origin":[7.2283516,5.83424,2.5855997]},"faces":{"down":{"uv":[12.1875,8.5,12.0,8.8125],"rotation":0,"texture":"#0","tintindex":0},"east":{"uv":[12.625,0.9375,12.9375,1.0],"rotation":0,"texture":"#0","tintindex":0},"north":{"uv":[12.75,9.3125,12.9375,9.375],"rotation":0,"texture":"#0","tintindex":0},"south":{"uv":[12.75,12.25,12.9375,12.3125],"rotation":0,"texture":"#0","tintindex":0},"up":{"uv":[12.1875,8.5,12.0,8.1875],"rotation":0,"texture":"#0","tintindex":0},"west":{"uv":[12.625,1.0,12.9375,1.0625],"rotation":0,"texture":"#0","tintindex":0}}},{"name":"cube","from":[9.394112,5.83424,3.4519038],"to":[10.260416,7.1336956,3.8850558],"rotation":{"angle":-22.5,"axis":"x","origin":[6.7951994,5.83424,2.5855997]},"faces":{"down":{"uv":[12.0625,12.875,12.0,12.9375],"rotation":0,"texture":"#0","tintindex":0},"east":{"uv":[12.875,6.6875,12.9375,6.8125],"rotation":0,"texture":"#0","tintindex":0},"north":{"uv":[12.875,6.5625,12.9375,6.6875],"rotation":0,"texture":"#0","tintindex":0},"south":{"uv":[12.875,6.8125,12.9375,6.9375],"rotation":0,"texture":"#0","tintindex":0},"up":{"uv":[12.9375,12.0,12.875,11.9375],"rotation":0,"texture":"#0","tintindex":0},"west":{"uv":[12.875,6.9375,12.9375,7.0625],"rotation":0,"texture":"#0","tintindex":0}}},{"name":"cube","from":[5.928896,5.83424,3.4519038],"to":[6.7951994,7.1336956,3.8850558],"rotation":{"angle":-22.5,"axis":"x","origin":[6.3620477,5.83424,2.5855997]},"faces":{"down":{"uv":[12.9375,12.0625,12.875,12.125],"rotation":0,"texture":"#0","tintindex":0},"east":{"uv":[12.875,7.1875,12.9375,7.3125],"rotation":0,"texture":"#0","tintindex":0},"north":{"uv":[12.875,7.0625,12.9375,7.1875],"rotation":0,"texture":"#0","tintindex":0},"south":{"uv":[12.875,7.3125,12.9375,7.4375],"rotation":0,"texture":"#0","tintindex":0},"up":{"uv":[12.9375,12.0625,12.875,12.0],"rotation":0,"texture":"#0","tintindex":0},"west":{"uv":[7.375,12.875,7.4375,13.0],"rotation":0,"texture":"#0","tintindex":0}}},{"name":"cube","from":[8.96096,5.83424,1.7192956],"to":[10.693567,6.700544,4.3182077],"rotation":{"angle":0.0,"axis":"x","origin":[7.2283516,5.83424,2.5855997]},"faces":{"down":{"uv":[2.4375,12.25,2.25,12.5],"rotation":0,"texture":"#0","tintindex":0},"east":{"uv":[12.75,3.4375,13.0,3.5],"rotation":0,"texture":"#0","tintindex":0},"north":{"uv":[12.75,12.3125,12.9375,12.375],"rotation":0,"texture":"#0","tintindex":0},"south":{"uv":[12.8125,0.625,13.0,0.6875],"rotation":0,"texture":"#0","tintindex":0},"up":{"uv":[12.4375,1.125,12.25,0.875],"rotation":0,"texture":"#0","tintindex":0},"west":{"uv":[12.75,4.5625,13.0,4.625],"rotation":0,"texture":"#0","tintindex":0}}},{"name":"cube","from":[9.394112,6.700544,2.1524477],"to":[10.260416,7.1336956,2.5855997],"rotation":{"angle":0.0,"axis":"x","origin":[7.2283516,5.83424,2.5855997]},"faces":{"down":{"uv":[12.4375,12.875,12.375,12.9375],"rotation":0,"texture":"#0","tintindex":0},"east":{"uv":[12.1875,12.875,12.25,12.9375],"rotation":0,"texture":"#0","tintindex":0},"north":{"uv":[12.875,12.125,12.9375,12.1875],"rotation":0,"texture":"#0","tintindex":0},"south":{"uv":[12.875,12.1875,12.9375,12.25],"rotation":0,"texture":"#0","tintindex":0},"up":{"uv":[12.375,12.9375,12.3125,12.875],"rotation":0,"texture":"#0","tintindex":0},"west":{"uv":[12.25,12.875,12.3125,12.9375],"rotation":0,"texture":"#0","tintindex":0}}},{"name":"cube","from":[5.534816,6.267392,2.5855997],"to":[7.207424,6.700544,5.617664],"rotation":{"angle":-45.0,"axis":"x","origin":[3.7631354,5.83424,2.5855997]},"faces":{"down":{"uv":[12.25,0.875,12.0625,1.1875],"rotation":0,"texture":"#0","tintindex":0},"east":{"uv":[12.625,1.875,12.9375,1.9375],"rotation":0,"texture":"#0","tintindex":0},"north":{"uv":[12.8125,0.6875,13.0,0.75],"rotation":0,"texture":"#0","tintindex":0},"south":{"uv":[12.8125,1.0625,13.0,1.125],"rotation":0,"texture":"#0","tintindex":0},"up":{"uv":[11.5625,12.3125,11.375,12.0],"rotation":0,"texture":"#0","tintindex":0},"west":{"uv":[12.625,2.8125,12.9375,2.875],"rotation":0,"texture":"#0","tintindex":0}}},{"name":"cube","from":[5.4957438,5.83424,1.7192956],"to":[7.2283516,6.700544,4.3182077],"rotation":{"angle":0.0,"axis":"x","origin":[3.7631354,5.83424,2.5855997]},"faces":{"down":{"uv":[3.125,12.25,2.9375,12.5],"rotation":0,"texture":"#0","tintindex":0},"east":{"uv":[12.75,4.625,13.0,4.6875],"rotation":0,"texture":"#0","tintindex":0},"north":{"uv":[12.8125,1.1875,13.0,1.25],"rotation":0,"texture":"#0","tintindex":0},"south":{"uv":[12.8125,1.75,13.0,1.8125],"rotation":0,"texture":"#0","tintindex":0},"up":{"uv":[2.9375,12.5,2.75,12.25],"rotation":0,"texture":"#0","tintindex":0},"west":{"uv":[12.75,4.6875,13.0,4.75],"rotation":0,"texture":"#0","tintindex":0}}},{"name":"cube","from":[5.928896,6.700544,2.1524477],"to":[6.7951994,7.1336956,2.5855997],"rotation":{"angle":0.0,"axis":"x","origin":[3.7631354,5.83424,2.5855997]},"faces":{"down":{"uv":[12.9375,12.625,12.875,12.6875],"rotation":0,"texture":"#0","tintindex":0},"east":{"uv":[12.875,12.4375,12.9375,12.5],"rotation":0,"texture":"#0","tintindex":0},"north":{"uv":[12.875,12.375,12.9375,12.4375],"rotation":0,"texture":"#0","tintindex":0},"south":{"uv":[12.875,12.5,12.9375,12.5625],"rotation":0,"texture":"#0","tintindex":0},"up":{"uv":[12.6875,12.9375,12.625,12.875],"rotation":0,"texture":"#0","tintindex":0},"west":{"uv":[12.875,12.5625,12.9375,12.625],"rotation":0,"texture":"#0","tintindex":0}}}],"display":{"head":{"translation":[0.0,-6.4,0.0],"rotation":[0.0,0.0,0.0],"scale":[3.8095,3.8095,3.8095]}}}