{"textures":{"0":"modelengine:entity/mecha"},"elements":[{"name":"cube","from":[7.4721923,11.898368,7.711232],"to":[8.338496,12.764672,10.743296],"rotation":{"angle":45.0,"axis":"x","origin":[10.504256,5.83424,5.1123195]},"faces":{"down":{"uv":[7.3125,12.625,7.375,12.9375],"rotation":0,"texture":"#0","tintindex":0},"east":{"uv":[12.875,11.3125,12.5625,11.375],"rotation":0,"texture":"#0","tintindex":0},"north":{"uv":[11.4375,12.875,11.375,12.9375],"rotation":0,"texture":"#0","tintindex":0},"south":{"uv":[12.9375,11.375,12.875,11.4375],"rotation":0,"texture":"#0","tintindex":0},"up":{"uv":[7.25,12.9375,7.3125,12.625],"rotation":0,"texture":"#0","tintindex":0},"west":{"uv":[12.875,11.25,12.5625,11.3125],"rotation":0,"texture":"#0","tintindex":0}}},{"name":"cube","from":[7.4721923,12.33152,7.27808],"to":[8.338496,12.764672,7.711232],"rotation":{"angle":45.0,"axis":"x","origin":[10.504256,5.83424,5.1123195]},"faces":{"down":{"uv":[12.875,11.6875,12.9375,11.75],"rotation":0,"texture":"#0","tintindex":0},"east":{"uv":[12.9375,11.5625,12.875,11.625],"rotation":0,"texture":"#0","tintindex":0},"north":{"uv":[11.5,12.875,11.4375,12.9375],"rotation":0,"texture":"#0","tintindex":0},"south":{"uv":[12.9375,11.5,12.875,11.5625],"rotation":0,"texture":"#0","tintindex":0},"up":{"uv":[12.875,11.6875,12.9375,11.625],"rotation":0,"texture":"#0","tintindex":0},"west":{"uv":[12.9375,11.4375,12.875,11.5],"rotation":0,"texture":"#0","tintindex":0}}},{"name":"cube","from":[7.525184,7.1336956,10.743296],"to":[8.331488,8.0,12.909056],"rotation":{"angle":0.0,"axis":"x","origin":[10.504256,5.83424,5.1123195]},"faces":{"down":{"uv":[3.8125,12.8125,3.875,13.0625],"rotation":0,"texture":"#0","tintindex":0},"east":{"uv":[13.0,3.375,12.75,3.4375],"rotation":0,"texture":"#0","tintindex":0},"north":{"uv":[12.9375,11.75,12.875,11.8125],"rotation":0,"texture":"#0","tintindex":0},"south":{"uv":[12.9375,11.8125,12.875,11.875],"rotation":0,"texture":"#0","tintindex":0},"up":{"uv":[3.75,13.0625,3.8125,12.8125],"rotation":0,"texture":"#0","tintindex":0},"west":{"uv":[13.0,1.125,12.75,1.1875],"rotation":0,"texture":"#0","tintindex":0}}},{"name":"cube","from":[7.03904,5.83424,11.176448],"to":[8.771648,6.700544,14.208511],"rotation":{"angle":0.0,"axis":"x","origin":[10.504256,5.83424,5.1123195]},"faces":{"down":{"uv":[7.0,12.0,7.1875,12.3125],"rotation":0,"texture":"#0","tintindex":0},"east":{"uv":[12.9375,0.875,12.625,0.9375],"rotation":0,"texture":"#0","tintindex":0},"north":{"uv":[12.0625,4.5625,11.875,4.625],"rotation":0,"texture":"#0","tintindex":0},"south":{"uv":[12.5,2.0,12.3125,2.0625],"rotation":0,"texture":"#0","tintindex":0},"up":{"uv":[6.1875,12.3125,6.375,12.0],"rotation":0,"texture":"#0","tintindex":0},"west":{"uv":[12.9375,0.75,12.625,0.8125],"rotation":0,"texture":"#0","tintindex":0}}},{"name":"cube","from":[6.172736,5.83424,4.3182077],"to":[9.637953,8.0,10.743296],"rotation":{"angle":0.0,"axis":"x","origin":[10.071104,5.83424,7.27808]},"faces":{"down":{"uv":[3.5,8.1875,3.875,8.875],"rotation":0,"texture":"#0","tintindex":0},"east":{"uv":[2.625,9.625,1.9375,9.875],"rotation":0,"texture":"#0","tintindex":0},"north":{"uv":[11.375,4.4375,11.0,4.6875],"rotation":0,"texture":"#0","tintindex":0},"south":{"uv":[11.4375,5.6875,11.0625,5.9375],"rotation":0,"texture":"#0","tintindex":0},"up":{"uv":[8.125,3.75,8.5,3.0625],"rotation":0,"texture":"#0","tintindex":0},"west":{"uv":[10.25,4.625,9.5625,4.875],"rotation":0,"texture":"#0","tintindex":0}}},{"name":"cube","from":[7.4721923,10.598912,6.844928],"to":[8.338496,11.465217,8.577536],"rotation":{"angle":45.0,"axis":"x","origin":[10.504256,5.83424,5.1123195]},"faces":{"down":{"uv":[12.8125,10.1875,12.875,10.375],"rotation":0,"texture":"#0","tintindex":0},"east":{"uv":[12.9375,9.25,12.75,9.3125],"rotation":0,"texture":"#0","tintindex":0},"north":{"uv":[12.9375,11.875,12.875,11.9375],"rotation":0,"texture":"#0","tintindex":0},"south":{"uv":[12.0,12.875,11.9375,12.9375],"rotation":0,"texture":"#0","tintindex":0},"up":{"uv":[12.8125,10.1875,12.875,10.0],"rotation":0,"texture":"#0","tintindex":0},"west":{"uv":[12.9375,5.4375,12.75,5.5],"rotation":0,"texture":"#0","tintindex":0}}},{"name":"cube","from":[5.335184,6.267392,2.5855997],"to":[7.0151834,6.700544,5.617664],"rotation":{"angle":-45.0,"axis":"x","origin":[8.771648,5.83424,2.5855997]},"faces":{"down":{"uv":[12.0,8.5,12.1875,8.8125],"rotation":0,"texture":"#0","tintindex":0},"east":{"uv":[12.9375,1.0,12.625,1.0625],"rotation":0,"texture":"#0","tintindex":0},"north":{"uv":[12.9375,9.3125,12.75,9.375],"rotation":0,"texture":"#0","tintindex":0},"south":{"uv":[12.9375,12.25,12.75,12.3125],"rotation":0,"texture":"#0","tintindex":0},"up":{"uv":[12.0,8.5,12.1875,8.1875],"rotation":0,"texture":"#0","tintindex":0},"west":{"uv":[12.9375,0.9375,12.625,1.0],"rotation":0,"texture":"#0","tintindex":0}}},{"name":"cube","from":[5.739584,5.83424,3.4519038],"to":[6.6058884,7.1336956,3.8850558],"rotation":{"angle":-22.5,"axis":"x","origin":[9.2048,5.83424,2.5855997]},"faces":{"down":{"uv":[12.0,12.875,12.0625,12.9375],"rotation":0,"texture":"#0","tintindex":0},"east":{"uv":[12.9375,6.9375,12.875,7.0625],"rotation":0,"texture":"#0","tintindex":0},"north":{"uv":[12.9375,6.5625,12.875,6.6875],"rotation":0,"texture":"#0","tintindex":0},"south":{"uv":[12.9375,6.8125,12.875,6.9375],"rotation":0,"texture":"#0","tintindex":0},"up":{"uv":[12.875,12.0,12.9375,11.9375],"rotation":0,"texture":"#0","tintindex":0},"west":{"uv":[12.9375,6.6875,12.875,6.8125],"rotation":0,"texture":"#0","tintindex":0}}},{"name":"cube","from":[9.2048,5.83424,3.4519038],"to":[10.071104,7.1336956,3.8850558],"rotation":{"angle":-22.5,"axis":"x","origin":[9.637953,5.83424,2.5855997]},"faces":{"down":{"uv":[12.875,12.0625,12.9375,12.125],"rotation":0,"texture":"#0","tintindex":0},"east":{"uv":[7.4375,12.875,7.375,13.0],"rotation":0,"texture":"#0","tintindex":0},"north":{"uv":[12.9375,7.0625,12.875,7.1875],"rotation":0,"texture":"#0","tintindex":0},"south":{"uv":[12.9375,7.3125,12.875,7.4375],"rotation":0,"texture":"#0","tintindex":0},"up":{"uv":[12.875,12.0625,12.9375,12.0],"rotation":0,"texture":"#0","tintindex":0},"west":{"uv":[12.9375,7.1875,12.875,7.3125],"rotation":0,"texture":"#0","tintindex":0}}},{"name":"cube","from":[5.306432,5.83424,1.7192956],"to":[7.03904,6.700544,4.3182077],"rotation":{"angle":0.0,"axis":"x","origin":[8.771648,5.83424,2.5855997]},"faces":{"down":{"uv":[2.25,12.25,2.4375,12.5],"rotation":0,"texture":"#0","tintindex":0},"east":{"uv":[13.0,4.5625,12.75,4.625],"rotation":0,"texture":"#0","tintindex":0},"north":{"uv":[12.9375,12.3125,12.75,12.375],"rotation":0,"texture":"#0","tintindex":0},"south":{"uv":[13.0,0.625,12.8125,0.6875],"rotation":0,"texture":"#0","tintindex":0},"up":{"uv":[12.25,1.125,12.4375,0.875],"rotation":0,"texture":"#0","tintindex":0},"west":{"uv":[13.0,3.4375,12.75,3.5],"rotation":0,"texture":"#0","tintindex":0}}},{"name":"cube","from":[5.739584,6.700544,2.1524477],"to":[6.6058884,7.1336956,2.5855997],"rotation":{"angle":0.0,"axis":"x","origin":[8.771648,5.83424,2.5855997]},"faces":{"down":{"uv":[12.375,12.875,12.4375,12.9375],"rotation":0,"texture":"#0","tintindex":0},"east":{"uv":[12.3125,12.875,12.25,12.9375],"rotation":0,"texture":"#0","tintindex":0},"north":{"uv":[12.9375,12.125,12.875,12.1875],"rotation":0,"texture":"#0","tintindex":0},"south":{"uv":[12.9375,12.1875,12.875,12.25],"rotation":0,"texture":"#0","tintindex":0},"up":{"uv":[12.3125,12.9375,12.375,12.875],"rotation":0,"texture":"#0","tintindex":0},"west":{"uv":[12.25,12.875,12.1875,12.9375],"rotation":0,"texture":"#0","tintindex":0}}},{"name":"cube","from":[8.785185,6.267392,2.5855997],"to":[10.457792,6.700544,5.617664],"rotation":{"angle":-45.0,"axis":"x","origin":[12.236864,5.83424,2.5855997]},"faces":{"down":{"uv":[12.0625,0.875,12.25,1.1875],"rotation":0,"texture":"#0","tintindex":0},"east":{"uv":[12.9375,2.8125,12.625,2.875],"rotation":0,"texture":"#0","tintindex":0},"north":{"uv":[13.0,0.6875,12.8125,0.75],"rotation":0,"texture":"#0","tintindex":0},"south":{"uv":[13.0,1.0625,12.8125,1.125],"rotation":0,"texture":"#0","tintindex":0},"up":{"uv":[11.375,12.3125,11.5625,12.0],"rotation":0,"texture":"#0","tintindex":0},"west":{"uv":[12.9375,1.875,12.625,1.9375],"rotation":0,"texture":"#0","tintindex":0}}},{"name":"cube","from":[8.771648,5.83424,1.7192956],"to":[10.504256,6.700544,4.3182077],"rotation":{"angle":0.0,"axis":"x","origin":[12.236864,5.83424,2.5855997]},"faces":{"down":{"uv":[2.9375,12.25,3.125,12.5],"rotation":0,"texture":"#0","tintindex":0},"east":{"uv":[13.0,4.6875,12.75,4.75],"rotation":0,"texture":"#0","tintindex":0},"north":{"uv":[13.0,1.1875,12.8125,1.25],"rotation":0,"texture":"#0","tintindex":0},"south":{"uv":[13.0,1.75,12.8125,1.8125],"rotation":0,"texture":"#0","tintindex":0},"up":{"uv":[2.75,12.5,2.9375,12.25],"rotation":0,"texture":"#0","tintindex":0},"west":{"uv":[13.0,4.625,12.75,4.6875],"rotation":0,"texture":"#0","tintindex":0}}},{"name":"cube","from":[9.2048,6.700544,2.1524477],"to":[10.071104,7.1336956,2.5855997],"rotation":{"angle":0.0,"axis":"x","origin":[12.236864,5.83424,2.5855997]},"faces":{"down":{"uv":[12.875,12.625,12.9375,12.6875],"rotation":0,"texture":"#0","tintindex":0},"east":{"uv":[12.9375,12.5625,12.875,12.625],"rotation":0,"texture":"#0","tintindex":0},"north":{"uv":[12.9375,12.375,12.875,12.4375],"rotation":0,"texture":"#0","tintindex":0},"south":{"uv":[12.9375,12.5,12.875,12.5625],"rotation":0,"texture":"#0","tintindex":0},"up":{"uv":[12.625,12.9375,12.6875,12.875],"rotation":0,"texture":"#0","tintindex":0},"west":{"uv":[12.9375,12.4375,12.875,12.5],"rotation":0,"texture":"#0","tintindex":0}}}],"display":{"head":{"translation":[0.0,-6.4,0.0],"rotation":[0.0,0.0,0.0],"scale":[3.8095,3.8095,3.8095]}}}