{"textures":{"0":"modelengine:entity/mecha"},"elements":[{"name":"cube","from":[5.8298244,-0.027673721,-15.374818],"to":[9.692097,10.440166,-10.898912],"rotation":{"angle":45.0,"axis":"x","origin":[9.926721,-16.938648,-4.311392]},"faces":{"down":{"uv":[9.6875,3.875,10.0625,4.3125],"rotation":0,"texture":"#0","tintindex":0},"east":{"uv":[4.5,5.8125,4.0625,6.875],"rotation":0,"texture":"#0","tintindex":0},"north":{"uv":[6.5625,5.8125,6.1875,6.875],"rotation":0,"texture":"#0","tintindex":0},"south":{"uv":[3.75,6.5625,3.375,7.625],"rotation":0,"texture":"#0","tintindex":0},"up":{"uv":[9.6875,1.4375,10.0625,1.0],"rotation":0,"texture":"#0","tintindex":0},"west":{"uv":[5.0625,5.75,4.625,6.8125],"rotation":0,"texture":"#0","tintindex":0}}},{"name":"cube","from":[9.710144,1.7771261,-14.291938],"to":[10.432064,9.357288,-11.2598715],"rotation":{"angle":45.0,"axis":"x","origin":[10.215488,-16.938648,-4.311392]},"faces":{"down":{"uv":[1.875,12.625,1.9375,12.9375],"rotation":0,"texture":"#0","tintindex":0},"east":{"uv":[6.0625,8.1875,5.75,9.0],"rotation":0,"texture":"#0","tintindex":0},"north":{"uv":[12.0625,12.0625,12.0,12.875],"rotation":0,"texture":"#0","tintindex":0},"south":{"uv":[0.5625,12.125,0.5,12.9375],"rotation":0,"texture":"#0","tintindex":0},"up":{"uv":[12.625,1.875,12.6875,1.5625],"rotation":0,"texture":"#0","tintindex":0},"west":{"uv":[5.75,8.1875,5.4375,9.0],"rotation":0,"texture":"#0","tintindex":0}}},{"name":"cube","from":[9.710144,1.7771261,-14.779233],"to":[10.071105,9.357288,-14.273889],"rotation":{"angle":45.0,"axis":"x","origin":[10.215488,-16.938648,-4.311392]},"faces":{"down":{"uv":[12.875,10.625,12.9375,10.6875],"rotation":0,"texture":"#0","tintindex":0},"east":{"uv":[1.5,12.125,1.4375,12.9375],"rotation":0,"texture":"#0","tintindex":0},"north":{"uv":[0.625,12.125,0.5625,12.9375],"rotation":0,"texture":"#0","tintindex":0},"south":{"uv":[1.4375,12.125,1.375,12.9375],"rotation":0,"texture":"#0","tintindex":0},"up":{"uv":[12.875,10.625,12.9375,10.5625],"rotation":0,"texture":"#0","tintindex":0},"west":{"uv":[0.6875,12.125,0.625,12.9375],"rotation":0,"texture":"#0","tintindex":0}}},{"name":"cube","from":[9.710144,1.0552075,-14.291938],"to":[10.071105,1.7771261,-10.898912],"rotation":{"angle":45.0,"axis":"x","origin":[10.215488,-16.938648,-4.311392]},"faces":{"down":{"uv":[12.5625,8.5,12.625,8.875],"rotation":0,"texture":"#0","tintindex":0},"east":{"uv":[12.8125,10.9375,12.4375,11.0],"rotation":0,"texture":"#0","tintindex":0},"north":{"uv":[12.9375,10.6875,12.875,10.75],"rotation":0,"texture":"#0","tintindex":0},"south":{"uv":[12.9375,10.75,12.875,10.8125],"rotation":0,"texture":"#0","tintindex":0},"up":{"uv":[12.5625,8.5,12.625,8.125],"rotation":0,"texture":"#0","tintindex":0},"west":{"uv":[12.8125,3.25,12.4375,3.3125],"rotation":0,"texture":"#0","tintindex":0}}},{"name":"cube","from":[5.667392,2.4990468,-3.8240967],"to":[9.854528,10.8011265,0.29084754],"rotation":{"angle":22.5,"axis":"x","origin":[9.926721,-16.938648,-4.311392]},"faces":{"down":{"uv":[6.3125,9.0625,6.75,9.5],"rotation":0,"texture":"#0","tintindex":0},"east":{"uv":[5.5,7.0,5.0625,7.875],"rotation":0,"texture":"#0","tintindex":0},"north":{"uv":[4.1875,6.875,3.75,7.75],"rotation":0,"texture":"#0","tintindex":0},"south":{"uv":[7.375,4.75,6.9375,5.625],"rotation":0,"texture":"#0","tintindex":0},"up":{"uv":[9.0625,6.6875,9.5,6.25],"rotation":0,"texture":"#0","tintindex":0},"west":{"uv":[7.375,3.875,6.9375,4.75],"rotation":0,"texture":"#0","tintindex":0}}},{"name":"cube","from":[6.0283523,1.7771261,-3.8240967],"to":[9.493568,2.4990468,-0.07011247],"rotation":{"angle":22.5,"axis":"x","origin":[9.926721,-16.938648,-4.311392]},"faces":{"down":{"uv":[10.125,5.25,10.5,5.625],"rotation":0,"texture":"#0","tintindex":0},"east":{"uv":[12.875,9.1875,12.5,9.25],"rotation":0,"texture":"#0","tintindex":0},"north":{"uv":[12.875,0.8125,12.5,0.875],"rotation":0,"texture":"#0","tintindex":0},"south":{"uv":[12.875,4.75,12.5,4.8125],"rotation":0,"texture":"#0","tintindex":0},"up":{"uv":[3.25,10.5,3.625,10.125],"rotation":0,"texture":"#0","tintindex":0},"west":{"uv":[12.875,3.5,12.5,3.5625],"rotation":0,"texture":"#0","tintindex":0}}},{"name":"cube","from":[9.710144,3.2209678,-3.4631362],"to":[10.594496,10.440166,-0.7920325],"rotation":{"angle":22.5,"axis":"x","origin":[10.215488,-16.938648,-4.311392]},"faces":{"down":{"uv":[3.875,12.6875,3.9375,12.9375],"rotation":0,"texture":"#0","tintindex":0},"east":{"uv":[6.0625,9.0,5.8125,9.75],"rotation":0,"texture":"#0","tintindex":0},"north":{"uv":[1.3125,12.1875,1.25,12.9375],"rotation":0,"texture":"#0","tintindex":0},"south":{"uv":[5.8125,12.1875,5.75,12.9375],"rotation":0,"texture":"#0","tintindex":0},"up":{"uv":[2.5,12.9375,2.5625,12.6875],"rotation":0,"texture":"#0","tintindex":0},"west":{"uv":[7.75,8.9375,7.5,9.6875],"rotation":0,"texture":"#0","tintindex":0}}},{"name":"cube","from":[9.710144,3.942886,-0.7920325],"to":[10.143297,10.079208,-0.28668833],"rotation":{"angle":22.5,"axis":"x","origin":[10.215488,-16.938648,-4.311392]},"faces":{"down":{"uv":[10.875,12.875,10.9375,12.9375],"rotation":0,"texture":"#0","tintindex":0},"east":{"uv":[2.0625,12.3125,2.0,12.9375],"rotation":0,"texture":"#0","tintindex":0},"north":{"uv":[7.6875,12.25,7.625,12.875],"rotation":0,"texture":"#0","tintindex":0},"south":{"uv":[0.1875,12.3125,0.125,12.9375],"rotation":0,"texture":"#0","tintindex":0},"up":{"uv":[12.875,10.875,12.9375,10.8125],"rotation":0,"texture":"#0","tintindex":0},"west":{"uv":[8.0625,12.25,8.0,12.875],"rotation":0,"texture":"#0","tintindex":0}}},{"name":"cube","from":[5.107904,1.7771261,-14.291938],"to":[5.8298244,9.357288,-11.2598715],"rotation":{"angle":45.0,"axis":"x","origin":[5.32448,-16.938648,-4.311392]},"faces":{"down":{"uv":[2.125,12.625,2.1875,12.9375],"rotation":0,"texture":"#0","tintindex":0},"east":{"uv":[7.0625,8.25,6.75,9.0625],"rotation":0,"texture":"#0","tintindex":0},"north":{"uv":[1.5625,12.125,1.5,12.9375],"rotation":0,"texture":"#0","tintindex":0},"south":{"uv":[2.625,12.125,2.5625,12.9375],"rotation":0,"texture":"#0","tintindex":0},"up":{"uv":[1.9375,12.9375,2.0,12.625],"rotation":0,"texture":"#0","tintindex":0},"west":{"uv":[6.75,8.25,6.4375,9.0625],"rotation":0,"texture":"#0","tintindex":0}}},{"name":"cube","from":[5.4688644,1.7771261,-14.779233],"to":[5.8298244,9.357288,-14.273889],"rotation":{"angle":45.0,"axis":"x","origin":[5.32448,-16.938648,-4.311392]},"faces":{"down":{"uv":[12.875,10.9375,12.9375,11.0],"rotation":0,"texture":"#0","tintindex":0},"east":{"uv":[4.4375,12.125,4.375,12.9375],"rotation":0,"texture":"#0","tintindex":0},"north":{"uv":[2.6875,12.125,2.625,12.9375],"rotation":0,"texture":"#0","tintindex":0},"south":{"uv":[4.375,12.125,4.3125,12.9375],"rotation":0,"texture":"#0","tintindex":0},"up":{"uv":[12.875,10.9375,12.9375,10.875],"rotation":0,"texture":"#0","tintindex":0},"west":{"uv":[2.75,12.125,2.6875,12.9375],"rotation":0,"texture":"#0","tintindex":0}}},{"name":"cube","from":[5.4688644,1.0552075,-14.291938],"to":[5.8298244,1.7771261,-10.898912],"rotation":{"angle":45.0,"axis":"x","origin":[5.32448,-16.938648,-4.311392]},"faces":{"down":{"uv":[9.375,12.5625,9.4375,12.9375],"rotation":0,"texture":"#0","tintindex":0},"east":{"uv":[12.9375,5.5,12.5625,5.5625],"rotation":0,"texture":"#0","tintindex":0},"north":{"uv":[11.0625,12.875,11.0,12.9375],"rotation":0,"texture":"#0","tintindex":0},"south":{"uv":[12.9375,11.0,12.875,11.0625],"rotation":0,"texture":"#0","tintindex":0},"up":{"uv":[9.3125,12.9375,9.375,12.5625],"rotation":0,"texture":"#0","tintindex":0},"west":{"uv":[12.9375,2.75,12.5625,2.8125],"rotation":0,"texture":"#0","tintindex":0}}},{"name":"cube","from":[4.9454722,3.2209678,-3.4631362],"to":[5.8298244,10.440166,-0.7920325],"rotation":{"angle":22.5,"axis":"x","origin":[5.32448,-16.938648,-4.311392]},"faces":{"down":{"uv":[12.5,12.6875,12.5625,12.9375],"rotation":0,"texture":"#0","tintindex":0},"east":{"uv":[0.75,9.125,0.5,9.875],"rotation":0,"texture":"#0","tintindex":0},"north":{"uv":[7.5,12.1875,7.4375,12.9375],"rotation":0,"texture":"#0","tintindex":0},"south":{"uv":[9.75,12.1875,9.6875,12.9375],"rotation":0,"texture":"#0","tintindex":0},"up":{"uv":[8.3125,12.9375,8.375,12.6875],"rotation":0,"texture":"#0","tintindex":0},"west":{"uv":[7.0,9.0625,6.75,9.8125],"rotation":0,"texture":"#0","tintindex":0}}},{"name":"cube","from":[5.3966722,3.942886,-0.7920325],"to":[5.8298244,10.079208,-0.28668833],"rotation":{"angle":22.5,"axis":"x","origin":[5.32448,-16.938648,-4.311392]},"faces":{"down":{"uv":[12.875,11.0625,12.9375,11.125],"rotation":0,"texture":"#0","tintindex":0},"east":{"uv":[7.1875,12.3125,7.125,12.9375],"rotation":0,"texture":"#0","tintindex":0},"north":{"uv":[3.3125,12.3125,3.25,12.9375],"rotation":0,"texture":"#0","tintindex":0},"south":{"uv":[6.375,12.3125,6.3125,12.9375],"rotation":0,"texture":"#0","tintindex":0},"up":{"uv":[11.0625,12.9375,11.125,12.875],"rotation":0,"texture":"#0","tintindex":0},"west":{"uv":[4.125,12.3125,4.0625,12.9375],"rotation":0,"texture":"#0","tintindex":0}}}],"display":{"head":{"translation":[0.0,-6.4,0.0],"rotation":[0.0,0.0,0.0],"scale":[3.8095,3.8095,3.8095]}}}