{"textures":{"0":"modelengine:entity/mecha"},"elements":[{"name":"cube","from":[6.3079033,-0.027673721,-15.374818],"to":[10.170176,10.440166,-10.898912],"rotation":{"angle":45.0,"axis":"x","origin":[6.0732794,-16.938648,-4.311392]},"faces":{"down":{"uv":[10.0625,3.875,9.6875,4.3125],"rotation":0,"texture":"#0","tintindex":0},"east":{"uv":[4.625,5.75,5.0625,6.8125],"rotation":0,"texture":"#0","tintindex":0},"north":{"uv":[6.1875,5.8125,6.5625,6.875],"rotation":0,"texture":"#0","tintindex":0},"south":{"uv":[3.375,6.5625,3.75,7.625],"rotation":0,"texture":"#0","tintindex":0},"up":{"uv":[10.0625,1.4375,9.6875,1.0],"rotation":0,"texture":"#0","tintindex":0},"west":{"uv":[4.0625,5.8125,4.5,6.875],"rotation":0,"texture":"#0","tintindex":0}}},{"name":"cube","from":[5.567936,1.7771261,-14.291938],"to":[6.2898555,9.357288,-11.2598715],"rotation":{"angle":45.0,"axis":"x","origin":[5.7845116,-16.938648,-4.311392]},"faces":{"down":{"uv":[1.9375,12.625,1.875,12.9375],"rotation":0,"texture":"#0","tintindex":0},"east":{"uv":[5.4375,8.1875,5.75,9.0],"rotation":0,"texture":"#0","tintindex":0},"north":{"uv":[12.0,12.0625,12.0625,12.875],"rotation":0,"texture":"#0","tintindex":0},"south":{"uv":[0.5,12.125,0.5625,12.9375],"rotation":0,"texture":"#0","tintindex":0},"up":{"uv":[12.6875,1.875,12.625,1.5625],"rotation":0,"texture":"#0","tintindex":0},"west":{"uv":[5.75,8.1875,6.0625,9.0],"rotation":0,"texture":"#0","tintindex":0}}},{"name":"cube","from":[5.928895,1.7771261,-14.779233],"to":[6.2898555,9.357288,-14.273889],"rotation":{"angle":45.0,"axis":"x","origin":[5.7845116,-16.938648,-4.311392]},"faces":{"down":{"uv":[12.9375,10.625,12.875,10.6875],"rotation":0,"texture":"#0","tintindex":0},"east":{"uv":[0.625,12.125,0.6875,12.9375],"rotation":0,"texture":"#0","tintindex":0},"north":{"uv":[0.5625,12.125,0.625,12.9375],"rotation":0,"texture":"#0","tintindex":0},"south":{"uv":[1.375,12.125,1.4375,12.9375],"rotation":0,"texture":"#0","tintindex":0},"up":{"uv":[12.9375,10.625,12.875,10.5625],"rotation":0,"texture":"#0","tintindex":0},"west":{"uv":[1.4375,12.125,1.5,12.9375],"rotation":0,"texture":"#0","tintindex":0}}},{"name":"cube","from":[5.928895,1.0552075,-14.291938],"to":[6.2898555,1.7771261,-10.898912],"rotation":{"angle":45.0,"axis":"x","origin":[5.7845116,-16.938648,-4.311392]},"faces":{"down":{"uv":[12.625,8.5,12.5625,8.875],"rotation":0,"texture":"#0","tintindex":0},"east":{"uv":[12.4375,3.25,12.8125,3.3125],"rotation":0,"texture":"#0","tintindex":0},"north":{"uv":[12.875,10.6875,12.9375,10.75],"rotation":0,"texture":"#0","tintindex":0},"south":{"uv":[12.875,10.75,12.9375,10.8125],"rotation":0,"texture":"#0","tintindex":0},"up":{"uv":[12.625,8.5,12.5625,8.125],"rotation":0,"texture":"#0","tintindex":0},"west":{"uv":[12.4375,10.9375,12.8125,11.0],"rotation":0,"texture":"#0","tintindex":0}}},{"name":"cube","from":[6.145471,2.4990468,-3.8240967],"to":[10.332608,10.8011265,0.29084754],"rotation":{"angle":22.5,"axis":"x","origin":[6.0732794,-16.938648,-4.311392]},"faces":{"down":{"uv":[6.75,9.0625,6.3125,9.5],"rotation":0,"texture":"#0","tintindex":0},"east":{"uv":[6.9375,3.875,7.375,4.75],"rotation":0,"texture":"#0","tintindex":0},"north":{"uv":[3.75,6.875,4.1875,7.75],"rotation":0,"texture":"#0","tintindex":0},"south":{"uv":[6.9375,4.75,7.375,5.625],"rotation":0,"texture":"#0","tintindex":0},"up":{"uv":[9.5,6.6875,9.0625,6.25],"rotation":0,"texture":"#0","tintindex":0},"west":{"uv":[5.0625,7.0,5.5,7.875],"rotation":0,"texture":"#0","tintindex":0}}},{"name":"cube","from":[6.5064316,1.7771261,-3.8240967],"to":[9.971647,2.4990468,-0.07011247],"rotation":{"angle":22.5,"axis":"x","origin":[6.0732794,-16.938648,-4.311392]},"faces":{"down":{"uv":[10.5,5.25,10.125,5.625],"rotation":0,"texture":"#0","tintindex":0},"east":{"uv":[12.5,3.5,12.875,3.5625],"rotation":0,"texture":"#0","tintindex":0},"north":{"uv":[12.5,0.8125,12.875,0.875],"rotation":0,"texture":"#0","tintindex":0},"south":{"uv":[12.5,4.75,12.875,4.8125],"rotation":0,"texture":"#0","tintindex":0},"up":{"uv":[3.625,10.5,3.25,10.125],"rotation":0,"texture":"#0","tintindex":0},"west":{"uv":[12.5,9.1875,12.875,9.25],"rotation":0,"texture":"#0","tintindex":0}}},{"name":"cube","from":[5.405504,3.2209678,-3.4631362],"to":[6.2898555,10.440166,-0.7920325],"rotation":{"angle":22.5,"axis":"x","origin":[5.7845116,-16.938648,-4.311392]},"faces":{"down":{"uv":[3.9375,12.6875,3.875,12.9375],"rotation":0,"texture":"#0","tintindex":0},"east":{"uv":[7.5,8.9375,7.75,9.6875],"rotation":0,"texture":"#0","tintindex":0},"north":{"uv":[1.25,12.1875,1.3125,12.9375],"rotation":0,"texture":"#0","tintindex":0},"south":{"uv":[5.75,12.1875,5.8125,12.9375],"rotation":0,"texture":"#0","tintindex":0},"up":{"uv":[2.5625,12.9375,2.5,12.6875],"rotation":0,"texture":"#0","tintindex":0},"west":{"uv":[5.8125,9.0,6.0625,9.75],"rotation":0,"texture":"#0","tintindex":0}}},{"name":"cube","from":[5.8567038,3.942886,-0.7920325],"to":[6.2898555,10.079208,-0.28668833],"rotation":{"angle":22.5,"axis":"x","origin":[5.7845116,-16.938648,-4.311392]},"faces":{"down":{"uv":[10.9375,12.875,10.875,12.9375],"rotation":0,"texture":"#0","tintindex":0},"east":{"uv":[8.0,12.25,8.0625,12.875],"rotation":0,"texture":"#0","tintindex":0},"north":{"uv":[7.625,12.25,7.6875,12.875],"rotation":0,"texture":"#0","tintindex":0},"south":{"uv":[0.125,12.3125,0.1875,12.9375],"rotation":0,"texture":"#0","tintindex":0},"up":{"uv":[12.9375,10.875,12.875,10.8125],"rotation":0,"texture":"#0","tintindex":0},"west":{"uv":[2.0,12.3125,2.0625,12.9375],"rotation":0,"texture":"#0","tintindex":0}}},{"name":"cube","from":[10.170176,1.7771261,-14.291938],"to":[10.892096,9.357288,-11.2598715],"rotation":{"angle":45.0,"axis":"x","origin":[10.67552,-16.938648,-4.311392]},"faces":{"down":{"uv":[2.1875,12.625,2.125,12.9375],"rotation":0,"texture":"#0","tintindex":0},"east":{"uv":[6.4375,8.25,6.75,9.0625],"rotation":0,"texture":"#0","tintindex":0},"north":{"uv":[1.5,12.125,1.5625,12.9375],"rotation":0,"texture":"#0","tintindex":0},"south":{"uv":[2.5625,12.125,2.625,12.9375],"rotation":0,"texture":"#0","tintindex":0},"up":{"uv":[2.0,12.9375,1.9375,12.625],"rotation":0,"texture":"#0","tintindex":0},"west":{"uv":[6.75,8.25,7.0625,9.0625],"rotation":0,"texture":"#0","tintindex":0}}},{"name":"cube","from":[10.170176,1.7771261,-14.779233],"to":[10.531136,9.357288,-14.273889],"rotation":{"angle":45.0,"axis":"x","origin":[10.67552,-16.938648,-4.311392]},"faces":{"down":{"uv":[12.9375,10.9375,12.875,11.0],"rotation":0,"texture":"#0","tintindex":0},"east":{"uv":[2.6875,12.125,2.75,12.9375],"rotation":0,"texture":"#0","tintindex":0},"north":{"uv":[2.625,12.125,2.6875,12.9375],"rotation":0,"texture":"#0","tintindex":0},"south":{"uv":[4.3125,12.125,4.375,12.9375],"rotation":0,"texture":"#0","tintindex":0},"up":{"uv":[12.9375,10.9375,12.875,10.875],"rotation":0,"texture":"#0","tintindex":0},"west":{"uv":[4.375,12.125,4.4375,12.9375],"rotation":0,"texture":"#0","tintindex":0}}},{"name":"cube","from":[10.170176,1.0552075,-14.291938],"to":[10.531136,1.7771261,-10.898912],"rotation":{"angle":45.0,"axis":"x","origin":[10.67552,-16.938648,-4.311392]},"faces":{"down":{"uv":[9.4375,12.5625,9.375,12.9375],"rotation":0,"texture":"#0","tintindex":0},"east":{"uv":[12.5625,2.75,12.9375,2.8125],"rotation":0,"texture":"#0","tintindex":0},"north":{"uv":[11.0,12.875,11.0625,12.9375],"rotation":0,"texture":"#0","tintindex":0},"south":{"uv":[12.875,11.0,12.9375,11.0625],"rotation":0,"texture":"#0","tintindex":0},"up":{"uv":[9.375,12.9375,9.3125,12.5625],"rotation":0,"texture":"#0","tintindex":0},"west":{"uv":[12.5625,5.5,12.9375,5.5625],"rotation":0,"texture":"#0","tintindex":0}}},{"name":"cube","from":[10.170176,3.2209678,-3.4631362],"to":[11.054527,10.440166,-0.7920325],"rotation":{"angle":22.5,"axis":"x","origin":[10.67552,-16.938648,-4.311392]},"faces":{"down":{"uv":[12.5625,12.6875,12.5,12.9375],"rotation":0,"texture":"#0","tintindex":0},"east":{"uv":[6.75,9.0625,7.0,9.8125],"rotation":0,"texture":"#0","tintindex":0},"north":{"uv":[7.4375,12.1875,7.5,12.9375],"rotation":0,"texture":"#0","tintindex":0},"south":{"uv":[9.6875,12.1875,9.75,12.9375],"rotation":0,"texture":"#0","tintindex":0},"up":{"uv":[8.375,12.9375,8.3125,12.6875],"rotation":0,"texture":"#0","tintindex":0},"west":{"uv":[0.5,9.125,0.75,9.875],"rotation":0,"texture":"#0","tintindex":0}}},{"name":"cube","from":[10.170176,3.942886,-0.7920325],"to":[10.603328,10.079208,-0.28668833],"rotation":{"angle":22.5,"axis":"x","origin":[10.67552,-16.938648,-4.311392]},"faces":{"down":{"uv":[12.9375,11.0625,12.875,11.125],"rotation":0,"texture":"#0","tintindex":0},"east":{"uv":[4.0625,12.3125,4.125,12.9375],"rotation":0,"texture":"#0","tintindex":0},"north":{"uv":[3.25,12.3125,3.3125,12.9375],"rotation":0,"texture":"#0","tintindex":0},"south":{"uv":[6.3125,12.3125,6.375,12.9375],"rotation":0,"texture":"#0","tintindex":0},"up":{"uv":[11.125,12.9375,11.0625,12.875],"rotation":0,"texture":"#0","tintindex":0},"west":{"uv":[7.125,12.3125,7.1875,12.9375],"rotation":0,"texture":"#0","tintindex":0}}}],"display":{"head":{"translation":[0.0,-6.4,0.0],"rotation":[0.0,0.0,0.0],"scale":[3.8095,3.8095,3.8095]}}}