{"textures":{"0":"modelengine:entity/mecha"},"elements":[{"name":"cube","from":[6.97568,6.736641,8.036096],"to":[9.502399,9.263364,12.728577],"rotation":{"angle":0.0,"axis":"x","origin":[6.97568,-39.105278,5.148416]},"faces":{"down":{"uv":[1.125,10.5,0.875,11.0],"rotation":0,"texture":"#0","tintindex":0},"east":{"uv":[6.875,3.0,7.375,3.25],"rotation":0,"texture":"#0","tintindex":0},"north":{"uv":[11.625,11.625,11.875,11.875],"rotation":0,"texture":"#0","tintindex":0},"south":{"uv":[11.6875,1.8125,11.9375,2.0625],"rotation":0,"texture":"#0","tintindex":0},"up":{"uv":[0.75,11.0,0.5,10.5],"rotation":0,"texture":"#0","tintindex":0},"west":{"uv":[10.4375,4.875,10.9375,5.125],"rotation":0,"texture":"#0","tintindex":0}}},{"name":"cube","from":[6.2537594,6.01472,7.314176],"to":[6.61472,9.98528,11.284736],"rotation":{"angle":0.0,"axis":"x","origin":[6.97568,-39.105278,5.148416]},"faces":{"down":{"uv":[9.875,12.5,9.8125,12.9375],"rotation":0,"texture":"#0","tintindex":0},"east":{"uv":[8.8125,2.625,9.25,3.0625],"rotation":0,"texture":"#0","tintindex":0},"north":{"uv":[12.5,8.75,12.5625,9.1875],"rotation":0,"texture":"#0","tintindex":0},"south":{"uv":[8.8125,12.5,8.875,12.9375],"rotation":0,"texture":"#0","tintindex":0},"up":{"uv":[9.8125,12.9375,9.75,12.5],"rotation":0,"texture":"#0","tintindex":0},"west":{"uv":[1.3125,8.9375,1.75,9.375],"rotation":0,"texture":"#0","tintindex":0}}},{"name":"cube","from":[9.863359,6.01472,7.314176],"to":[10.224319,9.98528,11.284736],"rotation":{"angle":0.0,"axis":"x","origin":[6.97568,-39.105278,5.148416]},"faces":{"down":{"uv":[10.375,12.5,10.3125,12.9375],"rotation":0,"texture":"#0","tintindex":0},"east":{"uv":[8.9375,3.5625,9.375,4.0],"rotation":0,"texture":"#0","tintindex":0},"north":{"uv":[9.9375,12.5,10.0,12.9375],"rotation":0,"texture":"#0","tintindex":0},"south":{"uv":[10.0,12.5,10.0625,12.9375],"rotation":0,"texture":"#0","tintindex":0},"up":{"uv":[10.3125,12.9375,10.25,12.5],"rotation":0,"texture":"#0","tintindex":0},"west":{"uv":[7.0625,8.9375,7.5,9.375],"rotation":0,"texture":"#0","tintindex":0}}},{"name":"cube","from":[6.61472,9.624325,7.314176],"to":[9.863359,9.98528,11.284736],"rotation":{"angle":0.0,"axis":"x","origin":[6.97568,-39.105278,5.148416]},"faces":{"down":{"uv":[10.5,1.3125,10.1875,1.75],"rotation":0,"texture":"#0","tintindex":0},"east":{"uv":[7.1875,7.0,7.625,7.0625],"rotation":0,"texture":"#0","tintindex":0},"north":{"uv":[12.5625,10.6875,12.875,10.75],"rotation":0,"texture":"#0","tintindex":0},"south":{"uv":[12.5625,10.75,12.875,10.8125],"rotation":0,"texture":"#0","tintindex":0},"up":{"uv":[3.6875,6.5,3.375,6.0625],"rotation":0,"texture":"#0","tintindex":0},"west":{"uv":[8.25,8.125,8.6875,8.1875],"rotation":0,"texture":"#0","tintindex":0}}},{"name":"cube","from":[6.61472,6.01472,7.314176],"to":[9.863359,6.3756804,11.284736],"rotation":{"angle":0.0,"axis":"x","origin":[6.97568,-39.105278,5.148416]},"faces":{"down":{"uv":[2.25,10.1875,1.9375,10.625],"rotation":0,"texture":"#0","tintindex":0},"east":{"uv":[9.1875,4.875,9.625,4.9375],"rotation":0,"texture":"#0","tintindex":0},"north":{"uv":[12.5625,10.8125,12.875,10.875],"rotation":0,"texture":"#0","tintindex":0},"south":{"uv":[12.5625,10.875,12.875,10.9375],"rotation":0,"texture":"#0","tintindex":0},"up":{"uv":[10.5,2.1875,10.1875,1.75],"rotation":0,"texture":"#0","tintindex":0},"west":{"uv":[6.3125,9.75,6.75,9.8125],"rotation":0,"texture":"#0","tintindex":0}}}],"display":{"head":{"translation":[0.0,-6.4,0.0],"rotation":[0.0,0.0,0.0],"scale":[3.8095,3.8095,3.8095]}}}