{"textures":{"0":"modelengine:entity/mecha"},"elements":[{"name":"cube","from":[6.97568,6.736641,8.036096],"to":[9.502399,9.263364,12.728577],"rotation":{"angle":0.0,"axis":"x","origin":[9.502399,-39.105278,5.148416]},"faces":{"down":{"uv":[10.75,1.3125,10.5,1.8125],"rotation":0,"texture":"#0","tintindex":0},"east":{"uv":[10.4375,6.6875,10.9375,6.9375],"rotation":0,"texture":"#0","tintindex":0},"north":{"uv":[11.6875,2.0625,11.9375,2.3125],"rotation":0,"texture":"#0","tintindex":0},"south":{"uv":[2.9375,11.6875,3.1875,11.9375],"rotation":0,"texture":"#0","tintindex":0},"up":{"uv":[1.375,11.0,1.125,10.5],"rotation":0,"texture":"#0","tintindex":0},"west":{"uv":[10.4375,8.0,10.9375,8.25],"rotation":0,"texture":"#0","tintindex":0}}},{"name":"cube","from":[9.86336,6.01472,7.314176],"to":[10.224319,9.98528,11.284736],"rotation":{"angle":0.0,"axis":"x","origin":[9.502399,-39.105278,5.148416]},"faces":{"down":{"uv":[1.1875,12.5625,1.125,13.0],"rotation":0,"texture":"#0","tintindex":0},"east":{"uv":[5.375,9.0,5.8125,9.4375],"rotation":0,"texture":"#0","tintindex":0},"north":{"uv":[11.8125,12.5,11.875,12.9375],"rotation":0,"texture":"#0","tintindex":0},"south":{"uv":[11.875,12.5,11.9375,12.9375],"rotation":0,"texture":"#0","tintindex":0},"up":{"uv":[12.5625,12.6875,12.5,12.25],"rotation":0,"texture":"#0","tintindex":0},"west":{"uv":[9.0,7.5625,9.4375,8.0],"rotation":0,"texture":"#0","tintindex":0}}},{"name":"cube","from":[6.2537594,6.01472,7.314176],"to":[6.6147203,9.98528,11.284736],"rotation":{"angle":0.0,"axis":"x","origin":[9.502399,-39.105278,5.148416]},"faces":{"down":{"uv":[3.75,12.5625,3.6875,13.0],"rotation":0,"texture":"#0","tintindex":0},"east":{"uv":[9.0,8.8125,9.4375,9.25],"rotation":0,"texture":"#0","tintindex":0},"north":{"uv":[1.1875,12.5625,1.25,13.0],"rotation":0,"texture":"#0","tintindex":0},"south":{"uv":[12.5625,2.3125,12.625,2.75],"rotation":0,"texture":"#0","tintindex":0},"up":{"uv":[3.6875,13.0,3.625,12.5625],"rotation":0,"texture":"#0","tintindex":0},"west":{"uv":[9.0625,1.5625,9.5,2.0],"rotation":0,"texture":"#0","tintindex":0}}},{"name":"cube","from":[6.6147203,9.624325,7.314176],"to":[9.86336,9.98528,11.284736],"rotation":{"angle":0.0,"axis":"x","origin":[9.502399,-39.105278,5.148416]},"faces":{"down":{"uv":[10.5625,0.25,10.25,0.6875],"rotation":0,"texture":"#0","tintindex":0},"east":{"uv":[10.625,7.5625,11.0625,7.625],"rotation":0,"texture":"#0","tintindex":0},"north":{"uv":[12.5625,11.0,12.875,11.0625],"rotation":0,"texture":"#0","tintindex":0},"south":{"uv":[12.5625,11.0625,12.875,11.125],"rotation":0,"texture":"#0","tintindex":0},"up":{"uv":[10.5,6.625,10.1875,6.1875],"rotation":0,"texture":"#0","tintindex":0},"west":{"uv":[10.625,8.8125,11.0625,8.875],"rotation":0,"texture":"#0","tintindex":0}}},{"name":"cube","from":[6.6147203,6.01472,7.314176],"to":[9.86336,6.3756804,11.284736],"rotation":{"angle":0.0,"axis":"x","origin":[9.502399,-39.105278,5.148416]},"faces":{"down":{"uv":[10.5625,4.25,10.25,4.6875],"rotation":0,"texture":"#0","tintindex":0},"east":{"uv":[11.0,9.1875,11.4375,9.25],"rotation":0,"texture":"#0","tintindex":0},"north":{"uv":[12.5625,11.125,12.875,11.1875],"rotation":0,"texture":"#0","tintindex":0},"south":{"uv":[12.5625,11.1875,12.875,11.25],"rotation":0,"texture":"#0","tintindex":0},"up":{"uv":[10.5625,3.375,10.25,2.9375],"rotation":0,"texture":"#0","tintindex":0},"west":{"uv":[11.0625,0.8125,11.5,0.875],"rotation":0,"texture":"#0","tintindex":0}}}],"display":{"head":{"translation":[0.0,-6.4,0.0],"rotation":[0.0,0.0,0.0],"scale":[3.8095,3.8095,3.8095]}}}