{"textures":{"0":"modelengine:entity/mecha"},"elements":[{"name":"cube","from":[6.521793,10.310144,8.18048],"to":[6.9278727,10.959873,8.830208],"rotation":{"angle":0.0,"axis":"x","origin":[21.790401,-8.207104,8.18048]},"faces":{"down":{"uv":[12.0625,4.625,12.0,4.6875],"rotation":0,"texture":"#0","tintindex":0},"east":{"uv":[11.875,10.0,11.9375,10.0625],"rotation":0,"texture":"#0","tintindex":0},"north":{"uv":[11.875,6.5,11.9375,6.5625],"rotation":0,"texture":"#0","tintindex":0},"south":{"uv":[3.125,11.9375,3.1875,12.0],"rotation":0,"texture":"#0","tintindex":0},"up":{"uv":[12.0625,4.125,12.0,4.0625],"rotation":0,"texture":"#0","tintindex":0},"west":{"uv":[12.0,0.875,12.0625,0.9375],"rotation":0,"texture":"#0","tintindex":0}}}],"display":{"head":{"translation":[0.0,-6.4,0.0],"rotation":[0.0,0.0,0.0],"scale":[3.8095,3.8095,3.8095]}}}