{"textures":{"0":"modelengine:entity/mecha"},"elements":[{"name":"cube","from":[6.521793,10.310144,8.18048],"to":[6.9278727,10.959873,8.830208],"rotation":{"angle":0.0,"axis":"x","origin":[21.790401,-8.207104,8.18048]},"faces":{"down":{"uv":[11.5,10.75,11.4375,10.8125],"rotation":0,"texture":"#0","tintindex":0},"east":{"uv":[2.9375,11.3125,3.0,11.375],"rotation":0,"texture":"#0","tintindex":0},"north":{"uv":[11.25,6.5625,11.3125,6.625],"rotation":0,"texture":"#0","tintindex":0},"south":{"uv":[3.1875,11.375,3.25,11.4375],"rotation":0,"texture":"#0","tintindex":0},"up":{"uv":[11.4375,10.8125,11.375,10.75],"rotation":0,"texture":"#0","tintindex":0},"west":{"uv":[3.25,11.375,3.3125,11.4375],"rotation":0,"texture":"#0","tintindex":0}}}],"display":{"head":{"translation":[0.0,-6.4,0.0],"rotation":[0.0,0.0,0.0],"scale":[3.8095,3.8095,3.8095]}}}