{"textures":{"0":"modelengine:entity/mecha"},"elements":[{"name":"cube","from":[9.012128,10.310144,8.180479],"to":[9.418208,10.959873,8.830208],"rotation":{"angle":0.0,"axis":"x","origin":[-5.8504,-8.207104,8.180479]},"faces":{"down":{"uv":[12.375,5.375,12.4375,5.4375],"rotation":0,"texture":"#0","tintindex":0},"east":{"uv":[12.375,10.75,12.3125,10.8125],"rotation":0,"texture":"#0","tintindex":0},"north":{"uv":[9.375,12.125,9.3125,12.1875],"rotation":0,"texture":"#0","tintindex":0},"south":{"uv":[12.375,5.375,12.3125,5.4375],"rotation":0,"texture":"#0","tintindex":0},"up":{"uv":[12.375,4.875,12.4375,4.8125],"rotation":0,"texture":"#0","tintindex":0},"west":{"uv":[10.4375,12.125,10.375,12.1875],"rotation":0,"texture":"#0","tintindex":0}}}],"display":{"head":{"translation":[0.0,-6.4,0.0],"rotation":[0.0,0.0,0.0],"scale":[3.8095,3.8095,3.8095]}}}