{"textures":{"0":"modelengine:entity/mecha"},"elements":[{"name":"cube","from":[9.2048,1.5026704,2.2061822],"to":[9.728192,5.4732304,4.3719425],"rotation":{"angle":22.5,"axis":"x","origin":[10.071104,-4.8502254,5.5992064]},"faces":{"down":{"uv":[12.75,6.3125,12.8125,6.5625],"rotation":0,"texture":"#0","tintindex":0},"east":{"uv":[11.0,2.75,10.75,3.1875],"rotation":0,"texture":"#0","tintindex":0},"north":{"uv":[4.1875,12.5625,4.125,13.0],"rotation":0,"texture":"#0","tintindex":0},"south":{"uv":[4.25,12.5625,4.1875,13.0],"rotation":0,"texture":"#0","tintindex":0},"up":{"uv":[12.75,6.3125,12.8125,6.0625],"rotation":0,"texture":"#0","tintindex":0},"west":{"uv":[11.0,1.25,10.75,1.6875],"rotation":0,"texture":"#0","tintindex":0}}},{"name":"cube","from":[6.6058884,-2.4678907,2.2061822],"to":[9.2048,7.6389904,4.7329025],"rotation":{"angle":22.5,"axis":"x","origin":[10.071104,-4.8502254,5.5992064]},"faces":{"down":{"uv":[11.75,6.6875,12.0,6.9375],"rotation":0,"texture":"#0","tintindex":0},"east":{"uv":[8.3125,5.1875,8.0625,6.25],"rotation":0,"texture":"#0","tintindex":0},"north":{"uv":[0.5625,8.0625,0.3125,9.125],"rotation":0,"texture":"#0","tintindex":0},"south":{"uv":[4.375,8.0625,4.125,9.125],"rotation":0,"texture":"#0","tintindex":0},"up":{"uv":[6.1875,12.0,6.4375,11.75],"rotation":0,"texture":"#0","tintindex":0},"west":{"uv":[0.8125,8.0625,0.5625,9.125],"rotation":0,"texture":"#0","tintindex":0}}},{"name":"cube","from":[6.5651836,-1.0240502,2.2061822],"to":[9.224096,6.5561104,2.5671427],"rotation":{"angle":45.0,"axis":"x","origin":[10.071104,-4.8502254,5.5992064]},"faces":{"down":{"uv":[11.5625,3.6875,11.8125,3.75],"rotation":0,"texture":"#0","tintindex":0},"east":{"uv":[4.5625,12.125,4.5,12.9375],"rotation":0,"texture":"#0","tintindex":0},"north":{"uv":[2.375,8.8125,2.125,9.625],"rotation":0,"texture":"#0","tintindex":0},"south":{"uv":[2.625,8.8125,2.375,9.625],"rotation":0,"texture":"#0","tintindex":0},"up":{"uv":[11.0625,7.25,11.3125,7.1875],"rotation":0,"texture":"#0","tintindex":0},"west":{"uv":[4.5,12.125,4.4375,12.9375],"rotation":0,"texture":"#0","tintindex":0}}},{"name":"cube","from":[6.906848,5.3592644,11.159752],"to":[8.90384,7.885985,11.520711],"rotation":{"angle":0.0,"axis":"x","origin":[10.071104,-5.3251524,5.1678147]},"faces":{"down":{"uv":[10.625,4.1875,10.8125,4.25],"rotation":0,"texture":"#0","tintindex":0},"east":{"uv":[12.8125,7.1875,12.75,7.4375],"rotation":0,"texture":"#0","tintindex":0},"north":{"uv":[12.375,11.5,12.1875,11.75],"rotation":0,"texture":"#0","tintindex":0},"south":{"uv":[11.8125,12.1875,11.625,12.4375],"rotation":0,"texture":"#0","tintindex":0},"up":{"uv":[10.625,0.6875,10.8125,0.625],"rotation":0,"texture":"#0","tintindex":0},"west":{"uv":[12.8125,6.9375,12.75,7.1875],"rotation":0,"texture":"#0","tintindex":0}}},{"name":"cube","from":[6.966848,7.2632613,22.362156],"to":[8.84384,9.789981,22.723114],"rotation":{"angle":-45.0,"axis":"x","origin":[10.071104,-5.947875,16.37022]},"faces":{"down":{"uv":[11.8125,7.375,12.0,7.4375],"rotation":0,"texture":"#0","tintindex":0},"east":{"uv":[7.5625,12.75,7.5,13.0],"rotation":0,"texture":"#0","tintindex":0},"north":{"uv":[12.375,11.75,12.1875,12.0],"rotation":0,"texture":"#0","tintindex":0},"south":{"uv":[12.375,12.0,12.1875,12.25],"rotation":0,"texture":"#0","tintindex":0},"up":{"uv":[11.1875,4.4375,11.375,4.375],"rotation":0,"texture":"#0","tintindex":0},"west":{"uv":[12.8125,7.4375,12.75,7.6875],"rotation":0,"texture":"#0","tintindex":0}}},{"name":"cube","from":[6.6058884,7.985181,22.001194],"to":[6.966848,9.789981,22.362156],"rotation":{"angle":-45.0,"axis":"x","origin":[10.071104,-5.947875,16.37022]},"faces":{"down":{"uv":[12.875,11.25,12.9375,11.3125],"rotation":0,"texture":"#0","tintindex":0},"east":{"uv":[12.875,8.0,12.8125,8.1875],"rotation":0,"texture":"#0","tintindex":0},"north":{"uv":[12.875,7.4375,12.8125,7.625],"rotation":0,"texture":"#0","tintindex":0},"south":{"uv":[12.875,7.8125,12.8125,8.0],"rotation":0,"texture":"#0","tintindex":0},"up":{"uv":[11.25,12.9375,11.3125,12.875],"rotation":0,"texture":"#0","tintindex":0},"west":{"uv":[12.875,7.625,12.8125,7.8125],"rotation":0,"texture":"#0","tintindex":0}}},{"name":"cube","from":[8.84384,7.985181,22.001194],"to":[9.2048,9.789981,22.362156],"rotation":{"angle":-45.0,"axis":"x","origin":[10.071104,-5.947875,16.37022]},"faces":{"down":{"uv":[12.875,11.3125,12.9375,11.375],"rotation":0,"texture":"#0","tintindex":0},"east":{"uv":[12.875,8.75,12.8125,8.9375],"rotation":0,"texture":"#0","tintindex":0},"north":{"uv":[12.875,8.1875,12.8125,8.375],"rotation":0,"texture":"#0","tintindex":0},"south":{"uv":[12.875,8.5625,12.8125,8.75],"rotation":0,"texture":"#0","tintindex":0},"up":{"uv":[11.3125,12.9375,11.375,12.875],"rotation":0,"texture":"#0","tintindex":0},"west":{"uv":[12.875,8.375,12.8125,8.5625],"rotation":0,"texture":"#0","tintindex":0}}},{"name":"cube","from":[8.84384,5.614502,9.099714],"to":[9.2048,8.141222,11.265474],"rotation":{"angle":0.0,"axis":"x","origin":[10.071104,-5.069915,5.2735376]},"faces":{"down":{"uv":[7.75,12.75,7.8125,13.0],"rotation":0,"texture":"#0","tintindex":0},"east":{"uv":[12.0,8.1875,11.75,8.4375],"rotation":0,"texture":"#0","tintindex":0},"north":{"uv":[7.625,12.75,7.5625,13.0],"rotation":0,"texture":"#0","tintindex":0},"south":{"uv":[7.75,12.75,7.6875,13.0],"rotation":0,"texture":"#0","tintindex":0},"up":{"uv":[12.75,7.9375,12.8125,7.6875],"rotation":0,"texture":"#0","tintindex":0},"west":{"uv":[7.25,11.75,7.0,12.0],"rotation":0,"texture":"#0","tintindex":0}}},{"name":"cube","from":[6.6058884,5.614502,9.099714],"to":[6.966848,8.141222,11.265474],"rotation":{"angle":0.0,"axis":"x","origin":[10.071104,-5.069915,5.2735376]},"faces":{"down":{"uv":[8.0625,12.75,8.125,13.0],"rotation":0,"texture":"#0","tintindex":0},"east":{"uv":[11.625,11.75,11.375,12.0],"rotation":0,"texture":"#0","tintindex":0},"north":{"uv":[7.875,12.75,7.8125,13.0],"rotation":0,"texture":"#0","tintindex":0},"south":{"uv":[7.9375,12.75,7.875,13.0],"rotation":0,"texture":"#0","tintindex":0},"up":{"uv":[7.9375,13.0,8.0,12.75],"rotation":0,"texture":"#0","tintindex":0},"west":{"uv":[12.0,8.4375,11.75,8.6875],"rotation":0,"texture":"#0","tintindex":0}}},{"name":"cube","from":[9.2048,-1.0240502,0.40138245],"to":[9.56576,6.5561104,2.2061822],"rotation":{"angle":45.0,"axis":"x","origin":[10.071104,-4.8502254,5.5992064]},"faces":{"down":{"uv":[12.8125,9.4375,12.875,9.625],"rotation":0,"texture":"#0","tintindex":0},"east":{"uv":[7.0,9.8125,6.8125,10.625],"rotation":0,"texture":"#0","tintindex":0},"north":{"uv":[4.625,12.125,4.5625,12.9375],"rotation":0,"texture":"#0","tintindex":0},"south":{"uv":[4.6875,12.125,4.625,12.9375],"rotation":0,"texture":"#0","tintindex":0},"up":{"uv":[12.8125,9.125,12.875,8.9375],"rotation":0,"texture":"#0","tintindex":0},"west":{"uv":[4.1875,9.8125,4.0,10.625],"rotation":0,"texture":"#0","tintindex":0}}},{"name":"cube","from":[6.2449274,-1.0240502,0.40138245],"to":[6.6058884,6.5561104,2.2061822],"rotation":{"angle":45.0,"axis":"x","origin":[10.053056,-4.8502254,5.5992064]},"faces":{"down":{"uv":[12.8125,9.8125,12.875,10.0],"rotation":0,"texture":"#0","tintindex":0},"east":{"uv":[4.375,10.0,4.1875,10.8125],"rotation":0,"texture":"#0","tintindex":0},"north":{"uv":[5.5,12.125,5.4375,12.9375],"rotation":0,"texture":"#0","tintindex":0},"south":{"uv":[5.5625,12.125,5.5,12.9375],"rotation":0,"texture":"#0","tintindex":0},"up":{"uv":[12.8125,9.8125,12.875,9.625],"rotation":0,"texture":"#0","tintindex":0},"west":{"uv":[2.625,9.875,2.4375,10.6875],"rotation":0,"texture":"#0","tintindex":0}}},{"name":"cube","from":[6.6058884,0.88617706,-0.0071001053],"to":[9.2048,5.939617,0.3538599],"rotation":{"angle":22.5,"axis":"x","origin":[10.071104,-6.5495987,5.9126444]},"faces":{"down":{"uv":[11.625,10.6875,11.875,10.75],"rotation":0,"texture":"#0","tintindex":0},"east":{"uv":[3.125,12.5,3.0625,13.0],"rotation":0,"texture":"#0","tintindex":0},"north":{"uv":[1.625,10.5,1.375,11.0],"rotation":0,"texture":"#0","tintindex":0},"south":{"uv":[2.875,10.5,2.625,11.0],"rotation":0,"texture":"#0","tintindex":0},"up":{"uv":[11.5625,6.25,11.8125,6.1875],"rotation":0,"texture":"#0","tintindex":0},"west":{"uv":[3.0625,12.5,3.0,13.0],"rotation":0,"texture":"#0","tintindex":0}}},{"name":"cube","from":[9.2048,0.88617706,0.3538599],"to":[9.56576,5.939617,2.51962],"rotation":{"angle":22.5,"axis":"x","origin":[9.782336,-6.5495987,5.9126444]},"faces":{"down":{"uv":[12.75,9.6875,12.8125,9.9375],"rotation":0,"texture":"#0","tintindex":0},"east":{"uv":[10.75,5.125,10.5,5.625],"rotation":0,"texture":"#0","tintindex":0},"north":{"uv":[3.625,12.5,3.5625,13.0],"rotation":0,"texture":"#0","tintindex":0},"south":{"uv":[12.5625,7.8125,12.5,8.3125],"rotation":0,"texture":"#0","tintindex":0},"up":{"uv":[12.75,9.0625,12.8125,8.8125],"rotation":0,"texture":"#0","tintindex":0},"west":{"uv":[3.4375,10.5,3.1875,11.0],"rotation":0,"texture":"#0","tintindex":0}}},{"name":"cube","from":[6.2449284,0.88617706,0.3538599],"to":[6.6058884,5.939617,2.51962],"rotation":{"angle":22.5,"axis":"x","origin":[6.0283523,-6.5495987,5.9126444]},"faces":{"down":{"uv":[12.75,10.4375,12.8125,10.6875],"rotation":0,"texture":"#0","tintindex":0},"east":{"uv":[10.5,10.5,10.25,11.0],"rotation":0,"texture":"#0","tintindex":0},"north":{"uv":[8.1875,12.5,8.125,13.0],"rotation":0,"texture":"#0","tintindex":0},"south":{"uv":[8.25,12.5,8.1875,13.0],"rotation":0,"texture":"#0","tintindex":0},"up":{"uv":[12.75,10.1875,12.8125,9.9375],"rotation":0,"texture":"#0","tintindex":0},"west":{"uv":[10.75,6.0625,10.5,6.5625],"rotation":0,"texture":"#0","tintindex":0}}},{"name":"cube","from":[6.2449284,-2.362463,-0.0071001053],"to":[6.6058884,0.88617706,2.15866],"rotation":{"angle":22.5,"axis":"x","origin":[6.0283523,-6.5495987,5.9126444]},"faces":{"down":{"uv":[12.75,11.75,12.8125,12.0],"rotation":0,"texture":"#0","tintindex":0},"east":{"uv":[11.6875,10.0625,11.4375,10.375],"rotation":0,"texture":"#0","tintindex":0},"north":{"uv":[3.25,12.625,3.1875,12.9375],"rotation":0,"texture":"#0","tintindex":0},"south":{"uv":[3.5,12.625,3.4375,12.9375],"rotation":0,"texture":"#0","tintindex":0},"up":{"uv":[12.75,11.75,12.8125,11.5],"rotation":0,"texture":"#0","tintindex":0},"west":{"uv":[11.6875,9.5,11.4375,9.8125],"rotation":0,"texture":"#0","tintindex":0}}},{"name":"cube","from":[6.6058884,-2.362463,-0.36805987],"to":[9.2048,0.88617706,-0.0071001053],"rotation":{"angle":22.5,"axis":"x","origin":[10.071104,-6.5495987,5.9126444]},"faces":{"down":{"uv":[11.875,6.5625,12.125,6.625],"rotation":0,"texture":"#0","tintindex":0},"east":{"uv":[4.0,12.625,3.9375,12.9375],"rotation":0,"texture":"#0","tintindex":0},"north":{"uv":[11.625,11.4375,11.375,11.75],"rotation":0,"texture":"#0","tintindex":0},"south":{"uv":[0.75,11.5,0.5,11.8125],"rotation":0,"texture":"#0","tintindex":0},"up":{"uv":[11.75,7.0,12.0,6.9375],"rotation":0,"texture":"#0","tintindex":0},"west":{"uv":[3.5625,12.625,3.5,12.9375],"rotation":0,"texture":"#0","tintindex":0}}},{"name":"cube","from":[9.2048,-2.362463,-0.0071001053],"to":[9.56576,0.88617706,2.15866],"rotation":{"angle":22.5,"axis":"x","origin":[9.782336,-6.5495987,5.9126444]},"faces":{"down":{"uv":[12.4375,12.75,12.5,13.0],"rotation":0,"texture":"#0","tintindex":0},"east":{"uv":[1.625,11.5,1.375,11.8125],"rotation":0,"texture":"#0","tintindex":0},"north":{"uv":[4.0625,12.625,4.0,12.9375],"rotation":0,"texture":"#0","tintindex":0},"south":{"uv":[12.6875,4.9375,12.625,5.25],"rotation":0,"texture":"#0","tintindex":0},"up":{"uv":[12.75,12.25,12.8125,12.0],"rotation":0,"texture":"#0","tintindex":0},"west":{"uv":[11.75,0.8125,11.5,1.125],"rotation":0,"texture":"#0","tintindex":0}}},{"name":"cube","from":[6.2449274,-6.9105597,-1.9562836],"to":[9.56576,-3.661919,-1.5953245],"rotation":{"angle":45.0,"axis":"x","origin":[10.071104,-6.5495987,5.9126444]},"faces":{"down":{"uv":[12.5625,9.375,12.9375,9.4375],"rotation":0,"texture":"#0","tintindex":0},"east":{"uv":[6.25,12.625,6.1875,12.9375],"rotation":0,"texture":"#0","tintindex":0},"north":{"uv":[11.0625,5.625,10.6875,5.9375],"rotation":0,"texture":"#0","tintindex":0},"south":{"uv":[10.125,10.6875,9.75,11.0],"rotation":0,"texture":"#0","tintindex":0},"up":{"uv":[12.5625,9.1875,12.9375,9.125],"rotation":0,"texture":"#0","tintindex":0},"west":{"uv":[5.75,12.625,5.6875,12.9375],"rotation":0,"texture":"#0","tintindex":0}}},{"name":"cube","from":[9.56576,-6.9105597,-1.5953245],"to":[9.92672,-3.661919,0.57043576],"rotation":{"angle":45.0,"axis":"x","origin":[9.782336,-6.5495987,5.9126444]},"faces":{"down":{"uv":[12.6875,12.75,12.75,13.0],"rotation":0,"texture":"#0","tintindex":0},"east":{"uv":[11.75,6.6875,11.5,7.0],"rotation":0,"texture":"#0","tintindex":0},"north":{"uv":[6.3125,12.625,6.25,12.9375],"rotation":0,"texture":"#0","tintindex":0},"south":{"uv":[6.5,12.625,6.4375,12.9375],"rotation":0,"texture":"#0","tintindex":0},"up":{"uv":[12.5625,13.0,12.625,12.75],"rotation":0,"texture":"#0","tintindex":0},"west":{"uv":[2.8125,11.5,2.5625,11.8125],"rotation":0,"texture":"#0","tintindex":0}}},{"name":"cube","from":[5.883968,-6.9105597,-1.5953245],"to":[6.2449284,-3.661919,0.57043576],"rotation":{"angle":45.0,"axis":"x","origin":[6.0283523,-6.5495987,5.9126444]},"faces":{"down":{"uv":[0.1875,12.8125,0.25,13.0625],"rotation":0,"texture":"#0","tintindex":0},"east":{"uv":[10.5,11.5,10.25,11.8125],"rotation":0,"texture":"#0","tintindex":0},"north":{"uv":[6.5625,12.625,6.5,12.9375],"rotation":0,"texture":"#0","tintindex":0},"south":{"uv":[6.625,12.625,6.5625,12.9375],"rotation":0,"texture":"#0","tintindex":0},"up":{"uv":[12.75,13.0,12.8125,12.75],"rotation":0,"texture":"#0","tintindex":0},"west":{"uv":[8.375,11.5,8.125,11.8125],"rotation":0,"texture":"#0","tintindex":0}}},{"name":"cube","from":[6.0824957,1.5026704,2.2061822],"to":[6.6058884,5.4732304,4.3719425],"rotation":{"angle":22.5,"axis":"x","origin":[5.739584,-4.8502254,5.5992064]},"faces":{"down":{"uv":[12.8125,3.125,12.875,3.375],"rotation":0,"texture":"#0","tintindex":0},"east":{"uv":[11.0,5.9375,10.75,6.375],"rotation":0,"texture":"#0","tintindex":0},"north":{"uv":[4.3125,12.5625,4.25,13.0],"rotation":0,"texture":"#0","tintindex":0},"south":{"uv":[4.875,12.5625,4.8125,13.0],"rotation":0,"texture":"#0","tintindex":0},"up":{"uv":[12.8125,2.5,12.875,2.25],"rotation":0,"texture":"#0","tintindex":0},"west":{"uv":[11.0,5.125,10.75,5.5625],"rotation":0,"texture":"#0","tintindex":0}}},{"name":"cube","from":[6.4434557,5.4732304,2.2061822],"to":[6.6058884,9.44379,5.4548225],"rotation":{"angle":22.5,"axis":"x","origin":[5.739584,-4.8502254,5.5992064]},"faces":{"down":{"uv":[6.875,12.625,6.9375,12.9375],"rotation":0,"texture":"#0","tintindex":0},"east":{"uv":[10.5625,10.0625,10.25,10.5],"rotation":0,"texture":"#0","tintindex":0},"north":{"uv":[4.9375,12.5625,4.875,13.0],"rotation":0,"texture":"#0","tintindex":0},"south":{"uv":[5.0,12.5625,4.9375,13.0],"rotation":0,"texture":"#0","tintindex":0},"up":{"uv":[6.8125,12.9375,6.875,12.625],"rotation":0,"texture":"#0","tintindex":0},"west":{"uv":[10.125,10.25,9.8125,10.6875],"rotation":0,"texture":"#0","tintindex":0}}},{"name":"cube","from":[9.2048,5.4732304,2.2061822],"to":[9.367231,9.44379,5.4548225],"rotation":{"angle":22.5,"axis":"x","origin":[5.739584,-4.8502254,5.5992064]},"faces":{"down":{"uv":[7.0625,12.625,7.125,12.9375],"rotation":0,"texture":"#0","tintindex":0},"east":{"uv":[9.125,10.375,8.8125,10.8125],"rotation":0,"texture":"#0","tintindex":0},"north":{"uv":[12.625,4.9375,12.5625,5.375],"rotation":0,"texture":"#0","tintindex":0},"south":{"uv":[5.0625,12.5625,5.0,13.0],"rotation":0,"texture":"#0","tintindex":0},"up":{"uv":[7.0,12.9375,7.0625,12.625],"rotation":0,"texture":"#0","tintindex":0},"west":{"uv":[10.6875,5.625,10.375,6.0625],"rotation":0,"texture":"#0","tintindex":0}}}],"display":{"head":{"translation":[0.0,-6.4,0.0],"rotation":[0.0,0.0,0.0],"scale":[3.8095,3.8095,3.8095]}}}