{"textures":{"0":"modelengine:entity/mecha"},"elements":[{"name":"cube","from":[6.2718077,1.5026704,2.2061822],"to":[6.7951994,5.4732304,4.3719425],"rotation":{"angle":22.5,"axis":"x","origin":[5.928896,-4.8502254,5.5992064]},"faces":{"down":{"uv":[12.8125,6.3125,12.75,6.5625],"rotation":0,"texture":"#0","tintindex":0},"east":{"uv":[10.75,1.25,11.0,1.6875],"rotation":0,"texture":"#0","tintindex":0},"north":{"uv":[4.125,12.5625,4.1875,13.0],"rotation":0,"texture":"#0","tintindex":0},"south":{"uv":[4.1875,12.5625,4.25,13.0],"rotation":0,"texture":"#0","tintindex":0},"up":{"uv":[12.8125,6.3125,12.75,6.0625],"rotation":0,"texture":"#0","tintindex":0},"west":{"uv":[10.75,2.75,11.0,3.1875],"rotation":0,"texture":"#0","tintindex":0}}},{"name":"cube","from":[6.7951994,-2.4678907,2.2061822],"to":[9.394112,7.6389904,4.7329025],"rotation":{"angle":22.5,"axis":"x","origin":[5.928896,-4.8502254,5.5992064]},"faces":{"down":{"uv":[12.0,6.6875,11.75,6.9375],"rotation":0,"texture":"#0","tintindex":0},"east":{"uv":[0.5625,8.0625,0.8125,9.125],"rotation":0,"texture":"#0","tintindex":0},"north":{"uv":[0.3125,8.0625,0.5625,9.125],"rotation":0,"texture":"#0","tintindex":0},"south":{"uv":[4.125,8.0625,4.375,9.125],"rotation":0,"texture":"#0","tintindex":0},"up":{"uv":[6.4375,12.0,6.1875,11.75],"rotation":0,"texture":"#0","tintindex":0},"west":{"uv":[8.0625,5.1875,8.3125,6.25],"rotation":0,"texture":"#0","tintindex":0}}},{"name":"cube","from":[6.7352,-1.0240502,2.2061822],"to":[9.454112,6.5561104,2.5671427],"rotation":{"angle":45.0,"axis":"x","origin":[5.928896,-4.8502254,5.5992064]},"faces":{"down":{"uv":[11.8125,3.6875,11.5625,3.75],"rotation":0,"texture":"#0","tintindex":0},"east":{"uv":[4.4375,12.125,4.5,12.9375],"rotation":0,"texture":"#0","tintindex":0},"north":{"uv":[2.125,8.8125,2.375,9.625],"rotation":0,"texture":"#0","tintindex":0},"south":{"uv":[2.375,8.8125,2.625,9.625],"rotation":0,"texture":"#0","tintindex":0},"up":{"uv":[11.3125,7.25,11.0625,7.1875],"rotation":0,"texture":"#0","tintindex":0},"west":{"uv":[4.5,12.125,4.5625,12.9375],"rotation":0,"texture":"#0","tintindex":0}}},{"name":"cube","from":[7.09616,5.3592644,11.159752],"to":[9.093151,7.885985,11.520711],"rotation":{"angle":0.0,"axis":"x","origin":[5.928896,-5.3251524,5.1678147]},"faces":{"down":{"uv":[10.8125,4.1875,10.625,4.25],"rotation":0,"texture":"#0","tintindex":0},"east":{"uv":[12.75,6.9375,12.8125,7.1875],"rotation":0,"texture":"#0","tintindex":0},"north":{"uv":[12.1875,11.5,12.375,11.75],"rotation":0,"texture":"#0","tintindex":0},"south":{"uv":[11.625,12.1875,11.8125,12.4375],"rotation":0,"texture":"#0","tintindex":0},"up":{"uv":[10.8125,0.6875,10.625,0.625],"rotation":0,"texture":"#0","tintindex":0},"west":{"uv":[12.75,7.1875,12.8125,7.4375],"rotation":0,"texture":"#0","tintindex":0}}},{"name":"cube","from":[7.1561604,7.2632613,22.362156],"to":[9.033152,9.789981,22.723114],"rotation":{"angle":-45.0,"axis":"x","origin":[5.928896,-5.947875,16.37022]},"faces":{"down":{"uv":[12.0,7.375,11.8125,7.4375],"rotation":0,"texture":"#0","tintindex":0},"east":{"uv":[12.75,7.4375,12.8125,7.6875],"rotation":0,"texture":"#0","tintindex":0},"north":{"uv":[12.1875,11.75,12.375,12.0],"rotation":0,"texture":"#0","tintindex":0},"south":{"uv":[12.1875,12.0,12.375,12.25],"rotation":0,"texture":"#0","tintindex":0},"up":{"uv":[11.375,4.4375,11.1875,4.375],"rotation":0,"texture":"#0","tintindex":0},"west":{"uv":[7.5,12.75,7.5625,13.0],"rotation":0,"texture":"#0","tintindex":0}}},{"name":"cube","from":[9.033152,7.985181,22.001194],"to":[9.394112,9.789981,22.362156],"rotation":{"angle":-45.0,"axis":"x","origin":[5.928896,-5.947875,16.37022]},"faces":{"down":{"uv":[12.9375,11.25,12.875,11.3125],"rotation":0,"texture":"#0","tintindex":0},"east":{"uv":[12.8125,7.625,12.875,7.8125],"rotation":0,"texture":"#0","tintindex":0},"north":{"uv":[12.8125,7.4375,12.875,7.625],"rotation":0,"texture":"#0","tintindex":0},"south":{"uv":[12.8125,7.8125,12.875,8.0],"rotation":0,"texture":"#0","tintindex":0},"up":{"uv":[11.3125,12.9375,11.25,12.875],"rotation":0,"texture":"#0","tintindex":0},"west":{"uv":[12.8125,8.0,12.875,8.1875],"rotation":0,"texture":"#0","tintindex":0}}},{"name":"cube","from":[6.7951994,7.985181,22.001194],"to":[7.1561604,9.789981,22.362156],"rotation":{"angle":-45.0,"axis":"x","origin":[5.928896,-5.947875,16.37022]},"faces":{"down":{"uv":[12.9375,11.3125,12.875,11.375],"rotation":0,"texture":"#0","tintindex":0},"east":{"uv":[12.8125,8.375,12.875,8.5625],"rotation":0,"texture":"#0","tintindex":0},"north":{"uv":[12.8125,8.1875,12.875,8.375],"rotation":0,"texture":"#0","tintindex":0},"south":{"uv":[12.8125,8.5625,12.875,8.75],"rotation":0,"texture":"#0","tintindex":0},"up":{"uv":[11.375,12.9375,11.3125,12.875],"rotation":0,"texture":"#0","tintindex":0},"west":{"uv":[12.8125,8.75,12.875,8.9375],"rotation":0,"texture":"#0","tintindex":0}}},{"name":"cube","from":[6.7951994,5.614502,9.099714],"to":[7.1561604,8.141222,11.265474],"rotation":{"angle":0.0,"axis":"x","origin":[5.928896,-5.069915,5.2735376]},"faces":{"down":{"uv":[7.8125,12.75,7.75,13.0],"rotation":0,"texture":"#0","tintindex":0},"east":{"uv":[7.0,11.75,7.25,12.0],"rotation":0,"texture":"#0","tintindex":0},"north":{"uv":[7.5625,12.75,7.625,13.0],"rotation":0,"texture":"#0","tintindex":0},"south":{"uv":[7.6875,12.75,7.75,13.0],"rotation":0,"texture":"#0","tintindex":0},"up":{"uv":[12.8125,7.9375,12.75,7.6875],"rotation":0,"texture":"#0","tintindex":0},"west":{"uv":[11.75,8.1875,12.0,8.4375],"rotation":0,"texture":"#0","tintindex":0}}},{"name":"cube","from":[9.033152,5.614502,9.099714],"to":[9.394112,8.141222,11.265474],"rotation":{"angle":0.0,"axis":"x","origin":[5.928896,-5.069915,5.2735376]},"faces":{"down":{"uv":[8.125,12.75,8.0625,13.0],"rotation":0,"texture":"#0","tintindex":0},"east":{"uv":[11.75,8.4375,12.0,8.6875],"rotation":0,"texture":"#0","tintindex":0},"north":{"uv":[7.8125,12.75,7.875,13.0],"rotation":0,"texture":"#0","tintindex":0},"south":{"uv":[7.875,12.75,7.9375,13.0],"rotation":0,"texture":"#0","tintindex":0},"up":{"uv":[8.0,13.0,7.9375,12.75],"rotation":0,"texture":"#0","tintindex":0},"west":{"uv":[11.375,11.75,11.625,12.0],"rotation":0,"texture":"#0","tintindex":0}}},{"name":"cube","from":[6.4048157,-1.0240502,0.40138245],"to":[6.7657757,6.5561104,2.2061822],"rotation":{"angle":45.0,"axis":"x","origin":[5.928896,-4.8502254,5.5992064]},"faces":{"down":{"uv":[12.875,9.4375,12.8125,9.625],"rotation":0,"texture":"#0","tintindex":0},"east":{"uv":[4.0,9.8125,4.1875,10.625],"rotation":0,"texture":"#0","tintindex":0},"north":{"uv":[4.5625,12.125,4.625,12.9375],"rotation":0,"texture":"#0","tintindex":0},"south":{"uv":[4.625,12.125,4.6875,12.9375],"rotation":0,"texture":"#0","tintindex":0},"up":{"uv":[12.875,9.125,12.8125,8.9375],"rotation":0,"texture":"#0","tintindex":0},"west":{"uv":[6.8125,9.8125,7.0,10.625],"rotation":0,"texture":"#0","tintindex":0}}},{"name":"cube","from":[9.434816,-1.0240502,0.40138245],"to":[9.795776,6.5561104,2.2061822],"rotation":{"angle":45.0,"axis":"x","origin":[5.946944,-4.8502254,5.5992064]},"faces":{"down":{"uv":[12.875,9.8125,12.8125,10.0],"rotation":0,"texture":"#0","tintindex":0},"east":{"uv":[2.4375,9.875,2.625,10.6875],"rotation":0,"texture":"#0","tintindex":0},"north":{"uv":[5.4375,12.125,5.5,12.9375],"rotation":0,"texture":"#0","tintindex":0},"south":{"uv":[5.5,12.125,5.5625,12.9375],"rotation":0,"texture":"#0","tintindex":0},"up":{"uv":[12.875,9.8125,12.8125,9.625],"rotation":0,"texture":"#0","tintindex":0},"west":{"uv":[4.1875,10.0,4.375,10.8125],"rotation":0,"texture":"#0","tintindex":0}}},{"name":"cube","from":[6.7951994,0.88617706,-0.0071001053],"to":[9.394112,5.939617,0.3538599],"rotation":{"angle":22.5,"axis":"x","origin":[5.928896,-6.5495987,5.9126444]},"faces":{"down":{"uv":[11.875,10.6875,11.625,10.75],"rotation":0,"texture":"#0","tintindex":0},"east":{"uv":[3.0,12.5,3.0625,13.0],"rotation":0,"texture":"#0","tintindex":0},"north":{"uv":[1.375,10.5,1.625,11.0],"rotation":0,"texture":"#0","tintindex":0},"south":{"uv":[2.625,10.5,2.875,11.0],"rotation":0,"texture":"#0","tintindex":0},"up":{"uv":[11.8125,6.25,11.5625,6.1875],"rotation":0,"texture":"#0","tintindex":0},"west":{"uv":[3.0625,12.5,3.125,13.0],"rotation":0,"texture":"#0","tintindex":0}}},{"name":"cube","from":[6.43424,0.88617706,0.3538599],"to":[6.7951994,5.939617,2.51962],"rotation":{"angle":22.5,"axis":"x","origin":[6.217664,-6.5495987,5.9126444]},"faces":{"down":{"uv":[12.8125,9.6875,12.75,9.9375],"rotation":0,"texture":"#0","tintindex":0},"east":{"uv":[3.1875,10.5,3.4375,11.0],"rotation":0,"texture":"#0","tintindex":0},"north":{"uv":[3.5625,12.5,3.625,13.0],"rotation":0,"texture":"#0","tintindex":0},"south":{"uv":[12.5,7.8125,12.5625,8.3125],"rotation":0,"texture":"#0","tintindex":0},"up":{"uv":[12.8125,9.0625,12.75,8.8125],"rotation":0,"texture":"#0","tintindex":0},"west":{"uv":[10.5,5.125,10.75,5.625],"rotation":0,"texture":"#0","tintindex":0}}},{"name":"cube","from":[9.394112,0.88617706,0.3538599],"to":[9.755072,5.939617,2.51962],"rotation":{"angle":22.5,"axis":"x","origin":[9.971647,-6.5495987,5.9126444]},"faces":{"down":{"uv":[12.8125,10.4375,12.75,10.6875],"rotation":0,"texture":"#0","tintindex":0},"east":{"uv":[10.5,6.0625,10.75,6.5625],"rotation":0,"texture":"#0","tintindex":0},"north":{"uv":[8.125,12.5,8.1875,13.0],"rotation":0,"texture":"#0","tintindex":0},"south":{"uv":[8.1875,12.5,8.25,13.0],"rotation":0,"texture":"#0","tintindex":0},"up":{"uv":[12.8125,10.1875,12.75,9.9375],"rotation":0,"texture":"#0","tintindex":0},"west":{"uv":[10.25,10.5,10.5,11.0],"rotation":0,"texture":"#0","tintindex":0}}},{"name":"cube","from":[9.394112,-2.362463,-0.0071001053],"to":[9.755072,0.88617706,2.15866],"rotation":{"angle":22.5,"axis":"x","origin":[9.971647,-6.5495987,5.9126444]},"faces":{"down":{"uv":[12.8125,11.75,12.75,12.0],"rotation":0,"texture":"#0","tintindex":0},"east":{"uv":[11.4375,9.5,11.6875,9.8125],"rotation":0,"texture":"#0","tintindex":0},"north":{"uv":[3.1875,12.625,3.25,12.9375],"rotation":0,"texture":"#0","tintindex":0},"south":{"uv":[3.4375,12.625,3.5,12.9375],"rotation":0,"texture":"#0","tintindex":0},"up":{"uv":[12.8125,11.75,12.75,11.5],"rotation":0,"texture":"#0","tintindex":0},"west":{"uv":[11.4375,10.0625,11.6875,10.375],"rotation":0,"texture":"#0","tintindex":0}}},{"name":"cube","from":[6.7951994,-2.362463,-0.36805987],"to":[9.394112,0.88617706,-0.0071001053],"rotation":{"angle":22.5,"axis":"x","origin":[5.928896,-6.5495987,5.9126444]},"faces":{"down":{"uv":[12.125,6.5625,11.875,6.625],"rotation":0,"texture":"#0","tintindex":0},"east":{"uv":[3.5,12.625,3.5625,12.9375],"rotation":0,"texture":"#0","tintindex":0},"north":{"uv":[11.375,11.4375,11.625,11.75],"rotation":0,"texture":"#0","tintindex":0},"south":{"uv":[0.5,11.5,0.75,11.8125],"rotation":0,"texture":"#0","tintindex":0},"up":{"uv":[12.0,7.0,11.75,6.9375],"rotation":0,"texture":"#0","tintindex":0},"west":{"uv":[3.9375,12.625,4.0,12.9375],"rotation":0,"texture":"#0","tintindex":0}}},{"name":"cube","from":[6.43424,-2.362463,-0.0071001053],"to":[6.7951994,0.88617706,2.15866],"rotation":{"angle":22.5,"axis":"x","origin":[6.217664,-6.5495987,5.9126444]},"faces":{"down":{"uv":[12.5,12.75,12.4375,13.0],"rotation":0,"texture":"#0","tintindex":0},"east":{"uv":[11.5,0.8125,11.75,1.125],"rotation":0,"texture":"#0","tintindex":0},"north":{"uv":[4.0,12.625,4.0625,12.9375],"rotation":0,"texture":"#0","tintindex":0},"south":{"uv":[12.625,4.9375,12.6875,5.25],"rotation":0,"texture":"#0","tintindex":0},"up":{"uv":[12.8125,12.25,12.75,12.0],"rotation":0,"texture":"#0","tintindex":0},"west":{"uv":[1.375,11.5,1.625,11.8125],"rotation":0,"texture":"#0","tintindex":0}}},{"name":"cube","from":[6.43424,-6.9105597,-1.9562836],"to":[9.755072,-3.661919,-1.5953245],"rotation":{"angle":45.0,"axis":"x","origin":[5.928896,-6.5495987,5.9126444]},"faces":{"down":{"uv":[12.9375,9.375,12.5625,9.4375],"rotation":0,"texture":"#0","tintindex":0},"east":{"uv":[5.6875,12.625,5.75,12.9375],"rotation":0,"texture":"#0","tintindex":0},"north":{"uv":[10.6875,5.625,11.0625,5.9375],"rotation":0,"texture":"#0","tintindex":0},"south":{"uv":[9.75,10.6875,10.125,11.0],"rotation":0,"texture":"#0","tintindex":0},"up":{"uv":[12.9375,9.1875,12.5625,9.125],"rotation":0,"texture":"#0","tintindex":0},"west":{"uv":[6.1875,12.625,6.25,12.9375],"rotation":0,"texture":"#0","tintindex":0}}},{"name":"cube","from":[6.0732803,-6.9105597,-1.5953245],"to":[6.43424,-3.661919,0.57043576],"rotation":{"angle":45.0,"axis":"x","origin":[6.217664,-6.5495987,5.9126444]},"faces":{"down":{"uv":[12.75,12.75,12.6875,13.0],"rotation":0,"texture":"#0","tintindex":0},"east":{"uv":[2.5625,11.5,2.8125,11.8125],"rotation":0,"texture":"#0","tintindex":0},"north":{"uv":[6.25,12.625,6.3125,12.9375],"rotation":0,"texture":"#0","tintindex":0},"south":{"uv":[6.4375,12.625,6.5,12.9375],"rotation":0,"texture":"#0","tintindex":0},"up":{"uv":[12.625,13.0,12.5625,12.75],"rotation":0,"texture":"#0","tintindex":0},"west":{"uv":[11.5,6.6875,11.75,7.0],"rotation":0,"texture":"#0","tintindex":0}}},{"name":"cube","from":[9.755072,-6.9105597,-1.5953245],"to":[10.116032,-3.661919,0.57043576],"rotation":{"angle":45.0,"axis":"x","origin":[9.971647,-6.5495987,5.9126444]},"faces":{"down":{"uv":[0.25,12.8125,0.1875,13.0625],"rotation":0,"texture":"#0","tintindex":0},"east":{"uv":[8.125,11.5,8.375,11.8125],"rotation":0,"texture":"#0","tintindex":0},"north":{"uv":[6.5,12.625,6.5625,12.9375],"rotation":0,"texture":"#0","tintindex":0},"south":{"uv":[6.5625,12.625,6.625,12.9375],"rotation":0,"texture":"#0","tintindex":0},"up":{"uv":[12.8125,13.0,12.75,12.75],"rotation":0,"texture":"#0","tintindex":0},"west":{"uv":[10.25,11.5,10.5,11.8125],"rotation":0,"texture":"#0","tintindex":0}}},{"name":"cube","from":[9.394112,1.5026704,2.2061822],"to":[9.917503,5.4732304,4.3719425],"rotation":{"angle":22.5,"axis":"x","origin":[10.260416,-4.8502254,5.5992064]},"faces":{"down":{"uv":[12.875,3.125,12.8125,3.375],"rotation":0,"texture":"#0","tintindex":0},"east":{"uv":[10.75,5.125,11.0,5.5625],"rotation":0,"texture":"#0","tintindex":0},"north":{"uv":[4.25,12.5625,4.3125,13.0],"rotation":0,"texture":"#0","tintindex":0},"south":{"uv":[4.8125,12.5625,4.875,13.0],"rotation":0,"texture":"#0","tintindex":0},"up":{"uv":[12.875,2.5,12.8125,2.25],"rotation":0,"texture":"#0","tintindex":0},"west":{"uv":[10.75,5.9375,11.0,6.375],"rotation":0,"texture":"#0","tintindex":0}}},{"name":"cube","from":[9.394112,5.4732304,2.2061822],"to":[9.556544,9.44379,5.4548225],"rotation":{"angle":22.5,"axis":"x","origin":[10.260416,-4.8502254,5.5992064]},"faces":{"down":{"uv":[6.9375,12.625,6.875,12.9375],"rotation":0,"texture":"#0","tintindex":0},"east":{"uv":[9.8125,10.25,10.125,10.6875],"rotation":0,"texture":"#0","tintindex":0},"north":{"uv":[4.875,12.5625,4.9375,13.0],"rotation":0,"texture":"#0","tintindex":0},"south":{"uv":[4.9375,12.5625,5.0,13.0],"rotation":0,"texture":"#0","tintindex":0},"up":{"uv":[6.875,12.9375,6.8125,12.625],"rotation":0,"texture":"#0","tintindex":0},"west":{"uv":[10.25,10.0625,10.5625,10.5],"rotation":0,"texture":"#0","tintindex":0}}},{"name":"cube","from":[6.6327677,5.4732304,2.2061822],"to":[6.7951994,9.44379,5.4548225],"rotation":{"angle":22.5,"axis":"x","origin":[10.260416,-4.8502254,5.5992064]},"faces":{"down":{"uv":[7.125,12.625,7.0625,12.9375],"rotation":0,"texture":"#0","tintindex":0},"east":{"uv":[10.375,5.625,10.6875,6.0625],"rotation":0,"texture":"#0","tintindex":0},"north":{"uv":[12.5625,4.9375,12.625,5.375],"rotation":0,"texture":"#0","tintindex":0},"south":{"uv":[5.0,12.5625,5.0625,13.0],"rotation":0,"texture":"#0","tintindex":0},"up":{"uv":[7.0625,12.9375,7.0,12.625],"rotation":0,"texture":"#0","tintindex":0},"west":{"uv":[8.8125,10.375,9.125,10.8125],"rotation":0,"texture":"#0","tintindex":0}}}],"display":{"head":{"translation":[0.0,-6.4,0.0],"rotation":[0.0,0.0,0.0],"scale":[3.8095,3.8095,3.8095]}}}