{"textures":{"0":"modelengine:entity/mecha"},"elements":[{"name":"cube","from":[7.3184967,11.428483,6.6699524],"to":[9.032783,13.571341,7.527096],"rotation":{"angle":22.5,"axis":"y","origin":[10.318497,-16.00009,3.5413816]},"faces":{"down":{"uv":[12.75,4.125,12.5,4.25],"rotation":0,"texture":"#0","tintindex":0},"east":{"uv":[7.0,12.3125,7.125,12.625],"rotation":0,"texture":"#0","tintindex":0},"north":{"uv":[5.0625,11.375,5.3125,11.6875],"rotation":0,"texture":"#0","tintindex":0},"south":{"uv":[11.375,5.375,11.625,5.6875],"rotation":0,"texture":"#0","tintindex":0},"up":{"uv":[12.75,3.5,12.5,3.375],"rotation":0,"texture":"#0","tintindex":0},"west":{"uv":[12.3125,7.0625,12.4375,7.375],"rotation":0,"texture":"#0","tintindex":0}}},{"name":"cube","from":[7.075518,11.428483,10.471871],"to":[7.932661,13.571341,11.329014],"rotation":{"angle":45.0,"axis":"y","origin":[4.50409,-16.00009,5.2004433]},"faces":{"down":{"uv":[12.875,2.125,12.75,2.25],"rotation":0,"texture":"#0","tintindex":0},"east":{"uv":[6.1875,12.3125,6.3125,12.625],"rotation":0,"texture":"#0","tintindex":0},"north":{"uv":[12.3125,5.6875,12.4375,6.0],"rotation":0,"texture":"#0","tintindex":0},"south":{"uv":[12.3125,6.5625,12.4375,6.875],"rotation":0,"texture":"#0","tintindex":0},"up":{"uv":[12.875,2.0625,12.75,1.9375],"rotation":0,"texture":"#0","tintindex":0},"west":{"uv":[6.8125,12.3125,6.9375,12.625],"rotation":0,"texture":"#0","tintindex":0}}},{"name":"cube","from":[6.929268,11.857054,7.514609],"to":[9.072125,13.999911,8.371752],"rotation":{"angle":0.0,"axis":"x","origin":[7.786411,-16.00009,2.24318]},"faces":{"down":{"uv":[9.5,1.4375,9.1875,1.5625],"rotation":0,"texture":"#0","tintindex":0},"east":{"uv":[1.875,12.3125,2.0,12.625],"rotation":0,"texture":"#0","tintindex":0},"north":{"uv":[11.125,2.125,11.4375,2.4375],"rotation":0,"texture":"#0","tintindex":0},"south":{"uv":[3.3125,11.125,3.625,11.4375],"rotation":0,"texture":"#0","tintindex":0},"up":{"uv":[0.3125,9.125,0.0,9.0],"rotation":0,"texture":"#0","tintindex":0},"west":{"uv":[12.3125,2.125,12.4375,2.4375],"rotation":0,"texture":"#0","tintindex":0}}},{"name":"cube","from":[7.495039,11.428483,8.309133],"to":[9.209325,13.571341,9.166275],"rotation":{"angle":-22.5,"axis":"y","origin":[10.066467,-16.00009,3.0377042]},"faces":{"down":{"uv":[12.75,1.9375,12.5,2.0625],"rotation":0,"texture":"#0","tintindex":0},"east":{"uv":[12.3125,2.4375,12.4375,2.75],"rotation":0,"texture":"#0","tintindex":0},"north":{"uv":[2.9375,11.375,3.1875,11.6875],"rotation":0,"texture":"#0","tintindex":0},"south":{"uv":[11.375,4.375,11.625,4.6875],"rotation":0,"texture":"#0","tintindex":0},"up":{"uv":[12.75,0.125,12.5,0.0],"rotation":0,"texture":"#0","tintindex":0},"west":{"uv":[12.3125,2.75,12.4375,3.0625],"rotation":0,"texture":"#0","tintindex":0}}},{"name":"cube","from":[8.068732,11.428483,10.471871],"to":[8.925875,13.571341,11.329014],"rotation":{"angle":-45.0,"axis":"y","origin":[11.497303,-16.00009,5.2004433]},"faces":{"down":{"uv":[12.875,1.625,12.75,1.75],"rotation":0,"texture":"#0","tintindex":0},"east":{"uv":[12.3125,3.875,12.4375,4.1875],"rotation":0,"texture":"#0","tintindex":0},"north":{"uv":[3.125,12.3125,3.25,12.625],"rotation":0,"texture":"#0","tintindex":0},"south":{"uv":[3.9375,12.3125,4.0625,12.625],"rotation":0,"texture":"#0","tintindex":0},"up":{"uv":[12.875,1.625,12.75,1.5],"rotation":0,"texture":"#0","tintindex":0},"west":{"uv":[12.3125,5.0625,12.4375,5.375],"rotation":0,"texture":"#0","tintindex":0}}},{"name":"cube","from":[6.5006967,8.857054,7.514609],"to":[9.500696,11.857054,8.371752],"rotation":{"angle":0.0,"axis":"x","origin":[7.786411,-16.00009,2.24318]},"faces":{"down":{"uv":[12.5,1.6875,12.0625,1.8125],"rotation":0,"texture":"#0","tintindex":0},"east":{"uv":[12.0625,11.75,12.1875,12.1875],"rotation":0,"texture":"#0","tintindex":0},"north":{"uv":[9.0625,2.0,9.5,2.4375],"rotation":0,"texture":"#0","tintindex":0},"south":{"uv":[9.0625,5.5625,9.5,6.0],"rotation":0,"texture":"#0","tintindex":0},"up":{"uv":[12.4375,7.0,12.0,6.875],"rotation":0,"texture":"#0","tintindex":0},"west":{"uv":[11.8125,12.0625,11.9375,12.5],"rotation":0,"texture":"#0","tintindex":0}}},{"name":"cube","from":[6.0721254,6.714197,-2.4711056],"to":[9.929268,9.285625,-1.6139627],"rotation":{"angle":22.5,"axis":"x","origin":[7.786411,-16.00009,2.24318]},"faces":{"down":{"uv":[11.0625,11.5,10.5,11.625],"rotation":0,"texture":"#0","tintindex":0},"east":{"uv":[9.5625,12.1875,9.6875,12.5625],"rotation":0,"texture":"#0","tintindex":0},"north":{"uv":[8.75,0.6875,9.3125,1.0625],"rotation":0,"texture":"#0","tintindex":0},"south":{"uv":[8.75,7.1875,9.3125,7.5625],"rotation":0,"texture":"#0","tintindex":0},"up":{"uv":[12.0625,8.1875,11.5,8.0625],"rotation":0,"texture":"#0","tintindex":0},"west":{"uv":[12.1875,10.4375,12.3125,10.8125],"rotation":0,"texture":"#0","tintindex":0}}},{"name":"cube","from":[6.0721254,6.4612403,2.6577399],"to":[9.929268,6.8898115,7.3720255],"rotation":{"angle":0.0,"axis":"x","origin":[7.786411,-16.253046,7.3720255]},"faces":{"down":{"uv":[11.0625,11.5,10.5,11.625],"rotation":0,"texture":"#0","tintindex":0},"east":{"uv":[9.5625,12.1875,9.6875,12.5625],"rotation":0,"texture":"#0","tintindex":0},"north":{"uv":[8.75,0.6875,9.3125,1.0625],"rotation":0,"texture":"#0","tintindex":0},"south":{"uv":[8.75,7.1875,9.3125,7.5625],"rotation":0,"texture":"#0","tintindex":0},"up":{"uv":[12.0625,8.1875,11.5,8.0625],"rotation":0,"texture":"#0","tintindex":0},"west":{"uv":[12.1875,10.4375,12.3125,10.8125],"rotation":0,"texture":"#0","tintindex":0}}},{"name":"cube","from":[1.1111288,-3.7129612,25.645628],"to":[2.1424434,1.701438,31.060028],"rotation":{"angle":-45.0,"axis":"x","origin":[11.424273,-22.534447,3.7301989]},"faces":{"down":{"uv":[9.125,10.8125,9.0,11.625],"rotation":0,"texture":"#0","tintindex":0},"east":{"uv":[0.0,2.75,0.8125,3.5625],"rotation":0,"texture":"#0","tintindex":0},"north":{"uv":[3.25,1.25,3.375,2.0625],"rotation":0,"texture":"#0","tintindex":0},"south":{"uv":[2.875,10.5,3.0,11.3125],"rotation":0,"texture":"#0","tintindex":0},"up":{"uv":[2.25,11.4375,2.125,10.625],"rotation":0,"texture":"#0","tintindex":0},"west":{"uv":[0.8125,2.75,1.625,3.5625],"rotation":0,"texture":"#0","tintindex":0}}},{"name":"cube","from":[0.5954721,4.795381,16.105972],"to":[1.1111288,8.920637,20.231228],"rotation":{"angle":-22.5,"axis":"x","origin":[11.424273,-22.534447,3.7301989]},"faces":{"down":{"uv":[12.1875,12.1875,12.125,12.8125],"rotation":0,"texture":"#0","tintindex":0},"east":{"uv":[6.125,3.25,6.75,3.875],"rotation":0,"texture":"#0","tintindex":0},"north":{"uv":[3.0,9.125,3.0625,9.75],"rotation":0,"texture":"#0","tintindex":0},"south":{"uv":[10.9375,12.1875,11.0,12.8125],"rotation":0,"texture":"#0","tintindex":0},"up":{"uv":[12.125,12.8125,12.0625,12.1875],"rotation":0,"texture":"#0","tintindex":0},"west":{"uv":[6.25,0.0,6.875,0.625],"rotation":0,"texture":"#0","tintindex":0}}},{"name":"cube","from":[2.1424434,7.1053824,1.9253988],"to":[3.560501,11.241097,9.531342],"rotation":{"angle":0.0,"axis":"x","origin":[11.424273,-22.544903,3.7301989]},"faces":{"down":{"uv":[4.5625,8.5,4.375,9.625],"rotation":0,"texture":"#0","tintindex":0},"east":{"uv":[1.5,1.5,2.625,2.125],"rotation":0,"texture":"#0","tintindex":0},"north":{"uv":[6.4375,10.4375,6.625,11.0625],"rotation":0,"texture":"#0","tintindex":0},"south":{"uv":[7.25,10.4375,7.4375,11.0625],"rotation":0,"texture":"#0","tintindex":0},"up":{"uv":[4.0625,9.3125,3.875,8.1875],"rotation":0,"texture":"#0","tintindex":0},"west":{"uv":[0.0,2.125,1.125,2.75],"rotation":0,"texture":"#0","tintindex":0}}},{"name":"cube","from":[2.1424434,11.241097,6.0506563],"to":[3.560501,15.34057,9.531342],"rotation":{"angle":0.0,"axis":"x","origin":[11.424273,-22.534447,3.7301989]},"faces":{"down":{"uv":[0.6875,11.0,0.5,11.5],"rotation":0,"texture":"#0","tintindex":0},"east":{"uv":[7.375,4.3125,7.875,4.9375],"rotation":0,"texture":"#0","tintindex":0},"north":{"uv":[0.25,10.5,0.4375,11.125],"rotation":0,"texture":"#0","tintindex":0},"south":{"uv":[3.4375,10.5,3.625,11.125],"rotation":0,"texture":"#0","tintindex":0},"up":{"uv":[6.9375,4.375,6.75,3.875],"rotation":0,"texture":"#0","tintindex":0},"west":{"uv":[7.375,4.9375,7.875,5.5625],"rotation":0,"texture":"#0","tintindex":0}}},{"name":"cube","from":[0.75751305,3.432517,5.736249],"to":[2.0466568,5.4951463,8.701278],"rotation":{"angle":22.5,"axis":"y","origin":[6.1719136,-22.092512,-2.2564363]},"faces":{"down":{"uv":[11.375,11.125,11.1875,11.5625],"rotation":0,"texture":"#0","tintindex":0},"east":{"uv":[5.3125,10.125,5.75,10.4375],"rotation":0,"texture":"#0","tintindex":0},"north":{"uv":[7.875,5.1875,8.0625,5.5],"rotation":0,"texture":"#0","tintindex":0},"south":{"uv":[8.8125,10.0625,9.0,10.375],"rotation":0,"texture":"#0","tintindex":0},"up":{"uv":[9.6875,11.625,9.5,11.1875],"rotation":0,"texture":"#0","tintindex":0},"west":{"uv":[6.1875,10.125,6.625,10.4375],"rotation":0,"texture":"#0","tintindex":0}}},{"name":"cube","from":[-4.062275,3.416574,9.357813],"to":[-2.7731323,5.4951463,10.260213],"rotation":{"angle":45.0,"axis":"y","origin":[1.3521252,-22.108454,-1.7288156]},"faces":{"down":{"uv":[8.25,6.25,8.0625,6.375],"rotation":0,"texture":"#0","tintindex":0},"east":{"uv":[5.5,1.75,5.625,2.0625],"rotation":0,"texture":"#0","tintindex":0},"north":{"uv":[1.875,11.6875,2.0625,12.0],"rotation":0,"texture":"#0","tintindex":0},"south":{"uv":[3.9375,11.6875,4.125,12.0],"rotation":0,"texture":"#0","tintindex":0},"up":{"uv":[6.875,2.125,6.6875,2.0],"rotation":0,"texture":"#0","tintindex":0},"west":{"uv":[2.625,8.8125,2.75,9.125],"rotation":0,"texture":"#0","tintindex":0}}},{"name":"cube","from":[4.2283287,3.416574,3.7191577],"to":[5.5174713,5.4951463,7.1998434],"rotation":{"angle":0.0,"axis":"x","origin":[9.642729,-22.108454,-0.9217572]},"faces":{"down":{"uv":[2.8125,11.0,2.625,11.5],"rotation":0,"texture":"#0","tintindex":0},"east":{"uv":[4.75,9.75,5.25,10.0625],"rotation":0,"texture":"#0","tintindex":0},"north":{"uv":[0.5,11.8125,0.6875,12.125],"rotation":0,"texture":"#0","tintindex":0},"south":{"uv":[1.375,11.8125,1.5625,12.125],"rotation":0,"texture":"#0","tintindex":0},"up":{"uv":[1.625,11.5,1.4375,11.0],"rotation":0,"texture":"#0","tintindex":0},"west":{"uv":[5.8125,9.75,6.3125,10.0625],"rotation":0,"texture":"#0","tintindex":0}}},{"name":"cube","from":[10.483921,3.416574,3.7191577],"to":[11.773065,5.4951463,7.1998434],"rotation":{"angle":0.0,"axis":"x","origin":[6.3586645,-22.108454,-0.9217572]},"faces":{"down":{"uv":[10.4375,11.0,10.25,11.5],"rotation":0,"texture":"#0","tintindex":0},"east":{"uv":[7.5,9.75,8.0,10.0625],"rotation":0,"texture":"#0","tintindex":0},"north":{"uv":[2.5625,11.8125,2.75,12.125],"rotation":0,"texture":"#0","tintindex":0},"south":{"uv":[4.3125,11.8125,4.5,12.125],"rotation":0,"texture":"#0","tintindex":0},"up":{"uv":[8.375,11.5,8.1875,11.0],"rotation":0,"texture":"#0","tintindex":0},"west":{"uv":[8.0,9.75,8.5,10.0625],"rotation":0,"texture":"#0","tintindex":0}}},{"name":"cube","from":[12.440893,7.105379,1.9253988],"to":[13.85895,11.241095,9.531342],"rotation":{"angle":0.0,"axis":"x","origin":[4.577121,-22.555906,3.7301993]},"faces":{"down":{"uv":[3.25,8.625,3.0625,9.75],"rotation":0,"texture":"#0","tintindex":0},"east":{"uv":[1.125,2.125,2.25,2.75],"rotation":0,"texture":"#0","tintindex":0},"north":{"uv":[10.5,10.5,10.6875,11.125],"rotation":0,"texture":"#0","tintindex":0},"south":{"uv":[10.5625,2.75,10.75,3.375],"rotation":0,"texture":"#0","tintindex":0},"up":{"uv":[4.75,9.625,4.5625,8.5],"rotation":0,"texture":"#0","tintindex":0},"west":{"uv":[2.25,2.125,3.375,2.75],"rotation":0,"texture":"#0","tintindex":0}}},{"name":"cube","from":[13.85895,-3.7129612,25.645628],"to":[14.890264,1.701438,31.060028],"rotation":{"angle":-45.0,"axis":"x","origin":[4.577121,-22.534447,3.7301989]},"faces":{"down":{"uv":[7.25,10.9375,7.125,11.75],"rotation":0,"texture":"#0","tintindex":0},"east":{"uv":[1.625,2.75,2.4375,3.5625],"rotation":0,"texture":"#0","tintindex":0},"north":{"uv":[6.1875,10.9375,6.3125,11.75],"rotation":0,"texture":"#0","tintindex":0},"south":{"uv":[6.3125,10.9375,6.4375,11.75],"rotation":0,"texture":"#0","tintindex":0},"up":{"uv":[7.125,11.75,7.0,10.9375],"rotation":0,"texture":"#0","tintindex":0},"west":{"uv":[2.4375,2.75,3.25,3.5625],"rotation":0,"texture":"#0","tintindex":0}}},{"name":"cube","from":[14.890264,4.795381,16.105972],"to":[15.40592,8.920637,20.231228],"rotation":{"angle":-22.5,"axis":"x","origin":[4.577121,-22.534447,3.7301989]},"faces":{"down":{"uv":[4.8125,12.25,4.75,12.875],"rotation":0,"texture":"#0","tintindex":0},"east":{"uv":[6.5625,5.8125,7.1875,6.4375],"rotation":0,"texture":"#0","tintindex":0},"north":{"uv":[0.4375,12.25,0.5,12.875],"rotation":0,"texture":"#0","tintindex":0},"south":{"uv":[1.625,12.25,1.6875,12.875],"rotation":0,"texture":"#0","tintindex":0},"up":{"uv":[4.75,12.875,4.6875,12.25],"rotation":0,"texture":"#0","tintindex":0},"west":{"uv":[6.5625,6.4375,7.1875,7.0625],"rotation":0,"texture":"#0","tintindex":0}}},{"name":"cube","from":[3.552368,5.0372667,1.8024828],"to":[4.325854,7.115839,6.5723114],"rotation":{"angle":0.0,"axis":"x","origin":[11.802882,-22.55039,3.6072826]},"faces":{"down":{"uv":[9.375,10.9375,9.25,11.625],"rotation":0,"texture":"#0","tintindex":0},"east":{"uv":[8.5,4.3125,9.1875,4.625],"rotation":0,"texture":"#0","tintindex":0},"north":{"uv":[9.0625,4.0,9.1875,4.3125],"rotation":0,"texture":"#0","tintindex":0},"south":{"uv":[8.875,9.4375,9.0,9.75],"rotation":0,"texture":"#0","tintindex":0},"up":{"uv":[2.25,8.4375,2.125,7.75],"rotation":0,"texture":"#0","tintindex":0},"west":{"uv":[8.5,4.625,9.1875,4.9375],"rotation":0,"texture":"#0","tintindex":0}}},{"name":"cube","from":[3.6150017,5.05321,3.277594],"to":[4.904145,7.115839,7.2739367],"rotation":{"angle":22.5,"axis":"y","origin":[11.865517,-22.534447,5.082394]},"faces":{"down":{"uv":[11.0,3.5625,10.8125,4.125],"rotation":0,"texture":"#0","tintindex":0},"east":{"uv":[6.25,0.625,6.8125,0.9375],"rotation":0,"texture":"#0","tintindex":0},"north":{"uv":[4.5,11.8125,4.6875,12.125],"rotation":0,"texture":"#0","tintindex":0},"south":{"uv":[11.8125,5.9375,12.0,6.25],"rotation":0,"texture":"#0","tintindex":0},"up":{"uv":[11.0,0.5625,10.8125,0.0],"rotation":0,"texture":"#0","tintindex":0},"west":{"uv":[9.25,8.4375,9.8125,8.75],"rotation":0,"texture":"#0","tintindex":0}}},{"name":"cube","from":[2.3258588,7.115839,3.277594],"to":[3.6150017,9.178467,7.2739367],"rotation":{"angle":22.5,"axis":"y","origin":[11.865517,-22.534447,5.082394]},"faces":{"down":{"uv":[5.3125,10.8125,5.125,11.375],"rotation":0,"texture":"#0","tintindex":0},"east":{"uv":[9.3125,0.6875,9.875,1.0],"rotation":0,"texture":"#0","tintindex":0},"north":{"uv":[11.8125,7.0625,12.0,7.375],"rotation":0,"texture":"#0","tintindex":0},"south":{"uv":[8.125,11.8125,8.3125,12.125],"rotation":0,"texture":"#0","tintindex":0},"up":{"uv":[4.3125,11.375,4.125,10.8125],"rotation":0,"texture":"#0","tintindex":0},"west":{"uv":[9.3125,7.1875,9.875,7.5],"rotation":0,"texture":"#0","tintindex":0}}},{"name":"cube","from":[12.386391,7.115839,3.277594],"to":[13.675534,9.178467,7.2739367],"rotation":{"angle":-22.5,"axis":"y","origin":[4.135877,-22.534447,5.082394]},"faces":{"down":{"uv":[6.1875,10.8125,6.0,11.375],"rotation":0,"texture":"#0","tintindex":0},"east":{"uv":[9.375,3.5625,9.9375,3.875],"rotation":0,"texture":"#0","tintindex":0},"north":{"uv":[10.25,11.8125,10.4375,12.125],"rotation":0,"texture":"#0","tintindex":0},"south":{"uv":[1.125,11.875,1.3125,12.1875],"rotation":0,"texture":"#0","tintindex":0},"up":{"uv":[6.0,11.375,5.8125,10.8125],"rotation":0,"texture":"#0","tintindex":0},"west":{"uv":[9.375,8.0,9.9375,8.3125],"rotation":0,"texture":"#0","tintindex":0}}},{"name":"cube","from":[0.84205866,5.042753,5.1856184],"to":[2.9046874,9.178467,6.345847],"rotation":{"angle":45.0,"axis":"y","origin":[9.092573,-22.544903,2.6073327]},"faces":{"down":{"uv":[1.8125,7.125,1.5,7.3125],"rotation":0,"texture":"#0","tintindex":0},"east":{"uv":[9.375,10.5625,9.5625,11.1875],"rotation":0,"texture":"#0","tintindex":0},"north":{"uv":[4.75,8.8125,5.0625,9.4375],"rotation":0,"texture":"#0","tintindex":0},"south":{"uv":[8.8125,4.9375,9.125,5.5625],"rotation":0,"texture":"#0","tintindex":0},"up":{"uv":[2.1875,6.125,1.875,5.9375],"rotation":0,"texture":"#0","tintindex":0},"west":{"uv":[9.5625,10.5625,9.75,11.1875],"rotation":0,"texture":"#0","tintindex":0}}},{"name":"cube","from":[13.096706,5.042753,5.1856184],"to":[15.159334,9.178467,6.345847],"rotation":{"angle":-45.0,"axis":"y","origin":[6.90882,-22.544903,2.6073327]},"faces":{"down":{"uv":[9.0625,1.0625,8.75,1.25],"rotation":0,"texture":"#0","tintindex":0},"east":{"uv":[10.625,0.0,10.8125,0.625],"rotation":0,"texture":"#0","tintindex":0},"north":{"uv":[5.0625,8.8125,5.375,9.4375],"rotation":0,"texture":"#0","tintindex":0},"south":{"uv":[7.75,8.8125,8.0625,9.4375],"rotation":0,"texture":"#0","tintindex":0},"up":{"uv":[8.8125,3.75,8.5,3.5625],"rotation":0,"texture":"#0","tintindex":0},"west":{"uv":[1.9375,10.625,2.125,11.25],"rotation":0,"texture":"#0","tintindex":0}}},{"name":"cube","from":[18.774525,3.416574,9.357813],"to":[20.063667,5.4951463,10.260213],"rotation":{"angle":-45.0,"axis":"y","origin":[14.649268,-22.108454,-1.7288156]},"faces":{"down":{"uv":[9.4375,2.9375,9.25,3.0625],"rotation":0,"texture":"#0","tintindex":0},"east":{"uv":[4.8125,12.25,4.9375,12.5625],"rotation":0,"texture":"#0","tintindex":0},"north":{"uv":[11.875,4.25,12.0625,4.5625],"rotation":0,"texture":"#0","tintindex":0},"south":{"uv":[9.375,11.875,9.5625,12.1875],"rotation":0,"texture":"#0","tintindex":0},"up":{"uv":[8.75,7.3125,8.5625,7.1875],"rotation":0,"texture":"#0","tintindex":0},"west":{"uv":[4.9375,12.25,5.0625,12.5625],"rotation":0,"texture":"#0","tintindex":0}}},{"name":"cube","from":[11.097248,5.05321,3.277594],"to":[12.386391,7.115839,7.2739367],"rotation":{"angle":-22.5,"axis":"y","origin":[4.135877,-22.534447,5.082394]},"faces":{"down":{"uv":[7.875,10.8125,7.6875,11.375],"rotation":0,"texture":"#0","tintindex":0},"east":{"uv":[9.375,9.25,9.9375,9.5625],"rotation":0,"texture":"#0","tintindex":0},"north":{"uv":[9.5625,11.875,9.75,12.1875],"rotation":0,"texture":"#0","tintindex":0},"south":{"uv":[10.4375,11.875,10.625,12.1875],"rotation":0,"texture":"#0","tintindex":0},"up":{"uv":[7.6875,11.375,7.5,10.8125],"rotation":0,"texture":"#0","tintindex":0},"west":{"uv":[9.4375,0.0,10.0,0.3125],"rotation":0,"texture":"#0","tintindex":0}}},{"name":"cube","from":[11.675539,5.0372667,1.8024828],"to":[12.449026,7.115839,6.5723114],"rotation":{"angle":0.0,"axis":"x","origin":[4.198511,-22.55039,3.6072826]},"faces":{"down":{"uv":[1.25,11.1875,1.125,11.875],"rotation":0,"texture":"#0","tintindex":0},"east":{"uv":[7.875,8.5,8.5625,8.8125],"rotation":0,"texture":"#0","tintindex":0},"north":{"uv":[5.0625,12.25,5.1875,12.5625],"rotation":0,"texture":"#0","tintindex":0},"south":{"uv":[5.8125,12.25,5.9375,12.5625],"rotation":0,"texture":"#0","tintindex":0},"up":{"uv":[0.4375,11.8125,0.3125,11.125],"rotation":0,"texture":"#0","tintindex":0},"west":{"uv":[8.5625,0.375,9.25,0.6875],"rotation":0,"texture":"#0","tintindex":0}}},{"name":"cube","from":[13.954737,3.432517,5.736249],"to":[15.243879,5.4951463,8.701278],"rotation":{"angle":-22.5,"axis":"y","origin":[9.829479,-22.092512,-2.2564363]},"faces":{"down":{"uv":[4.125,11.25,3.9375,11.6875],"rotation":0,"texture":"#0","tintindex":0},"east":{"uv":[7.0,10.125,7.4375,10.4375],"rotation":0,"texture":"#0","tintindex":0},"north":{"uv":[11.875,10.4375,12.0625,10.75],"rotation":0,"texture":"#0","tintindex":0},"south":{"uv":[10.625,11.875,10.8125,12.1875],"rotation":0,"texture":"#0","tintindex":0},"up":{"uv":[2.0625,11.6875,1.875,11.25],"rotation":0,"texture":"#0","tintindex":0},"west":{"uv":[0.0,10.1875,0.4375,10.5],"rotation":0,"texture":"#0","tintindex":0}}},{"name":"cube","from":[4.8884306,0.6848757,3.0603528],"to":[5.6619163,3.4436426,6.5410385],"rotation":{"angle":0.0,"axis":"x","origin":[12.623288,-21.591513,4.865153]},"faces":{"down":{"uv":[8.8125,10.4375,8.6875,10.9375],"rotation":0,"texture":"#0","tintindex":0},"east":{"uv":[0.0,9.125,0.5,9.5],"rotation":0,"texture":"#0","tintindex":0},"north":{"uv":[5.625,2.6875,5.75,3.0625],"rotation":0,"texture":"#0","tintindex":0},"south":{"uv":[12.0625,2.75,12.1875,3.125],"rotation":0,"texture":"#0","tintindex":0},"up":{"uv":[5.4375,8.8125,5.3125,8.3125],"rotation":0,"texture":"#0","tintindex":0},"west":{"uv":[9.125,4.9375,9.625,5.3125],"rotation":0,"texture":"#0","tintindex":0}}},{"name":"cube","from":[5.6802397,14.438243,1.739533],"to":[10.294685,19.775297,2.1262758],"rotation":{"angle":22.5,"axis":"x","origin":[13.415097,-8.869458,-16.308468]},"faces":{"down":{"uv":[12.75,3.8125,12.125,3.875],"rotation":0,"texture":"#0","tintindex":0},"east":{"uv":[5.5625,12.125,5.625,12.875],"rotation":0,"texture":"#0","tintindex":0},"north":{"uv":[3.0625,5.3125,3.6875,6.0625],"rotation":0,"texture":"#0","tintindex":0},"south":{"uv":[2.1875,5.375,2.8125,6.125],"rotation":0,"texture":"#0","tintindex":0},"up":{"uv":[6.75,3.9375,6.125,3.875],"rotation":0,"texture":"#0","tintindex":0},"west":{"uv":[5.625,12.125,5.6875,12.875],"rotation":0,"texture":"#0","tintindex":0}}},{"name":"cube","from":[4.4555535,19.253332,-9.604924],"to":[11.648972,22.78558,-6.12424],"rotation":{"angle":45.0,"axis":"x","origin":[13.415097,-8.869458,-16.308468]},"faces":{"down":{"uv":[5.75,1.25,4.6875,1.75],"rotation":0,"texture":"#0","tintindex":0},"east":{"uv":[3.375,2.25,3.875,2.75],"rotation":0,"texture":"#0","tintindex":0},"north":{"uv":[3.0625,4.3125,4.125,4.8125],"rotation":0,"texture":"#0","tintindex":0},"south":{"uv":[4.5625,2.0625,5.625,2.5625],"rotation":0,"texture":"#0","tintindex":0},"up":{"uv":[5.625,3.0625,4.5625,2.5625],"rotation":0,"texture":"#0","tintindex":0},"west":{"uv":[8.25,7.3125,8.75,7.8125],"rotation":0,"texture":"#0","tintindex":0}}},{"name":"cube","from":[3.7078505,19.768986,-9.089267],"to":[4.455553,22.269926,-6.6398954],"rotation":{"angle":45.0,"axis":"x","origin":[13.440879,-8.869458,-16.308468]},"faces":{"down":{"uv":[8.625,12.125,8.5,12.5],"rotation":0,"texture":"#0","tintindex":0},"east":{"uv":[5.75,1.375,6.125,1.75],"rotation":0,"texture":"#0","tintindex":0},"north":{"uv":[12.125,6.25,12.25,6.625],"rotation":0,"texture":"#0","tintindex":0},"south":{"uv":[8.125,12.125,8.25,12.5],"rotation":0,"texture":"#0","tintindex":0},"up":{"uv":[8.5,12.5,8.375,12.125],"rotation":0,"texture":"#0","tintindex":0},"west":{"uv":[10.0625,2.1875,10.4375,2.5625],"rotation":0,"texture":"#0","tintindex":0}}},{"name":"cube","from":[11.648972,19.768986,-9.089267],"to":[12.396674,22.269926,-6.6398954],"rotation":{"angle":45.0,"axis":"x","origin":[2.5605142,-8.869458,-16.308468]},"faces":{"down":{"uv":[12.25,9.1875,12.125,9.5625],"rotation":0,"texture":"#0","tintindex":0},"east":{"uv":[10.0625,3.875,10.4375,4.25],"rotation":0,"texture":"#0","tintindex":0},"north":{"uv":[8.625,12.125,8.75,12.5],"rotation":0,"texture":"#0","tintindex":0},"south":{"uv":[8.75,12.125,8.875,12.5],"rotation":0,"texture":"#0","tintindex":0},"up":{"uv":[12.25,9.1875,12.125,8.8125],"rotation":0,"texture":"#0","tintindex":0},"west":{"uv":[10.0625,4.875,10.4375,5.25],"rotation":0,"texture":"#0","tintindex":0}}},{"name":"cube","from":[6.0669823,0.71683264,9.285183],"to":[9.908628,5.7573814,9.671925],"rotation":{"angle":0.0,"axis":"x","origin":[13.415097,-22.887373,-20.62293]},"faces":{"down":{"uv":[9.25,8.4375,8.6875,8.5],"rotation":0,"texture":"#0","tintindex":0},"east":{"uv":[8.25,12.125,8.3125,12.875],"rotation":0,"texture":"#0","tintindex":0},"north":{"uv":[2.8125,6.0625,3.375,6.8125],"rotation":0,"texture":"#0","tintindex":0},"south":{"uv":[6.125,1.375,6.6875,2.125],"rotation":0,"texture":"#0","tintindex":0},"up":{"uv":[8.8125,2.6875,8.25,2.625],"rotation":0,"texture":"#0","tintindex":0},"west":{"uv":[9.25,12.125,9.3125,12.875],"rotation":0,"texture":"#0","tintindex":0}}},{"name":"cube","from":[4.6489253,5.3848743,19.153358],"to":[11.326685,10.721925,22.634045],"rotation":{"angle":-22.5,"axis":"x","origin":[13.672925,-17.149343,-7.918642]},"faces":{"down":{"uv":[4.0625,4.8125,3.0625,5.3125],"rotation":0,"texture":"#0","tintindex":0},"east":{"uv":[5.5,7.0,6.0,7.75],"rotation":0,"texture":"#0","tintindex":0},"north":{"uv":[1.5,0.0,2.5,0.75],"rotation":0,"texture":"#0","tintindex":0},"south":{"uv":[1.5,0.75,2.5,1.5],"rotation":0,"texture":"#0","tintindex":0},"up":{"uv":[5.75,3.5625,4.75,3.0625],"rotation":0,"texture":"#0","tintindex":0},"west":{"uv":[6.0,7.0,6.5,7.75],"rotation":0,"texture":"#0","tintindex":0}}},{"name":"cube","from":[2.8441253,5.8489647,18.122044],"to":[4.6489253,10.721925,21.525381],"rotation":{"angle":-22.5,"axis":"x","origin":[13.672925,-17.149343,-7.918642]},"faces":{"down":{"uv":[7.25,10.4375,7.0,10.9375],"rotation":0,"texture":"#0","tintindex":0},"east":{"uv":[7.125,7.0625,7.625,7.75],"rotation":0,"texture":"#0","tintindex":0},"north":{"uv":[2.8125,5.375,3.0625,6.0625],"rotation":0,"texture":"#0","tintindex":0},"south":{"uv":[1.6875,9.4375,1.9375,10.125],"rotation":0,"texture":"#0","tintindex":0},"up":{"uv":[6.4375,10.9375,6.1875,10.4375],"rotation":0,"texture":"#0","tintindex":0},"west":{"uv":[7.1875,5.625,7.6875,6.3125],"rotation":0,"texture":"#0","tintindex":0}}},{"name":"cube","from":[11.3524685,5.8489647,18.122044],"to":[13.157269,10.721925,21.525381],"rotation":{"angle":-22.5,"axis":"x","origin":[2.328468,-17.149343,-7.918642]},"faces":{"down":{"uv":[0.25,10.5,0.0,11.0],"rotation":0,"texture":"#0","tintindex":0},"east":{"uv":[7.1875,6.3125,7.6875,7.0],"rotation":0,"texture":"#0","tintindex":0},"north":{"uv":[5.3125,9.4375,5.5625,10.125],"rotation":0,"texture":"#0","tintindex":0},"south":{"uv":[5.5625,9.4375,5.8125,10.125],"rotation":0,"texture":"#0","tintindex":0},"up":{"uv":[8.6875,10.9375,8.4375,10.4375],"rotation":0,"texture":"#0","tintindex":0},"west":{"uv":[7.3125,1.25,7.8125,1.9375],"rotation":0,"texture":"#0","tintindex":0}}},{"name":"cube","from":[5.6802397,10.540173,10.782488],"to":[10.29537,15.361566,11.684887],"rotation":{"angle":0.0,"axis":"x","origin":[13.672925,-5.032675,-19.383455]},"faces":{"down":{"uv":[11.6875,7.8125,11.0,7.9375],"rotation":0,"texture":"#0","tintindex":0},"east":{"uv":[1.25,11.1875,1.375,11.875],"rotation":0,"texture":"#0","tintindex":0},"north":{"uv":[5.25,4.4375,5.9375,5.125],"rotation":0,"texture":"#0","tintindex":0},"south":{"uv":[5.25,5.125,5.9375,5.8125],"rotation":0,"texture":"#0","tintindex":0},"up":{"uv":[11.6875,6.375,11.0,6.25],"rotation":0,"texture":"#0","tintindex":0},"west":{"uv":[9.375,11.1875,9.5,11.875],"rotation":0,"texture":"#0","tintindex":0}}},{"name":"cube","from":[13.117564,9.173679,15.958132],"to":[16.95921,15.361566,17.118359],"rotation":{"angle":-22.5,"axis":"y","origin":[24.977678,-5.032675,-13.949984]},"faces":{"down":{"uv":[11.25,9.875,10.6875,10.0625],"rotation":0,"texture":"#0","tintindex":0},"east":{"uv":[4.1875,9.125,4.375,10.0],"rotation":0,"texture":"#0","tintindex":0},"north":{"uv":[4.6875,4.875,5.25,5.75],"rotation":0,"texture":"#0","tintindex":0},"south":{"uv":[4.0625,4.9375,4.625,5.8125],"rotation":0,"texture":"#0","tintindex":0},"up":{"uv":[4.5625,2.25,4.0,2.0625],"rotation":0,"texture":"#0","tintindex":0},"west":{"uv":[1.0,9.625,1.1875,10.5],"rotation":0,"texture":"#0","tintindex":0}}},{"name":"cube","from":[-0.98360014,9.173679,15.958132],"to":[2.8580463,15.361566,17.118359],"rotation":{"angle":22.5,"axis":"y","origin":[-9.002069,-5.032675,-13.949984]},"faces":{"down":{"uv":[11.3125,6.375,10.75,6.5625],"rotation":0,"texture":"#0","tintindex":0},"east":{"uv":[2.625,9.625,2.8125,10.5],"rotation":0,"texture":"#0","tintindex":0},"north":{"uv":[5.125,3.5625,5.6875,4.4375],"rotation":0,"texture":"#0","tintindex":0},"south":{"uv":[5.1875,0.0,5.75,0.875],"rotation":0,"texture":"#0","tintindex":0},"up":{"uv":[11.3125,3.375,10.75,3.1875],"rotation":0,"texture":"#0","tintindex":0},"west":{"uv":[2.8125,9.625,3.0,10.5],"rotation":0,"texture":"#0","tintindex":0}}},{"name":"cube","from":[12.440893,11.241097,6.0506563],"to":[13.85895,15.34057,9.531342],"rotation":{"angle":0.0,"axis":"x","origin":[4.577121,-22.534447,3.7301989]},"faces":{"down":{"uv":[7.4375,11.0625,7.25,11.5625],"rotation":0,"texture":"#0","tintindex":0},"east":{"uv":[0.3125,7.4375,0.8125,8.0625],"rotation":0,"texture":"#0","tintindex":0},"north":{"uv":[10.625,3.5625,10.8125,4.1875],"rotation":0,"texture":"#0","tintindex":0},"south":{"uv":[3.9375,10.625,4.125,11.25],"rotation":0,"texture":"#0","tintindex":0},"up":{"uv":[6.625,11.5625,6.4375,11.0625],"rotation":0,"texture":"#0","tintindex":0},"west":{"uv":[7.4375,0.625,7.9375,1.25],"rotation":0,"texture":"#0","tintindex":0}}},{"name":"cube","from":[3.608982,0.6848757,3.718419],"to":[4.3824677,3.4436426,6.683448],"rotation":{"angle":22.5,"axis":"y","origin":[11.34384,-21.591513,1.9136188]},"faces":{"down":{"uv":[5.25,4.4375,5.125,4.875],"rotation":0,"texture":"#0","tintindex":0},"east":{"uv":[5.3125,0.875,5.75,1.25],"rotation":0,"texture":"#0","tintindex":0},"north":{"uv":[9.75,12.125,9.875,12.5],"rotation":0,"texture":"#0","tintindex":0},"south":{"uv":[12.125,9.8125,12.25,10.1875],"rotation":0,"texture":"#0","tintindex":0},"up":{"uv":[2.625,1.5,2.5,1.0625],"rotation":0,"texture":"#0","tintindex":0},"west":{"uv":[9.625,2.375,10.0625,2.75],"rotation":0,"texture":"#0","tintindex":0}}},{"name":"cube","from":[11.618925,0.6848757,3.718419],"to":[12.39241,3.4436426,6.683448],"rotation":{"angle":-22.5,"axis":"y","origin":[4.6575537,-21.591513,1.9136188]},"faces":{"down":{"uv":[6.4375,8.625,6.3125,9.0625],"rotation":0,"texture":"#0","tintindex":0},"east":{"uv":[9.625,4.875,10.0625,5.25],"rotation":0,"texture":"#0","tintindex":0},"north":{"uv":[10.25,12.125,10.375,12.5],"rotation":0,"texture":"#0","tintindex":0},"south":{"uv":[1.125,12.1875,1.25,12.5625],"rotation":0,"texture":"#0","tintindex":0},"up":{"uv":[4.5,8.5,4.375,8.0625],"rotation":0,"texture":"#0","tintindex":0},"west":{"uv":[9.625,6.6875,10.0625,7.0625],"rotation":0,"texture":"#0","tintindex":0}}},{"name":"cube","from":[10.339478,0.6848757,3.0603528],"to":[11.112963,3.4436426,6.5410385],"rotation":{"angle":0.0,"axis":"x","origin":[3.3781054,-21.591513,4.865153]},"faces":{"down":{"uv":[5.5625,11.625,5.4375,12.125],"rotation":0,"texture":"#0","tintindex":0},"east":{"uv":[9.1875,1.0625,9.6875,1.4375],"rotation":0,"texture":"#0","tintindex":0},"north":{"uv":[12.1875,2.3125,12.3125,2.6875],"rotation":0,"texture":"#0","tintindex":0},"south":{"uv":[12.1875,2.6875,12.3125,3.0625],"rotation":0,"texture":"#0","tintindex":0},"up":{"uv":[11.75,5.5625,11.625,5.0625],"rotation":0,"texture":"#0","tintindex":0},"west":{"uv":[9.1875,4.0,9.6875,4.375],"rotation":0,"texture":"#0","tintindex":0}}}],"display":{"head":{"translation":[0.0,-6.4,0.0],"rotation":[0.0,0.0,0.0],"scale":[3.7333333,3.7333333,3.7333333]}}}