{"textures":{"0":"modelengine:entity/mecha"},"elements":[{"name":"cube","from":[7.1094623,2.198857,5.4285245],"to":[9.197874,9.62432,5.66057],"rotation":{"angle":0.0,"axis":"x","origin":[15.579131,-23.326172,7.052845]},"faces":{"down":{"uv":[7.6875,5.5625,7.375,5.625],"rotation":0,"texture":"#0","tintindex":0},"east":{"uv":[4.25,11.375,4.3125,12.5625],"rotation":0,"texture":"#0","tintindex":0},"north":{"uv":[4.1875,6.875,4.5,8.0625],"rotation":0,"texture":"#0","tintindex":0},"south":{"uv":[6.5,7.0625,6.8125,8.25],"rotation":0,"texture":"#0","tintindex":0},"up":{"uv":[3.6875,6.5625,3.375,6.5],"rotation":0,"texture":"#0","tintindex":0},"west":{"uv":[6.0625,11.375,6.125,12.5625],"rotation":0,"texture":"#0","tintindex":0}}},{"name":"cube","from":[7.1094623,3.8231776,5.196479],"to":[9.197874,8.0,5.4285245],"rotation":{"angle":0.0,"axis":"x","origin":[15.579131,-23.326172,7.052845]},"faces":{"down":{"uv":[11.3125,3.125,11.0,3.1875],"rotation":0,"texture":"#0","tintindex":0},"east":{"uv":[10.0625,12.1875,10.125,12.875],"rotation":0,"texture":"#0","tintindex":0},"north":{"uv":[0.0,8.3125,0.3125,9.0],"rotation":0,"texture":"#0","tintindex":0},"south":{"uv":[2.75,8.4375,3.0625,9.125],"rotation":0,"texture":"#0","tintindex":0},"up":{"uv":[11.0625,5.625,10.75,5.5625],"rotation":0,"texture":"#0","tintindex":0},"west":{"uv":[10.875,12.1875,10.9375,12.875],"rotation":0,"texture":"#0","tintindex":0}}},{"name":"cube","from":[7.1094623,2.4309025,5.8926163],"to":[9.197874,9.62432,8.213073],"rotation":{"angle":0.0,"axis":"x","origin":[15.579131,-23.326172,7.052845]},"faces":{"down":{"uv":[10.9375,0.875,10.625,1.25],"rotation":0,"texture":"#0","tintindex":0},"east":{"uv":[5.8125,5.8125,6.1875,7.0],"rotation":0,"texture":"#0","tintindex":0},"north":{"uv":[6.8125,7.0625,7.125,8.25],"rotation":0,"texture":"#0","tintindex":0},"south":{"uv":[0.0,7.125,0.3125,8.3125],"rotation":0,"texture":"#0","tintindex":0},"up":{"uv":[10.875,10.4375,10.5625,10.0625],"rotation":0,"texture":"#0","tintindex":0},"west":{"uv":[0.0,5.9375,0.375,7.125],"rotation":0,"texture":"#0","tintindex":0}}},{"name":"cube","from":[6.6453705,2.198857,5.8926163],"to":[6.8774166,9.62432,8.213073],"rotation":{"angle":0.0,"axis":"x","origin":[15.579131,-23.326172,7.052845]},"faces":{"down":{"uv":[5.9375,12.5625,5.875,12.9375],"rotation":0,"texture":"#0","tintindex":0},"east":{"uv":[0.375,5.9375,0.75,7.125],"rotation":0,"texture":"#0","tintindex":0},"north":{"uv":[6.125,11.375,6.1875,12.5625],"rotation":0,"texture":"#0","tintindex":0},"south":{"uv":[7.75,11.375,7.8125,12.5625],"rotation":0,"texture":"#0","tintindex":0},"up":{"uv":[5.875,12.9375,5.8125,12.5625],"rotation":0,"texture":"#0","tintindex":0},"west":{"uv":[0.75,5.9375,1.125,7.125],"rotation":0,"texture":"#0","tintindex":0}}},{"name":"cube","from":[6.4133253,3.3590853,6.3567076],"to":[6.6453705,9.62432,8.213073],"rotation":{"angle":0.0,"axis":"x","origin":[15.579131,-23.326172,7.052845]},"faces":{"down":{"uv":[4.1875,7.75,4.125,8.0625],"rotation":0,"texture":"#0","tintindex":0},"east":{"uv":[2.875,7.4375,3.1875,8.4375],"rotation":0,"texture":"#0","tintindex":0},"north":{"uv":[5.6875,11.625,5.75,12.625],"rotation":0,"texture":"#0","tintindex":0},"south":{"uv":[8.875,11.625,8.9375,12.625],"rotation":0,"texture":"#0","tintindex":0},"up":{"uv":[1.5,7.75,1.4375,7.4375],"rotation":0,"texture":"#0","tintindex":0},"west":{"uv":[4.5,7.5,4.8125,8.5],"rotation":0,"texture":"#0","tintindex":0}}},{"name":"cube","from":[9.661965,3.3590853,6.3567076],"to":[9.894011,9.62432,8.213073],"rotation":{"angle":0.0,"axis":"x","origin":[15.579131,-23.326172,7.052845]},"faces":{"down":{"uv":[8.125,2.6875,8.0625,3.0],"rotation":0,"texture":"#0","tintindex":0},"east":{"uv":[3.1875,7.625,3.5,8.625],"rotation":0,"texture":"#0","tintindex":0},"north":{"uv":[9.0,11.625,9.0625,12.625],"rotation":0,"texture":"#0","tintindex":0},"south":{"uv":[9.0625,11.625,9.125,12.625],"rotation":0,"texture":"#0","tintindex":0},"up":{"uv":[5.5,8.1875,5.4375,7.875],"rotation":0,"texture":"#0","tintindex":0},"west":{"uv":[7.625,7.0,7.9375,8.0],"rotation":0,"texture":"#0","tintindex":0}}},{"name":"cube","from":[6.43653,17.45874,31.303867],"to":[9.870806,18.154879,32.0],"rotation":{"angle":-45.0,"axis":"x","origin":[18.36368,-14.33152,29.91159]},"faces":{"down":{"uv":[12.0625,1.125,11.5,1.25],"rotation":0,"texture":"#0","tintindex":0},"east":{"uv":[4.6875,11.8125,4.8125,11.9375],"rotation":0,"texture":"#0","tintindex":0},"north":{"uv":[11.3125,6.5,11.875,6.625],"rotation":0,"texture":"#0","tintindex":0},"south":{"uv":[11.4375,5.6875,12.0,5.8125],"rotation":0,"texture":"#0","tintindex":0},"up":{"uv":[12.0,5.9375,11.4375,5.8125],"rotation":0,"texture":"#0","tintindex":0},"west":{"uv":[12.625,2.875,12.75,3.0],"rotation":0,"texture":"#0","tintindex":0}}},{"name":"cube","from":[6.4133253,6.607726,8.213073],"to":[9.894011,9.62432,8.90921],"rotation":{"angle":0.0,"axis":"x","origin":[18.36368,-21.933899,7.052845]},"faces":{"down":{"uv":[12.0625,7.9375,11.5,8.0625],"rotation":0,"texture":"#0","tintindex":0},"east":{"uv":[9.25,11.625,9.375,12.125],"rotation":0,"texture":"#0","tintindex":0},"north":{"uv":[7.5,0.0,8.0625,0.5],"rotation":0,"texture":"#0","tintindex":0},"south":{"uv":[7.6875,6.375,8.25,6.875],"rotation":0,"texture":"#0","tintindex":0},"up":{"uv":[12.0625,5.0,11.5,4.875],"rotation":0,"texture":"#0","tintindex":0},"west":{"uv":[9.75,11.625,9.875,12.125],"rotation":0,"texture":"#0","tintindex":0}}},{"name":"cube","from":[6.4518967,15.661803,-11.675429],"to":[9.847603,16.647995,-11.153327],"rotation":{"angle":45.0,"axis":"x","origin":[18.340477,-12.589762,-13.241739]},"faces":{"down":{"uv":[12.75,3.0625,12.1875,3.125],"rotation":0,"texture":"#0","tintindex":0},"east":{"uv":[11.0,5.375,11.0625,5.5625],"rotation":0,"texture":"#0","tintindex":0},"north":{"uv":[7.875,10.8125,8.4375,11.0],"rotation":0,"texture":"#0","tintindex":0},"south":{"uv":[10.875,9.25,11.4375,9.4375],"rotation":0,"texture":"#0","tintindex":0},"up":{"uv":[10.25,4.375,9.6875,4.3125],"rotation":0,"texture":"#0","tintindex":0},"west":{"uv":[11.0,8.625,11.0625,8.8125],"rotation":0,"texture":"#0","tintindex":0}}},{"name":"cube","from":[9.429919,2.198857,5.8926163],"to":[9.661965,9.62432,8.213073],"rotation":{"angle":0.0,"axis":"x","origin":[17.899588,-23.326172,7.052845]},"faces":{"down":{"uv":[6.1875,12.5625,6.125,12.9375],"rotation":0,"texture":"#0","tintindex":0},"east":{"uv":[1.125,5.9375,1.5,7.125],"rotation":0,"texture":"#0","tintindex":0},"north":{"uv":[7.8125,11.375,7.875,12.5625],"rotation":0,"texture":"#0","tintindex":0},"south":{"uv":[0.25,11.4375,0.3125,12.625],"rotation":0,"texture":"#0","tintindex":0},"up":{"uv":[6.125,12.9375,6.0625,12.5625],"rotation":0,"texture":"#0","tintindex":0},"west":{"uv":[1.5,5.9375,1.875,7.125],"rotation":0,"texture":"#0","tintindex":0}}},{"name":"cube","from":[3.206687,2.198857,11.210225],"to":[3.4364123,9.62432,11.869236],"rotation":{"angle":-45.0,"axis":"y","origin":[12.140447,-23.326172,13.031784]},"faces":{"down":{"uv":[12.875,10.375,12.8125,10.5],"rotation":0,"texture":"#0","tintindex":0},"east":{"uv":[4.625,10.0625,4.75,11.25],"rotation":0,"texture":"#0","tintindex":0},"north":{"uv":[2.125,11.4375,2.1875,12.625],"rotation":0,"texture":"#0","tintindex":0},"south":{"uv":[2.1875,11.4375,2.25,12.625],"rotation":0,"texture":"#0","tintindex":0},"up":{"uv":[12.875,3.6875,12.8125,3.5625],"rotation":0,"texture":"#0","tintindex":0},"west":{"uv":[4.75,10.0625,4.875,11.25],"rotation":0,"texture":"#0","tintindex":0}}},{"name":"cube","from":[12.872823,2.198857,11.212125],"to":[13.102549,9.62432,11.871135],"rotation":{"angle":45.0,"axis":"y","origin":[4.1687884,-23.326172,13.033684]},"faces":{"down":{"uv":[11.0,12.8125,10.9375,12.9375],"rotation":0,"texture":"#0","tintindex":0},"east":{"uv":[4.875,10.0625,5.0,11.25],"rotation":0,"texture":"#0","tintindex":0},"north":{"uv":[3.4375,11.4375,3.5,12.625],"rotation":0,"texture":"#0","tintindex":0},"south":{"uv":[3.5,11.4375,3.5625,12.625],"rotation":0,"texture":"#0","tintindex":0},"up":{"uv":[12.875,10.625,12.8125,10.5],"rotation":0,"texture":"#0","tintindex":0},"west":{"uv":[5.0,10.0625,5.125,11.25],"rotation":0,"texture":"#0","tintindex":0}}}],"display":{"head":{"translation":[0.0,-6.4,3.5360453],"rotation":[0.0,0.0,0.0],"scale":[3.7333333,3.7333333,3.7333333]}}}