{"textures":{"0":"modelengine:entity/mecha"},"elements":[{"name":"cube","from":[9.012128,9.660417,8.147993],"to":[9.418208,10.959873,8.862695],"rotation":{"angle":0.0,"axis":"x","origin":[-5.8504,-10.156288,8.180479]},"faces":{"down":{"uv":[12.0625,9.0,12.125,9.0625],"rotation":0,"texture":"#0","tintindex":0},"east":{"uv":[12.9375,1.375,12.875,1.5],"rotation":0,"texture":"#0","tintindex":0},"north":{"uv":[0.5,12.875,0.4375,13.0],"rotation":0,"texture":"#0","tintindex":0},"south":{"uv":[12.9375,1.25,12.875,1.375],"rotation":0,"texture":"#0","tintindex":0},"up":{"uv":[12.0625,4.125,12.125,4.0625],"rotation":0,"texture":"#0","tintindex":0},"west":{"uv":[12.9375,0.5,12.875,0.625],"rotation":0,"texture":"#0","tintindex":0}}}],"display":{"head":{"translation":[0.0,-6.4,0.0],"rotation":[0.0,0.0,0.0],"scale":[3.8095,3.8095,3.8095]}}}