{"textures":{"0":"modelengine:entity/mecha"},"elements":[{"name":"cube","from":[6.326874,9.660417,8.424129],"to":[7.0415745,10.959873,8.830208],"rotation":{"angle":0.0,"axis":"x","origin":[7.009088,-10.481153,23.692738]},"faces":{"down":{"uv":[12.4375,10.75,12.375,10.8125],"rotation":0,"texture":"#0","tintindex":0},"east":{"uv":[12.875,1.9375,12.9375,2.0625],"rotation":0,"texture":"#0","tintindex":0},"north":{"uv":[12.875,1.625,12.9375,1.75],"rotation":0,"texture":"#0","tintindex":0},"south":{"uv":[12.875,2.0625,12.9375,2.1875],"rotation":0,"texture":"#0","tintindex":0},"up":{"uv":[12.4375,6.5625,12.375,6.5],"rotation":0,"texture":"#0","tintindex":0},"west":{"uv":[12.875,2.1875,12.9375,2.3125],"rotation":0,"texture":"#0","tintindex":0}}}],"display":{"head":{"translation":[0.0,-6.4,0.0],"rotation":[0.0,0.0,0.0],"scale":[3.8095,3.8095,3.8095]}}}