{"textures":{"0":"modelengine:entity/mecha"},"elements":[{"name":"cube","from":[6.521793,9.660417,8.147994],"to":[6.9278727,10.959873,8.862695],"rotation":{"angle":0.0,"axis":"x","origin":[21.790401,-10.156288,8.18048]},"faces":{"down":{"uv":[11.125,2.375,11.0625,2.4375],"rotation":0,"texture":"#0","tintindex":0},"east":{"uv":[12.8125,11.875,12.875,12.0],"rotation":0,"texture":"#0","tintindex":0},"north":{"uv":[12.8125,11.75,12.875,11.875],"rotation":0,"texture":"#0","tintindex":0},"south":{"uv":[12.8125,12.0,12.875,12.125],"rotation":0,"texture":"#0","tintindex":0},"up":{"uv":[3.3125,11.0625,3.25,11.0],"rotation":0,"texture":"#0","tintindex":0},"west":{"uv":[12.0625,12.8125,12.125,12.9375],"rotation":0,"texture":"#0","tintindex":0}}}],"display":{"head":{"translation":[0.0,-6.4,0.0],"rotation":[0.0,0.0,0.0],"scale":[3.8095,3.8095,3.8095]}}}