{"textures":{"0":"modelengine:entity/mecha"},"elements":[{"name":"cube","from":[9.012128,9.660417,8.147994],"to":[9.418208,10.959873,8.862695],"rotation":{"angle":0.0,"axis":"x","origin":[-5.8504,-10.156288,8.18048]},"faces":{"down":{"uv":[10.4375,11.8125,10.5,11.875],"rotation":0,"texture":"#0","tintindex":0},"east":{"uv":[12.9375,0.125,12.875,0.25],"rotation":0,"texture":"#0","tintindex":0},"north":{"uv":[12.875,12.625,12.8125,12.75],"rotation":0,"texture":"#0","tintindex":0},"south":{"uv":[12.9375,0.0,12.875,0.125],"rotation":0,"texture":"#0","tintindex":0},"up":{"uv":[11.8125,10.0625,11.875,10.0],"rotation":0,"texture":"#0","tintindex":0},"west":{"uv":[12.875,12.75,12.8125,12.875],"rotation":0,"texture":"#0","tintindex":0}}}],"display":{"head":{"translation":[0.0,-6.4,0.0],"rotation":[0.0,0.0,0.0],"scale":[3.8095,3.8095,3.8095]}}}