{"textures":{"0":"modelengine:entity/mecha"},"elements":[{"name":"cube","from":[6.0732803,3.9646356,-5.8467026],"to":[10.116032,7.213275,5.3430576],"rotation":{"angle":45.0,"axis":"x","origin":[5.928896,-7.7304688,6.49813]},"faces":{"down":{"uv":[2.1875,4.75,1.75,5.9375],"rotation":0,"texture":"#0","tintindex":0},"east":{"uv":[6.875,2.6875,8.0625,3.0],"rotation":0,"texture":"#0","tintindex":0},"north":{"uv":[9.375,10.25,9.8125,10.5625],"rotation":0,"texture":"#0","tintindex":0},"south":{"uv":[10.25,9.75,10.6875,10.0625],"rotation":0,"texture":"#0","tintindex":0},"up":{"uv":[1.75,5.9375,1.3125,4.75],"rotation":0,"texture":"#0","tintindex":0},"west":{"uv":[0.3125,7.125,1.5,7.4375],"rotation":0,"texture":"#0","tintindex":0}}},{"name":"cube","from":[10.116032,3.9646356,-4.9443026],"to":[10.549185,6.491355,3.8992176],"rotation":{"angle":45.0,"axis":"x","origin":[5.928896,-7.7304688,6.49813]},"faces":{"down":{"uv":[11.0625,11.625,11.0,12.5625],"rotation":0,"texture":"#0","tintindex":0},"east":{"uv":[8.125,4.0625,9.0625,4.3125],"rotation":0,"texture":"#0","tintindex":0},"north":{"uv":[1.3125,12.75,1.375,13.0],"rotation":0,"texture":"#0","tintindex":0},"south":{"uv":[12.75,2.25,12.8125,2.5],"rotation":0,"texture":"#0","tintindex":0},"up":{"uv":[9.9375,12.5625,9.875,11.625],"rotation":0,"texture":"#0","tintindex":0},"west":{"uv":[8.3125,6.0,9.25,6.25],"rotation":0,"texture":"#0","tintindex":0}}},{"name":"cube","from":[5.640128,3.9646356,-4.9443026],"to":[6.0732803,6.491355,3.8992176],"rotation":{"angle":45.0,"axis":"x","origin":[5.928896,-7.7304688,6.49813]},"faces":{"down":{"uv":[0.4375,11.8125,0.375,12.75],"rotation":0,"texture":"#0","tintindex":0},"east":{"uv":[8.5,3.0625,9.4375,3.3125],"rotation":0,"texture":"#0","tintindex":0},"north":{"uv":[2.75,12.75,2.8125,13.0],"rotation":0,"texture":"#0","tintindex":0},"south":{"uv":[2.8125,12.75,2.875,13.0],"rotation":0,"texture":"#0","tintindex":0},"up":{"uv":[0.375,12.75,0.3125,11.8125],"rotation":0,"texture":"#0","tintindex":0},"west":{"uv":[8.5,3.3125,9.4375,3.5625],"rotation":0,"texture":"#0","tintindex":0}}},{"name":"cube","from":[6.7951994,0.06626749,-4.330671],"to":[9.394112,1.3657235,-0.43230247],"rotation":{"angle":45.0,"axis":"x","origin":[5.928896,-7.7304688,6.49813]},"faces":{"down":{"uv":[10.9375,11.125,10.6875,11.5],"rotation":0,"texture":"#0","tintindex":0},"east":{"uv":[12.125,10.1875,12.5,10.3125],"rotation":0,"texture":"#0","tintindex":0},"north":{"uv":[12.5,4.25,12.75,4.375],"rotation":0,"texture":"#0","tintindex":0},"south":{"uv":[12.5,4.375,12.75,4.5],"rotation":0,"texture":"#0","tintindex":0},"up":{"uv":[11.375,10.8125,11.125,10.4375],"rotation":0,"texture":"#0","tintindex":0},"west":{"uv":[12.1875,11.0,12.5625,11.125],"rotation":0,"texture":"#0","tintindex":0}}},{"name":"cube","from":[6.7951994,0.6521683,3.6049647],"to":[9.394112,1.9516244,10.751974],"rotation":{"angle":22.5,"axis":"x","origin":[5.928896,-7.1445684,10.463205]},"faces":{"down":{"uv":[7.5,9.375,7.25,10.125],"rotation":0,"texture":"#0","tintindex":0},"east":{"uv":[11.0,3.875,11.75,4.0],"rotation":0,"texture":"#0","tintindex":0},"north":{"uv":[12.5,4.5,12.75,4.625],"rotation":0,"texture":"#0","tintindex":0},"south":{"uv":[12.5,4.625,12.75,4.75],"rotation":0,"texture":"#0","tintindex":0},"up":{"uv":[7.25,10.125,7.0,9.375],"rotation":0,"texture":"#0","tintindex":0},"west":{"uv":[11.0,4.0,11.75,4.125],"rotation":0,"texture":"#0","tintindex":0}}},{"name":"cube","from":[7.2283516,2.6651797,14.728019],"to":[8.96096,3.9646356,16.027473],"rotation":{"angle":-45.0,"axis":"x","origin":[5.928896,-7.7304688,6.49813]},"faces":{"down":{"uv":[12.75,9.6875,12.5625,9.8125],"rotation":0,"texture":"#0","tintindex":0},"east":{"uv":[12.75,2.5,12.875,2.625],"rotation":0,"texture":"#0","tintindex":0},"north":{"uv":[12.5625,8.875,12.75,9.0],"rotation":0,"texture":"#0","tintindex":0},"south":{"uv":[12.5625,9.0,12.75,9.125],"rotation":0,"texture":"#0","tintindex":0},"up":{"uv":[12.75,9.375,12.5625,9.25],"rotation":0,"texture":"#0","tintindex":0},"west":{"uv":[2.875,12.75,3.0,12.875],"rotation":0,"texture":"#0","tintindex":0}}},{"name":"cube","from":[6.7951994,4.1812115,-0.64887834],"to":[9.394112,10.534107,0.93934536],"rotation":{"angle":22.5,"axis":"x","origin":[5.928896,-7.7304688,6.49813]},"faces":{"down":{"uv":[12.4375,11.3125,12.1875,11.5],"rotation":0,"texture":"#0","tintindex":0},"east":{"uv":[5.3125,10.4375,5.5,11.125],"rotation":0,"texture":"#0","tintindex":0},"north":{"uv":[0.0,9.5,0.25,10.1875],"rotation":0,"texture":"#0","tintindex":0},"south":{"uv":[0.25,9.5,0.5,10.1875],"rotation":0,"texture":"#0","tintindex":0},"up":{"uv":[12.4375,11.3125,12.1875,11.125],"rotation":0,"texture":"#0","tintindex":0},"west":{"uv":[5.5,10.4375,5.6875,11.125],"rotation":0,"texture":"#0","tintindex":0}}},{"name":"cube","from":[6.7951994,8.787138,8.029553],"to":[9.394112,10.952898,14.454642],"rotation":{"angle":0.0,"axis":"x","origin":[5.928896,-7.7628775,6.4593773]},"faces":{"down":{"uv":[1.0,9.625,0.75,10.3125],"rotation":0,"texture":"#0","tintindex":0},"east":{"uv":[9.5,6.4375,10.1875,6.6875],"rotation":0,"texture":"#0","tintindex":0},"north":{"uv":[11.75,5.0625,12.0,5.3125],"rotation":0,"texture":"#0","tintindex":0},"south":{"uv":[11.75,5.3125,12.0,5.5625],"rotation":0,"texture":"#0","tintindex":0},"up":{"uv":[9.625,10.25,9.375,9.5625],"rotation":0,"texture":"#0","tintindex":0},"west":{"uv":[9.5625,4.375,10.25,4.625],"rotation":0,"texture":"#0","tintindex":0}}},{"name":"cube","from":[6.7951994,6.959652,21.402157],"to":[9.394112,8.078628,22.412846],"rotation":{"angle":-22.5,"axis":"x","origin":[5.928896,-9.590365,13.334701]},"faces":{"down":{"uv":[12.75,6.1875,12.5,6.3125],"rotation":0,"texture":"#0","tintindex":0},"east":{"uv":[12.75,2.875,12.875,3.0],"rotation":0,"texture":"#0","tintindex":0},"north":{"uv":[12.5,5.5625,12.75,5.6875],"rotation":0,"texture":"#0","tintindex":0},"south":{"uv":[12.5,5.9375,12.75,6.0625],"rotation":0,"texture":"#0","tintindex":0},"up":{"uv":[12.75,6.1875,12.5,6.0625],"rotation":0,"texture":"#0","tintindex":0},"west":{"uv":[12.75,3.0,12.875,3.125],"rotation":0,"texture":"#0","tintindex":0}}},{"name":"cube","from":[6.7951994,-0.9407339,18.966642],"to":[9.394112,4.3292823,19.832947],"rotation":{"angle":-22.5,"axis":"x","origin":[5.928896,-7.7628775,6.4593773]},"faces":{"down":{"uv":[10.25,0.25,10.0,0.3125],"rotation":0,"texture":"#0","tintindex":0},"east":{"uv":[10.75,12.375,10.8125,12.9375],"rotation":0,"texture":"#0","tintindex":0},"north":{"uv":[6.6875,5.25,6.9375,5.8125],"rotation":0,"texture":"#0","tintindex":0},"south":{"uv":[1.6875,10.125,1.9375,10.6875],"rotation":0,"texture":"#0","tintindex":0},"up":{"uv":[7.75,9.75,7.5,9.6875],"rotation":0,"texture":"#0","tintindex":0},"west":{"uv":[10.8125,12.375,10.875,12.9375],"rotation":0,"texture":"#0","tintindex":0}}},{"name":"cube","from":[9.376064,1.2250265,17.649137],"to":[9.737024,4.3292823,18.966642],"rotation":{"angle":-22.5,"axis":"x","origin":[8.87072,-7.7628775,6.4593773]},"faces":{"down":{"uv":[5.625,12.875,5.5625,13.0],"rotation":0,"texture":"#0","tintindex":0},"east":{"uv":[12.375,8.0,12.5,8.3125],"rotation":0,"texture":"#0","tintindex":0},"north":{"uv":[12.625,2.125,12.6875,2.4375],"rotation":0,"texture":"#0","tintindex":0},"south":{"uv":[2.1875,12.625,2.25,12.9375],"rotation":0,"texture":"#0","tintindex":0},"up":{"uv":[12.9375,5.375,12.875,5.25],"rotation":0,"texture":"#0","tintindex":0},"west":{"uv":[12.375,8.3125,12.5,8.625],"rotation":0,"texture":"#0","tintindex":0}}},{"name":"cube","from":[9.376064,7.6717525,11.708651],"to":[9.7420635,8.195145,13.387115],"rotation":{"angle":0.0,"axis":"x","origin":[8.87072,-10.033337,6.6552095]},"faces":{"down":{"uv":[5.4375,12.8125,5.375,13.0],"rotation":0,"texture":"#0","tintindex":0},"east":{"uv":[5.0625,5.75,5.25,5.8125],"rotation":0,"texture":"#0","tintindex":0},"north":{"uv":[11.125,12.875,11.1875,12.9375],"rotation":0,"texture":"#0","tintindex":0},"south":{"uv":[12.875,11.125,12.9375,11.1875],"rotation":0,"texture":"#0","tintindex":0},"up":{"uv":[5.375,13.0,5.3125,12.8125],"rotation":0,"texture":"#0","tintindex":0},"west":{"uv":[7.875,5.5,8.0625,5.5625],"rotation":0,"texture":"#0","tintindex":0}}},{"name":"cube","from":[6.4292,7.6717525,11.70865],"to":[6.7951994,8.195145,13.387113],"rotation":{"angle":0.0,"axis":"x","origin":[5.923856,-10.033337,6.655209]},"faces":{"down":{"uv":[12.875,5.75,12.8125,5.9375],"rotation":0,"texture":"#0","tintindex":0},"east":{"uv":[9.25,8.75,9.4375,8.8125],"rotation":0,"texture":"#0","tintindex":0},"north":{"uv":[11.1875,12.875,11.25,12.9375],"rotation":0,"texture":"#0","tintindex":0},"south":{"uv":[12.875,11.1875,12.9375,11.25],"rotation":0,"texture":"#0","tintindex":0},"up":{"uv":[12.875,5.75,12.8125,5.5625],"rotation":0,"texture":"#0","tintindex":0},"west":{"uv":[10.0625,4.25,10.25,4.3125],"rotation":0,"texture":"#0","tintindex":0}}},{"name":"cube","from":[6.43424,1.2250265,17.649137],"to":[6.7951994,4.3292823,18.966642],"rotation":{"angle":-22.5,"axis":"x","origin":[5.928896,-7.7628775,6.4593773]},"faces":{"down":{"uv":[5.6875,12.875,5.625,13.0],"rotation":0,"texture":"#0","tintindex":0},"east":{"uv":[12.375,8.625,12.5,8.9375],"rotation":0,"texture":"#0","tintindex":0},"north":{"uv":[12.625,2.4375,12.6875,2.75],"rotation":0,"texture":"#0","tintindex":0},"south":{"uv":[3.125,12.625,3.1875,12.9375],"rotation":0,"texture":"#0","tintindex":0},"up":{"uv":[12.9375,5.6875,12.875,5.5625],"rotation":0,"texture":"#0","tintindex":0},"west":{"uv":[12.375,8.9375,12.5,9.25],"rotation":0,"texture":"#0","tintindex":0}}},{"name":"cube","from":[6.794816,-1.6663418,20.358994],"to":[9.434816,1.3657235,23.824207],"rotation":{"angle":-45.0,"axis":"x","origin":[5.928896,-7.7304688,6.49813]},"faces":{"down":{"uv":[1.125,11.1875,0.875,11.5625],"rotation":0,"texture":"#0","tintindex":0},"east":{"uv":[10.625,7.25,11.0,7.5625],"rotation":0,"texture":"#0","tintindex":0},"north":{"uv":[3.1875,11.4375,3.4375,11.75],"rotation":0,"texture":"#0","tintindex":0},"south":{"uv":[11.4375,9.1875,11.6875,9.5],"rotation":0,"texture":"#0","tintindex":0},"up":{"uv":[11.1875,11.5,10.9375,11.125],"rotation":0,"texture":"#0","tintindex":0},"west":{"uv":[10.625,8.5,11.0,8.8125],"rotation":0,"texture":"#0","tintindex":0}}},{"name":"cube","from":[6.001087,2.2320275,-5.1969748],"to":[6.7951994,3.9646356,3.177298],"rotation":{"angle":45.0,"axis":"x","origin":[5.928896,-7.7304688,6.49813]},"faces":{"down":{"uv":[1.625,11.8125,1.5625,12.6875],"rotation":0,"texture":"#0","tintindex":0},"east":{"uv":[9.4375,7.8125,10.3125,8.0],"rotation":0,"texture":"#0","tintindex":0},"north":{"uv":[12.8125,5.9375,12.875,6.125],"rotation":0,"texture":"#0","tintindex":0},"south":{"uv":[12.8125,6.125,12.875,6.3125],"rotation":0,"texture":"#0","tintindex":0},"up":{"uv":[0.75,12.6875,0.6875,11.8125],"rotation":0,"texture":"#0","tintindex":0},"west":{"uv":[9.4375,9.0625,10.3125,9.25],"rotation":0,"texture":"#0","tintindex":0}}},{"name":"cube","from":[6.3620477,2.5419393,3.156153],"to":[6.7951994,3.913588,5.394105],"rotation":{"angle":45.0,"axis":"x","origin":[5.928896,-7.781516,6.549177]},"faces":{"down":{"uv":[12.8125,4.0625,12.75,4.3125],"rotation":0,"texture":"#0","tintindex":0},"east":{"uv":[12.5,7.3125,12.75,7.4375],"rotation":0,"texture":"#0","tintindex":0},"north":{"uv":[12.875,5.6875,12.9375,5.8125],"rotation":0,"texture":"#0","tintindex":0},"south":{"uv":[12.875,5.8125,12.9375,5.9375],"rotation":0,"texture":"#0","tintindex":0},"up":{"uv":[12.8125,4.0625,12.75,3.8125],"rotation":0,"texture":"#0","tintindex":0},"west":{"uv":[12.5,7.4375,12.75,7.5625],"rotation":0,"texture":"#0","tintindex":0}}},{"name":"cube","from":[6.181568,0.49941945,-4.7638226],"to":[6.7951994,2.2320275,0.36180997],"rotation":{"angle":45.0,"axis":"x","origin":[5.928896,-7.7304688,6.49813]},"faces":{"down":{"uv":[12.5,2.3125,12.4375,2.875],"rotation":0,"texture":"#0","tintindex":0},"east":{"uv":[11.0,1.625,11.5625,1.8125],"rotation":0,"texture":"#0","tintindex":0},"north":{"uv":[12.8125,6.3125,12.875,6.5],"rotation":0,"texture":"#0","tintindex":0},"south":{"uv":[6.375,12.8125,6.4375,13.0],"rotation":0,"texture":"#0","tintindex":0},"up":{"uv":[2.125,13.0,2.0625,12.4375],"rotation":0,"texture":"#0","tintindex":0},"west":{"uv":[11.0,2.75,11.5625,2.9375],"rotation":0,"texture":"#0","tintindex":0}}},{"name":"cube","from":[6.001087,1.1702917,0.34066486],"to":[6.7951994,2.1809788,1.8566968],"rotation":{"angle":45.0,"axis":"x","origin":[5.928896,-7.781518,6.549177]},"faces":{"down":{"uv":[6.6875,12.8125,6.625,13.0],"rotation":0,"texture":"#0","tintindex":0},"east":{"uv":[12.5625,9.8125,12.75,9.9375],"rotation":0,"texture":"#0","tintindex":0},"north":{"uv":[5.9375,12.875,6.0,13.0],"rotation":0,"texture":"#0","tintindex":0},"south":{"uv":[12.875,5.9375,12.9375,6.0625],"rotation":0,"texture":"#0","tintindex":0},"up":{"uv":[12.875,6.6875,12.8125,6.5],"rotation":0,"texture":"#0","tintindex":0},"west":{"uv":[12.5625,9.9375,12.75,10.0625],"rotation":0,"texture":"#0","tintindex":0}}},{"name":"cube","from":[9.394112,2.5419393,3.156153],"to":[9.827264,3.913588,5.394105],"rotation":{"angle":45.0,"axis":"x","origin":[5.928896,-7.781516,6.549177]},"faces":{"down":{"uv":[12.8125,5.1875,12.75,5.4375],"rotation":0,"texture":"#0","tintindex":0},"east":{"uv":[12.5,7.5625,12.75,7.6875],"rotation":0,"texture":"#0","tintindex":0},"north":{"uv":[12.875,6.0625,12.9375,6.1875],"rotation":0,"texture":"#0","tintindex":0},"south":{"uv":[12.875,6.1875,12.9375,6.3125],"rotation":0,"texture":"#0","tintindex":0},"up":{"uv":[12.8125,4.5625,12.75,4.3125],"rotation":0,"texture":"#0","tintindex":0},"west":{"uv":[12.5,7.6875,12.75,7.8125],"rotation":0,"texture":"#0","tintindex":0}}},{"name":"cube","from":[9.394112,1.1702917,0.34066486],"to":[10.188225,2.1809788,1.8566968],"rotation":{"angle":45.0,"axis":"x","origin":[5.928896,-7.781518,6.549177]},"faces":{"down":{"uv":[12.875,6.6875,12.8125,6.875],"rotation":0,"texture":"#0","tintindex":0},"east":{"uv":[12.5625,10.4375,12.75,10.5625],"rotation":0,"texture":"#0","tintindex":0},"north":{"uv":[12.875,6.3125,12.9375,6.4375],"rotation":0,"texture":"#0","tintindex":0},"south":{"uv":[12.875,6.4375,12.9375,6.5625],"rotation":0,"texture":"#0","tintindex":0},"up":{"uv":[6.75,13.0,6.6875,12.8125],"rotation":0,"texture":"#0","tintindex":0},"west":{"uv":[12.5625,10.5625,12.75,10.6875],"rotation":0,"texture":"#0","tintindex":0}}},{"name":"cube","from":[5.567935,3.0983317,-4.691631],"to":[6.3620477,5.2640905,1.3003057],"rotation":{"angle":45.0,"axis":"x","origin":[5.928896,-7.7304688,6.49813]},"faces":{"down":{"uv":[11.5625,12.3125,11.5,12.9375],"rotation":0,"texture":"#0","tintindex":0},"east":{"uv":[10.0,7.375,10.625,7.625],"rotation":0,"texture":"#0","tintindex":0},"north":{"uv":[5.25,12.75,5.3125,13.0],"rotation":0,"texture":"#0","tintindex":0},"south":{"uv":[12.75,5.5625,12.8125,5.8125],"rotation":0,"texture":"#0","tintindex":0},"up":{"uv":[9.0,12.9375,8.9375,12.3125],"rotation":0,"texture":"#0","tintindex":0},"west":{"uv":[10.0,8.625,10.625,8.875],"rotation":0,"texture":"#0","tintindex":0}}},{"name":"cube","from":[9.394112,0.49941945,-4.7638226],"to":[10.007744,2.2320275,0.36180997],"rotation":{"angle":45.0,"axis":"x","origin":[5.928896,-7.7304688,6.49813]},"faces":{"down":{"uv":[3.4375,12.4375,3.375,13.0],"rotation":0,"texture":"#0","tintindex":0},"east":{"uv":[11.0,2.9375,11.5625,3.125],"rotation":0,"texture":"#0","tintindex":0},"north":{"uv":[12.8125,6.875,12.875,7.0625],"rotation":0,"texture":"#0","tintindex":0},"south":{"uv":[12.8125,7.0625,12.875,7.25],"rotation":0,"texture":"#0","tintindex":0},"up":{"uv":[3.375,13.0,3.3125,12.4375],"rotation":0,"texture":"#0","tintindex":0},"west":{"uv":[11.0,3.5625,11.5625,3.75],"rotation":0,"texture":"#0","tintindex":0}}},{"name":"cube","from":[9.394112,2.2320275,-5.1969748],"to":[10.188225,3.9646356,3.177298],"rotation":{"angle":45.0,"axis":"x","origin":[5.928896,-7.7304688,6.49813]},"faces":{"down":{"uv":[1.375,11.875,1.3125,12.75],"rotation":0,"texture":"#0","tintindex":0},"east":{"uv":[9.5,5.8125,10.375,6.0],"rotation":0,"texture":"#0","tintindex":0},"north":{"uv":[7.1875,12.8125,7.25,13.0],"rotation":0,"texture":"#0","tintindex":0},"south":{"uv":[12.8125,7.25,12.875,7.4375],"rotation":0,"texture":"#0","tintindex":0},"up":{"uv":[8.375,12.6875,8.3125,11.8125],"rotation":0,"texture":"#0","tintindex":0},"west":{"uv":[9.625,2.75,10.5,2.9375],"rotation":0,"texture":"#0","tintindex":0}}},{"name":"cube","from":[9.827264,3.0983317,-4.691631],"to":[10.621376,5.2640905,1.3003057],"rotation":{"angle":45.0,"axis":"x","origin":[5.928896,-7.7304688,6.49813]},"faces":{"down":{"uv":[9.25,12.375,9.1875,13.0],"rotation":0,"texture":"#0","tintindex":0},"east":{"uv":[10.0,9.5,10.625,9.75],"rotation":0,"texture":"#0","tintindex":0},"north":{"uv":[12.75,5.8125,12.8125,6.0625],"rotation":0,"texture":"#0","tintindex":0},"south":{"uv":[6.0,12.75,6.0625,13.0],"rotation":0,"texture":"#0","tintindex":0},"up":{"uv":[9.1875,13.0,9.125,12.375],"rotation":0,"texture":"#0","tintindex":0},"west":{"uv":[9.625,10.0,10.25,10.25],"rotation":0,"texture":"#0","tintindex":0}}}],"display":{"head":{"translation":[0.0,-6.4,0.0],"rotation":[0.0,0.0,0.0],"scale":[3.8095,3.8095,3.8095]}}}