{"textures":{"0":"modelengine:entity/mecha"},"elements":[{"name":"cube","from":[5.1353216,11.600444,-8.82129],"to":[5.4962807,14.488127,11.031511],"rotation":{"angle":0.0,"axis":"x","origin":[5.1353216,14.127166,-4.48977]},"faces":{"down":{"uv":[3.6875,10.125,3.75,12.1875],"rotation":0,"texture":"#0","tintindex":0},"east":{"uv":[5.1875,0.3125,3.125,0.625],"rotation":0,"texture":"#0","tintindex":0},"north":{"uv":[1.4375,11.1875,1.375,11.5],"rotation":0,"texture":"#0","tintindex":0},"south":{"uv":[11.625,5.0625,11.5625,5.375],"rotation":0,"texture":"#0","tintindex":0},"up":{"uv":[3.625,12.1875,3.6875,10.125],"rotation":0,"texture":"#0","tintindex":0},"west":{"uv":[5.1875,0.0,3.125,0.3125],"rotation":0,"texture":"#0","tintindex":0}}},{"name":"cube","from":[5.4962807,14.338612,-8.82129],"to":[5.8572416,15.060533,11.031511],"rotation":{"angle":45.0,"axis":"z","origin":[5.4962807,13.977652,-4.48977]},"faces":{"down":{"uv":[6.625,10.125,6.6875,12.1875],"rotation":0,"texture":"#0","tintindex":0},"east":{"uv":[12.0625,9.0,10.0,9.0625],"rotation":0,"texture":"#0","tintindex":0},"north":{"uv":[12.5,4.125,12.4375,4.1875],"rotation":0,"texture":"#0","tintindex":0},"south":{"uv":[12.5,4.9375,12.4375,5.0],"rotation":0,"texture":"#0","tintindex":0},"up":{"uv":[5.75,12.1875,5.8125,10.125],"rotation":0,"texture":"#0","tintindex":0},"west":{"uv":[12.0625,7.75,10.0,7.8125],"rotation":0,"texture":"#0","tintindex":0}}},{"name":"cube","from":[3.3924527,14.338612,-8.82129],"to":[3.753412,15.060533,11.031511],"rotation":{"angle":-45.0,"axis":"z","origin":[3.753412,13.977652,-4.48977]},"faces":{"down":{"uv":[6.75,10.125,6.8125,12.1875],"rotation":0,"texture":"#0","tintindex":0},"east":{"uv":[12.125,2.625,10.0625,2.6875],"rotation":0,"texture":"#0","tintindex":0},"north":{"uv":[12.5,5.9375,12.4375,6.0],"rotation":0,"texture":"#0","tintindex":0},"south":{"uv":[12.5,7.3125,12.4375,7.375],"rotation":0,"texture":"#0","tintindex":0},"up":{"uv":[6.6875,12.1875,6.75,10.125],"rotation":0,"texture":"#0","tintindex":0},"west":{"uv":[12.125,2.5625,10.0625,2.625],"rotation":0,"texture":"#0","tintindex":0}}},{"name":"cube","from":[3.753412,11.600444,-8.82129],"to":[4.1143723,14.488127,11.031511],"rotation":{"angle":0.0,"axis":"x","origin":[4.1143723,14.127166,-4.48977]},"faces":{"down":{"uv":[0.4375,10.1875,0.5,12.25],"rotation":0,"texture":"#0","tintindex":0},"east":{"uv":[5.3125,0.9375,3.25,1.25],"rotation":0,"texture":"#0","tintindex":0},"north":{"uv":[11.625,8.3125,11.5625,8.625],"rotation":0,"texture":"#0","tintindex":0},"south":{"uv":[9.5,12.5625,9.4375,12.875],"rotation":0,"texture":"#0","tintindex":0},"up":{"uv":[7.4375,12.1875,7.5,10.125],"rotation":0,"texture":"#0","tintindex":0},"west":{"uv":[5.1875,0.625,3.125,0.9375],"rotation":0,"texture":"#0","tintindex":0}}},{"name":"cube","from":[1.9486123,11.275582,10.309591],"to":[2.670532,14.488127,12.836311],"rotation":{"angle":0.0,"axis":"x","origin":[3.753412,14.127166,-7.73841]},"faces":{"down":{"uv":[12.625,12.375,12.6875,12.625],"rotation":0,"texture":"#0","tintindex":0},"east":{"uv":[11.5625,5.0625,11.3125,5.375],"rotation":0,"texture":"#0","tintindex":0},"north":{"uv":[9.625,12.5625,9.5625,12.875],"rotation":0,"texture":"#0","tintindex":0},"south":{"uv":[9.6875,12.5625,9.625,12.875],"rotation":0,"texture":"#0","tintindex":0},"up":{"uv":[11.4375,12.875,11.5,12.625],"rotation":0,"texture":"#0","tintindex":0},"west":{"uv":[11.5,10.8125,11.25,11.125],"rotation":0,"texture":"#0","tintindex":0}}},{"name":"cube","from":[2.4900517,14.488127,10.399831],"to":[2.8510122,14.99347,12.746071],"rotation":{"angle":0.0,"axis":"x","origin":[3.753412,14.091067,-7.73841]},"faces":{"down":{"uv":[12.6875,0.125,12.75,0.375],"rotation":0,"texture":"#0","tintindex":0},"east":{"uv":[9.5,6.1875,9.25,6.25],"rotation":0,"texture":"#0","tintindex":0},"north":{"uv":[12.5,10.3125,12.4375,10.375],"rotation":0,"texture":"#0","tintindex":0},"south":{"uv":[12.5625,4.9375,12.5,5.0],"rotation":0,"texture":"#0","tintindex":0},"up":{"uv":[12.625,12.875,12.6875,12.625],"rotation":0,"texture":"#0","tintindex":0},"west":{"uv":[5.9375,4.375,5.6875,4.4375],"rotation":0,"texture":"#0","tintindex":0}}},{"name":"cube","from":[2.399813,14.99347,10.309591],"to":[2.9412522,14.997078,12.836311],"rotation":{"angle":0.0,"axis":"x","origin":[3.753412,14.091067,-7.73841]},"faces":{"down":{"uv":[0.6875,12.6875,0.75,12.9375],"rotation":0,"texture":"#0","tintindex":0},"east":{"uv":[0.25,0.0,0.0,0.0],"rotation":0,"texture":"#0","tintindex":0},"north":{"uv":[0.0625,0.0,0.0,0.0],"rotation":0,"texture":"#0","tintindex":0},"south":{"uv":[0.0625,0.0,0.0,0.0],"rotation":0,"texture":"#0","tintindex":0},"up":{"uv":[12.6875,0.625,12.75,0.375],"rotation":0,"texture":"#0","tintindex":0},"west":{"uv":[0.25,0.0,0.0,0.0],"rotation":0,"texture":"#0","tintindex":0}}},{"name":"cube","from":[6.3367505,14.488127,10.399831],"to":[6.69771,14.99347,12.746071],"rotation":{"angle":0.0,"axis":"x","origin":[26.730991,14.091067,-7.73841]},"faces":{"down":{"uv":[0.8125,12.6875,0.875,12.9375],"rotation":0,"texture":"#0","tintindex":0},"east":{"uv":[6.3125,9.4375,6.0625,9.5],"rotation":0,"texture":"#0","tintindex":0},"north":{"uv":[12.6875,3.0,12.625,3.0625],"rotation":0,"texture":"#0","tintindex":0},"south":{"uv":[12.75,3.0,12.6875,3.0625],"rotation":0,"texture":"#0","tintindex":0},"up":{"uv":[0.75,12.9375,0.8125,12.6875],"rotation":0,"texture":"#0","tintindex":0},"west":{"uv":[3.5,9.4375,3.25,9.5],"rotation":0,"texture":"#0","tintindex":0}}},{"name":"cube","from":[6.2465105,14.99347,10.309591],"to":[6.7879505,14.997078,12.836311],"rotation":{"angle":0.0,"axis":"x","origin":[26.730991,14.091067,-7.73841]},"faces":{"down":{"uv":[12.6875,1.5,12.75,1.75],"rotation":0,"texture":"#0","tintindex":0},"east":{"uv":[0.25,0.0,0.0,0.0],"rotation":0,"texture":"#0","tintindex":0},"north":{"uv":[0.0625,0.0,0.0,0.0],"rotation":0,"texture":"#0","tintindex":0},"south":{"uv":[0.0625,0.0,0.0,0.0],"rotation":0,"texture":"#0","tintindex":0},"up":{"uv":[12.6875,1.5,12.75,1.25],"rotation":0,"texture":"#0","tintindex":0},"west":{"uv":[0.25,0.0,0.0,0.0],"rotation":0,"texture":"#0","tintindex":0}}},{"name":"cube","from":[2.670532,11.600444,10.309591],"to":[3.3924527,14.488127,13.55823],"rotation":{"angle":0.0,"axis":"x","origin":[3.753412,14.109117,-7.73841]},"faces":{"down":{"uv":[11.125,12.5625,11.1875,12.875],"rotation":0,"texture":"#0","tintindex":0},"east":{"uv":[11.3125,7.25,11.0,7.5625],"rotation":0,"texture":"#0","tintindex":0},"north":{"uv":[9.9375,12.5625,9.875,12.875],"rotation":0,"texture":"#0","tintindex":0},"south":{"uv":[11.0625,12.5625,11.0,12.875],"rotation":0,"texture":"#0","tintindex":0},"up":{"uv":[11.0625,12.875,11.125,12.5625],"rotation":0,"texture":"#0","tintindex":0},"west":{"uv":[11.3125,5.9375,11.0,6.25],"rotation":0,"texture":"#0","tintindex":0}}},{"name":"cube","from":[1.9486123,5.334881,10.377707],"to":[2.670532,7.6089315,11.821547],"rotation":{"angle":-22.5,"axis":"x","origin":[3.753412,7.2479715,-6.2264547]},"faces":{"down":{"uv":[12.875,2.4375,12.9375,2.5625],"rotation":0,"texture":"#0","tintindex":0},"east":{"uv":[12.5625,10.6875,12.4375,10.9375],"rotation":0,"texture":"#0","tintindex":0},"north":{"uv":[1.625,12.6875,1.5625,12.9375],"rotation":0,"texture":"#0","tintindex":0},"south":{"uv":[1.75,12.6875,1.6875,12.9375],"rotation":0,"texture":"#0","tintindex":0},"up":{"uv":[12.875,2.4375,12.9375,2.3125],"rotation":0,"texture":"#0","tintindex":0},"west":{"uv":[12.5625,10.4375,12.4375,10.6875],"rotation":0,"texture":"#0","tintindex":0}}},{"name":"cube","from":[1.9486123,12.581989,8.9756565],"to":[2.670532,13.935592,9.5170965],"rotation":{"angle":0.0,"axis":"x","origin":[3.753412,13.574632,-6.5456247]},"faces":{"down":{"uv":[12.6875,5.1875,12.75,5.25],"rotation":0,"texture":"#0","tintindex":0},"east":{"uv":[3.0,12.875,2.9375,13.0],"rotation":0,"texture":"#0","tintindex":0},"north":{"uv":[12.9375,2.5625,12.875,2.6875],"rotation":0,"texture":"#0","tintindex":0},"south":{"uv":[12.9375,2.875,12.875,3.0],"rotation":0,"texture":"#0","tintindex":0},"up":{"uv":[12.6875,3.375,12.75,3.3125],"rotation":0,"texture":"#0","tintindex":0},"west":{"uv":[2.9375,12.875,2.875,13.0],"rotation":0,"texture":"#0","tintindex":0}}},{"name":"cube","from":[1.9486123,-0.5693233,12.756022],"to":[2.670532,1.2896185,13.297462],"rotation":{"angle":-45.0,"axis":"x","origin":[3.753412,2.3724997,-2.7652583]},"faces":{"down":{"uv":[12.75,3.3125,12.8125,3.375],"rotation":0,"texture":"#0","tintindex":0},"east":{"uv":[12.1875,2.5625,12.125,2.75],"rotation":0,"texture":"#0","tintindex":0},"north":{"uv":[2.625,11.3125,2.5625,11.5],"rotation":0,"texture":"#0","tintindex":0},"south":{"uv":[11.875,11.875,11.8125,12.0625],"rotation":0,"texture":"#0","tintindex":0},"up":{"uv":[12.6875,8.875,12.75,8.8125],"rotation":0,"texture":"#0","tintindex":0},"west":{"uv":[8.1875,11.3125,8.125,11.5],"rotation":0,"texture":"#0","tintindex":0}}},{"name":"cube","from":[9.494774,11.600444,9.210133],"to":[10.216694,14.488127,12.097814],"rotation":{"angle":-22.5,"axis":"y","origin":[10.577654,14.127166,-5.9501886]},"faces":{"down":{"uv":[12.1875,12.5625,12.25,12.875],"rotation":0,"texture":"#0","tintindex":0},"east":{"uv":[11.3125,8.3125,11.0,8.625],"rotation":0,"texture":"#0","tintindex":0},"north":{"uv":[12.625,11.5,12.5625,11.8125],"rotation":0,"texture":"#0","tintindex":0},"south":{"uv":[12.625,11.8125,12.5625,12.125],"rotation":0,"texture":"#0","tintindex":0},"up":{"uv":[12.5625,12.4375,12.625,12.125],"rotation":0,"texture":"#0","tintindex":0},"west":{"uv":[8.1875,11.0,7.875,11.3125],"rotation":0,"texture":"#0","tintindex":0}}},{"name":"cube","from":[2.670532,29.942528,3.7672296],"to":[3.3924527,32.0,5.806654],"rotation":{"angle":45.0,"axis":"x","origin":[3.753412,11.425281,-12.475971]},"faces":{"down":{"uv":[12.3125,4.6875,12.375,4.875],"rotation":0,"texture":"#0","tintindex":0},"east":{"uv":[12.4375,3.125,12.25,3.3125],"rotation":0,"texture":"#0","tintindex":0},"north":{"uv":[12.1875,4.0625,12.125,4.25],"rotation":0,"texture":"#0","tintindex":0},"south":{"uv":[12.1875,7.5625,12.125,7.75],"rotation":0,"texture":"#0","tintindex":0},"up":{"uv":[12.25,2.3125,12.3125,2.125],"rotation":0,"texture":"#0","tintindex":0},"west":{"uv":[2.125,9.4375,1.9375,9.625],"rotation":0,"texture":"#0","tintindex":0}}},{"name":"cube","from":[5.7953105,11.600444,10.309591],"to":[6.517231,14.488127,13.55823],"rotation":{"angle":0.0,"axis":"x","origin":[5.43435,14.127166,-7.73841]},"faces":{"down":{"uv":[12.5625,12.4375,12.625,12.75],"rotation":0,"texture":"#0","tintindex":0},"east":{"uv":[3.3125,11.0625,3.0,11.375],"rotation":0,"texture":"#0","tintindex":0},"north":{"uv":[12.3125,12.5625,12.25,12.875],"rotation":0,"texture":"#0","tintindex":0},"south":{"uv":[12.375,12.5625,12.3125,12.875],"rotation":0,"texture":"#0","tintindex":0},"up":{"uv":[12.375,12.875,12.4375,12.5625],"rotation":0,"texture":"#0","tintindex":0},"west":{"uv":[10.0625,11.0,9.75,11.3125],"rotation":0,"texture":"#0","tintindex":0}}},{"name":"cube","from":[3.4936528,13.852563,11.031511],"to":[4.143381,15.2964,16.084951],"rotation":{"angle":-22.5,"axis":"z","origin":[5.226261,13.491603,-8.09937]},"faces":{"down":{"uv":[6.75,12.4375,6.8125,12.9375],"rotation":0,"texture":"#0","tintindex":0},"east":{"uv":[12.0625,3.5625,11.5625,3.6875],"rotation":0,"texture":"#0","tintindex":0},"north":{"uv":[12.9375,3.0,12.875,3.125],"rotation":0,"texture":"#0","tintindex":0},"south":{"uv":[12.9375,3.125,12.875,3.25],"rotation":0,"texture":"#0","tintindex":0},"up":{"uv":[0.6875,11.5,0.75,11.0],"rotation":0,"texture":"#0","tintindex":0},"west":{"uv":[12.0625,3.0,11.5625,3.125],"rotation":0,"texture":"#0","tintindex":0}}},{"name":"cube","from":[4.3156776,15.6415825,11.031511],"to":[4.9437475,15.82206,16.084951],"rotation":{"angle":0.0,"axis":"x","origin":[6.062724,14.017257,-8.09937]},"faces":{"down":{"uv":[11.625,12.4375,11.6875,12.9375],"rotation":0,"texture":"#0","tintindex":0},"east":{"uv":[12.75,9.4375,12.25,9.5],"rotation":0,"texture":"#0","tintindex":0},"north":{"uv":[12.8125,9.0625,12.75,9.125],"rotation":0,"texture":"#0","tintindex":0},"south":{"uv":[12.875,1.8125,12.8125,1.875],"rotation":0,"texture":"#0","tintindex":0},"up":{"uv":[6.9375,12.9375,7.0,12.4375],"rotation":0,"texture":"#0","tintindex":0},"west":{"uv":[12.75,1.125,12.25,1.1875],"rotation":0,"texture":"#0","tintindex":0}}},{"name":"cube","from":[5.116574,13.852563,11.031511],"to":[5.766302,15.2964,16.084951],"rotation":{"angle":22.5,"axis":"z","origin":[4.033694,13.491603,-8.09937]},"faces":{"down":{"uv":[11.75,12.4375,11.8125,12.9375],"rotation":0,"texture":"#0","tintindex":0},"east":{"uv":[12.125,4.125,11.625,4.25],"rotation":0,"texture":"#0","tintindex":0},"north":{"uv":[12.9375,3.25,12.875,3.375],"rotation":0,"texture":"#0","tintindex":0},"south":{"uv":[12.9375,3.5,12.875,3.625],"rotation":0,"texture":"#0","tintindex":0},"up":{"uv":[11.6875,12.9375,11.75,12.4375],"rotation":0,"texture":"#0","tintindex":0},"west":{"uv":[12.125,0.5625,11.625,0.6875],"rotation":0,"texture":"#0","tintindex":0}}},{"name":"cube","from":[3.4936528,10.792171,11.031511],"to":[4.143381,12.236007,16.084951],"rotation":{"angle":22.5,"axis":"z","origin":[5.226261,12.596968,-8.09937]},"faces":{"down":{"uv":[1.8125,12.5,1.875,13.0],"rotation":0,"texture":"#0","tintindex":0},"east":{"uv":[12.125,8.8125,11.625,8.9375],"rotation":0,"texture":"#0","tintindex":0},"north":{"uv":[12.9375,3.625,12.875,3.75],"rotation":0,"texture":"#0","tintindex":0},"south":{"uv":[12.9375,3.75,12.875,3.875],"rotation":0,"texture":"#0","tintindex":0},"up":{"uv":[12.4375,12.75,12.5,12.25],"rotation":0,"texture":"#0","tintindex":0},"west":{"uv":[12.125,5.5625,11.625,5.6875],"rotation":0,"texture":"#0","tintindex":0}}},{"name":"cube","from":[5.116574,10.792171,11.031511],"to":[5.766302,12.236007,16.084951],"rotation":{"angle":-22.5,"axis":"z","origin":[4.033694,12.596968,-8.09937]},"faces":{"down":{"uv":[2.3125,12.5,2.375,13.0],"rotation":0,"texture":"#0","tintindex":0},"east":{"uv":[4.8125,11.6875,4.3125,11.8125],"rotation":0,"texture":"#0","tintindex":0},"north":{"uv":[12.9375,3.875,12.875,4.0],"rotation":0,"texture":"#0","tintindex":0},"south":{"uv":[12.9375,4.0,12.875,4.125],"rotation":0,"texture":"#0","tintindex":0},"up":{"uv":[2.25,13.0,2.3125,12.5],"rotation":0,"texture":"#0","tintindex":0},"west":{"uv":[12.1875,2.3125,11.6875,2.4375],"rotation":0,"texture":"#0","tintindex":0}}},{"name":"cube","from":[4.3156776,10.266511,11.031511],"to":[4.9437475,10.446989,16.084951],"rotation":{"angle":0.0,"axis":"x","origin":[6.062724,12.071313,-8.09937]},"faces":{"down":{"uv":[2.375,12.5,2.4375,13.0],"rotation":0,"texture":"#0","tintindex":0},"east":{"uv":[12.75,10.125,12.25,10.1875],"rotation":0,"texture":"#0","tintindex":0},"north":{"uv":[12.875,5.375,12.8125,5.4375],"rotation":0,"texture":"#0","tintindex":0},"south":{"uv":[12.875,10.625,12.8125,10.6875],"rotation":0,"texture":"#0","tintindex":0},"up":{"uv":[12.5,2.8125,12.5625,2.3125],"rotation":0,"texture":"#0","tintindex":0},"west":{"uv":[12.75,9.5,12.25,9.5625],"rotation":0,"texture":"#0","tintindex":0}}},{"name":"cube","from":[3.763674,11.600444,11.031511],"to":[5.4962807,14.488127,16.084951],"rotation":{"angle":0.0,"axis":"x","origin":[5.4962807,14.127166,-8.09937]},"faces":{"down":{"uv":[8.75,11.125,8.9375,11.625],"rotation":0,"texture":"#0","tintindex":0},"east":{"uv":[10.4375,8.0,9.9375,8.3125],"rotation":0,"texture":"#0","tintindex":0},"north":{"uv":[5.25,11.9375,5.0625,12.25],"rotation":0,"texture":"#0","tintindex":0},"south":{"uv":[6.0,11.9375,5.8125,12.25],"rotation":0,"texture":"#0","tintindex":0},"up":{"uv":[8.5625,11.625,8.75,11.125],"rotation":0,"texture":"#0","tintindex":0},"west":{"uv":[10.4375,3.5625,9.9375,3.875],"rotation":0,"texture":"#0","tintindex":0}}},{"name":"cube","from":[11.286004,11.961404,17.925873],"to":[13.018612,14.127166,20.452595],"rotation":{"angle":-22.5,"axis":"y","origin":[13.018612,14.127166,-6.2584486]},"faces":{"down":{"uv":[12.1875,4.4375,12.375,4.6875],"rotation":0,"texture":"#0","tintindex":0},"east":{"uv":[5.3125,11.6875,5.0625,11.9375],"rotation":0,"texture":"#0","tintindex":0},"north":{"uv":[7.625,7.75,7.4375,8.0],"rotation":0,"texture":"#0","tintindex":0},"south":{"uv":[8.75,0.6875,8.5625,0.9375],"rotation":0,"texture":"#0","tintindex":0},"up":{"uv":[12.125,2.0625,12.3125,1.8125],"rotation":0,"texture":"#0","tintindex":0},"west":{"uv":[5.0625,11.6875,4.8125,11.9375],"rotation":0,"texture":"#0","tintindex":0}}},{"name":"cube","from":[-3.7586584,11.961404,17.925873],"to":[-2.0260491,14.127166,20.452595],"rotation":{"angle":22.5,"axis":"y","origin":[-3.7586584,14.127166,-6.2584486]},"faces":{"down":{"uv":[12.1875,8.0625,12.375,8.3125],"rotation":0,"texture":"#0","tintindex":0},"east":{"uv":[7.75,11.6875,7.5,11.9375],"rotation":0,"texture":"#0","tintindex":0},"north":{"uv":[6.8125,12.1875,6.625,12.4375],"rotation":0,"texture":"#0","tintindex":0},"south":{"uv":[12.375,7.5625,12.1875,7.8125],"rotation":0,"texture":"#0","tintindex":0},"up":{"uv":[12.1875,8.0625,12.375,7.8125],"rotation":0,"texture":"#0","tintindex":0},"west":{"uv":[6.0625,11.6875,5.8125,11.9375],"rotation":0,"texture":"#0","tintindex":0}}},{"name":"cube","from":[14.421927,11.600444,17.815365],"to":[16.154537,14.488127,19.620167],"rotation":{"angle":-22.5,"axis":"y","origin":[15.8657675,14.127166,-6.3689547]},"faces":{"down":{"uv":[12.3125,1.8125,12.5,2.0],"rotation":0,"texture":"#0","tintindex":0},"east":{"uv":[12.125,9.0625,11.9375,9.375],"rotation":0,"texture":"#0","tintindex":0},"north":{"uv":[12.125,6.25,11.9375,6.5625],"rotation":0,"texture":"#0","tintindex":0},"south":{"uv":[8.0625,11.9375,7.875,12.25],"rotation":0,"texture":"#0","tintindex":0},"up":{"uv":[12.3125,0.875,12.5,0.6875],"rotation":0,"texture":"#0","tintindex":0},"west":{"uv":[7.6875,11.9375,7.5,12.25],"rotation":0,"texture":"#0","tintindex":0}}},{"name":"cube","from":[-6.89458,11.600444,17.815365],"to":[-5.161972,14.488127,19.620167],"rotation":{"angle":22.5,"axis":"y","origin":[-6.605813,14.127166,-6.3689547]},"faces":{"down":{"uv":[12.375,6.3125,12.5625,6.5],"rotation":0,"texture":"#0","tintindex":0},"east":{"uv":[2.0625,12.0,1.875,12.3125],"rotation":0,"texture":"#0","tintindex":0},"north":{"uv":[12.125,9.375,11.9375,9.6875],"rotation":0,"texture":"#0","tintindex":0},"south":{"uv":[0.1875,12.0,0.0,12.3125],"rotation":0,"texture":"#0","tintindex":0},"up":{"uv":[12.3125,3.5625,12.5,3.375],"rotation":0,"texture":"#0","tintindex":0},"west":{"uv":[12.125,10.0,11.9375,10.3125],"rotation":0,"texture":"#0","tintindex":0}}},{"name":"cube","from":[-1.0289311,11.600444,8.849174],"to":[-0.30701137,14.488127,12.097814],"rotation":{"angle":22.5,"axis":"y","origin":[-1.3898916,14.127166,-5.9501886]},"faces":{"down":{"uv":[0.25,12.625,0.3125,12.9375],"rotation":0,"texture":"#0","tintindex":0},"east":{"uv":[11.375,8.625,11.0625,8.9375],"rotation":0,"texture":"#0","tintindex":0},"north":{"uv":[0.0625,12.625,0.0,12.9375],"rotation":0,"texture":"#0","tintindex":0},"south":{"uv":[0.125,12.625,0.0625,12.9375],"rotation":0,"texture":"#0","tintindex":0},"up":{"uv":[12.625,0.4375,12.6875,0.125],"rotation":0,"texture":"#0","tintindex":0},"west":{"uv":[11.375,5.375,11.0625,5.6875],"rotation":0,"texture":"#0","tintindex":0}}},{"name":"cube","from":[5.7953105,29.942528,3.7672296],"to":[6.517231,32.0,5.806654],"rotation":{"angle":45.0,"axis":"x","origin":[5.43435,11.425281,-12.475971]},"faces":{"down":{"uv":[12.8125,4.1875,12.875,4.375],"rotation":0,"texture":"#0","tintindex":0},"east":{"uv":[9.5,12.375,9.3125,12.5625],"rotation":0,"texture":"#0","tintindex":0},"north":{"uv":[12.5,2.875,12.4375,3.0625],"rotation":0,"texture":"#0","tintindex":0},"south":{"uv":[12.875,3.8125,12.8125,4.0],"rotation":0,"texture":"#0","tintindex":0},"up":{"uv":[12.8125,4.1875,12.875,4.0],"rotation":0,"texture":"#0","tintindex":0},"west":{"uv":[12.5625,9.25,12.375,9.4375],"rotation":0,"texture":"#0","tintindex":0}}},{"name":"cube","from":[3.3924527,16.292923,2.0075107],"to":[3.753412,19.180607,4.8951907],"rotation":{"angle":22.5,"axis":"x","origin":[4.1143723,14.127166,-4.48977]},"faces":{"down":{"uv":[1.0,12.625,1.0625,12.9375],"rotation":0,"texture":"#0","tintindex":0},"east":{"uv":[11.4375,1.8125,11.125,2.125],"rotation":0,"texture":"#0","tintindex":0},"north":{"uv":[12.6875,0.4375,12.625,0.75],"rotation":0,"texture":"#0","tintindex":0},"south":{"uv":[0.9375,12.625,0.875,12.9375],"rotation":0,"texture":"#0","tintindex":0},"up":{"uv":[0.9375,12.9375,1.0,12.625],"rotation":0,"texture":"#0","tintindex":0},"west":{"uv":[0.3125,11.125,0.0,11.4375],"rotation":0,"texture":"#0","tintindex":0}}},{"name":"cube","from":[3.1397798,12.322364,-8.09937],"to":[3.5007403,13.766206,2.3684704],"rotation":{"angle":0.0,"axis":"x","origin":[4.22266,14.127166,-4.48977]},"faces":{"down":{"uv":[3.5625,11.4375,3.625,12.5],"rotation":0,"texture":"#0","tintindex":0},"east":{"uv":[11.0625,8.875,10.0,9.0],"rotation":0,"texture":"#0","tintindex":0},"north":{"uv":[12.9375,4.125,12.875,4.25],"rotation":0,"texture":"#0","tintindex":0},"south":{"uv":[12.9375,4.25,12.875,4.375],"rotation":0,"texture":"#0","tintindex":0},"up":{"uv":[4.0625,9.25,4.125,8.1875],"rotation":0,"texture":"#0","tintindex":0},"west":{"uv":[11.0625,7.625,10.0,7.75],"rotation":0,"texture":"#0","tintindex":0}}},{"name":"cube","from":[3.077849,12.894771,-8.09937],"to":[3.4388094,13.255731,2.3684704],"rotation":{"angle":-45.0,"axis":"z","origin":[4.160729,13.255731,-4.48977]},"faces":{"down":{"uv":[11.125,11.5,11.1875,12.5625],"rotation":0,"texture":"#0","tintindex":0},"east":{"uv":[12.125,8.9375,11.0625,9.0],"rotation":0,"texture":"#0","tintindex":0},"north":{"uv":[12.875,10.9375,12.8125,11.0],"rotation":0,"texture":"#0","tintindex":0},"south":{"uv":[12.9375,0.8125,12.875,0.875],"rotation":0,"texture":"#0","tintindex":0},"up":{"uv":[11.0625,12.5625,11.125,11.5],"rotation":0,"texture":"#0","tintindex":0},"west":{"uv":[12.125,7.6875,11.0625,7.75],"rotation":0,"texture":"#0","tintindex":0}}},{"name":"cube","from":[3.3950174,13.6604805,-8.09937],"to":[3.7559779,14.021441,2.3684704],"rotation":{"angle":0.0,"axis":"x","origin":[4.4778976,14.021441,-4.48977]},"faces":{"down":{"uv":[0.9375,11.5625,1.0,12.625],"rotation":0,"texture":"#0","tintindex":0},"east":{"uv":[12.5,10.375,11.4375,10.4375],"rotation":0,"texture":"#0","tintindex":0},"north":{"uv":[12.9375,1.8125,12.875,1.875],"rotation":0,"texture":"#0","tintindex":0},"south":{"uv":[12.9375,2.6875,12.875,2.75],"rotation":0,"texture":"#0","tintindex":0},"up":{"uv":[0.875,12.625,0.9375,11.5625],"rotation":0,"texture":"#0","tintindex":0},"west":{"uv":[12.375,7.5,11.3125,7.5625],"rotation":0,"texture":"#0","tintindex":0}}},{"name":"cube","from":[3.3950174,12.067129,-8.09937],"to":[3.7559779,12.428089,2.3684704],"rotation":{"angle":0.0,"axis":"x","origin":[4.4778976,12.067129,-4.48977]},"faces":{"down":{"uv":[1.0625,11.5625,1.125,12.625],"rotation":0,"texture":"#0","tintindex":0},"east":{"uv":[12.5625,7.0,11.5,7.0625],"rotation":0,"texture":"#0","tintindex":0},"north":{"uv":[12.9375,4.5,12.875,4.5625],"rotation":0,"texture":"#0","tintindex":0},"south":{"uv":[12.9375,5.375,12.875,5.4375],"rotation":0,"texture":"#0","tintindex":0},"up":{"uv":[1.0,12.625,1.0625,11.5625],"rotation":0,"texture":"#0","tintindex":0},"west":{"uv":[12.5625,5.0,11.5,5.0625],"rotation":0,"texture":"#0","tintindex":0}}},{"name":"cube","from":[3.077849,12.832839,-8.09937],"to":[3.4388094,13.1938,2.3684704],"rotation":{"angle":45.0,"axis":"z","origin":[4.160729,12.832839,-4.48977]},"faces":{"down":{"uv":[6.5,11.5625,6.5625,12.625],"rotation":0,"texture":"#0","tintindex":0},"east":{"uv":[12.625,0.1875,11.5625,0.25],"rotation":0,"texture":"#0","tintindex":0},"north":{"uv":[12.9375,7.4375,12.875,7.5],"rotation":0,"texture":"#0","tintindex":0},"south":{"uv":[12.9375,7.5,12.875,7.5625],"rotation":0,"texture":"#0","tintindex":0},"up":{"uv":[6.4375,12.625,6.5,11.5625],"rotation":0,"texture":"#0","tintindex":0},"west":{"uv":[12.625,0.125,11.5625,0.1875],"rotation":0,"texture":"#0","tintindex":0}}},{"name":"cube","from":[4.2638874,14.637641,-8.82129],"to":[4.985807,14.998602,11.031511],"rotation":{"angle":0.0,"axis":"x","origin":[4.6248465,13.1938,-4.48977]},"faces":{"down":{"uv":[2.25,10.1875,2.3125,12.25],"rotation":0,"texture":"#0","tintindex":0},"east":{"uv":[12.25,6.625,10.1875,6.6875],"rotation":0,"texture":"#0","tintindex":0},"north":{"uv":[12.9375,7.5625,12.875,7.625],"rotation":0,"texture":"#0","tintindex":0},"south":{"uv":[7.6875,12.875,7.625,12.9375],"rotation":0,"texture":"#0","tintindex":0},"up":{"uv":[1.625,12.25,1.6875,10.1875],"rotation":0,"texture":"#0","tintindex":0},"west":{"uv":[12.125,2.6875,10.0625,2.75],"rotation":0,"texture":"#0","tintindex":0}}},{"name":"cube","from":[4.2638874,21.319244,8.483396],"to":[4.985807,21.680199,9.566276],"rotation":{"angle":22.5,"axis":"x","origin":[4.6248465,11.934281,-7.0378847]},"faces":{"down":{"uv":[4.6875,12.875,4.75,13.0],"rotation":0,"texture":"#0","tintindex":0},"east":{"uv":[6.3125,10.0625,6.1875,10.125],"rotation":0,"texture":"#0","tintindex":0},"north":{"uv":[12.9375,7.625,12.875,7.6875],"rotation":0,"texture":"#0","tintindex":0},"south":{"uv":[12.9375,7.6875,12.875,7.75],"rotation":0,"texture":"#0","tintindex":0},"up":{"uv":[12.875,4.5,12.9375,4.375],"rotation":0,"texture":"#0","tintindex":0},"west":{"uv":[9.625,2.375,9.5,2.4375],"rotation":0,"texture":"#0","tintindex":0}}},{"name":"cube","from":[5.4962807,11.028037,-8.82129],"to":[5.8572416,11.749958,11.031511],"rotation":{"angle":-45.0,"axis":"z","origin":[5.4962807,12.110919,-4.48977]},"faces":{"down":{"uv":[2.375,10.1875,2.4375,12.25],"rotation":0,"texture":"#0","tintindex":0},"east":{"uv":[12.3125,3.4375,10.25,3.5],"rotation":0,"texture":"#0","tintindex":0},"north":{"uv":[12.9375,7.75,12.875,7.8125],"rotation":0,"texture":"#0","tintindex":0},"south":{"uv":[12.9375,7.8125,12.875,7.875],"rotation":0,"texture":"#0","tintindex":0},"up":{"uv":[2.3125,12.25,2.375,10.1875],"rotation":0,"texture":"#0","tintindex":0},"west":{"uv":[12.3125,3.375,10.25,3.4375],"rotation":0,"texture":"#0","tintindex":0}}},{"name":"cube","from":[4.2638874,11.0899725,-8.82129],"to":[4.985807,11.450929,11.031511],"rotation":{"angle":0.0,"axis":"x","origin":[4.6248465,12.894771,-4.48977]},"faces":{"down":{"uv":[10.1875,10.25,10.25,12.3125],"rotation":0,"texture":"#0","tintindex":0},"east":{"uv":[12.3125,4.6875,10.25,4.75],"rotation":0,"texture":"#0","tintindex":0},"north":{"uv":[12.9375,7.875,12.875,7.9375],"rotation":0,"texture":"#0","tintindex":0},"south":{"uv":[12.9375,7.9375,12.875,8.0],"rotation":0,"texture":"#0","tintindex":0},"up":{"uv":[10.125,12.3125,10.1875,10.25],"rotation":0,"texture":"#0","tintindex":0},"west":{"uv":[12.3125,3.5,10.25,3.5625],"rotation":0,"texture":"#0","tintindex":0}}},{"name":"cube","from":[3.3924527,11.028037,-8.82129],"to":[3.753412,11.749958,11.031511],"rotation":{"angle":45.0,"axis":"z","origin":[3.753412,12.110919,-4.48977]},"faces":{"down":{"uv":[0.8125,10.3125,0.875,12.375],"rotation":0,"texture":"#0","tintindex":0},"east":{"uv":[12.3125,4.8125,10.25,4.875],"rotation":0,"texture":"#0","tintindex":0},"north":{"uv":[8.0625,12.875,8.0,12.9375],"rotation":0,"texture":"#0","tintindex":0},"south":{"uv":[12.9375,8.0,12.875,8.0625],"rotation":0,"texture":"#0","tintindex":0},"up":{"uv":[0.75,12.375,0.8125,10.3125],"rotation":0,"texture":"#0","tintindex":0},"west":{"uv":[12.3125,4.75,10.25,4.8125],"rotation":0,"texture":"#0","tintindex":0}}},{"name":"cube","from":[1.587652,9.945161,5.2561507],"to":[4.1143723,12.471879,11.031511],"rotation":{"angle":45.0,"axis":"z","origin":[3.753412,12.110919,-4.48977]},"faces":{"down":{"uv":[10.0,2.9375,10.25,3.5625],"rotation":0,"texture":"#0","tintindex":0},"east":{"uv":[10.625,0.0,10.0,0.25],"rotation":0,"texture":"#0","tintindex":0},"north":{"uv":[11.9375,9.0625,11.6875,9.3125],"rotation":0,"texture":"#0","tintindex":0},"south":{"uv":[11.9375,9.3125,11.6875,9.5625],"rotation":0,"texture":"#0","tintindex":0},"up":{"uv":[0.5,10.5,0.75,9.875],"rotation":0,"texture":"#0","tintindex":0},"west":{"uv":[10.5625,9.25,9.9375,9.5],"rotation":0,"texture":"#0","tintindex":0}}},{"name":"cube","from":[7.728427,7.8501225,6.6999903],"to":[9.533228,9.293961,9.226711],"rotation":{"angle":-22.5,"axis":"z","origin":[5.9236274,12.5426035,-4.48977]},"faces":{"down":{"uv":[12.1875,8.5625,12.375,8.8125],"rotation":0,"texture":"#0","tintindex":0},"east":{"uv":[9.875,7.0625,9.625,7.1875],"rotation":0,"texture":"#0","tintindex":0},"north":{"uv":[10.0,8.625,9.8125,8.75],"rotation":0,"texture":"#0","tintindex":0},"south":{"uv":[9.0,10.8125,8.8125,10.9375],"rotation":0,"texture":"#0","tintindex":0},"up":{"uv":[12.1875,8.5625,12.375,8.3125],"rotation":0,"texture":"#0","tintindex":0},"west":{"uv":[9.625,3.875,9.375,4.0],"rotation":0,"texture":"#0","tintindex":0}}},{"name":"cube","from":[1.9486123,7.418438,6.6999903],"to":[3.3924527,9.945161,9.226711],"rotation":{"angle":45.0,"axis":"z","origin":[3.753412,12.110919,-4.48977]},"faces":{"down":{"uv":[2.75,12.5,2.875,12.75],"rotation":0,"texture":"#0","tintindex":0},"east":{"uv":[11.9375,10.0625,11.6875,10.3125],"rotation":0,"texture":"#0","tintindex":0},"north":{"uv":[12.5625,11.125,12.4375,11.375],"rotation":0,"texture":"#0","tintindex":0},"south":{"uv":[12.625,0.5625,12.5,0.8125],"rotation":0,"texture":"#0","tintindex":0},"up":{"uv":[12.5,1.9375,12.625,1.6875],"rotation":0,"texture":"#0","tintindex":0},"west":{"uv":[11.9375,9.5625,11.6875,9.8125],"rotation":0,"texture":"#0","tintindex":0}}},{"name":"cube","from":[6.517231,11.275582,10.309591],"to":[7.2391505,14.488127,12.836311],"rotation":{"angle":0.0,"axis":"x","origin":[8.322031,14.127166,-7.73841]},"faces":{"down":{"uv":[12.6875,2.125,12.75,2.375],"rotation":0,"texture":"#0","tintindex":0},"east":{"uv":[11.5625,7.1875,11.3125,7.5],"rotation":0,"texture":"#0","tintindex":0},"north":{"uv":[1.125,12.625,1.0625,12.9375],"rotation":0,"texture":"#0","tintindex":0},"south":{"uv":[12.6875,1.25,12.625,1.5625],"rotation":0,"texture":"#0","tintindex":0},"up":{"uv":[1.75,12.9375,1.8125,12.6875],"rotation":0,"texture":"#0","tintindex":0},"west":{"uv":[11.5625,5.9375,11.3125,6.25],"rotation":0,"texture":"#0","tintindex":0}}},{"name":"cube","from":[6.517231,5.334881,10.377707],"to":[7.2391505,7.6089315,11.821547],"rotation":{"angle":-22.5,"axis":"x","origin":[8.322031,7.2479715,-6.2264547]},"faces":{"down":{"uv":[12.875,4.75,12.9375,4.875],"rotation":0,"texture":"#0","tintindex":0},"east":{"uv":[3.0,12.5,2.875,12.75],"rotation":0,"texture":"#0","tintindex":0},"north":{"uv":[12.75,2.375,12.6875,2.625],"rotation":0,"texture":"#0","tintindex":0},"south":{"uv":[2.5,12.6875,2.4375,12.9375],"rotation":0,"texture":"#0","tintindex":0},"up":{"uv":[4.75,13.0,4.8125,12.875],"rotation":0,"texture":"#0","tintindex":0},"west":{"uv":[12.625,2.8125,12.5,3.0625],"rotation":0,"texture":"#0","tintindex":0}}},{"name":"cube","from":[6.517231,12.581989,8.9756565],"to":[7.2391505,13.935592,9.5170965],"rotation":{"angle":0.0,"axis":"x","origin":[8.322031,13.574632,-6.5456247]},"faces":{"down":{"uv":[12.875,8.125,12.9375,8.1875],"rotation":0,"texture":"#0","tintindex":0},"east":{"uv":[5.25,12.875,5.1875,13.0],"rotation":0,"texture":"#0","tintindex":0},"north":{"uv":[12.9375,4.875,12.875,5.0],"rotation":0,"texture":"#0","tintindex":0},"south":{"uv":[12.9375,5.125,12.875,5.25],"rotation":0,"texture":"#0","tintindex":0},"up":{"uv":[12.875,8.125,12.9375,8.0625],"rotation":0,"texture":"#0","tintindex":0},"west":{"uv":[12.9375,5.0,12.875,5.125],"rotation":0,"texture":"#0","tintindex":0}}},{"name":"cube","from":[6.517231,-0.5693233,12.756022],"to":[7.2391505,1.2896185,13.297462],"rotation":{"angle":-45.0,"axis":"x","origin":[8.322031,2.3724997,-2.7652583]},"faces":{"down":{"uv":[8.25,12.875,8.3125,12.9375],"rotation":0,"texture":"#0","tintindex":0},"east":{"uv":[12.875,5.1875,12.8125,5.375],"rotation":0,"texture":"#0","tintindex":0},"north":{"uv":[12.875,4.375,12.8125,4.5625],"rotation":0,"texture":"#0","tintindex":0},"south":{"uv":[12.875,5.0,12.8125,5.1875],"rotation":0,"texture":"#0","tintindex":0},"up":{"uv":[12.875,8.25,12.9375,8.1875],"rotation":0,"texture":"#0","tintindex":0},"west":{"uv":[12.875,4.8125,12.8125,5.0],"rotation":0,"texture":"#0","tintindex":0}}}],"display":{"head":{"translation":[0.0,-4.794851,0.0],"rotation":[0.0,0.0,0.0],"scale":[3.8095,3.8095,3.8095]}}}