{"textures":{"0":"modelengine:entity/mecha"},"elements":[{"name":"cube","from":[10.503719,11.600444,-8.82129],"to":[10.864678,14.488127,11.031511],"rotation":{"angle":0.0,"axis":"x","origin":[10.864678,14.127166,-4.48977]},"faces":{"down":{"uv":[3.75,10.125,3.6875,12.1875],"rotation":0,"texture":"#0","tintindex":0},"east":{"uv":[3.125,0.0,5.1875,0.3125],"rotation":0,"texture":"#0","tintindex":0},"north":{"uv":[1.375,11.1875,1.4375,11.5],"rotation":0,"texture":"#0","tintindex":0},"south":{"uv":[11.5625,5.0625,11.625,5.375],"rotation":0,"texture":"#0","tintindex":0},"up":{"uv":[3.6875,12.1875,3.625,10.125],"rotation":0,"texture":"#0","tintindex":0},"west":{"uv":[3.125,0.3125,5.1875,0.625],"rotation":0,"texture":"#0","tintindex":0}}},{"name":"cube","from":[10.142759,14.338612,-8.82129],"to":[10.503719,15.060533,11.031511],"rotation":{"angle":-45.0,"axis":"z","origin":[10.503719,13.977652,-4.48977]},"faces":{"down":{"uv":[6.6875,10.125,6.625,12.1875],"rotation":0,"texture":"#0","tintindex":0},"east":{"uv":[10.0,7.75,12.0625,7.8125],"rotation":0,"texture":"#0","tintindex":0},"north":{"uv":[12.4375,4.125,12.5,4.1875],"rotation":0,"texture":"#0","tintindex":0},"south":{"uv":[12.4375,4.9375,12.5,5.0],"rotation":0,"texture":"#0","tintindex":0},"up":{"uv":[5.8125,12.1875,5.75,10.125],"rotation":0,"texture":"#0","tintindex":0},"west":{"uv":[10.0,9.0,12.0625,9.0625],"rotation":0,"texture":"#0","tintindex":0}}},{"name":"cube","from":[12.246588,14.338612,-8.82129],"to":[12.607547,15.060533,11.031511],"rotation":{"angle":45.0,"axis":"z","origin":[12.246588,13.977652,-4.48977]},"faces":{"down":{"uv":[6.8125,10.125,6.75,12.1875],"rotation":0,"texture":"#0","tintindex":0},"east":{"uv":[10.0625,2.5625,12.125,2.625],"rotation":0,"texture":"#0","tintindex":0},"north":{"uv":[12.4375,5.9375,12.5,6.0],"rotation":0,"texture":"#0","tintindex":0},"south":{"uv":[12.4375,7.3125,12.5,7.375],"rotation":0,"texture":"#0","tintindex":0},"up":{"uv":[6.75,12.1875,6.6875,10.125],"rotation":0,"texture":"#0","tintindex":0},"west":{"uv":[10.0625,2.625,12.125,2.6875],"rotation":0,"texture":"#0","tintindex":0}}},{"name":"cube","from":[11.885628,11.600444,-8.82129],"to":[12.246588,14.488127,11.031511],"rotation":{"angle":0.0,"axis":"x","origin":[11.885628,14.127166,-4.48977]},"faces":{"down":{"uv":[0.5,10.1875,0.4375,12.25],"rotation":0,"texture":"#0","tintindex":0},"east":{"uv":[3.125,0.625,5.1875,0.9375],"rotation":0,"texture":"#0","tintindex":0},"north":{"uv":[11.5625,8.3125,11.625,8.625],"rotation":0,"texture":"#0","tintindex":0},"south":{"uv":[9.4375,12.5625,9.5,12.875],"rotation":0,"texture":"#0","tintindex":0},"up":{"uv":[7.5,12.1875,7.4375,10.125],"rotation":0,"texture":"#0","tintindex":0},"west":{"uv":[3.25,0.9375,5.3125,1.25],"rotation":0,"texture":"#0","tintindex":0}}},{"name":"cube","from":[13.329468,11.275582,10.309591],"to":[14.051388,14.488127,12.836311],"rotation":{"angle":0.0,"axis":"x","origin":[12.246588,14.127166,-7.73841]},"faces":{"down":{"uv":[12.6875,12.375,12.625,12.625],"rotation":0,"texture":"#0","tintindex":0},"east":{"uv":[11.25,10.8125,11.5,11.125],"rotation":0,"texture":"#0","tintindex":0},"north":{"uv":[9.5625,12.5625,9.625,12.875],"rotation":0,"texture":"#0","tintindex":0},"south":{"uv":[9.625,12.5625,9.6875,12.875],"rotation":0,"texture":"#0","tintindex":0},"up":{"uv":[11.5,12.875,11.4375,12.625],"rotation":0,"texture":"#0","tintindex":0},"west":{"uv":[11.3125,5.0625,11.5625,5.375],"rotation":0,"texture":"#0","tintindex":0}}},{"name":"cube","from":[13.148988,14.488127,10.399831],"to":[13.509948,14.99347,12.746071],"rotation":{"angle":0.0,"axis":"x","origin":[12.246588,14.091067,-7.73841]},"faces":{"down":{"uv":[12.75,0.125,12.6875,0.375],"rotation":0,"texture":"#0","tintindex":0},"east":{"uv":[5.6875,4.375,5.9375,4.4375],"rotation":0,"texture":"#0","tintindex":0},"north":{"uv":[12.4375,10.3125,12.5,10.375],"rotation":0,"texture":"#0","tintindex":0},"south":{"uv":[12.5,4.9375,12.5625,5.0],"rotation":0,"texture":"#0","tintindex":0},"up":{"uv":[12.6875,12.875,12.625,12.625],"rotation":0,"texture":"#0","tintindex":0},"west":{"uv":[9.25,6.1875,9.5,6.25],"rotation":0,"texture":"#0","tintindex":0}}},{"name":"cube","from":[13.058747,14.99347,10.309591],"to":[13.600187,14.997078,12.836311],"rotation":{"angle":0.0,"axis":"x","origin":[12.246588,14.091067,-7.73841]},"faces":{"down":{"uv":[0.75,12.6875,0.6875,12.9375],"rotation":0,"texture":"#0","tintindex":0},"east":{"uv":[0.0,0.0,0.25,0.0],"rotation":0,"texture":"#0","tintindex":0},"north":{"uv":[0.0,0.0,0.0625,0.0],"rotation":0,"texture":"#0","tintindex":0},"south":{"uv":[0.0,0.0,0.0625,0.0],"rotation":0,"texture":"#0","tintindex":0},"up":{"uv":[12.75,0.625,12.6875,0.375],"rotation":0,"texture":"#0","tintindex":0},"west":{"uv":[0.0,0.0,0.25,0.0],"rotation":0,"texture":"#0","tintindex":0}}},{"name":"cube","from":[9.30229,14.488127,10.399831],"to":[9.66325,14.99347,12.746071],"rotation":{"angle":0.0,"axis":"x","origin":[-10.730991,14.091067,-7.73841]},"faces":{"down":{"uv":[0.875,12.6875,0.8125,12.9375],"rotation":0,"texture":"#0","tintindex":0},"east":{"uv":[3.25,9.4375,3.5,9.5],"rotation":0,"texture":"#0","tintindex":0},"north":{"uv":[12.625,3.0,12.6875,3.0625],"rotation":0,"texture":"#0","tintindex":0},"south":{"uv":[12.6875,3.0,12.75,3.0625],"rotation":0,"texture":"#0","tintindex":0},"up":{"uv":[0.8125,12.9375,0.75,12.6875],"rotation":0,"texture":"#0","tintindex":0},"west":{"uv":[6.0625,9.4375,6.3125,9.5],"rotation":0,"texture":"#0","tintindex":0}}},{"name":"cube","from":[9.2120495,14.99347,10.309591],"to":[9.7534895,14.997078,12.836311],"rotation":{"angle":0.0,"axis":"x","origin":[-10.730991,14.091067,-7.73841]},"faces":{"down":{"uv":[12.75,1.5,12.6875,1.75],"rotation":0,"texture":"#0","tintindex":0},"east":{"uv":[0.0,0.0,0.25,0.0],"rotation":0,"texture":"#0","tintindex":0},"north":{"uv":[0.0,0.0,0.0625,0.0],"rotation":0,"texture":"#0","tintindex":0},"south":{"uv":[0.0,0.0,0.0625,0.0],"rotation":0,"texture":"#0","tintindex":0},"up":{"uv":[12.75,1.5,12.6875,1.25],"rotation":0,"texture":"#0","tintindex":0},"west":{"uv":[0.0,0.0,0.25,0.0],"rotation":0,"texture":"#0","tintindex":0}}},{"name":"cube","from":[12.607547,11.600444,10.309591],"to":[13.329468,14.488127,13.55823],"rotation":{"angle":0.0,"axis":"x","origin":[12.246588,14.109117,-7.73841]},"faces":{"down":{"uv":[11.1875,12.5625,11.125,12.875],"rotation":0,"texture":"#0","tintindex":0},"east":{"uv":[11.0,5.9375,11.3125,6.25],"rotation":0,"texture":"#0","tintindex":0},"north":{"uv":[9.875,12.5625,9.9375,12.875],"rotation":0,"texture":"#0","tintindex":0},"south":{"uv":[11.0,12.5625,11.0625,12.875],"rotation":0,"texture":"#0","tintindex":0},"up":{"uv":[11.125,12.875,11.0625,12.5625],"rotation":0,"texture":"#0","tintindex":0},"west":{"uv":[11.0,7.25,11.3125,7.5625],"rotation":0,"texture":"#0","tintindex":0}}},{"name":"cube","from":[13.329468,5.334881,10.377707],"to":[14.051388,7.6089315,11.821547],"rotation":{"angle":-22.5,"axis":"x","origin":[12.246588,7.2479715,-6.2264547]},"faces":{"down":{"uv":[12.9375,2.4375,12.875,2.5625],"rotation":0,"texture":"#0","tintindex":0},"east":{"uv":[12.4375,10.4375,12.5625,10.6875],"rotation":0,"texture":"#0","tintindex":0},"north":{"uv":[1.5625,12.6875,1.625,12.9375],"rotation":0,"texture":"#0","tintindex":0},"south":{"uv":[1.6875,12.6875,1.75,12.9375],"rotation":0,"texture":"#0","tintindex":0},"up":{"uv":[12.9375,2.4375,12.875,2.3125],"rotation":0,"texture":"#0","tintindex":0},"west":{"uv":[12.4375,10.6875,12.5625,10.9375],"rotation":0,"texture":"#0","tintindex":0}}},{"name":"cube","from":[13.329468,12.581989,8.9756565],"to":[14.051388,13.935592,9.5170965],"rotation":{"angle":0.0,"axis":"x","origin":[12.246588,13.574632,-6.5456247]},"faces":{"down":{"uv":[12.75,5.1875,12.6875,5.25],"rotation":0,"texture":"#0","tintindex":0},"east":{"uv":[2.875,12.875,2.9375,13.0],"rotation":0,"texture":"#0","tintindex":0},"north":{"uv":[12.875,2.5625,12.9375,2.6875],"rotation":0,"texture":"#0","tintindex":0},"south":{"uv":[12.875,2.875,12.9375,3.0],"rotation":0,"texture":"#0","tintindex":0},"up":{"uv":[12.75,3.375,12.6875,3.3125],"rotation":0,"texture":"#0","tintindex":0},"west":{"uv":[2.9375,12.875,3.0,13.0],"rotation":0,"texture":"#0","tintindex":0}}},{"name":"cube","from":[13.329468,-0.5693233,12.756022],"to":[14.051388,1.2896185,13.297462],"rotation":{"angle":-45.0,"axis":"x","origin":[12.246588,2.3724997,-2.7652583]},"faces":{"down":{"uv":[12.8125,3.3125,12.75,3.375],"rotation":0,"texture":"#0","tintindex":0},"east":{"uv":[8.125,11.3125,8.1875,11.5],"rotation":0,"texture":"#0","tintindex":0},"north":{"uv":[2.5625,11.3125,2.625,11.5],"rotation":0,"texture":"#0","tintindex":0},"south":{"uv":[11.8125,11.875,11.875,12.0625],"rotation":0,"texture":"#0","tintindex":0},"up":{"uv":[12.75,8.875,12.6875,8.8125],"rotation":0,"texture":"#0","tintindex":0},"west":{"uv":[12.125,2.5625,12.1875,2.75],"rotation":0,"texture":"#0","tintindex":0}}},{"name":"cube","from":[5.783306,11.600444,9.210133],"to":[6.505226,14.488127,12.097814],"rotation":{"angle":22.5,"axis":"y","origin":[5.422346,14.127166,-5.9501886]},"faces":{"down":{"uv":[12.25,12.5625,12.1875,12.875],"rotation":0,"texture":"#0","tintindex":0},"east":{"uv":[7.875,11.0,8.1875,11.3125],"rotation":0,"texture":"#0","tintindex":0},"north":{"uv":[12.5625,11.5,12.625,11.8125],"rotation":0,"texture":"#0","tintindex":0},"south":{"uv":[12.5625,11.8125,12.625,12.125],"rotation":0,"texture":"#0","tintindex":0},"up":{"uv":[12.625,12.4375,12.5625,12.125],"rotation":0,"texture":"#0","tintindex":0},"west":{"uv":[11.0,8.3125,11.3125,8.625],"rotation":0,"texture":"#0","tintindex":0}}},{"name":"cube","from":[12.607547,29.942528,3.7672296],"to":[13.329468,32.0,5.806654],"rotation":{"angle":45.0,"axis":"x","origin":[12.246588,11.425281,-12.475971]},"faces":{"down":{"uv":[12.375,4.6875,12.3125,4.875],"rotation":0,"texture":"#0","tintindex":0},"east":{"uv":[1.9375,9.4375,2.125,9.625],"rotation":0,"texture":"#0","tintindex":0},"north":{"uv":[12.125,4.0625,12.1875,4.25],"rotation":0,"texture":"#0","tintindex":0},"south":{"uv":[12.125,7.5625,12.1875,7.75],"rotation":0,"texture":"#0","tintindex":0},"up":{"uv":[12.3125,2.3125,12.25,2.125],"rotation":0,"texture":"#0","tintindex":0},"west":{"uv":[12.25,3.125,12.4375,3.3125],"rotation":0,"texture":"#0","tintindex":0}}},{"name":"cube","from":[9.482769,11.600444,10.309591],"to":[10.204689,14.488127,13.55823],"rotation":{"angle":0.0,"axis":"x","origin":[10.56565,14.127166,-7.73841]},"faces":{"down":{"uv":[12.625,12.4375,12.5625,12.75],"rotation":0,"texture":"#0","tintindex":0},"east":{"uv":[9.75,11.0,10.0625,11.3125],"rotation":0,"texture":"#0","tintindex":0},"north":{"uv":[12.25,12.5625,12.3125,12.875],"rotation":0,"texture":"#0","tintindex":0},"south":{"uv":[12.3125,12.5625,12.375,12.875],"rotation":0,"texture":"#0","tintindex":0},"up":{"uv":[12.4375,12.875,12.375,12.5625],"rotation":0,"texture":"#0","tintindex":0},"west":{"uv":[3.0,11.0625,3.3125,11.375],"rotation":0,"texture":"#0","tintindex":0}}},{"name":"cube","from":[11.856619,13.852563,11.031511],"to":[12.506347,15.2964,16.084951],"rotation":{"angle":22.5,"axis":"z","origin":[10.773739,13.491603,-8.09937]},"faces":{"down":{"uv":[6.8125,12.4375,6.75,12.9375],"rotation":0,"texture":"#0","tintindex":0},"east":{"uv":[11.5625,3.0,12.0625,3.125],"rotation":0,"texture":"#0","tintindex":0},"north":{"uv":[12.875,3.0,12.9375,3.125],"rotation":0,"texture":"#0","tintindex":0},"south":{"uv":[12.875,3.125,12.9375,3.25],"rotation":0,"texture":"#0","tintindex":0},"up":{"uv":[0.75,11.5,0.6875,11.0],"rotation":0,"texture":"#0","tintindex":0},"west":{"uv":[11.5625,3.5625,12.0625,3.6875],"rotation":0,"texture":"#0","tintindex":0}}},{"name":"cube","from":[11.0562525,15.6415825,11.031511],"to":[11.684322,15.82206,16.084951],"rotation":{"angle":0.0,"axis":"x","origin":[9.937276,14.017257,-8.09937]},"faces":{"down":{"uv":[11.6875,12.4375,11.625,12.9375],"rotation":0,"texture":"#0","tintindex":0},"east":{"uv":[12.25,1.125,12.75,1.1875],"rotation":0,"texture":"#0","tintindex":0},"north":{"uv":[12.75,9.0625,12.8125,9.125],"rotation":0,"texture":"#0","tintindex":0},"south":{"uv":[12.8125,1.8125,12.875,1.875],"rotation":0,"texture":"#0","tintindex":0},"up":{"uv":[7.0,12.9375,6.9375,12.4375],"rotation":0,"texture":"#0","tintindex":0},"west":{"uv":[12.25,9.4375,12.75,9.5],"rotation":0,"texture":"#0","tintindex":0}}},{"name":"cube","from":[10.233698,13.852563,11.031511],"to":[10.883427,15.2964,16.084951],"rotation":{"angle":-22.5,"axis":"z","origin":[11.966306,13.491603,-8.09937]},"faces":{"down":{"uv":[11.8125,12.4375,11.75,12.9375],"rotation":0,"texture":"#0","tintindex":0},"east":{"uv":[11.625,0.5625,12.125,0.6875],"rotation":0,"texture":"#0","tintindex":0},"north":{"uv":[12.875,3.25,12.9375,3.375],"rotation":0,"texture":"#0","tintindex":0},"south":{"uv":[12.875,3.5,12.9375,3.625],"rotation":0,"texture":"#0","tintindex":0},"up":{"uv":[11.75,12.9375,11.6875,12.4375],"rotation":0,"texture":"#0","tintindex":0},"west":{"uv":[11.625,4.125,12.125,4.25],"rotation":0,"texture":"#0","tintindex":0}}},{"name":"cube","from":[11.856619,10.792171,11.031511],"to":[12.506347,12.236007,16.084951],"rotation":{"angle":-22.5,"axis":"z","origin":[10.773739,12.596968,-8.09937]},"faces":{"down":{"uv":[1.875,12.5,1.8125,13.0],"rotation":0,"texture":"#0","tintindex":0},"east":{"uv":[11.625,5.5625,12.125,5.6875],"rotation":0,"texture":"#0","tintindex":0},"north":{"uv":[12.875,3.625,12.9375,3.75],"rotation":0,"texture":"#0","tintindex":0},"south":{"uv":[12.875,3.75,12.9375,3.875],"rotation":0,"texture":"#0","tintindex":0},"up":{"uv":[12.5,12.75,12.4375,12.25],"rotation":0,"texture":"#0","tintindex":0},"west":{"uv":[11.625,8.8125,12.125,8.9375],"rotation":0,"texture":"#0","tintindex":0}}},{"name":"cube","from":[10.233698,10.792171,11.031511],"to":[10.883427,12.236007,16.084951],"rotation":{"angle":22.5,"axis":"z","origin":[11.966306,12.596968,-8.09937]},"faces":{"down":{"uv":[2.375,12.5,2.3125,13.0],"rotation":0,"texture":"#0","tintindex":0},"east":{"uv":[11.6875,2.3125,12.1875,2.4375],"rotation":0,"texture":"#0","tintindex":0},"north":{"uv":[12.875,3.875,12.9375,4.0],"rotation":0,"texture":"#0","tintindex":0},"south":{"uv":[12.875,4.0,12.9375,4.125],"rotation":0,"texture":"#0","tintindex":0},"up":{"uv":[2.3125,13.0,2.25,12.5],"rotation":0,"texture":"#0","tintindex":0},"west":{"uv":[4.3125,11.6875,4.8125,11.8125],"rotation":0,"texture":"#0","tintindex":0}}},{"name":"cube","from":[11.0562525,10.266511,11.031511],"to":[11.684322,10.446989,16.084951],"rotation":{"angle":0.0,"axis":"x","origin":[9.937276,12.071313,-8.09937]},"faces":{"down":{"uv":[2.4375,12.5,2.375,13.0],"rotation":0,"texture":"#0","tintindex":0},"east":{"uv":[12.25,9.5,12.75,9.5625],"rotation":0,"texture":"#0","tintindex":0},"north":{"uv":[12.8125,5.375,12.875,5.4375],"rotation":0,"texture":"#0","tintindex":0},"south":{"uv":[12.8125,10.625,12.875,10.6875],"rotation":0,"texture":"#0","tintindex":0},"up":{"uv":[12.5625,2.8125,12.5,2.3125],"rotation":0,"texture":"#0","tintindex":0},"west":{"uv":[12.25,10.125,12.75,10.1875],"rotation":0,"texture":"#0","tintindex":0}}},{"name":"cube","from":[10.503719,11.600444,11.031511],"to":[12.236326,14.488127,16.084951],"rotation":{"angle":0.0,"axis":"x","origin":[10.503719,14.127166,-8.09937]},"faces":{"down":{"uv":[8.9375,11.125,8.75,11.625],"rotation":0,"texture":"#0","tintindex":0},"east":{"uv":[9.9375,3.5625,10.4375,3.875],"rotation":0,"texture":"#0","tintindex":0},"north":{"uv":[5.0625,11.9375,5.25,12.25],"rotation":0,"texture":"#0","tintindex":0},"south":{"uv":[5.8125,11.9375,6.0,12.25],"rotation":0,"texture":"#0","tintindex":0},"up":{"uv":[8.75,11.625,8.5625,11.125],"rotation":0,"texture":"#0","tintindex":0},"west":{"uv":[9.9375,8.0,10.4375,8.3125],"rotation":0,"texture":"#0","tintindex":0}}},{"name":"cube","from":[2.9813879,11.961404,17.925873],"to":[4.713996,14.127166,20.452595],"rotation":{"angle":22.5,"axis":"y","origin":[2.9813879,14.127166,-6.2584486]},"faces":{"down":{"uv":[12.375,4.4375,12.1875,4.6875],"rotation":0,"texture":"#0","tintindex":0},"east":{"uv":[4.8125,11.6875,5.0625,11.9375],"rotation":0,"texture":"#0","tintindex":0},"north":{"uv":[7.4375,7.75,7.625,8.0],"rotation":0,"texture":"#0","tintindex":0},"south":{"uv":[8.5625,0.6875,8.75,0.9375],"rotation":0,"texture":"#0","tintindex":0},"up":{"uv":[12.3125,2.0625,12.125,1.8125],"rotation":0,"texture":"#0","tintindex":0},"west":{"uv":[5.0625,11.6875,5.3125,11.9375],"rotation":0,"texture":"#0","tintindex":0}}},{"name":"cube","from":[18.026049,11.961404,17.925873],"to":[19.75866,14.127166,20.452595],"rotation":{"angle":-22.5,"axis":"y","origin":[19.75866,14.127166,-6.2584486]},"faces":{"down":{"uv":[12.375,8.0625,12.1875,8.3125],"rotation":0,"texture":"#0","tintindex":0},"east":{"uv":[5.8125,11.6875,6.0625,11.9375],"rotation":0,"texture":"#0","tintindex":0},"north":{"uv":[6.625,12.1875,6.8125,12.4375],"rotation":0,"texture":"#0","tintindex":0},"south":{"uv":[12.1875,7.5625,12.375,7.8125],"rotation":0,"texture":"#0","tintindex":0},"up":{"uv":[12.375,8.0625,12.1875,7.8125],"rotation":0,"texture":"#0","tintindex":0},"west":{"uv":[7.5,11.6875,7.75,11.9375],"rotation":0,"texture":"#0","tintindex":0}}},{"name":"cube","from":[-0.15453601,11.600444,17.815365],"to":[1.5780721,14.488127,19.620167],"rotation":{"angle":22.5,"axis":"y","origin":[0.13423228,14.127166,-6.3689547]},"faces":{"down":{"uv":[12.5,1.8125,12.3125,2.0],"rotation":0,"texture":"#0","tintindex":0},"east":{"uv":[7.5,11.9375,7.6875,12.25],"rotation":0,"texture":"#0","tintindex":0},"north":{"uv":[11.9375,6.25,12.125,6.5625],"rotation":0,"texture":"#0","tintindex":0},"south":{"uv":[7.875,11.9375,8.0625,12.25],"rotation":0,"texture":"#0","tintindex":0},"up":{"uv":[12.5,0.875,12.3125,0.6875],"rotation":0,"texture":"#0","tintindex":0},"west":{"uv":[11.9375,9.0625,12.125,9.375],"rotation":0,"texture":"#0","tintindex":0}}},{"name":"cube","from":[21.161972,11.600444,17.815365],"to":[22.89458,14.488127,19.620167],"rotation":{"angle":-22.5,"axis":"y","origin":[22.605812,14.127166,-6.3689547]},"faces":{"down":{"uv":[12.5625,6.3125,12.375,6.5],"rotation":0,"texture":"#0","tintindex":0},"east":{"uv":[11.9375,10.0,12.125,10.3125],"rotation":0,"texture":"#0","tintindex":0},"north":{"uv":[11.9375,9.375,12.125,9.6875],"rotation":0,"texture":"#0","tintindex":0},"south":{"uv":[0.0,12.0,0.1875,12.3125],"rotation":0,"texture":"#0","tintindex":0},"up":{"uv":[12.5,3.5625,12.3125,3.375],"rotation":0,"texture":"#0","tintindex":0},"west":{"uv":[1.875,12.0,2.0625,12.3125],"rotation":0,"texture":"#0","tintindex":0}}},{"name":"cube","from":[16.30701,11.600444,8.849174],"to":[17.02893,14.488127,12.097814],"rotation":{"angle":-22.5,"axis":"y","origin":[17.389893,14.127166,-5.9501886]},"faces":{"down":{"uv":[0.3125,12.625,0.25,12.9375],"rotation":0,"texture":"#0","tintindex":0},"east":{"uv":[11.0625,5.375,11.375,5.6875],"rotation":0,"texture":"#0","tintindex":0},"north":{"uv":[0.0,12.625,0.0625,12.9375],"rotation":0,"texture":"#0","tintindex":0},"south":{"uv":[0.0625,12.625,0.125,12.9375],"rotation":0,"texture":"#0","tintindex":0},"up":{"uv":[12.6875,0.4375,12.625,0.125],"rotation":0,"texture":"#0","tintindex":0},"west":{"uv":[11.0625,8.625,11.375,8.9375],"rotation":0,"texture":"#0","tintindex":0}}},{"name":"cube","from":[9.482769,29.942528,3.7672296],"to":[10.204689,32.0,5.806654],"rotation":{"angle":45.0,"axis":"x","origin":[10.56565,11.425281,-12.475971]},"faces":{"down":{"uv":[12.875,4.1875,12.8125,4.375],"rotation":0,"texture":"#0","tintindex":0},"east":{"uv":[12.375,9.25,12.5625,9.4375],"rotation":0,"texture":"#0","tintindex":0},"north":{"uv":[12.4375,2.875,12.5,3.0625],"rotation":0,"texture":"#0","tintindex":0},"south":{"uv":[12.8125,3.8125,12.875,4.0],"rotation":0,"texture":"#0","tintindex":0},"up":{"uv":[12.875,4.1875,12.8125,4.0],"rotation":0,"texture":"#0","tintindex":0},"west":{"uv":[9.3125,12.375,9.5,12.5625],"rotation":0,"texture":"#0","tintindex":0}}},{"name":"cube","from":[12.246588,16.292923,2.0075107],"to":[12.607547,19.180607,4.8951907],"rotation":{"angle":22.5,"axis":"x","origin":[11.885628,14.127166,-4.48977]},"faces":{"down":{"uv":[1.0625,12.625,1.0,12.9375],"rotation":0,"texture":"#0","tintindex":0},"east":{"uv":[0.0,11.125,0.3125,11.4375],"rotation":0,"texture":"#0","tintindex":0},"north":{"uv":[12.625,0.4375,12.6875,0.75],"rotation":0,"texture":"#0","tintindex":0},"south":{"uv":[0.875,12.625,0.9375,12.9375],"rotation":0,"texture":"#0","tintindex":0},"up":{"uv":[1.0,12.9375,0.9375,12.625],"rotation":0,"texture":"#0","tintindex":0},"west":{"uv":[11.125,1.8125,11.4375,2.125],"rotation":0,"texture":"#0","tintindex":0}}},{"name":"cube","from":[12.49926,12.322364,-8.09937],"to":[12.86022,13.766206,2.3684704],"rotation":{"angle":0.0,"axis":"x","origin":[11.77734,14.127166,-4.48977]},"faces":{"down":{"uv":[3.625,11.4375,3.5625,12.5],"rotation":0,"texture":"#0","tintindex":0},"east":{"uv":[10.0,7.625,11.0625,7.75],"rotation":0,"texture":"#0","tintindex":0},"north":{"uv":[12.875,4.125,12.9375,4.25],"rotation":0,"texture":"#0","tintindex":0},"south":{"uv":[12.875,4.25,12.9375,4.375],"rotation":0,"texture":"#0","tintindex":0},"up":{"uv":[4.125,9.25,4.0625,8.1875],"rotation":0,"texture":"#0","tintindex":0},"west":{"uv":[10.0,8.875,11.0625,9.0],"rotation":0,"texture":"#0","tintindex":0}}},{"name":"cube","from":[12.561191,12.894771,-8.09937],"to":[12.922151,13.255731,2.3684704],"rotation":{"angle":45.0,"axis":"z","origin":[11.839271,13.255731,-4.48977]},"faces":{"down":{"uv":[11.1875,11.5,11.125,12.5625],"rotation":0,"texture":"#0","tintindex":0},"east":{"uv":[11.0625,7.6875,12.125,7.75],"rotation":0,"texture":"#0","tintindex":0},"north":{"uv":[12.8125,10.9375,12.875,11.0],"rotation":0,"texture":"#0","tintindex":0},"south":{"uv":[12.875,0.8125,12.9375,0.875],"rotation":0,"texture":"#0","tintindex":0},"up":{"uv":[11.125,12.5625,11.0625,11.5],"rotation":0,"texture":"#0","tintindex":0},"west":{"uv":[11.0625,8.9375,12.125,9.0],"rotation":0,"texture":"#0","tintindex":0}}},{"name":"cube","from":[12.244022,13.6604805,-8.09937],"to":[12.604982,14.021441,2.3684704],"rotation":{"angle":0.0,"axis":"x","origin":[11.522102,14.021441,-4.48977]},"faces":{"down":{"uv":[1.0,11.5625,0.9375,12.625],"rotation":0,"texture":"#0","tintindex":0},"east":{"uv":[11.3125,7.5,12.375,7.5625],"rotation":0,"texture":"#0","tintindex":0},"north":{"uv":[12.875,1.8125,12.9375,1.875],"rotation":0,"texture":"#0","tintindex":0},"south":{"uv":[12.875,2.6875,12.9375,2.75],"rotation":0,"texture":"#0","tintindex":0},"up":{"uv":[0.9375,12.625,0.875,11.5625],"rotation":0,"texture":"#0","tintindex":0},"west":{"uv":[11.4375,10.375,12.5,10.4375],"rotation":0,"texture":"#0","tintindex":0}}},{"name":"cube","from":[12.244022,12.067129,-8.09937],"to":[12.604982,12.428089,2.3684704],"rotation":{"angle":0.0,"axis":"x","origin":[11.522102,12.067129,-4.48977]},"faces":{"down":{"uv":[1.125,11.5625,1.0625,12.625],"rotation":0,"texture":"#0","tintindex":0},"east":{"uv":[11.5,5.0,12.5625,5.0625],"rotation":0,"texture":"#0","tintindex":0},"north":{"uv":[12.875,4.5,12.9375,4.5625],"rotation":0,"texture":"#0","tintindex":0},"south":{"uv":[12.875,5.375,12.9375,5.4375],"rotation":0,"texture":"#0","tintindex":0},"up":{"uv":[1.0625,12.625,1.0,11.5625],"rotation":0,"texture":"#0","tintindex":0},"west":{"uv":[11.5,7.0,12.5625,7.0625],"rotation":0,"texture":"#0","tintindex":0}}},{"name":"cube","from":[12.561191,12.832839,-8.09937],"to":[12.922151,13.1938,2.3684704],"rotation":{"angle":-45.0,"axis":"z","origin":[11.839271,12.832839,-4.48977]},"faces":{"down":{"uv":[6.5625,11.5625,6.5,12.625],"rotation":0,"texture":"#0","tintindex":0},"east":{"uv":[11.5625,0.125,12.625,0.1875],"rotation":0,"texture":"#0","tintindex":0},"north":{"uv":[12.875,7.4375,12.9375,7.5],"rotation":0,"texture":"#0","tintindex":0},"south":{"uv":[12.875,7.5,12.9375,7.5625],"rotation":0,"texture":"#0","tintindex":0},"up":{"uv":[6.5,12.625,6.4375,11.5625],"rotation":0,"texture":"#0","tintindex":0},"west":{"uv":[11.5625,0.1875,12.625,0.25],"rotation":0,"texture":"#0","tintindex":0}}},{"name":"cube","from":[11.014193,14.637641,-8.82129],"to":[11.736113,14.998602,11.031511],"rotation":{"angle":0.0,"axis":"x","origin":[11.375154,13.1938,-4.48977]},"faces":{"down":{"uv":[2.3125,10.1875,2.25,12.25],"rotation":0,"texture":"#0","tintindex":0},"east":{"uv":[10.0625,2.6875,12.125,2.75],"rotation":0,"texture":"#0","tintindex":0},"north":{"uv":[12.875,7.5625,12.9375,7.625],"rotation":0,"texture":"#0","tintindex":0},"south":{"uv":[7.625,12.875,7.6875,12.9375],"rotation":0,"texture":"#0","tintindex":0},"up":{"uv":[1.6875,12.25,1.625,10.1875],"rotation":0,"texture":"#0","tintindex":0},"west":{"uv":[10.1875,6.625,12.25,6.6875],"rotation":0,"texture":"#0","tintindex":0}}},{"name":"cube","from":[11.014193,21.319244,8.483396],"to":[11.736113,21.680199,9.566276],"rotation":{"angle":22.5,"axis":"x","origin":[11.375154,11.934281,-7.0378847]},"faces":{"down":{"uv":[4.75,12.875,4.6875,13.0],"rotation":0,"texture":"#0","tintindex":0},"east":{"uv":[9.5,2.375,9.625,2.4375],"rotation":0,"texture":"#0","tintindex":0},"north":{"uv":[12.875,7.625,12.9375,7.6875],"rotation":0,"texture":"#0","tintindex":0},"south":{"uv":[12.875,7.6875,12.9375,7.75],"rotation":0,"texture":"#0","tintindex":0},"up":{"uv":[12.9375,4.5,12.875,4.375],"rotation":0,"texture":"#0","tintindex":0},"west":{"uv":[6.1875,10.0625,6.3125,10.125],"rotation":0,"texture":"#0","tintindex":0}}},{"name":"cube","from":[10.142759,11.028037,-8.82129],"to":[10.503719,11.749958,11.031511],"rotation":{"angle":45.0,"axis":"z","origin":[10.503719,12.110919,-4.48977]},"faces":{"down":{"uv":[2.4375,10.1875,2.375,12.25],"rotation":0,"texture":"#0","tintindex":0},"east":{"uv":[10.25,3.375,12.3125,3.4375],"rotation":0,"texture":"#0","tintindex":0},"north":{"uv":[12.875,7.75,12.9375,7.8125],"rotation":0,"texture":"#0","tintindex":0},"south":{"uv":[12.875,7.8125,12.9375,7.875],"rotation":0,"texture":"#0","tintindex":0},"up":{"uv":[2.375,12.25,2.3125,10.1875],"rotation":0,"texture":"#0","tintindex":0},"west":{"uv":[10.25,3.4375,12.3125,3.5],"rotation":0,"texture":"#0","tintindex":0}}},{"name":"cube","from":[11.014193,11.0899725,-8.82129],"to":[11.736113,11.450929,11.031511],"rotation":{"angle":0.0,"axis":"x","origin":[11.375154,12.894771,-4.48977]},"faces":{"down":{"uv":[10.25,10.25,10.1875,12.3125],"rotation":0,"texture":"#0","tintindex":0},"east":{"uv":[10.25,3.5,12.3125,3.5625],"rotation":0,"texture":"#0","tintindex":0},"north":{"uv":[12.875,7.875,12.9375,7.9375],"rotation":0,"texture":"#0","tintindex":0},"south":{"uv":[12.875,7.9375,12.9375,8.0],"rotation":0,"texture":"#0","tintindex":0},"up":{"uv":[10.1875,12.3125,10.125,10.25],"rotation":0,"texture":"#0","tintindex":0},"west":{"uv":[10.25,4.6875,12.3125,4.75],"rotation":0,"texture":"#0","tintindex":0}}},{"name":"cube","from":[12.246588,11.028037,-8.82129],"to":[12.607547,11.749958,11.031511],"rotation":{"angle":-45.0,"axis":"z","origin":[12.246588,12.110919,-4.48977]},"faces":{"down":{"uv":[0.875,10.3125,0.8125,12.375],"rotation":0,"texture":"#0","tintindex":0},"east":{"uv":[10.25,4.75,12.3125,4.8125],"rotation":0,"texture":"#0","tintindex":0},"north":{"uv":[8.0,12.875,8.0625,12.9375],"rotation":0,"texture":"#0","tintindex":0},"south":{"uv":[12.875,8.0,12.9375,8.0625],"rotation":0,"texture":"#0","tintindex":0},"up":{"uv":[0.8125,12.375,0.75,10.3125],"rotation":0,"texture":"#0","tintindex":0},"west":{"uv":[10.25,4.8125,12.3125,4.875],"rotation":0,"texture":"#0","tintindex":0}}},{"name":"cube","from":[11.885628,9.945161,5.2561507],"to":[14.412348,12.471879,11.031511],"rotation":{"angle":-45.0,"axis":"z","origin":[12.246588,12.110919,-4.48977]},"faces":{"down":{"uv":[10.25,2.9375,10.0,3.5625],"rotation":0,"texture":"#0","tintindex":0},"east":{"uv":[9.9375,9.25,10.5625,9.5],"rotation":0,"texture":"#0","tintindex":0},"north":{"uv":[11.6875,9.0625,11.9375,9.3125],"rotation":0,"texture":"#0","tintindex":0},"south":{"uv":[11.6875,9.3125,11.9375,9.5625],"rotation":0,"texture":"#0","tintindex":0},"up":{"uv":[0.75,10.5,0.5,9.875],"rotation":0,"texture":"#0","tintindex":0},"west":{"uv":[10.0,0.0,10.625,0.25],"rotation":0,"texture":"#0","tintindex":0}}},{"name":"cube","from":[6.4667726,7.8501225,6.6999903],"to":[8.271573,9.293961,9.226711],"rotation":{"angle":22.5,"axis":"z","origin":[10.076372,12.5426035,-4.48977]},"faces":{"down":{"uv":[12.375,8.5625,12.1875,8.8125],"rotation":0,"texture":"#0","tintindex":0},"east":{"uv":[9.375,3.875,9.625,4.0],"rotation":0,"texture":"#0","tintindex":0},"north":{"uv":[9.8125,8.625,10.0,8.75],"rotation":0,"texture":"#0","tintindex":0},"south":{"uv":[8.8125,10.8125,9.0,10.9375],"rotation":0,"texture":"#0","tintindex":0},"up":{"uv":[12.375,8.5625,12.1875,8.3125],"rotation":0,"texture":"#0","tintindex":0},"west":{"uv":[9.625,7.0625,9.875,7.1875],"rotation":0,"texture":"#0","tintindex":0}}},{"name":"cube","from":[12.607547,7.418438,6.6999903],"to":[14.051388,9.945161,9.226711],"rotation":{"angle":-45.0,"axis":"z","origin":[12.246588,12.110919,-4.48977]},"faces":{"down":{"uv":[2.875,12.5,2.75,12.75],"rotation":0,"texture":"#0","tintindex":0},"east":{"uv":[11.6875,9.5625,11.9375,9.8125],"rotation":0,"texture":"#0","tintindex":0},"north":{"uv":[12.4375,11.125,12.5625,11.375],"rotation":0,"texture":"#0","tintindex":0},"south":{"uv":[12.5,0.5625,12.625,0.8125],"rotation":0,"texture":"#0","tintindex":0},"up":{"uv":[12.625,1.9375,12.5,1.6875],"rotation":0,"texture":"#0","tintindex":0},"west":{"uv":[11.6875,10.0625,11.9375,10.3125],"rotation":0,"texture":"#0","tintindex":0}}},{"name":"cube","from":[8.760849,11.275582,10.309591],"to":[9.482769,14.488127,12.836311],"rotation":{"angle":0.0,"axis":"x","origin":[7.6779695,14.127166,-7.73841]},"faces":{"down":{"uv":[12.75,2.125,12.6875,2.375],"rotation":0,"texture":"#0","tintindex":0},"east":{"uv":[11.3125,5.9375,11.5625,6.25],"rotation":0,"texture":"#0","tintindex":0},"north":{"uv":[1.0625,12.625,1.125,12.9375],"rotation":0,"texture":"#0","tintindex":0},"south":{"uv":[12.625,1.25,12.6875,1.5625],"rotation":0,"texture":"#0","tintindex":0},"up":{"uv":[1.8125,12.9375,1.75,12.6875],"rotation":0,"texture":"#0","tintindex":0},"west":{"uv":[11.3125,7.1875,11.5625,7.5],"rotation":0,"texture":"#0","tintindex":0}}},{"name":"cube","from":[8.760849,5.334881,10.377707],"to":[9.482769,7.6089315,11.821547],"rotation":{"angle":-22.5,"axis":"x","origin":[7.6779695,7.2479715,-6.2264547]},"faces":{"down":{"uv":[12.9375,4.75,12.875,4.875],"rotation":0,"texture":"#0","tintindex":0},"east":{"uv":[12.5,2.8125,12.625,3.0625],"rotation":0,"texture":"#0","tintindex":0},"north":{"uv":[12.6875,2.375,12.75,2.625],"rotation":0,"texture":"#0","tintindex":0},"south":{"uv":[2.4375,12.6875,2.5,12.9375],"rotation":0,"texture":"#0","tintindex":0},"up":{"uv":[4.8125,13.0,4.75,12.875],"rotation":0,"texture":"#0","tintindex":0},"west":{"uv":[2.875,12.5,3.0,12.75],"rotation":0,"texture":"#0","tintindex":0}}},{"name":"cube","from":[8.760849,12.581989,8.9756565],"to":[9.482769,13.935592,9.5170965],"rotation":{"angle":0.0,"axis":"x","origin":[7.6779695,13.574632,-6.5456247]},"faces":{"down":{"uv":[12.9375,8.125,12.875,8.1875],"rotation":0,"texture":"#0","tintindex":0},"east":{"uv":[12.875,5.0,12.9375,5.125],"rotation":0,"texture":"#0","tintindex":0},"north":{"uv":[12.875,4.875,12.9375,5.0],"rotation":0,"texture":"#0","tintindex":0},"south":{"uv":[12.875,5.125,12.9375,5.25],"rotation":0,"texture":"#0","tintindex":0},"up":{"uv":[12.9375,8.125,12.875,8.0625],"rotation":0,"texture":"#0","tintindex":0},"west":{"uv":[5.1875,12.875,5.25,13.0],"rotation":0,"texture":"#0","tintindex":0}}},{"name":"cube","from":[8.760849,-0.5693233,12.756022],"to":[9.482769,1.2896185,13.297462],"rotation":{"angle":-45.0,"axis":"x","origin":[7.6779695,2.3724997,-2.7652583]},"faces":{"down":{"uv":[8.3125,12.875,8.25,12.9375],"rotation":0,"texture":"#0","tintindex":0},"east":{"uv":[12.8125,4.8125,12.875,5.0],"rotation":0,"texture":"#0","tintindex":0},"north":{"uv":[12.8125,4.375,12.875,4.5625],"rotation":0,"texture":"#0","tintindex":0},"south":{"uv":[12.8125,5.0,12.875,5.1875],"rotation":0,"texture":"#0","tintindex":0},"up":{"uv":[12.9375,8.25,12.875,8.1875],"rotation":0,"texture":"#0","tintindex":0},"west":{"uv":[12.8125,5.1875,12.875,5.375],"rotation":0,"texture":"#0","tintindex":0}}}],"display":{"head":{"translation":[0.0,-4.794851,0.0],"rotation":[0.0,0.0,0.0],"scale":[3.8095,3.8095,3.8095]}}}