{"data":72,"parent":"item/generated","textures":{"layer0":"item/leather_horse_armor"},"overrides":[{"predicate":{"custom_model_data":1},"model":"modelengine:pedestal/octagon"},{"predicate":{"custom_model_data":2},"model":"modelengine:pedestal/hexadecagon"},{"predicate":{"custom_model_data":3},"model":"modelengine:satan01/leg1"},{"predicate":{"custom_model_data":4},"model":"modelengine:satan01/leg2"},{"predicate":{"custom_model_data":5},"model":"modelengine:satan01/middl"},{"predicate":{"custom_model_data":6},"model":"modelengine:satan01/arms"},{"predicate":{"custom_model_data":7},"model":"modelengine:satan01/hands"},{"predicate":{"custom_model_data":8},"model":"modelengine:satan01/head"},{"predicate":{"custom_model_data":9},"model":"modelengine:satan01/horns"},{"predicate":{"custom_model_data":10},"model":"modelengine:satan01/beard"},{"predicate":{"custom_model_data":11},"model":"modelengine:satan01/ears"},{"predicate":{"custom_model_data":12},"model":"modelengine:satan01/face"},{"predicate":{"custom_model_data":13},"model":"modelengine:satan01/wings"},{"predicate":{"custom_model_data":14},"model":"modelengine:satan01/armor"},{"predicate":{"custom_model_data":15},"model":"modelengine:satan01/pentagram"},{"predicate":{"custom_model_data":16},"model":"modelengine:satan01/pedestal"},{"predicate":{"custom_model_data":17},"model":"modelengine:satan01/legs"},{"predicate":{"custom_model_data":18},"model":"modelengine:satan01/head2"},{"predicate":{"custom_model_data":19},"model":"modelengine:satan01/dress"},{"predicate":{"custom_model_data":20},"model":"modelengine:satan01/arms2"},{"predicate":{"custom_model_data":21},"model":"modelengine:satan01/head3"},{"predicate":{"custom_model_data":22},"model":"modelengine:satan01/clothing"},{"predicate":{"custom_model_data":23},"model":"modelengine:satan01/arms3"},{"predicate":{"custom_model_data":24},"model":"modelengine:statue1/bone"},{"predicate":{"custom_model_data":25},"model":"modelengine:statue1/bone3"},{"predicate":{"custom_model_data":26},"model":"modelengine:statue1/bone4"},{"predicate":{"custom_model_data":27},"model":"modelengine:statue1/bone5"},{"predicate":{"custom_model_data":28},"model":"modelengine:statue1/bone6"},{"predicate":{"custom_model_data":29},"model":"modelengine:statue1/bone7"},{"predicate":{"custom_model_data":30},"model":"modelengine:statue1/bone8"},{"predicate":{"custom_model_data":31},"model":"modelengine:statue1/bone2"},{"predicate":{"custom_model_data":32},"model":"modelengine:statue1/octagon"},{"predicate":{"custom_model_data":33},"model":"modelengine:statue2/bone"},{"predicate":{"custom_model_data":34},"model":"modelengine:statue2/bone2"},{"predicate":{"custom_model_data":35},"model":"modelengine:statue2/bone3"},{"predicate":{"custom_model_data":36},"model":"modelengine:statue2/bone4"},{"predicate":{"custom_model_data":37},"model":"modelengine:statue2/bone5"},{"predicate":{"custom_model_data":38},"model":"modelengine:statue2/bone6"},{"predicate":{"custom_model_data":39},"model":"modelengine:statue2/bone7"},{"predicate":{"custom_model_data":40},"model":"modelengine:statue2/bone8"},{"predicate":{"custom_model_data":41},"model":"modelengine:statue2/bone9"},{"predicate":{"custom_model_data":42},"model":"modelengine:statue2/octagon"},{"predicate":{"custom_model_data":43},"model":"modelengine:statue3/bone"},{"predicate":{"custom_model_data":44},"model":"modelengine:statue3/bone2"},{"predicate":{"custom_model_data":45},"model":"modelengine:statue3/bone3"},{"predicate":{"custom_model_data":46},"model":"modelengine:statue3/bone4"},{"predicate":{"custom_model_data":47},"model":"modelengine:statue3/bone5"},{"predicate":{"custom_model_data":48},"model":"modelengine:statue3/bone6"},{"predicate":{"custom_model_data":49},"model":"modelengine:statue3/bone7"},{"predicate":{"custom_model_data":50},"model":"modelengine:statue3/bone8"},{"predicate":{"custom_model_data":51},"model":"modelengine:statue3/octagon"},{"predicate":{"custom_model_data":52},"model":"modelengine:statue4/bone"},{"predicate":{"custom_model_data":53},"model":"modelengine:statue4/bone2"},{"predicate":{"custom_model_data":54},"model":"modelengine:statue4/bone3"},{"predicate":{"custom_model_data":55},"model":"modelengine:statue4/bone4"},{"predicate":{"custom_model_data":56},"model":"modelengine:statue4/bone5"},{"predicate":{"custom_model_data":57},"model":"modelengine:statue4/bone6"},{"predicate":{"custom_model_data":58},"model":"modelengine:statue4/octagon"},{"predicate":{"custom_model_data":59},"model":"modelengine:statue_saint_michael1/been1"},{"predicate":{"custom_model_data":60},"model":"modelengine:statue_saint_michael1/been2"},{"predicate":{"custom_model_data":61},"model":"modelengine:statue_saint_michael1/arm1"},{"predicate":{"custom_model_data":62},"model":"modelengine:statue_saint_michael1/zwaart"},{"predicate":{"custom_model_data":63},"model":"modelengine:statue_saint_michael1/torso"},{"predicate":{"custom_model_data":64},"model":"modelengine:statue_saint_michael1/arm2"},{"predicate":{"custom_model_data":65},"model":"modelengine:statue_saint_michael1/schild"},{"predicate":{"custom_model_data":66},"model":"modelengine:statue_saint_michael1/vleugels"},{"predicate":{"custom_model_data":67},"model":"modelengine:statue_saint_michael1/hoofd"},{"predicate":{"custom_model_data":68},"model":"modelengine:statue_saint_michael1/schede"},{"predicate":{"custom_model_data":69},"model":"modelengine:statue_saint_michael1/textiel"},{"predicate":{"custom_model_data":70},"model":"modelengine:statue_saint_michael1/harnas"},{"predicate":{"custom_model_data":71},"model":"modelengine:statue_saint_michael1/octagon"},{"predicate":{"custom_model_data":72},"model":"modelengine:statue_saint_michael1/voetstuk"}]}