{"textures":{"0":"modelengine:entity/villager_farmer"},"elements":[{"name":"body","from":[5.3,2.8999999,6.5],"to":[10.700001,13.1,9.5],"rotation":{"angle":0.0,"axis":"x","origin":[-2.8000002,-1.6000004,8.0]},"faces":{"down":{"uv":[8.0,5.0,6.0,6.0],"rotation":0,"texture":"#0","tintindex":0},"east":{"uv":[0.0,4.0,1.0,8.0],"rotation":0,"texture":"#0","tintindex":0},"north":{"uv":[0.0,0.0,2.0,4.0],"rotation":0,"texture":"#0","tintindex":0},"south":{"uv":[2.0,0.0,4.0,4.0],"rotation":0,"texture":"#0","tintindex":0},"up":{"uv":[8.0,5.0,6.0,4.0],"rotation":0,"texture":"#0","tintindex":0},"west":{"uv":[4.0,0.0,5.0,4.0],"rotation":0,"texture":"#0","tintindex":0}}}],"display":{"head":{"translation":[0.0,-6.4,0.0],"rotation":[0.0,0.0,0.0],"scale":[3.8095,3.8095,3.8095]}}}