{"textures":{"0":"modelengine:entity/villager_farmer"},"elements":[{"name":"leftarm","from":[7.7,5.6,6.8],"to":[9.5,9.2,9.2],"rotation":{"angle":0.0,"axis":"x","origin":[5.3,-5.200001,8.0]},"faces":{"down":{"uv":[11.75,0.0,11.0,1.0],"rotation":0,"texture":"#0","tintindex":0},"east":{"uv":[4.0,9.0,5.0,10.5],"rotation":0,"texture":"#0","tintindex":0},"north":{"uv":[10.25,0.0,11.0,1.5],"rotation":0,"texture":"#0","tintindex":0},"south":{"uv":[6.0,10.25,6.75,11.75],"rotation":0,"texture":"#0","tintindex":0},"up":{"uv":[11.5,7.0,10.75,6.0],"rotation":0,"texture":"#0","tintindex":0},"west":{"uv":[9.0,4.0,10.0,5.5],"rotation":0,"texture":"#0","tintindex":0}}}],"display":{"head":{"translation":[0.0,-6.4,0.0],"rotation":[0.0,0.0,0.0],"scale":[3.8095,3.8095,3.8095]}}}