{"textures":{"0":"modelengine:entity/villager_farmer"},"elements":[{"name":"head","from":[6.2,8.0,6.2],"to":[9.8,12.2,9.8],"rotation":{"angle":0.0,"axis":"x","origin":[8.0,-6.4000006,8.0]},"faces":{"down":{"uv":[5.5,5.75,4.0,7.25],"rotation":0,"texture":"#0","tintindex":0},"east":{"uv":[5.0,0.0,6.5,1.75],"rotation":0,"texture":"#0","tintindex":0},"north":{"uv":[4.5,4.0,6.0,5.75],"rotation":0,"texture":"#0","tintindex":0},"south":{"uv":[5.0,1.75,6.5,3.5],"rotation":0,"texture":"#0","tintindex":0},"up":{"uv":[4.0,7.25,2.5,5.75],"rotation":0,"texture":"#0","tintindex":0},"west":{"uv":[1.0,5.75,2.5,7.5],"rotation":0,"texture":"#0","tintindex":0}}},{"name":"head","from":[6.08,12.26,6.08],"to":[9.92,12.26,9.92],"rotation":{"angle":0.0,"axis":"x","origin":[8.0,-6.4000006,8.0]},"faces":{"down":{"uv":[4.375,4.0,2.75,5.625],"rotation":0,"texture":"#0","tintindex":0},"east":{"uv":[0.0,0.0,1.625,0.0],"rotation":0,"texture":"#0","tintindex":0},"north":{"uv":[0.0,0.0,1.625,0.0],"rotation":0,"texture":"#0","tintindex":0},"south":{"uv":[0.0,0.0,1.625,0.0],"rotation":0,"texture":"#0","tintindex":0},"up":{"uv":[2.625,5.625,1.0,4.0],"rotation":0,"texture":"#0","tintindex":0},"west":{"uv":[0.0,0.0,1.625,0.0],"rotation":0,"texture":"#0","tintindex":0}}},{"name":"head","from":[6.05,11.0,6.05],"to":[9.950001,11.6,6.05],"rotation":{"angle":0.0,"axis":"x","origin":[8.0,-6.4000006,8.0]},"faces":{"down":{"uv":[1.625,0.0,0.0,0.0],"rotation":0,"texture":"#0","tintindex":0},"east":{"uv":[0.0,0.0,0.0,0.25],"rotation":0,"texture":"#0","tintindex":0},"north":{"uv":[9.5,3.25,11.125,3.5],"rotation":0,"texture":"#0","tintindex":0},"south":{"uv":[11.0,8.0,12.625,8.25],"rotation":0,"texture":"#0","tintindex":0},"up":{"uv":[1.625,0.0,0.0,0.0],"rotation":0,"texture":"#0","tintindex":0},"west":{"uv":[0.0,0.0,0.0,0.25],"rotation":0,"texture":"#0","tintindex":0}}},{"name":"head","from":[6.1099997,11.6,6.1099997],"to":[9.889999,12.26,6.1099997],"rotation":{"angle":0.0,"axis":"x","origin":[8.0,-6.4000006,8.0]},"faces":{"down":{"uv":[1.625,0.0,0.0,0.0],"rotation":0,"texture":"#0","tintindex":0},"east":{"uv":[0.0,0.0,0.0,0.25],"rotation":0,"texture":"#0","tintindex":0},"north":{"uv":[11.0,8.25,12.625,8.5],"rotation":0,"texture":"#0","tintindex":0},"south":{"uv":[11.25,3.0,12.875,3.25],"rotation":0,"texture":"#0","tintindex":0},"up":{"uv":[1.625,0.0,0.0,0.0],"rotation":0,"texture":"#0","tintindex":0},"west":{"uv":[0.0,0.0,0.0,0.25],"rotation":0,"texture":"#0","tintindex":0}}},{"name":"head","from":[6.05,11.0,9.950001],"to":[9.950001,11.0,11.75],"rotation":{"angle":0.0,"axis":"x","origin":[8.0,-6.4000006,8.0]},"faces":{"down":{"uv":[11.125,2.5,9.5,3.25],"rotation":0,"texture":"#0","tintindex":0},"east":{"uv":[0.0,0.0,0.75,0.0],"rotation":0,"texture":"#0","tintindex":0},"north":{"uv":[0.0,0.0,1.625,0.0],"rotation":0,"texture":"#0","tintindex":0},"south":{"uv":[0.0,0.0,1.625,0.0],"rotation":0,"texture":"#0","tintindex":0},"up":{"uv":[11.125,2.5,9.5,1.75],"rotation":0,"texture":"#0","tintindex":0},"west":{"uv":[0.0,0.0,0.75,0.0],"rotation":0,"texture":"#0","tintindex":0}}},{"name":"head","from":[6.05,11.0,4.25],"to":[9.950001,11.0,6.05],"rotation":{"angle":0.0,"axis":"x","origin":[8.0,-6.4000006,8.0]},"faces":{"down":{"uv":[11.375,8.5,9.75,9.25],"rotation":0,"texture":"#0","tintindex":0},"east":{"uv":[0.0,0.0,0.75,0.0],"rotation":0,"texture":"#0","tintindex":0},"north":{"uv":[0.0,0.0,1.625,0.0],"rotation":0,"texture":"#0","tintindex":0},"south":{"uv":[0.0,0.0,1.625,0.0],"rotation":0,"texture":"#0","tintindex":0},"up":{"uv":[7.625,10.25,6.0,9.5],"rotation":0,"texture":"#0","tintindex":0},"west":{"uv":[0.0,0.0,0.75,0.0],"rotation":0,"texture":"#0","tintindex":0}}},{"name":"head","from":[6.05,11.0,9.950001],"to":[9.950001,11.6,9.950001],"rotation":{"angle":0.0,"axis":"x","origin":[8.0,-6.4000006,8.0]},"faces":{"down":{"uv":[1.625,0.0,0.0,0.0],"rotation":0,"texture":"#0","tintindex":0},"east":{"uv":[0.0,0.0,0.0,0.25],"rotation":0,"texture":"#0","tintindex":0},"north":{"uv":[11.25,3.25,12.875,3.5],"rotation":0,"texture":"#0","tintindex":0},"south":{"uv":[10.25,11.25,11.875,11.5],"rotation":0,"texture":"#0","tintindex":0},"up":{"uv":[1.625,0.0,0.0,0.0],"rotation":0,"texture":"#0","tintindex":0},"west":{"uv":[0.0,0.0,0.0,0.25],"rotation":0,"texture":"#0","tintindex":0}}},{"name":"head","from":[6.05,11.0,6.05],"to":[6.05,11.6,9.950001],"rotation":{"angle":0.0,"axis":"x","origin":[8.0,-6.4000006,8.0]},"faces":{"down":{"uv":[0.0,0.0,0.0,1.625],"rotation":0,"texture":"#0","tintindex":0},"east":{"uv":[11.5,6.0,13.125,6.25],"rotation":0,"texture":"#0","tintindex":0},"north":{"uv":[0.0,0.0,0.0,0.25],"rotation":0,"texture":"#0","tintindex":0},"south":{"uv":[0.0,0.0,0.0,0.25],"rotation":0,"texture":"#0","tintindex":0},"up":{"uv":[0.0,1.625,0.0,0.0],"rotation":0,"texture":"#0","tintindex":0},"west":{"uv":[11.5,6.25,13.125,6.5],"rotation":0,"texture":"#0","tintindex":0}}},{"name":"head","from":[9.950001,11.0,6.05],"to":[11.75,11.0,9.950001],"rotation":{"angle":0.0,"axis":"x","origin":[8.0,-6.4000006,8.0]},"faces":{"down":{"uv":[10.5,9.25,9.75,10.875],"rotation":0,"texture":"#0","tintindex":0},"east":{"uv":[0.0,0.0,1.625,0.0],"rotation":0,"texture":"#0","tintindex":0},"north":{"uv":[0.0,0.0,0.75,0.0],"rotation":0,"texture":"#0","tintindex":0},"south":{"uv":[0.0,0.0,0.75,0.0],"rotation":0,"texture":"#0","tintindex":0},"up":{"uv":[0.75,11.375,0.0,9.75],"rotation":0,"texture":"#0","tintindex":0},"west":{"uv":[0.0,0.0,1.625,0.0],"rotation":0,"texture":"#0","tintindex":0}}},{"name":"head","from":[4.25,11.0,6.05],"to":[6.05,11.0,9.950001],"rotation":{"angle":0.0,"axis":"x","origin":[8.0,-6.4000006,8.0]},"faces":{"down":{"uv":[10.75,5.75,10.0,7.375],"rotation":0,"texture":"#0","tintindex":0},"east":{"uv":[0.0,0.0,1.625,0.0],"rotation":0,"texture":"#0","tintindex":0},"north":{"uv":[0.0,0.0,0.75,0.0],"rotation":0,"texture":"#0","tintindex":0},"south":{"uv":[0.0,0.0,0.75,0.0],"rotation":0,"texture":"#0","tintindex":0},"up":{"uv":[10.75,5.625,10.0,4.0],"rotation":0,"texture":"#0","tintindex":0},"west":{"uv":[0.0,0.0,1.625,0.0],"rotation":0,"texture":"#0","tintindex":0}}},{"name":"head","from":[9.950001,11.0,6.05],"to":[9.950001,11.6,9.950001],"rotation":{"angle":0.0,"axis":"x","origin":[8.0,-6.4000006,8.0]},"faces":{"down":{"uv":[0.0,0.0,0.0,1.625],"rotation":0,"texture":"#0","tintindex":0},"east":{"uv":[11.5,6.5,13.125,6.75],"rotation":0,"texture":"#0","tintindex":0},"north":{"uv":[0.0,0.0,0.0,0.25],"rotation":0,"texture":"#0","tintindex":0},"south":{"uv":[0.0,0.0,0.0,0.25],"rotation":0,"texture":"#0","tintindex":0},"up":{"uv":[0.0,1.625,0.0,0.0],"rotation":0,"texture":"#0","tintindex":0},"west":{"uv":[11.5,6.75,13.125,7.0],"rotation":0,"texture":"#0","tintindex":0}}},{"name":"head","from":[6.1099997,11.6,6.1099997],"to":[6.1099997,12.26,9.889999],"rotation":{"angle":0.0,"axis":"x","origin":[8.0,-6.4000006,8.0]},"faces":{"down":{"uv":[0.0,0.0,0.0,1.625],"rotation":0,"texture":"#0","tintindex":0},"east":{"uv":[11.5,8.5,13.125,8.75],"rotation":0,"texture":"#0","tintindex":0},"north":{"uv":[0.0,0.0,0.0,0.25],"rotation":0,"texture":"#0","tintindex":0},"south":{"uv":[0.0,0.0,0.0,0.25],"rotation":0,"texture":"#0","tintindex":0},"up":{"uv":[0.0,1.625,0.0,0.0],"rotation":0,"texture":"#0","tintindex":0},"west":{"uv":[11.5,8.75,13.125,9.0],"rotation":0,"texture":"#0","tintindex":0}}},{"name":"head","from":[6.1099997,11.6,9.889999],"to":[9.889999,12.26,9.889999],"rotation":{"angle":0.0,"axis":"x","origin":[8.0,-6.4000006,8.0]},"faces":{"down":{"uv":[1.625,0.0,0.0,0.0],"rotation":0,"texture":"#0","tintindex":0},"east":{"uv":[0.0,0.0,0.0,0.25],"rotation":0,"texture":"#0","tintindex":0},"north":{"uv":[11.5,9.0,13.125,9.25],"rotation":0,"texture":"#0","tintindex":0},"south":{"uv":[11.5,9.25,13.125,9.5],"rotation":0,"texture":"#0","tintindex":0},"up":{"uv":[1.625,0.0,0.0,0.0],"rotation":0,"texture":"#0","tintindex":0},"west":{"uv":[0.0,0.0,0.0,0.25],"rotation":0,"texture":"#0","tintindex":0}}},{"name":"head","from":[9.889999,11.6,6.1099997],"to":[9.889999,12.26,9.889999],"rotation":{"angle":0.0,"axis":"x","origin":[8.0,-6.4000006,8.0]},"faces":{"down":{"uv":[0.0,0.0,0.0,1.625],"rotation":0,"texture":"#0","tintindex":0},"east":{"uv":[11.5,9.5,13.125,9.75],"rotation":0,"texture":"#0","tintindex":0},"north":{"uv":[0.0,0.0,0.0,0.25],"rotation":0,"texture":"#0","tintindex":0},"south":{"uv":[0.0,0.0,0.0,0.25],"rotation":0,"texture":"#0","tintindex":0},"up":{"uv":[0.0,1.625,0.0,0.0],"rotation":0,"texture":"#0","tintindex":0},"west":{"uv":[11.5,9.75,13.125,10.0],"rotation":0,"texture":"#0","tintindex":0}}},{"name":"head","from":[7.4,6.8,5.0],"to":[8.6,9.2,6.2],"rotation":{"angle":0.0,"axis":"x","origin":[8.0,-6.4000006,8.0]},"faces":{"down":{"uv":[8.0,10.25,7.5,10.75],"rotation":0,"texture":"#0","tintindex":0},"east":{"uv":[5.0,9.0,5.5,10.0],"rotation":0,"texture":"#0","tintindex":0},"north":{"uv":[2.0,7.5,2.5,8.5],"rotation":0,"texture":"#0","tintindex":0},"south":{"uv":[5.0,10.0,5.5,11.0],"rotation":0,"texture":"#0","tintindex":0},"up":{"uv":[2.5,9.0,2.0,8.5],"rotation":0,"texture":"#0","tintindex":0},"west":{"uv":[5.0,11.0,5.5,12.0],"rotation":0,"texture":"#0","tintindex":0}}}],"display":{"head":{"translation":[0.0,-6.4,0.0],"rotation":[0.0,0.0,0.0],"scale":[3.8095,3.8095,3.8095]}}}