{"textures":{"0":"modelengine:entity/villager_farmer"},"elements":[{"name":"cube","from":[3.7999997,18.8,-4.0000005],"to":[4.3999996,19.400002,16.400002],"rotation":{"angle":0.0,"axis":"x","origin":[8.0,8.0,8.0]},"faces":{"down":{"uv":[6.0,5.75,5.75,14.25],"rotation":0,"texture":"#0","tintindex":0},"east":{"uv":[5.0,3.5,13.5,3.75],"rotation":0,"texture":"#0","tintindex":0},"north":{"uv":[8.75,10.0,9.0,10.25],"rotation":0,"texture":"#0","tintindex":0},"south":{"uv":[0.75,10.5,1.0,10.75],"rotation":0,"texture":"#0","tintindex":0},"up":{"uv":[5.75,14.25,5.5,5.75],"rotation":0,"texture":"#0","tintindex":0},"west":{"uv":[5.0,3.75,13.5,4.0],"rotation":0,"texture":"#0","tintindex":0}}},{"name":"cube","from":[2.6,18.8,-4.6000004],"to":[5.6,19.400002,-4.0000005],"rotation":{"angle":0.0,"axis":"x","origin":[7.4,7.4,8.6]},"faces":{"down":{"uv":[12.75,10.25,11.5,10.5],"rotation":0,"texture":"#0","tintindex":0},"east":{"uv":[0.75,10.75,1.0,11.0],"rotation":0,"texture":"#0","tintindex":0},"north":{"uv":[3.75,11.5,5.0,11.75],"rotation":0,"texture":"#0","tintindex":0},"south":{"uv":[11.5,10.0,12.75,10.25],"rotation":0,"texture":"#0","tintindex":0},"up":{"uv":[11.5,11.75,10.25,11.5],"rotation":0,"texture":"#0","tintindex":0},"west":{"uv":[3.75,10.75,4.0,11.0],"rotation":0,"texture":"#0","tintindex":0}}},{"name":"cube","from":[5.06,18.86,-6.4000006],"to":[5.54,19.34,-4.6000004],"rotation":{"angle":0.0,"axis":"x","origin":[7.4,7.4,8.6]},"faces":{"down":{"uv":[9.0,9.25,8.75,10.0],"rotation":0,"texture":"#0","tintindex":0},"east":{"uv":[10.25,1.5,11.0,1.75],"rotation":0,"texture":"#0","tintindex":0},"north":{"uv":[10.75,7.0,11.0,7.25],"rotation":0,"texture":"#0","tintindex":0},"south":{"uv":[10.75,7.25,11.0,7.5],"rotation":0,"texture":"#0","tintindex":0},"up":{"uv":[2.0,10.0,1.75,9.25],"rotation":0,"texture":"#0","tintindex":0},"west":{"uv":[0.0,11.5,0.75,11.75],"rotation":0,"texture":"#0","tintindex":0}}},{"name":"cube","from":[5.12,18.920002,-7.6000004],"to":[5.48,19.279999,-6.4000006],"rotation":{"angle":0.0,"axis":"x","origin":[7.4,7.4,8.6]},"faces":{"down":{"uv":[1.625,11.0,1.5,11.5],"rotation":0,"texture":"#0","tintindex":0},"east":{"uv":[7.5,10.75,8.0,10.875],"rotation":0,"texture":"#0","tintindex":0},"north":{"uv":[4.5,11.75,4.625,11.875],"rotation":0,"texture":"#0","tintindex":0},"south":{"uv":[11.75,4.5,11.875,4.625],"rotation":0,"texture":"#0","tintindex":0},"up":{"uv":[11.125,1.5,11.0,1.0],"rotation":0,"texture":"#0","tintindex":0},"west":{"uv":[8.25,11.0,8.75,11.125],"rotation":0,"texture":"#0","tintindex":0}}},{"name":"cube","from":[3.9199996,18.920002,-7.6000004],"to":[4.2799997,19.279999,-6.4000006],"rotation":{"angle":0.0,"axis":"x","origin":[7.4,7.4,8.6]},"faces":{"down":{"uv":[1.625,11.5,1.5,12.0],"rotation":0,"texture":"#0","tintindex":0},"east":{"uv":[8.25,11.25,8.75,11.375],"rotation":0,"texture":"#0","tintindex":0},"north":{"uv":[4.75,11.75,4.875,11.875],"rotation":0,"texture":"#0","tintindex":0},"south":{"uv":[11.75,4.75,11.875,4.875],"rotation":0,"texture":"#0","tintindex":0},"up":{"uv":[3.875,11.5,3.75,11.0],"rotation":0,"texture":"#0","tintindex":0},"west":{"uv":[8.25,11.5,8.75,11.625],"rotation":0,"texture":"#0","tintindex":0}}},{"name":"cube","from":[3.8599997,18.86,-6.4000006],"to":[4.34,19.34,-4.6000004],"rotation":{"angle":0.0,"axis":"x","origin":[7.4,7.4,8.6]},"faces":{"down":{"uv":[1.0,9.75,0.75,10.5],"rotation":0,"texture":"#0","tintindex":0},"east":{"uv":[11.5,10.5,12.25,10.75],"rotation":0,"texture":"#0","tintindex":0},"north":{"uv":[11.0,1.5,11.25,1.75],"rotation":0,"texture":"#0","tintindex":0},"south":{"uv":[10.25,11.0,10.5,11.25],"rotation":0,"texture":"#0","tintindex":0},"up":{"uv":[8.0,10.25,7.75,9.5],"rotation":0,"texture":"#0","tintindex":0},"west":{"uv":[11.5,10.75,12.25,11.0],"rotation":0,"texture":"#0","tintindex":0}}},{"name":"cube","from":[2.7199998,18.920002,-7.6000004],"to":[3.08,19.279999,-6.4000006],"rotation":{"angle":0.0,"axis":"x","origin":[7.4,7.4,8.6]},"faces":{"down":{"uv":[0.625,11.75,0.5,12.25],"rotation":0,"texture":"#0","tintindex":0},"east":{"uv":[0.0,11.75,0.5,11.875],"rotation":0,"texture":"#0","tintindex":0},"north":{"uv":[11.75,5.0,11.875,5.125],"rotation":0,"texture":"#0","tintindex":0},"south":{"uv":[11.75,5.25,11.875,5.375],"rotation":0,"texture":"#0","tintindex":0},"up":{"uv":[11.875,0.75,11.75,0.25],"rotation":0,"texture":"#0","tintindex":0},"west":{"uv":[11.75,0.0,12.25,0.125],"rotation":0,"texture":"#0","tintindex":0}}},{"name":"cube","from":[2.78,13.657436,-13.691667],"to":[3.0199997,13.897436,-13.241666],"rotation":{"angle":22.5,"axis":"x","origin":[7.4,2.0774362,2.958335]},"faces":{"down":{"uv":[2.875,11.75,2.75,12.0],"rotation":0,"texture":"#0","tintindex":0},"east":{"uv":[2.0,11.75,2.25,11.875],"rotation":0,"texture":"#0","tintindex":0},"north":{"uv":[11.75,5.5,11.875,5.625],"rotation":0,"texture":"#0","tintindex":0},"south":{"uv":[11.75,5.75,11.875,5.875],"rotation":0,"texture":"#0","tintindex":0},"up":{"uv":[2.625,12.0,2.5,11.75],"rotation":0,"texture":"#0","tintindex":0},"west":{"uv":[2.25,11.75,2.5,11.875],"rotation":0,"texture":"#0","tintindex":0}}},{"name":"cube","from":[3.98,13.657436,-13.691667],"to":[4.22,13.897436,-13.241666],"rotation":{"angle":22.5,"axis":"x","origin":[7.4,2.0774362,2.958335]},"faces":{"down":{"uv":[3.875,11.75,3.75,12.0],"rotation":0,"texture":"#0","tintindex":0},"east":{"uv":[3.0,11.75,3.25,11.875],"rotation":0,"texture":"#0","tintindex":0},"north":{"uv":[6.0,11.75,6.125,11.875],"rotation":0,"texture":"#0","tintindex":0},"south":{"uv":[6.25,11.75,6.375,11.875],"rotation":0,"texture":"#0","tintindex":0},"up":{"uv":[3.625,12.0,3.5,11.75],"rotation":0,"texture":"#0","tintindex":0},"west":{"uv":[3.25,11.75,3.5,11.875],"rotation":0,"texture":"#0","tintindex":0}}},{"name":"cube","from":[5.18,13.657436,-13.691667],"to":[5.42,13.897436,-13.241666],"rotation":{"angle":22.5,"axis":"x","origin":[7.4,2.0774362,2.958335]},"faces":{"down":{"uv":[11.875,4.25,11.75,4.5],"rotation":0,"texture":"#0","tintindex":0},"east":{"uv":[4.0,11.75,4.25,11.875],"rotation":0,"texture":"#0","tintindex":0},"north":{"uv":[6.5,11.75,6.625,11.875],"rotation":0,"texture":"#0","tintindex":0},"south":{"uv":[6.75,11.75,6.875,11.875],"rotation":0,"texture":"#0","tintindex":0},"up":{"uv":[4.375,12.0,4.25,11.75],"rotation":0,"texture":"#0","tintindex":0},"west":{"uv":[11.75,4.0,12.0,4.125],"rotation":0,"texture":"#0","tintindex":0}}},{"name":"cube","from":[2.66,18.86,-6.4000006],"to":[3.1399996,19.34,-4.6000004],"rotation":{"angle":0.0,"axis":"x","origin":[7.4,7.4,8.6]},"faces":{"down":{"uv":[9.75,10.25,9.5,11.0],"rotation":0,"texture":"#0","tintindex":0},"east":{"uv":[11.5,11.0,12.25,11.25],"rotation":0,"texture":"#0","tintindex":0},"north":{"uv":[11.75,0.75,12.0,1.0],"rotation":0,"texture":"#0","tintindex":0},"south":{"uv":[1.75,11.75,2.0,12.0],"rotation":0,"texture":"#0","tintindex":0},"up":{"uv":[2.0,10.75,1.75,10.0],"rotation":0,"texture":"#0","tintindex":0},"west":{"uv":[11.5,11.5,12.25,11.75],"rotation":0,"texture":"#0","tintindex":0}}}],"display":{"head":{"translation":[0.0,-6.4,0.0],"rotation":[0.0,0.0,0.0],"scale":[3.8095,3.8095,3.8095]}}}