{"textures":{"0":"modelengine:entity/villager_farmer"},"elements":[{"name":"leg2","from":[6.8,4.7,6.8],"to":[9.2,8.6,9.2],"rotation":{"angle":0.0,"axis":"x","origin":[6.8,0.7999997,8.0]},"faces":{"down":{"uv":[5.0,10.5,4.0,11.5],"rotation":0,"texture":"#0","tintindex":0},"east":{"uv":[3.5,7.25,4.5,8.875],"rotation":0,"texture":"#0","tintindex":0},"north":{"uv":[2.5,7.25,3.5,8.875],"rotation":0,"texture":"#0","tintindex":0},"south":{"uv":[4.5,7.25,5.5,8.875],"rotation":0,"texture":"#0","tintindex":0},"up":{"uv":[11.0,8.5,10.0,7.5],"rotation":0,"texture":"#0","tintindex":0},"west":{"uv":[7.5,0.0,8.5,1.625],"rotation":0,"texture":"#0","tintindex":0}}}],"display":{"head":{"translation":[0.0,-6.4,0.0],"rotation":[0.0,0.0,0.0],"scale":[3.8095,3.8095,3.8095]}}}