{"textures":{"0":"modelengine:entity/villager_farmer"},"elements":[{"name":"rightleg","from":[6.8,4.7,6.8],"to":[9.2,8.6,9.2],"rotation":{"angle":0.0,"axis":"x","origin":[9.139999,0.7999997,8.0]},"faces":{"down":{"uv":[3.75,10.75,2.75,11.75],"rotation":0,"texture":"#0","tintindex":0},"east":{"uv":[8.0,4.0,9.0,5.625],"rotation":0,"texture":"#0","tintindex":0},"north":{"uv":[0.0,8.0,1.0,9.625],"rotation":0,"texture":"#0","tintindex":0},"south":{"uv":[8.0,5.75,9.0,7.375],"rotation":0,"texture":"#0","tintindex":0},"up":{"uv":[2.75,11.75,1.75,10.75],"rotation":0,"texture":"#0","tintindex":0},"west":{"uv":[8.0,7.5,9.0,9.125],"rotation":0,"texture":"#0","tintindex":0}}}],"display":{"head":{"translation":[0.0,-6.4,0.0],"rotation":[0.0,0.0,0.0],"scale":[3.8095,3.8095,3.8095]}}}