{"textures":{"0":"modelengine:entity/villager_farmer"},"elements":[{"name":"leftarm","from":[7.1,3.7999997,6.8],"to":[8.9,8.0,9.2],"rotation":{"angle":0.0,"axis":"x","origin":[4.7,-2.8000002,8.0]},"faces":{"down":{"uv":[11.75,7.0,11.0,8.0],"rotation":0,"texture":"#0","tintindex":0},"east":{"uv":[6.0,6.0,7.0,7.75],"rotation":0,"texture":"#0","tintindex":0},"north":{"uv":[9.0,8.5,9.75,10.25],"rotation":0,"texture":"#0","tintindex":0},"south":{"uv":[1.0,9.25,1.75,11.0],"rotation":0,"texture":"#0","tintindex":0},"up":{"uv":[1.5,12.0,0.75,11.0],"rotation":0,"texture":"#0","tintindex":0},"west":{"uv":[6.5,0.0,7.5,1.75],"rotation":0,"texture":"#0","tintindex":0}}}],"display":{"head":{"translation":[0.0,-6.4,0.0],"rotation":[0.0,0.0,0.0],"scale":[3.8095,3.8095,3.8095]}}}