{"textures":{"0":"modelengine:entity/villager_farmer"},"elements":[{"name":"leg1","from":[6.8,4.3999996,6.8],"to":[9.2,8.3,9.2],"rotation":{"angle":0.0,"axis":"x","origin":[6.8,4.3999996,8.0]},"faces":{"down":{"uv":[11.5,10.25,10.5,11.25],"rotation":0,"texture":"#0","tintindex":0},"east":{"uv":[7.5,1.75,8.5,3.375],"rotation":0,"texture":"#0","tintindex":0},"north":{"uv":[1.0,7.5,2.0,9.125],"rotation":0,"texture":"#0","tintindex":0},"south":{"uv":[6.0,7.75,7.0,9.375],"rotation":0,"texture":"#0","tintindex":0},"up":{"uv":[11.5,10.25,10.5,9.25],"rotation":0,"texture":"#0","tintindex":0},"west":{"uv":[7.0,7.75,8.0,9.375],"rotation":0,"texture":"#0","tintindex":0}}}],"display":{"head":{"translation":[0.0,-6.4,0.0],"rotation":[0.0,0.0,0.0],"scale":[3.8095,3.8095,3.8095]}}}