{"textures":{"0":"modelengine:entity/villager_farmer"},"elements":[{"name":"rightleg","from":[6.8599997,4.3999996,6.8],"to":[9.26,8.3,9.2],"rotation":{"angle":0.0,"axis":"x","origin":[9.2,4.3999996,8.0]},"faces":{"down":{"uv":[11.75,5.0,10.75,6.0],"rotation":0,"texture":"#0","tintindex":0},"east":{"uv":[8.5,1.75,9.5,3.375],"rotation":0,"texture":"#0","tintindex":0},"north":{"uv":[8.5,0.0,9.5,1.625],"rotation":0,"texture":"#0","tintindex":0},"south":{"uv":[2.0,9.0,3.0,10.625],"rotation":0,"texture":"#0","tintindex":0},"up":{"uv":[11.75,5.0,10.75,4.0],"rotation":0,"texture":"#0","tintindex":0},"west":{"uv":[3.0,9.0,4.0,10.625],"rotation":0,"texture":"#0","tintindex":0}}}],"display":{"head":{"translation":[0.0,-6.4,0.0],"rotation":[0.0,0.0,0.0],"scale":[3.8095,3.8095,3.8095]}}}