{"textures":{"0":"modelengine:entity/villager_farmer"},"elements":[{"name":"rightarm","from":[6.8,5.6,6.8],"to":[8.6,9.2,9.2],"rotation":{"angle":0.0,"axis":"x","origin":[11.0,-5.200001,8.0]},"faces":{"down":{"uv":[10.25,11.0,9.5,12.0],"rotation":0,"texture":"#0","tintindex":0},"east":{"uv":[9.0,5.5,10.0,7.0],"rotation":0,"texture":"#0","tintindex":0},"north":{"uv":[6.75,10.25,7.5,11.75],"rotation":0,"texture":"#0","tintindex":0},"south":{"uv":[8.75,10.25,9.5,11.75],"rotation":0,"texture":"#0","tintindex":0},"up":{"uv":[8.25,12.0,7.5,11.0],"rotation":0,"texture":"#0","tintindex":0},"west":{"uv":[9.0,7.0,10.0,8.5],"rotation":0,"texture":"#0","tintindex":0}}}],"display":{"head":{"translation":[0.0,-6.4,0.0],"rotation":[0.0,0.0,0.0],"scale":[3.8095,3.8095,3.8095]}}}