{"textures":{"0":"modelengine:entity/villager_farmer"},"elements":[{"name":"rightarm","from":[6.8,5.0,6.8],"to":[8.6,9.2,9.2],"rotation":{"angle":0.0,"axis":"x","origin":[11.0,-5.200001,8.0]},"faces":{"down":{"uv":[12.0,2.0,11.25,3.0],"rotation":0,"texture":"#0","tintindex":0},"east":{"uv":[6.5,1.75,7.5,3.5],"rotation":0,"texture":"#0","tintindex":0},"north":{"uv":[8.0,9.25,8.75,11.0],"rotation":0,"texture":"#0","tintindex":0},"south":{"uv":[9.5,0.0,10.25,1.75],"rotation":0,"texture":"#0","tintindex":0},"up":{"uv":[12.0,2.0,11.25,1.0],"rotation":0,"texture":"#0","tintindex":0},"west":{"uv":[7.0,6.0,8.0,7.75],"rotation":0,"texture":"#0","tintindex":0}}}],"display":{"head":{"translation":[0.0,-6.4,0.0],"rotation":[0.0,0.0,0.0],"scale":[3.8095,3.8095,3.8095]}}}