{"textures":{"0":"modelengine:entity/bbluevinecat"},"elements":[{"name":"cube","from":[6.698433,4.0043993,6.138415],"to":[9.655233,9.9972,7.7224154],"rotation":{"angle":-45.0,"axis":"y","origin":[8.176833,7.1723995,6.930415]},"faces":{"down":{"uv":[0.0,0.0,0.165,0.62425],"rotation":0,"texture":"#0","tintindex":0},"east":{"uv":[0.0,0.0,0.165,0.62425],"rotation":0,"texture":"#0","tintindex":0},"north":{"uv":[0.0,0.0,0.165,0.62425],"rotation":0,"texture":"#0","tintindex":0},"south":{"uv":[0.0,0.0,0.165,0.62425],"rotation":0,"texture":"#0","tintindex":0},"up":{"uv":[0.0,0.0,0.165,0.62425],"rotation":0,"texture":"#0","tintindex":0},"west":{"uv":[0.0,0.0,0.165,0.62425],"rotation":0,"texture":"#0","tintindex":0}}},{"name":"cube","from":[6.155796,4.0043993,6.9505286],"to":[9.112596,9.9972,8.587329],"rotation":{"angle":-22.5,"axis":"y","origin":[7.634196,7.1723995,7.742529]},"faces":{"down":{"uv":[0.0,0.0,0.1705,0.62425],"rotation":0,"texture":"#0","tintindex":0},"east":{"uv":[0.0,0.0,0.1705,0.62425],"rotation":0,"texture":"#0","tintindex":0},"north":{"uv":[0.0,0.0,0.1705,0.62425],"rotation":0,"texture":"#0","tintindex":0},"south":{"uv":[0.0,0.0,0.1705,0.62425],"rotation":0,"texture":"#0","tintindex":0},"up":{"uv":[0.0,0.0,0.1705,0.62425],"rotation":0,"texture":"#0","tintindex":0},"west":{"uv":[0.0,0.0,0.1705,0.62425],"rotation":0,"texture":"#0","tintindex":0}}},{"name":"cube","from":[6.155796,4.0043993,7.342671],"to":[9.112596,9.9972,8.979471],"rotation":{"angle":22.5,"axis":"y","origin":[7.634196,7.1723995,8.187471]},"faces":{"down":{"uv":[0.0,0.0,0.1705,0.62425],"rotation":0,"texture":"#0","tintindex":0},"east":{"uv":[0.0,0.0,0.1705,0.62425],"rotation":0,"texture":"#0","tintindex":0},"north":{"uv":[0.0,0.0,0.1705,0.62425],"rotation":0,"texture":"#0","tintindex":0},"south":{"uv":[0.0,0.0,0.1705,0.62425],"rotation":0,"texture":"#0","tintindex":0},"up":{"uv":[0.0,0.0,0.1705,0.62425],"rotation":0,"texture":"#0","tintindex":0},"west":{"uv":[0.0,0.0,0.1705,0.62425],"rotation":0,"texture":"#0","tintindex":0}}},{"name":"cube","from":[7.2282743,2.7203996,9.105],"to":[7.2282743,9.056399,14.445001],"rotation":{"angle":22.5,"axis":"x","origin":[7.2282743,5.888399,11.775]},"faces":{"down":{"uv":[0.0,0.0,0.55,0.66],"rotation":0,"texture":"#0","tintindex":0},"east":{"uv":[10.0875,6.625,11.0665,7.505],"rotation":0,"texture":"#0","tintindex":0},"north":{"uv":[0.0,0.0,0.55,0.66],"rotation":0,"texture":"#0","tintindex":0},"south":{"uv":[0.0,0.0,0.55,0.66],"rotation":0,"texture":"#0","tintindex":0},"up":{"uv":[0.0,0.0,0.55,0.66],"rotation":0,"texture":"#0","tintindex":0},"west":{"uv":[11.625,6.625,12.5915,7.43625],"rotation":0,"texture":"#0","tintindex":0}}},{"name":"cube","from":[11.859034,4.0043993,0.60237503],"to":[14.815833,9.9972,2.1863747],"rotation":{"angle":45.0,"axis":"y","origin":[19.937435,7.1723995,11.426375]},"faces":{"down":{"uv":[0.0,0.0,0.165,0.62425],"rotation":0,"texture":"#0","tintindex":0},"east":{"uv":[0.0,0.0,0.165,0.62425],"rotation":0,"texture":"#0","tintindex":0},"north":{"uv":[0.0,0.0,0.165,0.62425],"rotation":0,"texture":"#0","tintindex":0},"south":{"uv":[0.0,0.0,0.165,0.62425],"rotation":0,"texture":"#0","tintindex":0},"up":{"uv":[0.0,0.0,0.165,0.62425],"rotation":0,"texture":"#0","tintindex":0},"west":{"uv":[0.0,0.0,0.165,0.62425],"rotation":0,"texture":"#0","tintindex":0}}},{"name":"cube","from":[7.691474,3.7403996,5.325],"to":[10.648274,10.076401,10.6050005],"rotation":{"angle":0.0,"axis":"x","origin":[17.485874,1.1003997,14.037]},"faces":{"down":{"uv":[0.0,0.0,0.55,0.66],"rotation":0,"texture":"#0","tintindex":0},"east":{"uv":[0.0,0.0,0.55,0.66],"rotation":0,"texture":"#0","tintindex":0},"north":{"uv":[0.0,0.0,0.55,0.66],"rotation":0,"texture":"#0","tintindex":0},"south":{"uv":[0.0,0.0,0.55,0.66],"rotation":0,"texture":"#0","tintindex":0},"up":{"uv":[0.0,0.0,0.55,0.66],"rotation":0,"texture":"#0","tintindex":0},"west":{"uv":[0.0,0.0,0.55,0.66],"rotation":0,"texture":"#0","tintindex":0}}}],"display":{"head":{"translation":[0.0,-6.4,0.0],"rotation":[0.0,0.0,0.0],"scale":[3.8095,3.8095,3.8095]}}}