{"textures":{"0":"modelengine:entity/bbluevinecat"},"elements":[{"name":"cube","from":[5.528558,3.5071998,5.405415],"to":[8.485357,9.843201,10.685415],"rotation":{"angle":0.0,"axis":"x","origin":[7.402958,0.8671999,14.117415]},"faces":{"down":{"uv":[0.0,0.0,0.55,0.66],"rotation":0,"texture":"#0","tintindex":0},"east":{"uv":[0.0,0.0,0.55,0.66],"rotation":0,"texture":"#0","tintindex":0},"north":{"uv":[0.0,0.0,0.55,0.66],"rotation":0,"texture":"#0","tintindex":0},"south":{"uv":[0.0,0.0,0.55,0.66],"rotation":0,"texture":"#0","tintindex":0},"up":{"uv":[0.0,0.0,0.55,0.66],"rotation":0,"texture":"#0","tintindex":0},"west":{"uv":[0.0,0.0,0.55,0.66],"rotation":0,"texture":"#0","tintindex":0}}},{"name":"cube","from":[9.085358,2.4872,9.185415],"to":[9.085358,8.8232,14.525415],"rotation":{"angle":22.5,"axis":"x","origin":[9.085358,5.655199,11.855415]},"faces":{"down":{"uv":[0.0,0.0,0.55,0.66],"rotation":0,"texture":"#0","tintindex":0},"east":{"uv":[10.0875,6.625,11.0665,7.505],"rotation":0,"texture":"#0","tintindex":0},"north":{"uv":[0.0,0.0,0.55,0.66],"rotation":0,"texture":"#0","tintindex":0},"south":{"uv":[0.0,0.0,0.55,0.66],"rotation":0,"texture":"#0","tintindex":0},"up":{"uv":[0.0,0.0,0.55,0.66],"rotation":0,"texture":"#0","tintindex":0},"west":{"uv":[11.625,6.625,12.5915,7.43625],"rotation":0,"texture":"#0","tintindex":0}}},{"name":"cube","from":[6.5216,3.6919997,6.21883],"to":[9.478401,9.764,7.8028307],"rotation":{"angle":45.0,"axis":"y","origin":[8.0,6.9919996,7.0108304]},"faces":{"down":{"uv":[0.0,0.0,0.165,0.6325],"rotation":0,"texture":"#0","tintindex":0},"east":{"uv":[0.0,0.0,0.165,0.6325],"rotation":0,"texture":"#0","tintindex":0},"north":{"uv":[0.0,0.0,0.165,0.6325],"rotation":0,"texture":"#0","tintindex":0},"south":{"uv":[0.0,0.0,0.165,0.6325],"rotation":0,"texture":"#0","tintindex":0},"up":{"uv":[0.0,0.0,0.165,0.6325],"rotation":0,"texture":"#0","tintindex":0},"west":{"uv":[0.0,0.0,0.165,0.6325],"rotation":0,"texture":"#0","tintindex":0}}},{"name":"cube","from":[7.0642366,3.6919997,7.030944],"to":[10.021037,9.764,8.667745],"rotation":{"angle":22.5,"axis":"y","origin":[8.542637,6.86,7.822944]},"faces":{"down":{"uv":[0.0,0.0,0.1705,0.6325],"rotation":0,"texture":"#0","tintindex":0},"east":{"uv":[0.0,0.0,0.1705,0.6325],"rotation":0,"texture":"#0","tintindex":0},"north":{"uv":[0.0,0.0,0.1705,0.6325],"rotation":0,"texture":"#0","tintindex":0},"south":{"uv":[0.0,0.0,0.1705,0.6325],"rotation":0,"texture":"#0","tintindex":0},"up":{"uv":[0.0,0.0,0.1705,0.6325],"rotation":0,"texture":"#0","tintindex":0},"west":{"uv":[0.0,0.0,0.1705,0.6325],"rotation":0,"texture":"#0","tintindex":0}}},{"name":"cube","from":[7.0642366,3.6919997,7.4494863],"to":[10.021037,9.764,9.059887],"rotation":{"angle":-22.5,"axis":"y","origin":[8.542637,6.86,8.267887]},"faces":{"down":{"uv":[0.0,0.0,0.16775,0.6325],"rotation":0,"texture":"#0","tintindex":0},"east":{"uv":[0.0,0.0,0.16775,0.6325],"rotation":0,"texture":"#0","tintindex":0},"north":{"uv":[0.0,0.0,0.16775,0.6325],"rotation":0,"texture":"#0","tintindex":0},"south":{"uv":[0.0,0.0,0.16775,0.6325],"rotation":0,"texture":"#0","tintindex":0},"up":{"uv":[0.0,0.0,0.16775,0.6325],"rotation":0,"texture":"#0","tintindex":0},"west":{"uv":[0.0,0.0,0.16775,0.6325],"rotation":0,"texture":"#0","tintindex":0}}},{"name":"cube","from":[6.5216,3.6919997,8.288],"to":[9.478401,9.764,9.872],"rotation":{"angle":-45.0,"axis":"y","origin":[8.0,6.86,9.08]},"faces":{"down":{"uv":[0.0,0.0,0.165,0.6325],"rotation":0,"texture":"#0","tintindex":0},"east":{"uv":[0.0,0.0,0.165,0.6325],"rotation":0,"texture":"#0","tintindex":0},"north":{"uv":[0.0,0.0,0.165,0.6325],"rotation":0,"texture":"#0","tintindex":0},"south":{"uv":[0.0,0.0,0.165,0.6325],"rotation":0,"texture":"#0","tintindex":0},"up":{"uv":[0.0,0.0,0.165,0.6325],"rotation":0,"texture":"#0","tintindex":0},"west":{"uv":[0.0,0.0,0.165,0.6325],"rotation":0,"texture":"#0","tintindex":0}}}],"display":{"head":{"translation":[0.0,-6.4,0.0],"rotation":[0.0,0.0,0.0],"scale":[3.8095,3.8095,3.8095]}}}