{"textures":{"0":"modelengine:entity/bbluevinecat"},"elements":[{"name":"cube","from":[6.5688,3.576,5.5699997],"to":[9.5256,9.489599,8.738],"rotation":{"angle":0.0,"axis":"x","origin":[16.363201,2.0976,1.8739991]},"faces":{"down":{"uv":[0.0,0.0,0.33,0.616],"rotation":0,"texture":"#0","tintindex":0},"east":{"uv":[0.0,0.0,0.33,0.616],"rotation":0,"texture":"#0","tintindex":0},"north":{"uv":[0.0,0.0,0.33,0.616],"rotation":0,"texture":"#0","tintindex":0},"south":{"uv":[0.0,0.0,0.33,0.616],"rotation":0,"texture":"#0","tintindex":0},"up":{"uv":[0.0,0.0,0.33,0.616],"rotation":0,"texture":"#0","tintindex":0},"west":{"uv":[0.0,0.0,0.33,0.616],"rotation":0,"texture":"#0","tintindex":0}}},{"name":"cube","from":[6.5688,4.4735994,8.738],"to":[9.5256,9.489599,10.85],"rotation":{"angle":0.0,"axis":"x","origin":[16.363201,2.0976,1.8739991]},"faces":{"down":{"uv":[0.0,0.0,0.22,0.5225],"rotation":0,"texture":"#0","tintindex":0},"east":{"uv":[0.0,0.0,0.22,0.5225],"rotation":0,"texture":"#0","tintindex":0},"north":{"uv":[0.0,0.0,0.22,0.5225],"rotation":0,"texture":"#0","tintindex":0},"south":{"uv":[0.0,0.0,0.22,0.5225],"rotation":0,"texture":"#0","tintindex":0},"up":{"uv":[0.0,0.0,0.22,0.5225],"rotation":0,"texture":"#0","tintindex":0},"west":{"uv":[0.0,0.0,0.22,0.5225],"rotation":0,"texture":"#0","tintindex":0}}},{"name":"cube","from":[7.9056,3.7176,9.782],"to":[7.9056,10.0536,15.122],"rotation":{"angle":22.5,"axis":"x","origin":[7.9056,6.885599,12.452001]},"faces":{"down":{"uv":[0.0,0.0,0.55,0.66],"rotation":0,"texture":"#0","tintindex":0},"east":{"uv":[10.0875,6.625,11.0665,7.505],"rotation":0,"texture":"#0","tintindex":0},"north":{"uv":[0.0,0.0,0.55,0.66],"rotation":0,"texture":"#0","tintindex":0},"south":{"uv":[0.0,0.0,0.55,0.66],"rotation":0,"texture":"#0","tintindex":0},"up":{"uv":[0.0,0.0,0.55,0.66],"rotation":0,"texture":"#0","tintindex":0},"west":{"uv":[11.625,6.625,12.5915,7.43625],"rotation":0,"texture":"#0","tintindex":0}}}],"display":{"head":{"translation":[0.0,-6.4,0.0],"rotation":[0.0,0.0,0.0],"scale":[3.8095,3.8095,3.8095]}}}