{"textures":{"0":"modelengine:entity/bbluevinecat"},"elements":[{"name":"cube","from":[6.6324797,5.171127,5.8322344],"to":[9.367519,8.207127,7.7858343],"rotation":{"angle":22.5,"axis":"x","origin":[16.052,6.689127,7.086234]},"faces":{"down":{"uv":[0.0,0.0,0.2035,0.31625],"rotation":0,"texture":"#0","tintindex":0},"east":{"uv":[0.0,0.0,0.2035,0.31625],"rotation":0,"texture":"#0","tintindex":0},"north":{"uv":[0.0,0.0,0.2035,0.31625],"rotation":0,"texture":"#0","tintindex":0},"south":{"uv":[0.0,0.0,0.2035,0.31625],"rotation":0,"texture":"#0","tintindex":0},"up":{"uv":[0.0,0.0,0.2035,0.31625],"rotation":0,"texture":"#0","tintindex":0},"west":{"uv":[0.0,0.0,0.2035,0.31625],"rotation":0,"texture":"#0","tintindex":0}}},{"name":"cube","from":[6.60608,4.8067927,5.155866],"to":[9.393921,7.8427925,7.6638665],"rotation":{"angle":0.0,"axis":"x","origin":[14.732001,0.13399243,11.835067]},"faces":{"down":{"uv":[0.0,0.0,0.26125,0.31625],"rotation":0,"texture":"#0","tintindex":0},"east":{"uv":[0.0,0.0,0.26125,0.31625],"rotation":0,"texture":"#0","tintindex":0},"north":{"uv":[0.0,0.0,0.26125,0.31625],"rotation":0,"texture":"#0","tintindex":0},"south":{"uv":[0.0,0.0,0.26125,0.31625],"rotation":0,"texture":"#0","tintindex":0},"up":{"uv":[0.0,0.0,0.26125,0.31625],"rotation":0,"texture":"#0","tintindex":0},"west":{"uv":[0.0,0.0,0.26125,0.31625],"rotation":0,"texture":"#0","tintindex":0}}}],"display":{"head":{"translation":[0.0,-6.4,0.0],"rotation":[0.0,0.0,0.0],"scale":[3.8095,3.8095,3.8095]}}}