{"textures":{"0":"modelengine:entity/bbluevinecat"},"elements":[{"name":"cube","from":[6.4175496,5.4379997,4.743349],"to":[9.997389,7.8404,9.178549],"rotation":{"angle":0.0,"axis":"x","origin":[6.88747,0.13159943,12.66335]},"faces":{"down":{"uv":[0.0,0.0,0.462,0.25025],"rotation":0,"texture":"#0","tintindex":0},"east":{"uv":[0.0,0.0,0.462,0.25025],"rotation":0,"texture":"#0","tintindex":0},"north":{"uv":[0.0,0.0,0.462,0.25025],"rotation":0,"texture":"#0","tintindex":0},"south":{"uv":[0.0,0.0,0.462,0.25025],"rotation":0,"texture":"#0","tintindex":0},"up":{"uv":[0.0,0.0,0.462,0.25025],"rotation":0,"texture":"#0","tintindex":0},"west":{"uv":[0.0,0.0,0.462,0.25025],"rotation":0,"texture":"#0","tintindex":0}}},{"name":"cube","from":[8.23133,5.4379997,3.5512102],"to":[10.75517,7.6556,7.72241],"rotation":{"angle":-45.0,"axis":"y","origin":[8.701249,6.5467997,5.6368103]},"faces":{"down":{"uv":[0.0,0.0,0.4345,0.231],"rotation":0,"texture":"#0","tintindex":0},"east":{"uv":[0.0,0.0,0.4345,0.231],"rotation":0,"texture":"#0","tintindex":0},"north":{"uv":[0.0,0.0,0.4345,0.231],"rotation":0,"texture":"#0","tintindex":0},"south":{"uv":[0.0,0.0,0.4345,0.231],"rotation":0,"texture":"#0","tintindex":0},"up":{"uv":[0.0,0.0,0.4345,0.231],"rotation":0,"texture":"#0","tintindex":0},"west":{"uv":[0.0,0.0,0.4345,0.231],"rotation":0,"texture":"#0","tintindex":0}}},{"name":"cube","from":[6.7167325,5.4379997,3.3172855],"to":[9.240573,7.6556,7.4884853],"rotation":{"angle":0.0,"axis":"x","origin":[6.6586523,6.5467997,6.1948853]},"faces":{"down":{"uv":[0.0,0.0,0.4345,0.231],"rotation":0,"texture":"#0","tintindex":0},"east":{"uv":[0.0,0.0,0.4345,0.231],"rotation":0,"texture":"#0","tintindex":0},"north":{"uv":[0.0,0.0,0.4345,0.231],"rotation":0,"texture":"#0","tintindex":0},"south":{"uv":[0.0,0.0,0.4345,0.231],"rotation":0,"texture":"#0","tintindex":0},"up":{"uv":[0.0,0.0,0.4345,0.231],"rotation":0,"texture":"#0","tintindex":0},"west":{"uv":[0.0,0.0,0.4345,0.231],"rotation":0,"texture":"#0","tintindex":0}}},{"name":"cube","from":[5.2420845,5.4379997,3.7359326],"to":[7.765925,7.6556,7.907133],"rotation":{"angle":45.0,"axis":"y","origin":[7.032005,6.5467997,5.821533]},"faces":{"down":{"uv":[0.0,0.0,0.4345,0.231],"rotation":0,"texture":"#0","tintindex":0},"east":{"uv":[0.0,0.0,0.4345,0.231],"rotation":0,"texture":"#0","tintindex":0},"north":{"uv":[0.0,0.0,0.4345,0.231],"rotation":0,"texture":"#0","tintindex":0},"south":{"uv":[0.0,0.0,0.4345,0.231],"rotation":0,"texture":"#0","tintindex":0},"up":{"uv":[0.0,0.0,0.4345,0.231],"rotation":0,"texture":"#0","tintindex":0},"west":{"uv":[0.0,0.0,0.4345,0.231],"rotation":0,"texture":"#0","tintindex":0}}},{"name":"cube","from":[12.440814,5.4379997,0.6017263],"to":[12.440814,7.6556,4.772926],"rotation":{"angle":-45.0,"axis":"y","origin":[11.650734,6.5467997,2.6873262]},"faces":{"down":{"uv":[0.0,0.0,0.4345,0.231],"rotation":0,"texture":"#0","tintindex":0},"east":{"uv":[10.1875,10.25,10.622,10.481],"rotation":0,"texture":"#0","tintindex":0},"north":{"uv":[0.0,0.0,0.4345,0.231],"rotation":0,"texture":"#0","tintindex":0},"south":{"uv":[0.0,0.0,0.4345,0.231],"rotation":0,"texture":"#0","tintindex":0},"up":{"uv":[0.0,0.0,0.4345,0.231],"rotation":0,"texture":"#0","tintindex":0},"west":{"uv":[10.25,11.25,10.6845,11.481],"rotation":0,"texture":"#0","tintindex":0}}},{"name":"cube","from":[7.9767323,5.4379997,-0.8539152],"to":[7.9767323,7.6556,3.3172855],"rotation":{"angle":0.0,"axis":"x","origin":[6.6586523,6.5467997,2.0236855]},"faces":{"down":{"uv":[0.0,0.0,0.4345,0.231],"rotation":0,"texture":"#0","tintindex":0},"east":{"uv":[10.1875,10.25,10.622,10.481],"rotation":0,"texture":"#0","tintindex":0},"north":{"uv":[0.0,0.0,0.4345,0.231],"rotation":0,"texture":"#0","tintindex":0},"south":{"uv":[0.0,0.0,0.4345,0.231],"rotation":0,"texture":"#0","tintindex":0},"up":{"uv":[0.0,0.0,0.4345,0.231],"rotation":0,"texture":"#0","tintindex":0},"west":{"uv":[10.25,11.25,10.6845,11.481],"rotation":0,"texture":"#0","tintindex":0}}},{"name":"cube","from":[3.5526009,5.4379997,0.7864487],"to":[3.5526009,7.6556,4.957649],"rotation":{"angle":45.0,"axis":"y","origin":[4.082521,6.5467997,2.8720489]},"faces":{"down":{"uv":[0.0,0.0,0.4345,0.231],"rotation":0,"texture":"#0","tintindex":0},"east":{"uv":[10.1875,10.25,10.622,10.481],"rotation":0,"texture":"#0","tintindex":0},"north":{"uv":[0.0,0.0,0.4345,0.231],"rotation":0,"texture":"#0","tintindex":0},"south":{"uv":[0.0,0.0,0.4345,0.231],"rotation":0,"texture":"#0","tintindex":0},"up":{"uv":[0.0,0.0,0.4345,0.231],"rotation":0,"texture":"#0","tintindex":0},"west":{"uv":[10.25,11.25,10.6845,11.481],"rotation":0,"texture":"#0","tintindex":0}}}],"display":{"head":{"translation":[0.0,-6.4,0.0],"rotation":[0.0,0.0,0.0],"scale":[3.8095,3.8095,3.8095]}}}