{"textures":{"0":"modelengine:entity/bbluevinecat"},"elements":[{"name":"cube","from":[6.304407,5.4379997,4.803349],"to":[9.884247,7.8404,9.23855],"rotation":{"angle":0.0,"axis":"x","origin":[14.826327,0.13160014,12.72335]},"faces":{"down":{"uv":[0.0,0.0,0.462,0.25025],"rotation":0,"texture":"#0","tintindex":0},"east":{"uv":[0.0,0.0,0.462,0.25025],"rotation":0,"texture":"#0","tintindex":0},"north":{"uv":[0.0,0.0,0.462,0.25025],"rotation":0,"texture":"#0","tintindex":0},"south":{"uv":[0.0,0.0,0.462,0.25025],"rotation":0,"texture":"#0","tintindex":0},"up":{"uv":[0.0,0.0,0.462,0.25025],"rotation":0,"texture":"#0","tintindex":0},"west":{"uv":[0.0,0.0,0.462,0.25025],"rotation":0,"texture":"#0","tintindex":0}}},{"name":"cube","from":[5.260942,5.4379997,3.7959328],"to":[7.784782,7.6556,7.967133],"rotation":{"angle":45.0,"axis":"y","origin":[7.0508623,6.5467997,5.881533]},"faces":{"down":{"uv":[0.0,0.0,0.4345,0.231],"rotation":0,"texture":"#0","tintindex":0},"east":{"uv":[0.0,0.0,0.4345,0.231],"rotation":0,"texture":"#0","tintindex":0},"north":{"uv":[0.0,0.0,0.4345,0.231],"rotation":0,"texture":"#0","tintindex":0},"south":{"uv":[0.0,0.0,0.4345,0.231],"rotation":0,"texture":"#0","tintindex":0},"up":{"uv":[0.0,0.0,0.4345,0.231],"rotation":0,"texture":"#0","tintindex":0},"west":{"uv":[0.0,0.0,0.4345,0.231],"rotation":0,"texture":"#0","tintindex":0}}},{"name":"cube","from":[3.571458,5.4379997,0.8464489],"to":[3.571458,7.6556,5.0176487],"rotation":{"angle":45.0,"axis":"y","origin":[4.101378,6.5467997,2.932049]},"faces":{"down":{"uv":[0.0,0.0,0.4345,0.231],"rotation":0,"texture":"#0","tintindex":0},"east":{"uv":[10.1875,10.25,10.622,10.481],"rotation":0,"texture":"#0","tintindex":0},"north":{"uv":[0.0,0.0,0.4345,0.231],"rotation":0,"texture":"#0","tintindex":0},"south":{"uv":[0.0,0.0,0.4345,0.231],"rotation":0,"texture":"#0","tintindex":0},"up":{"uv":[0.0,0.0,0.4345,0.231],"rotation":0,"texture":"#0","tintindex":0},"west":{"uv":[10.25,11.25,10.6845,11.481],"rotation":0,"texture":"#0","tintindex":0}}},{"name":"cube","from":[7.9955897,5.4379997,-0.79391456],"to":[7.9955897,7.6556,3.3772855],"rotation":{"angle":0.0,"axis":"x","origin":[6.6775093,6.5467997,2.0836854]},"faces":{"down":{"uv":[0.0,0.0,0.4345,0.231],"rotation":0,"texture":"#0","tintindex":0},"east":{"uv":[10.1875,10.25,10.622,10.481],"rotation":0,"texture":"#0","tintindex":0},"north":{"uv":[0.0,0.0,0.4345,0.231],"rotation":0,"texture":"#0","tintindex":0},"south":{"uv":[0.0,0.0,0.4345,0.231],"rotation":0,"texture":"#0","tintindex":0},"up":{"uv":[0.0,0.0,0.4345,0.231],"rotation":0,"texture":"#0","tintindex":0},"west":{"uv":[10.25,11.25,10.6845,11.481],"rotation":0,"texture":"#0","tintindex":0}}},{"name":"cube","from":[6.7355895,5.4379997,3.3772855],"to":[9.25943,7.6556,7.5484853],"rotation":{"angle":0.0,"axis":"x","origin":[6.6775093,6.5467997,6.254885]},"faces":{"down":{"uv":[0.0,0.0,0.4345,0.231],"rotation":0,"texture":"#0","tintindex":0},"east":{"uv":[0.0,0.0,0.4345,0.231],"rotation":0,"texture":"#0","tintindex":0},"north":{"uv":[0.0,0.0,0.4345,0.231],"rotation":0,"texture":"#0","tintindex":0},"south":{"uv":[0.0,0.0,0.4345,0.231],"rotation":0,"texture":"#0","tintindex":0},"up":{"uv":[0.0,0.0,0.4345,0.231],"rotation":0,"texture":"#0","tintindex":0},"west":{"uv":[0.0,0.0,0.4345,0.231],"rotation":0,"texture":"#0","tintindex":0}}},{"name":"cube","from":[8.250187,5.4379997,3.61121],"to":[10.774027,7.6556,7.78241],"rotation":{"angle":-45.0,"axis":"y","origin":[8.720107,6.5467997,5.69681]},"faces":{"down":{"uv":[0.0,0.0,0.4345,0.231],"rotation":0,"texture":"#0","tintindex":0},"east":{"uv":[0.0,0.0,0.4345,0.231],"rotation":0,"texture":"#0","tintindex":0},"north":{"uv":[0.0,0.0,0.4345,0.231],"rotation":0,"texture":"#0","tintindex":0},"south":{"uv":[0.0,0.0,0.4345,0.231],"rotation":0,"texture":"#0","tintindex":0},"up":{"uv":[0.0,0.0,0.4345,0.231],"rotation":0,"texture":"#0","tintindex":0},"west":{"uv":[0.0,0.0,0.4345,0.231],"rotation":0,"texture":"#0","tintindex":0}}},{"name":"cube","from":[12.459671,5.4379997,0.661726],"to":[12.459671,7.6556,4.8329263],"rotation":{"angle":-45.0,"axis":"y","origin":[11.669591,6.5467997,2.7473264]},"faces":{"down":{"uv":[0.0,0.0,0.4345,0.231],"rotation":0,"texture":"#0","tintindex":0},"east":{"uv":[10.1875,10.25,10.622,10.481],"rotation":0,"texture":"#0","tintindex":0},"north":{"uv":[0.0,0.0,0.4345,0.231],"rotation":0,"texture":"#0","tintindex":0},"south":{"uv":[0.0,0.0,0.4345,0.231],"rotation":0,"texture":"#0","tintindex":0},"up":{"uv":[0.0,0.0,0.4345,0.231],"rotation":0,"texture":"#0","tintindex":0},"west":{"uv":[10.25,11.25,10.6845,11.481],"rotation":0,"texture":"#0","tintindex":0}}}],"display":{"head":{"translation":[0.0,-6.4,0.0],"rotation":[0.0,0.0,0.0],"scale":[3.8095,3.8095,3.8095]}}}