{"textures":{"0":"modelengine:entity/bbluevinecat"},"elements":[{"name":"cube","from":[5.9936,6.1382,7.7839994],"to":[10.0064,9.8078,11.216001],"rotation":{"angle":0.0,"axis":"x","origin":[7.868,1.3069999,0.9200001]},"faces":{"down":{"uv":[1.1875,0.0,1.952,0.66825],"rotation":0,"texture":"#0","tintindex":0},"east":{"uv":[0.0,0.0,0.3575,0.38225],"rotation":0,"texture":"#0","tintindex":0},"north":{"uv":[0.0,0.0,0.3575,0.38225],"rotation":0,"texture":"#0","tintindex":0},"south":{"uv":[0.0,0.0,0.3575,0.38225],"rotation":0,"texture":"#0","tintindex":0},"up":{"uv":[0.0,0.0,0.3575,0.38225],"rotation":0,"texture":"#0","tintindex":0},"west":{"uv":[0.0,0.0,0.3575,0.38225],"rotation":0,"texture":"#0","tintindex":0}}},{"name":"cube","from":[8.0,9.0422,5.9240007],"to":[8.0,12.7718,13.075999],"rotation":{"angle":22.5,"axis":"x","origin":[8.0,10.907,9.5]},"faces":{"down":{"uv":[0.0,0.0,0.0,0.375],"rotation":0,"texture":"#0","tintindex":0},"east":{"uv":[10.0875,6.625,10.9675,7.604],"rotation":90,"texture":"#0","tintindex":0},"north":{"uv":[0.0,0.0,0.0,0.375],"rotation":0,"texture":"#0","tintindex":0},"south":{"uv":[0.0,0.0,0.0,0.375],"rotation":0,"texture":"#0","tintindex":0},"up":{"uv":[0.0,0.375,0.0,0.0],"rotation":0,"texture":"#0","tintindex":0},"west":{"uv":[11.75,6.625,12.65225,7.5885],"rotation":270,"texture":"#0","tintindex":0}}}],"display":{"head":{"translation":[0.0,-6.4,0.0],"rotation":[0.0,0.0,0.0],"scale":[3.8095,3.8095,3.8095]}}}