{"textures":{"0":"modelengine:entity/bbluevinecat"},"elements":[{"name":"cube","from":[4.3304,14.298865,8.375902],"to":[11.6696005,18.047665,14.791102],"rotation":{"angle":-22.5,"axis":"x","origin":[8.0,9.421009,8.740144]},"faces":{"down":{"uv":[1.1875,0.0,1.952,0.66825],"rotation":0,"texture":"#0","tintindex":0},"east":{"uv":[0.0,0.0,0.66825,0.3905],"rotation":0,"texture":"#0","tintindex":0},"north":{"uv":[0.0,0.0,0.66825,0.3905],"rotation":0,"texture":"#0","tintindex":0},"south":{"uv":[0.0,0.0,0.66825,0.3905],"rotation":0,"texture":"#0","tintindex":0},"up":{"uv":[0.0,0.0,0.66825,0.3905],"rotation":0,"texture":"#0","tintindex":0},"west":{"uv":[0.0,0.0,0.66825,0.3905],"rotation":0,"texture":"#0","tintindex":0}}}],"display":{"head":{"translation":[0.0,-6.4,0.0],"rotation":[0.0,0.0,0.0],"scale":[3.8095,3.8095,3.8095]}}}