{"textures":{"0":"modelengine:entity/bbluevinecat"},"elements":[{"name":"cube","from":[6.9068804,4.929837,5.38862],"to":[9.69472,7.965837,7.8966203],"rotation":{"angle":0.0,"axis":"x","origin":[15.0328,0.25703716,12.067821]},"faces":{"down":{"uv":[0.0,0.0,0.26125,0.31625],"rotation":0,"texture":"#0","tintindex":0},"east":{"uv":[0.0,0.0,0.26125,0.31625],"rotation":0,"texture":"#0","tintindex":0},"north":{"uv":[0.0,0.0,0.26125,0.31625],"rotation":0,"texture":"#0","tintindex":0},"south":{"uv":[0.0,0.0,0.26125,0.31625],"rotation":0,"texture":"#0","tintindex":0},"up":{"uv":[0.0,0.0,0.26125,0.31625],"rotation":0,"texture":"#0","tintindex":0},"west":{"uv":[0.0,0.0,0.26125,0.31625],"rotation":0,"texture":"#0","tintindex":0}}},{"name":"cube","from":[6.93328,5.2941713,6.0649886],"to":[9.66832,8.330172,7.9657884],"rotation":{"angle":22.5,"axis":"x","origin":[12.3268,6.812171,7.318989]},"faces":{"down":{"uv":[0.0,0.0,0.198,0.31625],"rotation":0,"texture":"#0","tintindex":0},"east":{"uv":[0.0,0.0,0.198,0.31625],"rotation":0,"texture":"#0","tintindex":0},"north":{"uv":[0.0,0.0,0.198,0.31625],"rotation":0,"texture":"#0","tintindex":0},"south":{"uv":[0.0,0.0,0.198,0.31625],"rotation":0,"texture":"#0","tintindex":0},"up":{"uv":[0.0,0.0,0.198,0.31625],"rotation":0,"texture":"#0","tintindex":0},"west":{"uv":[0.0,0.0,0.198,0.31625],"rotation":0,"texture":"#0","tintindex":0}}},{"name":"cube","from":[7.3984,4.733037,6.89582],"to":[7.3984,9.809036,11.395821],"rotation":{"angle":22.5,"axis":"x","origin":[7.3984,6.641037,9.565821]},"faces":{"down":{"uv":[0.0,0.0,0.55,0.66],"rotation":0,"texture":"#0","tintindex":0},"east":{"uv":[10.0875,6.625,11.0665,7.505],"rotation":0,"texture":"#0","tintindex":0},"north":{"uv":[0.0,0.0,0.55,0.66],"rotation":0,"texture":"#0","tintindex":0},"south":{"uv":[0.0,0.0,0.55,0.66],"rotation":0,"texture":"#0","tintindex":0},"up":{"uv":[0.0,0.0,0.55,0.66],"rotation":0,"texture":"#0","tintindex":0},"west":{"uv":[11.625,6.625,12.5915,7.43625],"rotation":0,"texture":"#0","tintindex":0}}}],"display":{"head":{"translation":[0.0,-6.4,0.0],"rotation":[0.0,0.0,0.0],"scale":[3.8095,3.8095,3.8095]}}}