{"textures":{"0":"modelengine:entity/bbluevinecat"},"elements":[{"name":"cube","from":[5.611513,5.618,3.6759324],"to":[8.135353,7.8356,7.8471327],"rotation":{"angle":45.0,"axis":"y","origin":[7.4014335,6.7268,5.761533]},"faces":{"down":{"uv":[0.0,0.0,0.4345,0.231],"rotation":0,"texture":"#0","tintindex":0},"east":{"uv":[0.0,0.0,0.4345,0.231],"rotation":0,"texture":"#0","tintindex":0},"north":{"uv":[0.0,0.0,0.4345,0.231],"rotation":0,"texture":"#0","tintindex":0},"south":{"uv":[0.0,0.0,0.4345,0.231],"rotation":0,"texture":"#0","tintindex":0},"up":{"uv":[0.0,0.0,0.4345,0.231],"rotation":0,"texture":"#0","tintindex":0},"west":{"uv":[0.0,0.0,0.4345,0.231],"rotation":0,"texture":"#0","tintindex":0}}},{"name":"cube","from":[7.0861607,5.618,3.2572849],"to":[9.610001,7.8356,7.428485],"rotation":{"angle":0.0,"axis":"x","origin":[7.028081,6.7268,6.134885]},"faces":{"down":{"uv":[0.0,0.0,0.4345,0.231],"rotation":0,"texture":"#0","tintindex":0},"east":{"uv":[0.0,0.0,0.4345,0.231],"rotation":0,"texture":"#0","tintindex":0},"north":{"uv":[0.0,0.0,0.4345,0.231],"rotation":0,"texture":"#0","tintindex":0},"south":{"uv":[0.0,0.0,0.4345,0.231],"rotation":0,"texture":"#0","tintindex":0},"up":{"uv":[0.0,0.0,0.4345,0.231],"rotation":0,"texture":"#0","tintindex":0},"west":{"uv":[0.0,0.0,0.4345,0.231],"rotation":0,"texture":"#0","tintindex":0}}},{"name":"cube","from":[8.600758,5.618,3.4912095],"to":[11.124598,7.8356,7.66241],"rotation":{"angle":-45.0,"axis":"y","origin":[9.070678,6.7268,5.57681]},"faces":{"down":{"uv":[0.0,0.0,0.4345,0.231],"rotation":0,"texture":"#0","tintindex":0},"east":{"uv":[0.0,0.0,0.4345,0.231],"rotation":0,"texture":"#0","tintindex":0},"north":{"uv":[0.0,0.0,0.4345,0.231],"rotation":0,"texture":"#0","tintindex":0},"south":{"uv":[0.0,0.0,0.4345,0.231],"rotation":0,"texture":"#0","tintindex":0},"up":{"uv":[0.0,0.0,0.4345,0.231],"rotation":0,"texture":"#0","tintindex":0},"west":{"uv":[0.0,0.0,0.4345,0.231],"rotation":0,"texture":"#0","tintindex":0}}},{"name":"cube","from":[6.786978,5.618,4.6833487],"to":[10.366817,8.0204,9.118549],"rotation":{"angle":0.0,"axis":"x","origin":[7.2568984,0.3116002,12.60335]},"faces":{"down":{"uv":[0.0,0.0,0.462,0.25025],"rotation":0,"texture":"#0","tintindex":0},"east":{"uv":[0.0,0.0,0.462,0.25025],"rotation":0,"texture":"#0","tintindex":0},"north":{"uv":[0.0,0.0,0.462,0.25025],"rotation":0,"texture":"#0","tintindex":0},"south":{"uv":[0.0,0.0,0.462,0.25025],"rotation":0,"texture":"#0","tintindex":0},"up":{"uv":[0.0,0.0,0.462,0.25025],"rotation":0,"texture":"#0","tintindex":0},"west":{"uv":[0.0,0.0,0.462,0.25025],"rotation":0,"texture":"#0","tintindex":0}}},{"name":"cube","from":[12.810243,5.618,0.5417254],"to":[12.810243,7.8356,4.712926],"rotation":{"angle":-45.0,"axis":"y","origin":[12.020162,6.7268,2.627326]},"faces":{"down":{"uv":[10.1875,10.25,10.622,10.481],"rotation":0,"texture":"#0","tintindex":0},"east":{"uv":[10.1875,10.25,10.622,10.481],"rotation":0,"texture":"#0","tintindex":0},"north":{"uv":[10.1875,10.25,10.622,10.481],"rotation":0,"texture":"#0","tintindex":0},"south":{"uv":[10.1875,10.25,10.622,10.481],"rotation":0,"texture":"#0","tintindex":0},"up":{"uv":[10.1875,10.25,10.622,10.481],"rotation":0,"texture":"#0","tintindex":0},"west":{"uv":[10.25,11.25,10.6845,11.481],"rotation":0,"texture":"#0","tintindex":0}}},{"name":"cube","from":[8.346161,5.618,-0.91391516],"to":[8.346161,7.8356,3.2572849],"rotation":{"angle":0.0,"axis":"x","origin":[7.028081,6.7268,1.9636848]},"faces":{"down":{"uv":[0.0,0.0,0.4345,0.231],"rotation":0,"texture":"#0","tintindex":0},"east":{"uv":[10.1875,10.25,10.622,10.481],"rotation":0,"texture":"#0","tintindex":0},"north":{"uv":[0.0,0.0,0.4345,0.231],"rotation":0,"texture":"#0","tintindex":0},"south":{"uv":[0.0,0.0,0.4345,0.231],"rotation":0,"texture":"#0","tintindex":0},"up":{"uv":[0.0,0.0,0.4345,0.231],"rotation":0,"texture":"#0","tintindex":0},"west":{"uv":[10.25,11.25,10.6845,11.481],"rotation":0,"texture":"#0","tintindex":0}}},{"name":"cube","from":[3.9220293,5.618,0.72644854],"to":[3.9220293,7.8356,4.8976483],"rotation":{"angle":45.0,"axis":"y","origin":[4.4519496,6.7268,2.8120484]},"faces":{"down":{"uv":[0.0,0.0,0.4345,0.231],"rotation":0,"texture":"#0","tintindex":0},"east":{"uv":[10.1875,10.25,10.622,10.481],"rotation":0,"texture":"#0","tintindex":0},"north":{"uv":[0.0,0.0,0.4345,0.231],"rotation":0,"texture":"#0","tintindex":0},"south":{"uv":[0.0,0.0,0.4345,0.231],"rotation":0,"texture":"#0","tintindex":0},"up":{"uv":[0.0,0.0,0.4345,0.231],"rotation":0,"texture":"#0","tintindex":0},"west":{"uv":[10.25,11.25,10.6845,11.481],"rotation":0,"texture":"#0","tintindex":0}}}],"display":{"head":{"translation":[0.0,-6.4,0.0],"rotation":[0.0,0.0,0.0],"scale":[3.8095,3.8095,3.8095]}}}