{"textures":{"0":"modelengine:entity/bbluevinecat"},"elements":[{"name":"cube","from":[5.8352003,5.9989996,7.635199],"to":[10.164801,9.827,11.964799],"rotation":{"angle":0.0,"axis":"x","origin":[7.868,1.1677997,0.77119946]},"faces":{"down":{"uv":[1.1875,0.0,1.952,0.66825],"rotation":0,"texture":"#0","tintindex":0},"east":{"uv":[0.0,0.0,0.451,0.39875],"rotation":0,"texture":"#0","tintindex":0},"north":{"uv":[0.0,0.0,0.451,0.39875],"rotation":0,"texture":"#0","tintindex":0},"south":{"uv":[0.0,0.0,0.451,0.39875],"rotation":0,"texture":"#0","tintindex":0},"up":{"uv":[0.0,0.0,0.451,0.39875],"rotation":0,"texture":"#0","tintindex":0},"west":{"uv":[0.0,0.0,0.451,0.39875],"rotation":0,"texture":"#0","tintindex":0}}},{"name":"cube","from":[8.0,8.903,5.7752],"to":[8.0,13.511,13.8248005],"rotation":{"angle":22.5,"axis":"x","origin":[8.0,11.207,9.8]},"faces":{"down":{"uv":[0.0,0.0,0.0,0.4375],"rotation":0,"texture":"#0","tintindex":0},"east":{"uv":[10.0875,6.625,10.9675,7.604],"rotation":90,"texture":"#0","tintindex":0},"north":{"uv":[0.0,0.0,0.0,0.375],"rotation":0,"texture":"#0","tintindex":0},"south":{"uv":[0.0,0.0,0.0,0.375],"rotation":0,"texture":"#0","tintindex":0},"up":{"uv":[0.0,0.4375,0.0,0.0],"rotation":0,"texture":"#0","tintindex":0},"west":{"uv":[11.75,6.625,12.65225,7.5885],"rotation":270,"texture":"#0","tintindex":0}}}],"display":{"head":{"translation":[0.0,-6.4,0.0],"rotation":[0.0,0.0,0.0],"scale":[3.8095,3.8095,3.8095]}}}