{"textures":{"0":"modelengine:entity/bbluevinecat"},"elements":[{"name":"cube","from":[5.4392004,5.5171995,8.055201],"to":[10.560801,9.9788,12.384801],"rotation":{"angle":0.0,"axis":"x","origin":[7.868,1.0028,1.1912]},"faces":{"down":{"uv":[1.1875,0.0,1.952,0.66825],"rotation":0,"texture":"#0","tintindex":0},"east":{"uv":[0.0,0.0,0.451,0.46475],"rotation":0,"texture":"#0","tintindex":0},"north":{"uv":[0.0,0.0,0.451,0.46475],"rotation":0,"texture":"#0","tintindex":0},"south":{"uv":[0.0,0.0,0.451,0.46475],"rotation":0,"texture":"#0","tintindex":0},"up":{"uv":[0.0,0.0,0.451,0.46475],"rotation":0,"texture":"#0","tintindex":0},"west":{"uv":[0.0,0.0,0.451,0.44275],"rotation":0,"texture":"#0","tintindex":0}}},{"name":"cube","from":[8.0,8.4212,6.1952],"to":[8.0,15.2828,14.244801],"rotation":{"angle":22.5,"axis":"x","origin":[8.0,11.852,10.220001]},"faces":{"down":{"uv":[0.0,0.0,0.0,0.4375],"rotation":0,"texture":"#0","tintindex":0},"east":{"uv":[10.0875,6.625,10.9675,7.604],"rotation":90,"texture":"#0","tintindex":0},"north":{"uv":[0.0,0.0,0.0,0.4375],"rotation":0,"texture":"#0","tintindex":0},"south":{"uv":[0.0,0.0,0.0,0.4375],"rotation":0,"texture":"#0","tintindex":0},"up":{"uv":[0.0,0.4375,0.0,0.0],"rotation":0,"texture":"#0","tintindex":0},"west":{"uv":[11.75,6.625,12.65225,7.5885],"rotation":270,"texture":"#0","tintindex":0}}}],"display":{"head":{"translation":[0.0,-6.4,0.0],"rotation":[0.0,0.0,0.0],"scale":[3.8095,3.8095,3.8095]}}}