{"textures":{"0":"modelengine:entity/bbluevinecat"},"elements":[{"name":"cube","from":[5.5184,8.324876,2.2738204],"to":[10.4816,10.885675,6.76182],"rotation":{"angle":45.0,"axis":"x","origin":[8.0,9.7920265,13.142922]},"faces":{"down":{"uv":[4.3125,2.75,4.8295,3.01675],"rotation":0,"texture":"#0","tintindex":0},"east":{"uv":[4.3125,2.75,4.8295,3.01675],"rotation":0,"texture":"#0","tintindex":0},"north":{"uv":[4.3125,2.75,4.8295,3.01675],"rotation":0,"texture":"#0","tintindex":0},"south":{"uv":[4.3125,2.75,4.8295,3.01675],"rotation":0,"texture":"#0","tintindex":0},"up":{"uv":[4.3125,2.75,4.8295,3.01675],"rotation":0,"texture":"#0","tintindex":0},"west":{"uv":[4.3125,2.75,4.8295,3.01675],"rotation":0,"texture":"#0","tintindex":0}}},{"name":"cube","from":[3.9584,15.362246,7.0223093],"to":[12.0416,22.723045,7.0223093],"rotation":{"angle":22.5,"axis":"x","origin":[8.0,19.042648,7.0223093]},"faces":{"down":{"uv":[4.3125,2.75,4.8295,3.01675],"rotation":0,"texture":"#0","tintindex":0},"east":{"uv":[4.3125,2.75,4.3125,3.51675],"rotation":0,"texture":"#0","tintindex":0},"north":{"uv":[3.5625,8.8125,4.3795,9.57925],"rotation":0,"texture":"#0","tintindex":0},"south":{"uv":[8.5625,8.4375,9.5795,9.14175],"rotation":0,"texture":"#0","tintindex":0},"up":{"uv":[4.3125,2.75,4.8295,3.01675],"rotation":0,"texture":"#0","tintindex":0},"west":{"uv":[4.3125,2.75,4.8295,3.01675],"rotation":0,"texture":"#0","tintindex":0}}}],"display":{"head":{"translation":[0.0,-6.4,0.0],"rotation":[0.0,0.0,0.0],"scale":[3.8095,3.8095,3.8095]}}}