{"textures":{"0":"modelengine:entity/bbluevinecat"},"elements":[{"name":"cube","from":[5.0168,9.068001,-4.6599994],"to":[10.9832,12.236001,-0.17200017],"rotation":{"angle":0.0,"axis":"x","origin":[8.0,11.18,-3.3400002]},"faces":{"down":{"uv":[4.3125,3.375,4.9375,3.6875],"rotation":0,"texture":"#0","tintindex":0},"east":{"uv":[4.3125,2.75,4.8125,3.375],"rotation":0,"texture":"#0","tintindex":0},"north":{"uv":[4.3125,3.375,4.9375,3.6875],"rotation":0,"texture":"#0","tintindex":0},"south":{"uv":[4.3125,3.375,4.9375,3.6875],"rotation":0,"texture":"#0","tintindex":0},"up":{"uv":[4.3125,3.375,4.9375,3.6875],"rotation":0,"texture":"#0","tintindex":0},"west":{"uv":[4.3125,2.75,4.8125,3.375],"rotation":0,"texture":"#0","tintindex":0}}},{"name":"cube","from":[7.9088,5.948001,-0.028000355],"to":[15.6752,14.156001,-0.028000355],"rotation":{"angle":-45.0,"axis":"z","origin":[11.792,10.052,-0.028000355]},"faces":{"down":{"uv":[4.9375,10.5,6.5555,12.21],"rotation":0,"texture":"#0","tintindex":0},"east":{"uv":[4.9375,10.5,6.5555,12.21],"rotation":0,"texture":"#0","tintindex":0},"north":{"uv":[4.9375,10.5,6.5555,12.21],"rotation":0,"texture":"#0","tintindex":0},"south":{"uv":[0.1875,11.125,1.8055,12.835],"rotation":0,"texture":"#0","tintindex":0},"up":{"uv":[4.9375,10.5,6.5555,12.21],"rotation":0,"texture":"#0","tintindex":0},"west":{"uv":[4.9375,10.5,6.5555,12.21],"rotation":0,"texture":"#0","tintindex":0}}},{"name":"cube","from":[0.19519949,5.948001,-0.028000355],"to":[7.9616,14.156001,-0.028000355],"rotation":{"angle":45.0,"axis":"z","origin":[4.0783997,10.052,-0.028000355]},"faces":{"down":{"uv":[4.3125,3.375,4.9375,3.6875],"rotation":0,"texture":"#0","tintindex":0},"east":{"uv":[4.3125,2.75,4.8125,3.375],"rotation":0,"texture":"#0","tintindex":0},"north":{"uv":[7.5,10.5,9.118,12.21],"rotation":0,"texture":"#0","tintindex":0},"south":{"uv":[4.9375,10.5,6.5555,12.21],"rotation":0,"texture":"#0","tintindex":0},"up":{"uv":[4.3125,3.375,4.9375,3.6875],"rotation":0,"texture":"#0","tintindex":0},"west":{"uv":[4.3125,2.75,4.8125,3.375],"rotation":0,"texture":"#0","tintindex":0}}},{"name":"cube","from":[5.6768,8.06,-4.48],"to":[10.3232,9.188001,-1.4920006],"rotation":{"angle":0.0,"axis":"x","origin":[8.0,8.012,-3.3400002]},"faces":{"down":{"uv":[14.0625,1.5,12.9375,2.1875],"rotation":0,"texture":"#0","tintindex":0},"east":{"uv":[10.075,7.975,11.749,8.44],"rotation":0,"texture":"#0","tintindex":0},"north":{"uv":[10.075,7.975,11.749,8.44],"rotation":0,"texture":"#0","tintindex":0},"south":{"uv":[10.125,11.9375,11.25,12.75],"rotation":0,"texture":"#0","tintindex":0},"up":{"uv":[11.375,12.75,10.25,11.9375],"rotation":0,"texture":"#0","tintindex":0},"west":{"uv":[10.075,7.975,11.749,8.44],"rotation":0,"texture":"#0","tintindex":0}}},{"name":"cube","from":[6.4424,9.965601,-5.5312004],"to":[7.4456,12.869601,-4.6599994],"rotation":{"angle":0.0,"axis":"x","origin":[8.0,11.813601,-2.0199995]},"faces":{"down":{"uv":[4.375,4.6875,4.5,5.0],"rotation":0,"texture":"#0","tintindex":0},"east":{"uv":[4.375,4.6875,4.5,5.0],"rotation":0,"texture":"#0","tintindex":0},"north":{"uv":[4.375,4.6875,4.5,5.0],"rotation":0,"texture":"#0","tintindex":0},"south":{"uv":[4.375,4.6875,4.5,5.0],"rotation":0,"texture":"#0","tintindex":0},"up":{"uv":[4.375,4.6875,4.5,5.0],"rotation":0,"texture":"#0","tintindex":0},"west":{"uv":[4.375,4.6875,4.5,5.0],"rotation":0,"texture":"#0","tintindex":0}}},{"name":"cube","from":[8.2904,9.965601,-5.5312004],"to":[9.2936,12.869601,-4.6599994],"rotation":{"angle":0.0,"axis":"x","origin":[8.0,11.813601,-2.0199995]},"faces":{"down":{"uv":[1.125,5.5,1.25,5.8125],"rotation":0,"texture":"#0","tintindex":0},"east":{"uv":[1.125,5.5,1.25,5.8125],"rotation":0,"texture":"#0","tintindex":0},"north":{"uv":[1.125,5.5,1.25,5.8125],"rotation":0,"texture":"#0","tintindex":0},"south":{"uv":[1.125,5.5,1.25,5.8125],"rotation":0,"texture":"#0","tintindex":0},"up":{"uv":[1.125,5.5,1.25,5.8125],"rotation":0,"texture":"#0","tintindex":0},"west":{"uv":[1.125,5.5,1.25,5.8125],"rotation":0,"texture":"#0","tintindex":0}}},{"name":"cube","from":[9.088721,9.358401,-5.372405],"to":[10.144722,9.965601,-4.501205],"rotation":{"angle":-22.5,"axis":"y","origin":[9.590322,8.5136,-4.936805]},"faces":{"down":{"uv":[5.75,2.3125,5.625,2.375],"rotation":0,"texture":"#0","tintindex":0},"east":{"uv":[2.6875,1.6875,2.75,1.75],"rotation":0,"texture":"#0","tintindex":0},"north":{"uv":[5.5,4.5,5.625,4.5625],"rotation":0,"texture":"#0","tintindex":0},"south":{"uv":[5.5625,5.375,5.6875,5.4375],"rotation":0,"texture":"#0","tintindex":0},"up":{"uv":[5.75,2.3125,5.625,2.25],"rotation":0,"texture":"#0","tintindex":0},"west":{"uv":[4.4375,4.1875,4.5,4.25],"rotation":0,"texture":"#0","tintindex":0}}},{"name":"cube","from":[5.591279,9.358401,-5.372405],"to":[6.647279,9.965601,-4.501205],"rotation":{"angle":22.5,"axis":"y","origin":[6.1456785,8.5136,-4.936805]},"faces":{"down":{"uv":[5.75,3.9375,5.625,4.0],"rotation":0,"texture":"#0","tintindex":0},"east":{"uv":[1.4375,5.375,1.5,5.4375],"rotation":0,"texture":"#0","tintindex":0},"north":{"uv":[5.625,2.375,5.75,2.4375],"rotation":0,"texture":"#0","tintindex":0},"south":{"uv":[5.625,2.4375,5.75,2.5],"rotation":0,"texture":"#0","tintindex":0},"up":{"uv":[5.75,2.5625,5.625,2.5],"rotation":0,"texture":"#0","tintindex":0},"west":{"uv":[3.5,5.5,3.5625,5.5625],"rotation":0,"texture":"#0","tintindex":0}}},{"name":"cube","from":[4.588079,8.9096,-5.372405],"to":[5.591279,9.965601,-4.501205],"rotation":{"angle":22.5,"axis":"y","origin":[6.1456785,8.5136,-4.936805]},"faces":{"down":{"uv":[4.8125,0.4375,4.9375,0.5625],"rotation":0,"texture":"#0","tintindex":0},"east":{"uv":[4.8125,0.4375,4.9375,0.5625],"rotation":0,"texture":"#0","tintindex":0},"north":{"uv":[4.8125,0.4375,4.9375,0.5625],"rotation":0,"texture":"#0","tintindex":0},"south":{"uv":[4.8125,0.4375,4.9375,0.5625],"rotation":0,"texture":"#0","tintindex":0},"up":{"uv":[4.8125,0.4375,4.9375,0.5625],"rotation":0,"texture":"#0","tintindex":0},"west":{"uv":[4.8125,0.4375,4.9375,0.5625],"rotation":0,"texture":"#0","tintindex":0}}},{"name":"cube","from":[10.144722,8.9096,-5.372405],"to":[11.147921,9.965601,-4.501205],"rotation":{"angle":-22.5,"axis":"y","origin":[9.590322,8.5136,-4.936805]},"faces":{"down":{"uv":[5.375,3.875,5.5,4.0],"rotation":0,"texture":"#0","tintindex":0},"east":{"uv":[5.375,3.875,5.5,4.0],"rotation":0,"texture":"#0","tintindex":0},"north":{"uv":[5.375,3.875,5.5,4.0],"rotation":0,"texture":"#0","tintindex":0},"south":{"uv":[5.375,3.875,5.5,4.0],"rotation":0,"texture":"#0","tintindex":0},"up":{"uv":[5.375,3.875,5.5,4.0],"rotation":0,"texture":"#0","tintindex":0},"west":{"uv":[5.375,3.875,5.5,4.0],"rotation":0,"texture":"#0","tintindex":0}}},{"name":"cube","from":[4.588079,9.965601,-5.372405],"to":[6.647279,10.757601,-4.501205],"rotation":{"angle":22.5,"axis":"y","origin":[6.1456785,11.417601,-4.936805]},"faces":{"down":{"uv":[2.5,1.6875,2.6875,1.75],"rotation":0,"texture":"#0","tintindex":0},"east":{"uv":[2.5,1.6875,2.6875,1.75],"rotation":0,"texture":"#0","tintindex":0},"north":{"uv":[2.5,1.6875,2.6875,1.75],"rotation":0,"texture":"#0","tintindex":0},"south":{"uv":[2.5,1.6875,2.6875,1.75],"rotation":0,"texture":"#0","tintindex":0},"up":{"uv":[2.5,1.6875,2.6875,1.75],"rotation":0,"texture":"#0","tintindex":0},"west":{"uv":[2.5,1.6875,2.6875,1.75],"rotation":0,"texture":"#0","tintindex":0}}},{"name":"cube","from":[9.088721,9.965601,-5.372405],"to":[11.147921,10.757601,-4.501205],"rotation":{"angle":-22.5,"axis":"y","origin":[9.590322,11.417601,-4.936805]},"faces":{"down":{"uv":[4.125,3.0,4.3125,3.0625],"rotation":0,"texture":"#0","tintindex":0},"east":{"uv":[4.125,3.0,4.3125,3.0625],"rotation":0,"texture":"#0","tintindex":0},"north":{"uv":[4.125,3.0,4.3125,3.0625],"rotation":0,"texture":"#0","tintindex":0},"south":{"uv":[4.125,3.0,4.3125,3.0625],"rotation":0,"texture":"#0","tintindex":0},"up":{"uv":[4.125,3.0,4.3125,3.0625],"rotation":0,"texture":"#0","tintindex":0},"west":{"uv":[4.125,3.0,4.3125,3.0625],"rotation":0,"texture":"#0","tintindex":0}}},{"name":"cube","from":[10.3496,9.068001,-3.8679996],"to":[12.4088,12.236001,-0.9640002],"rotation":{"angle":0.0,"axis":"x","origin":[8.0,11.18,-3.3400002]},"faces":{"down":{"uv":[4.3125,2.75,4.8125,3.375],"rotation":0,"texture":"#0","tintindex":0},"east":{"uv":[4.3125,2.75,4.8125,3.375],"rotation":0,"texture":"#0","tintindex":0},"north":{"uv":[4.3125,2.75,4.8125,3.375],"rotation":0,"texture":"#0","tintindex":0},"south":{"uv":[4.3125,2.75,4.8125,3.375],"rotation":0,"texture":"#0","tintindex":0},"up":{"uv":[4.3125,2.75,4.8125,3.375],"rotation":0,"texture":"#0","tintindex":0},"west":{"uv":[4.3125,2.75,4.8125,3.375],"rotation":0,"texture":"#0","tintindex":0}}},{"name":"cube","from":[3.2216,9.068001,-3.8679996],"to":[5.2808,12.236001,-0.9640002],"rotation":{"angle":0.0,"axis":"x","origin":[8.0,11.18,-3.3400002]},"faces":{"down":{"uv":[4.3125,2.75,4.8125,3.375],"rotation":0,"texture":"#0","tintindex":0},"east":{"uv":[4.3125,2.75,4.8125,3.375],"rotation":0,"texture":"#0","tintindex":0},"north":{"uv":[4.3125,2.75,4.8125,3.375],"rotation":0,"texture":"#0","tintindex":0},"south":{"uv":[4.3125,2.75,4.8125,3.375],"rotation":0,"texture":"#0","tintindex":0},"up":{"uv":[4.3125,2.75,4.8125,3.375],"rotation":0,"texture":"#0","tintindex":0},"west":{"uv":[4.3125,2.75,4.8125,3.375],"rotation":0,"texture":"#0","tintindex":0}}},{"name":"cube","from":[10.1696,8.012,-4.6599994],"to":[14.868799,12.236001,-4.6599994],"rotation":{"angle":-22.5,"axis":"y","origin":[11.019199,10.124001,-4.6599994]},"faces":{"down":{"uv":[0.5,0.0,0.0,0.0],"rotation":0,"texture":"#0","tintindex":0},"east":{"uv":[0.0,0.0,0.0,0.4375],"rotation":0,"texture":"#0","tintindex":0},"north":{"uv":[10.0875,6.625,11.0665,7.505],"rotation":0,"texture":"#0","tintindex":0},"south":{"uv":[5.375,0.4375,5.875,0.875],"rotation":0,"texture":"#0","tintindex":0},"up":{"uv":[0.5,0.0,0.0,0.0],"rotation":0,"texture":"#0","tintindex":0},"west":{"uv":[0.0,0.0,0.0,0.4375],"rotation":0,"texture":"#0","tintindex":0}}},{"name":"cube","from":[1.1311998,8.012,-4.48],"to":[5.8304,12.236001,-4.48],"rotation":{"angle":22.5,"axis":"y","origin":[4.6808,10.124001,-4.48]},"faces":{"down":{"uv":[0.5,0.0,0.0,0.0],"rotation":0,"texture":"#0","tintindex":0},"east":{"uv":[0.0,0.0,0.0,0.4375],"rotation":0,"texture":"#0","tintindex":0},"north":{"uv":[11.625,6.625,12.604,7.505],"rotation":0,"texture":"#0","tintindex":0},"south":{"uv":[5.375,3.0,5.875,3.4375],"rotation":0,"texture":"#0","tintindex":0},"up":{"uv":[0.5,0.0,0.0,0.0],"rotation":0,"texture":"#0","tintindex":0},"west":{"uv":[0.0,0.0,0.0,0.4375],"rotation":0,"texture":"#0","tintindex":0}}},{"name":"cube","from":[5.6456003,4.2320004,-0.83200073],"to":[10.354401,10.496001,6.836],"rotation":{"angle":22.5,"axis":"x","origin":[8.0,6.344001,6.5719995]},"faces":{"down":{"uv":[0.0,0.0,0.71125,0.7775],"rotation":0,"texture":"#0","tintindex":0},"east":{"uv":[0.0,0.0,0.71125,0.6525],"rotation":0,"texture":"#0","tintindex":0},"north":{"uv":[0.0,0.0,1.21125,0.6525],"rotation":0,"texture":"#0","tintindex":0},"south":{"uv":[0.0,0.0,1.21125,0.6525],"rotation":0,"texture":"#0","tintindex":0},"up":{"uv":[0.0,0.0,1.21125,0.6525],"rotation":0,"texture":"#0","tintindex":0},"west":{"uv":[0.0,0.0,1.21125,0.6525],"rotation":0,"texture":"#0","tintindex":0}}},{"name":"cube","from":[6.0056,3.9320006,-0.83200073],"to":[9.9944,10.796001,6.836],"rotation":{"angle":22.5,"axis":"x","origin":[8.0,6.344001,6.5719995]},"faces":{"down":{"uv":[0.0,0.0,0.77375,0.6525],"rotation":0,"texture":"#0","tintindex":0},"east":{"uv":[0.0,0.0,0.77375,0.6525],"rotation":0,"texture":"#0","tintindex":0},"north":{"uv":[0.0,0.0,0.77375,0.6525],"rotation":0,"texture":"#0","tintindex":0},"south":{"uv":[0.0,0.0,0.77375,0.6525],"rotation":0,"texture":"#0","tintindex":0},"up":{"uv":[0.0,0.0,0.4155,1.21125],"rotation":0,"texture":"#0","tintindex":0},"west":{"uv":[0.0,0.0,0.77375,0.6525],"rotation":0,"texture":"#0","tintindex":0}}}],"display":{"head":{"translation":[0.0,-6.4,0.0],"rotation":[0.0,0.0,0.0],"scale":[3.8095,3.8095,3.8095]}}}