{"textures":{"0":"modelengine:entity/bbluevinecat"},"elements":[{"name":"cube","from":[7.7433796,9.407345,-1.1189651],"to":[12.70658,15.109746,3.3690348],"rotation":{"angle":45.0,"axis":"x","origin":[9.189851,7.4773064,8.701224]},"faces":{"down":{"uv":[4.3125,2.75,4.8125,3.375],"rotation":0,"texture":"#0","tintindex":0},"east":{"uv":[4.3125,2.75,4.8125,3.375],"rotation":0,"texture":"#0","tintindex":0},"north":{"uv":[4.3125,2.75,4.8125,3.375],"rotation":0,"texture":"#0","tintindex":0},"south":{"uv":[4.3125,2.75,4.8125,3.375],"rotation":0,"texture":"#0","tintindex":0},"up":{"uv":[4.3125,2.75,4.8125,3.375],"rotation":0,"texture":"#0","tintindex":0},"west":{"uv":[4.3125,2.75,4.8125,3.375],"rotation":0,"texture":"#0","tintindex":0}}},{"name":"cube","from":[11.905332,11.28819,-3.6428027],"to":[18.452534,11.28819,4.5411983],"rotation":{"angle":45.0,"axis":"x","origin":[7.8170505,7.4773064,8.701224]},"faces":{"down":{"uv":[9.8875,14.08125,11.8015,15.26375],"rotation":180,"texture":"#0","tintindex":0},"east":{"uv":[0.0,0.0,0.875,0.0],"rotation":0,"texture":"#0","tintindex":0},"north":{"uv":[0.0,0.0,0.6875,0.0],"rotation":0,"texture":"#0","tintindex":0},"south":{"uv":[0.0,0.0,0.6875,0.0],"rotation":0,"texture":"#0","tintindex":0},"up":{"uv":[12.0625,14.086,13.9765,15.2685],"rotation":0,"texture":"#0","tintindex":0},"west":{"uv":[0.0,0.0,0.875,0.0],"rotation":0,"texture":"#0","tintindex":0}}}],"display":{"head":{"translation":[0.0,-6.4,0.0],"rotation":[0.0,0.0,0.0],"scale":[3.8095,3.8095,3.8095]}}}