{"textures":{"0":"modelengine:entity/bbluevinecat"},"elements":[{"name":"cube","from":[6.930208,7.208,7.3623433],"to":[8.9894085,8.792,8.233543],"rotation":{"angle":22.5,"axis":"y","origin":[8.487808,7.3399997,7.797943]},"faces":{"down":{"uv":[2.625,3.5,2.8125,3.6875],"rotation":0,"texture":"#0","tintindex":0},"east":{"uv":[2.625,3.5,2.8125,3.6875],"rotation":0,"texture":"#0","tintindex":0},"north":{"uv":[2.625,3.5,2.8125,3.6875],"rotation":0,"texture":"#0","tintindex":0},"south":{"uv":[2.625,3.5,2.8125,3.6875],"rotation":0,"texture":"#0","tintindex":0},"up":{"uv":[2.625,3.5,2.8125,3.6875],"rotation":0,"texture":"#0","tintindex":0},"west":{"uv":[2.625,3.5,2.8125,3.6875],"rotation":0,"texture":"#0","tintindex":0}}}],"display":{"head":{"translation":[0.0,-6.4,0.0],"rotation":[0.0,0.0,0.0],"scale":[3.8095,3.8095,3.8095]}}}