{"textures":{"0":"modelengine:entity/freddy2"},"elements":[{"name":"cube","from":[8.678218,12.613961,6.8599997],"to":[9.758219,13.273963,7.46],"rotation":{"angle":-22.5,"axis":"z","origin":[-4.641554,12.021604,7.97]},"faces":{"down":{"uv":[0.4375,0.46875,0.6875,0.8125],"rotation":0,"texture":"#0","tintindex":0},"east":{"uv":[0.4375,0.46875,0.6875,0.8125],"rotation":0,"texture":"#0","tintindex":0},"north":{"uv":[0.4375,0.46875,0.6875,0.8125],"rotation":0,"texture":"#0","tintindex":0},"south":{"uv":[0.4375,0.46875,0.6875,0.8125],"rotation":0,"texture":"#0","tintindex":0},"up":{"uv":[0.4375,0.46875,0.6875,0.8125],"rotation":0,"texture":"#0","tintindex":0},"west":{"uv":[0.4375,0.46875,0.6875,0.8125],"rotation":0,"texture":"#0","tintindex":0}}},{"name":"cube","from":[8.678218,12.613961,7.7],"to":[9.758219,13.273963,8.3],"rotation":{"angle":-22.5,"axis":"z","origin":[-4.641554,12.021604,7.97]},"faces":{"down":{"uv":[0.4375,0.46875,0.6875,0.8125],"rotation":0,"texture":"#0","tintindex":0},"east":{"uv":[0.4375,0.46875,0.6875,0.8125],"rotation":0,"texture":"#0","tintindex":0},"north":{"uv":[0.4375,0.46875,0.6875,0.8125],"rotation":0,"texture":"#0","tintindex":0},"south":{"uv":[0.4375,0.46875,0.6875,0.8125],"rotation":0,"texture":"#0","tintindex":0},"up":{"uv":[0.4375,0.46875,0.6875,0.8125],"rotation":0,"texture":"#0","tintindex":0},"west":{"uv":[0.4375,0.46875,0.6875,0.8125],"rotation":0,"texture":"#0","tintindex":0}}},{"name":"cube","from":[8.678218,12.613961,8.54],"to":[9.758219,13.273963,9.139999],"rotation":{"angle":-22.5,"axis":"z","origin":[-4.641554,12.021604,7.97]},"faces":{"down":{"uv":[0.4375,0.46875,0.6875,0.8125],"rotation":0,"texture":"#0","tintindex":0},"east":{"uv":[0.4375,0.46875,0.6875,0.8125],"rotation":0,"texture":"#0","tintindex":0},"north":{"uv":[0.4375,0.46875,0.6875,0.8125],"rotation":0,"texture":"#0","tintindex":0},"south":{"uv":[0.4375,0.46875,0.6875,0.8125],"rotation":0,"texture":"#0","tintindex":0},"up":{"uv":[0.4375,0.46875,0.6875,0.8125],"rotation":0,"texture":"#0","tintindex":0},"west":{"uv":[0.4375,0.46875,0.6875,0.8125],"rotation":0,"texture":"#0","tintindex":0}}},{"name":"cube","from":[9.758178,13.283386,6.8599997],"to":[10.838177,13.283386,7.46],"rotation":{"angle":-22.5,"axis":"z","origin":[-4.641554,12.021604,7.97]},"faces":{"down":{"uv":[3.8125,14.84375,4.2625,15.09375],"rotation":0,"texture":"#0","tintindex":0},"east":{"uv":[10.125,3.25,10.25,3.25],"rotation":0,"texture":"#0","tintindex":0},"north":{"uv":[10.25,0.625,10.46875,0.625],"rotation":0,"texture":"#0","tintindex":0},"south":{"uv":[10.375,6.125,10.59375,6.125],"rotation":0,"texture":"#0","tintindex":0},"up":{"uv":[3.8125,14.84375,4.2625,15.09375],"rotation":0,"texture":"#0","tintindex":0},"west":{"uv":[10.625,0.625,10.75,0.625],"rotation":0,"texture":"#0","tintindex":0}}},{"name":"cube","from":[9.758178,13.283386,7.7],"to":[10.838177,13.283386,8.3],"rotation":{"angle":-22.5,"axis":"z","origin":[-4.641554,12.021604,7.97]},"faces":{"down":{"uv":[3.8125,14.84375,4.2625,15.09375],"rotation":0,"texture":"#0","tintindex":0},"east":{"uv":[11.375,8.0,11.5,8.0],"rotation":0,"texture":"#0","tintindex":0},"north":{"uv":[12.0,3.75,12.21875,3.75],"rotation":0,"texture":"#0","tintindex":0},"south":{"uv":[12.0,9.875,12.21875,9.875],"rotation":0,"texture":"#0","tintindex":0},"up":{"uv":[3.8125,14.84375,4.2625,15.09375],"rotation":0,"texture":"#0","tintindex":0},"west":{"uv":[11.5,1.75,11.625,1.75],"rotation":0,"texture":"#0","tintindex":0}}},{"name":"cube","from":[9.758178,13.283386,8.54],"to":[10.838177,13.283386,9.139999],"rotation":{"angle":-22.5,"axis":"z","origin":[-4.641554,12.021604,7.97]},"faces":{"down":{"uv":[3.8125,14.84375,4.2625,15.09375],"rotation":0,"texture":"#0","tintindex":0},"east":{"uv":[5.5,9.75,5.625,9.75],"rotation":0,"texture":"#0","tintindex":0},"north":{"uv":[3.125,9.75,3.34375,9.75],"rotation":0,"texture":"#0","tintindex":0},"south":{"uv":[10.125,6.875,10.34375,6.875],"rotation":0,"texture":"#0","tintindex":0},"up":{"uv":[2.5625,14.8125,3.0125,15.0625],"rotation":0,"texture":"#0","tintindex":0},"west":{"uv":[5.75,9.75,5.875,9.75],"rotation":0,"texture":"#0","tintindex":0}}}],"display":{"head":{"translation":[0.0,-6.4,0.0],"rotation":[0.0,0.0,0.0],"scale":[3.8095,3.8095,3.8095]}}}