{"textures":{"0":"modelengine:entity/freddy2"},"elements":[{"name":"cube","from":[5.9300003,8.869999,7.97],"to":[10.07,11.570001,9.110001],"rotation":{"angle":0.0,"axis":"x","origin":[8.0,10.52,9.950001]},"faces":{"down":{"uv":[4.875,2.75,3.75,3.625],"rotation":0,"texture":"#0","tintindex":0},"east":{"uv":[3.75,3.75,4.625,4.8125],"rotation":0,"texture":"#0","tintindex":0},"north":{"uv":[0.125,0.25,1.0,1.0625],"rotation":0,"texture":"#0","tintindex":0},"south":{"uv":[15.125,0.0,16.0,1.0625],"rotation":0,"texture":"#0","tintindex":0},"up":{"uv":[4.875,2.625,3.75,1.75],"rotation":0,"texture":"#0","tintindex":0},"west":{"uv":[4.5,0.0,5.375,1.0625],"rotation":0,"texture":"#0","tintindex":0}}},{"name":"cube","from":[5.9300003,7.9699993,7.97],"to":[10.07,8.869999,9.110001],"rotation":{"angle":0.0,"axis":"x","origin":[8.0,10.52,9.950001]},"faces":{"down":{"uv":[4.875,2.75,3.75,3.625],"rotation":0,"texture":"#0","tintindex":0},"east":{"uv":[3.75,3.75,4.625,4.8125],"rotation":0,"texture":"#0","tintindex":0},"north":{"uv":[0.15625,1.03125,0.96875,1.0625],"rotation":0,"texture":"#0","tintindex":0},"south":{"uv":[15.125,0.0,16.0,1.0625],"rotation":0,"texture":"#0","tintindex":0},"up":{"uv":[4.875,2.625,3.75,1.75],"rotation":0,"texture":"#0","tintindex":0},"west":{"uv":[4.5,0.0,5.375,1.0625],"rotation":0,"texture":"#0","tintindex":0}}}],"display":{"head":{"translation":[0.0,-6.4,0.0],"rotation":[0.0,0.0,0.0],"scale":[3.8095,3.8095,3.8095]}}}