{"textures":{"0":"modelengine:entity/freddy2"},"elements":[{"name":"cube","from":[10.87031,10.734001,7.4900002],"to":[12.070312,11.693999,8.51],"rotation":{"angle":-22.5,"axis":"z","origin":[3.3103104,11.034,8.0]},"faces":{"down":{"uv":[5.5,13.25,5.25,13.46875],"rotation":0,"texture":"#0","tintindex":0},"east":{"uv":[6.0,13.375,6.21875,13.5625],"rotation":0,"texture":"#0","tintindex":0},"north":{"uv":[13.0,13.25,13.25,13.4375],"rotation":0,"texture":"#0","tintindex":0},"south":{"uv":[13.375,0.5,13.625,0.6875],"rotation":0,"texture":"#0","tintindex":0},"up":{"uv":[13.5,5.21875,13.25,5.0],"rotation":0,"texture":"#0","tintindex":0},"west":{"uv":[13.375,6.0,13.59375,6.1875],"rotation":0,"texture":"#0","tintindex":0}}},{"name":"cube","from":[10.404476,9.521565,6.83],"to":[11.664476,11.921565,9.17],"rotation":{"angle":-22.5,"axis":"z","origin":[3.864638,10.804391,8.0]},"faces":{"down":{"uv":[2.75,12.0,3.0,12.5],"rotation":0,"texture":"#0","tintindex":0},"east":{"uv":[2.75,12.0,3.0,12.5],"rotation":0,"texture":"#0","tintindex":0},"north":{"uv":[2.75,12.0,3.0,12.5],"rotation":0,"texture":"#0","tintindex":0},"south":{"uv":[2.75,12.0,3.0,12.5],"rotation":0,"texture":"#0","tintindex":0},"up":{"uv":[2.75,12.0,3.0,12.5],"rotation":0,"texture":"#0","tintindex":0},"west":{"uv":[2.75,12.0,3.0,12.5],"rotation":0,"texture":"#0","tintindex":0}}},{"name":"cube","from":[11.964639,10.684391,7.73],"to":[14.184638,11.28439,8.27],"rotation":{"angle":-22.5,"axis":"z","origin":[3.864638,10.804391,8.0]},"faces":{"down":{"uv":[11.84375,13.125,11.375,13.25],"rotation":0,"texture":"#0","tintindex":0},"east":{"uv":[10.5,8.125,10.625,8.25],"rotation":0,"texture":"#0","tintindex":0},"north":{"uv":[13.125,2.75,13.59375,2.875],"rotation":0,"texture":"#0","tintindex":0},"south":{"uv":[13.125,3.0,13.59375,3.125],"rotation":0,"texture":"#0","tintindex":0},"up":{"uv":[3.96875,13.25,3.5,13.125],"rotation":0,"texture":"#0","tintindex":0},"west":{"uv":[7.5,10.75,7.625,10.875],"rotation":0,"texture":"#0","tintindex":0}}},{"name":"cube","from":[7.5703106,10.614,7.37],"to":[8.77031,11.814,8.63],"rotation":{"angle":-22.5,"axis":"z","origin":[3.3103104,11.034,8.0]},"faces":{"down":{"uv":[13.25,10.375,13.0,10.625],"rotation":0,"texture":"#0","tintindex":0},"east":{"uv":[8.25,13.0,8.5,13.25],"rotation":0,"texture":"#0","tintindex":0},"north":{"uv":[13.0,8.0,13.25,8.25],"rotation":0,"texture":"#0","tintindex":0},"south":{"uv":[8.625,13.0,8.875,13.25],"rotation":0,"texture":"#0","tintindex":0},"up":{"uv":[13.25,9.625,13.0,9.375],"rotation":0,"texture":"#0","tintindex":0},"west":{"uv":[9.0,13.0,9.25,13.25],"rotation":0,"texture":"#0","tintindex":0}}},{"name":"cube","from":[8.544476,9.641565,7.01],"to":[13.224477,11.801565,8.99],"rotation":{"angle":-22.5,"axis":"z","origin":[3.864638,10.804391,8.0]},"faces":{"down":{"uv":[6.96875,9.25,6.0,9.65625],"rotation":0,"texture":"#0","tintindex":0},"east":{"uv":[6.625,11.25,7.03125,11.6875],"rotation":0,"texture":"#0","tintindex":0},"north":{"uv":[8.5,5.0,9.46875,5.4375],"rotation":0,"texture":"#0","tintindex":0},"south":{"uv":[5.375,8.5,6.34375,8.9375],"rotation":0,"texture":"#0","tintindex":0},"up":{"uv":[10.21875,6.03125,9.25,5.625],"rotation":0,"texture":"#0","tintindex":0},"west":{"uv":[10.125,11.25,10.53125,11.6875],"rotation":0,"texture":"#0","tintindex":0}}},{"name":"cube","from":[12.897657,10.253786,6.6499996],"to":[15.297657,11.333785,9.35],"rotation":{"angle":-22.5,"axis":"z","origin":[2.577789,11.303417,8.0]},"faces":{"down":{"uv":[10.875,5.375,10.375,5.9375],"rotation":0,"texture":"#0","tintindex":0},"east":{"uv":[12.0,10.875,12.5625,11.09375],"rotation":0,"texture":"#0","tintindex":0},"north":{"uv":[4.25,12.375,4.75,12.59375],"rotation":0,"texture":"#0","tintindex":0},"south":{"uv":[12.375,6.0,12.875,6.21875],"rotation":0,"texture":"#0","tintindex":0},"up":{"uv":[1.125,10.9375,0.625,10.375],"rotation":0,"texture":"#0","tintindex":0},"west":{"uv":[12.25,4.75,12.8125,4.96875],"rotation":0,"texture":"#0","tintindex":0}}},{"name":"cube","from":[8.724638,10.56439,7.55],"to":[10.944638,11.404391,8.45],"rotation":{"angle":-22.5,"axis":"z","origin":[3.864638,10.804391,8.0]},"faces":{"down":{"uv":[13.34375,2.125,12.875,2.3125],"rotation":0,"texture":"#0","tintindex":0},"east":{"uv":[13.375,8.0,13.5625,8.1875],"rotation":0,"texture":"#0","tintindex":0},"north":{"uv":[12.75,4.375,13.21875,4.5625],"rotation":0,"texture":"#0","tintindex":0},"south":{"uv":[12.75,9.0,13.21875,9.1875],"rotation":0,"texture":"#0","tintindex":0},"up":{"uv":[13.21875,11.5625,12.75,11.375],"rotation":0,"texture":"#0","tintindex":0},"west":{"uv":[8.375,13.375,8.5625,13.5625],"rotation":0,"texture":"#0","tintindex":0}}}],"display":{"head":{"translation":[0.0,-6.4,0.0],"rotation":[0.0,0.0,0.0],"scale":[3.8095,3.8095,3.8095]}}}