{"textures":{"0":"modelengine:entity/freddy2"},"elements":[{"name":"cube","from":[6.4224997,0.4103136,7.319489],"to":[9.6625,5.210314,10.919489],"rotation":{"angle":0.0,"axis":"x","origin":[6.3925,19.100315,8.939489]},"faces":{"down":{"uv":[0.0,14.375,0.4375,15.96875],"rotation":0,"texture":"#0","tintindex":0},"east":{"uv":[0.0,14.375,0.4375,15.96875],"rotation":0,"texture":"#0","tintindex":0},"north":{"uv":[0.0,14.375,0.4375,15.96875],"rotation":0,"texture":"#0","tintindex":0},"south":{"uv":[0.0,14.375,0.4375,15.96875],"rotation":0,"texture":"#0","tintindex":0},"up":{"uv":[15.03125,8.84375,15.46875,10.4375],"rotation":0,"texture":"#0","tintindex":0},"west":{"uv":[0.0,14.375,0.4375,15.96875],"rotation":0,"texture":"#0","tintindex":0}}},{"name":"cube","from":[6.5424995,0.050313234,7.979489],"to":[9.5425,7.730314,10.259489],"rotation":{"angle":0.0,"axis":"x","origin":[6.3925,19.100315,8.939489]},"faces":{"down":{"uv":[10.875,0.0,10.25,0.46875],"rotation":0,"texture":"#0","tintindex":0},"east":{"uv":[0.0,6.0,0.46875,7.59375],"rotation":0,"texture":"#0","tintindex":0},"north":{"uv":[1.5,3.5,2.125,5.09375],"rotation":0,"texture":"#0","tintindex":0},"south":{"uv":[2.25,3.5,2.875,5.09375],"rotation":0,"texture":"#0","tintindex":0},"up":{"uv":[10.75,10.46875,10.125,10.0],"rotation":0,"texture":"#0","tintindex":0},"west":{"uv":[6.0,5.5,6.46875,7.09375],"rotation":0,"texture":"#0","tintindex":0}}},{"name":"cube","from":[6.7825003,0.050313234,7.6194887],"to":[9.3025,7.730314,10.619489],"rotation":{"angle":0.0,"axis":"x","origin":[6.3925,19.100315,8.939489]},"faces":{"down":{"uv":[10.15625,3.375,9.625,4.0],"rotation":0,"texture":"#0","tintindex":0},"east":{"uv":[3.0,3.5,3.625,5.09375],"rotation":0,"texture":"#0","tintindex":0},"north":{"uv":[5.0,1.25,5.53125,2.84375],"rotation":0,"texture":"#0","tintindex":0},"south":{"uv":[3.75,5.0,4.28125,6.59375],"rotation":0,"texture":"#0","tintindex":0},"up":{"uv":[1.15625,10.25,0.625,9.625],"rotation":0,"texture":"#0","tintindex":0},"west":{"uv":[3.75,0.0,4.375,1.59375],"rotation":0,"texture":"#0","tintindex":0}}},{"name":"cube","from":[7.0225,0.050313234,7.439489],"to":[9.0625,7.730314,10.79949],"rotation":{"angle":0.0,"axis":"x","origin":[6.3925,19.100315,8.939489]},"faces":{"down":{"uv":[9.9375,10.0,9.5,10.6875],"rotation":0,"texture":"#0","tintindex":0},"east":{"uv":[2.125,0.0,2.8125,1.59375],"rotation":0,"texture":"#0","tintindex":0},"north":{"uv":[1.875,6.125,2.3125,7.71875],"rotation":0,"texture":"#0","tintindex":0},"south":{"uv":[2.5,6.125,2.9375,7.71875],"rotation":0,"texture":"#0","tintindex":0},"up":{"uv":[10.3125,7.6875,9.875,7.0],"rotation":0,"texture":"#0","tintindex":0},"west":{"uv":[2.125,1.75,2.8125,3.34375],"rotation":0,"texture":"#0","tintindex":0}}},{"name":"cube","from":[6.1825,-1.5096865,6.419489],"to":[9.782499,0.2303133,10.919489],"rotation":{"angle":0.0,"axis":"x","origin":[9.9925,19.100315,8.939489]},"faces":{"down":{"uv":[5.25,5.5,4.5,6.5625],"rotation":0,"texture":"#0","tintindex":0},"east":{"uv":[3.625,8.75,4.6875,9.125],"rotation":0,"texture":"#0","tintindex":0},"north":{"uv":[7.75,10.5,8.5,10.875],"rotation":0,"texture":"#0","tintindex":0},"south":{"uv":[8.625,10.5,9.375,10.875],"rotation":0,"texture":"#0","tintindex":0},"up":{"uv":[6.25,5.3125,5.5,4.25],"rotation":0,"texture":"#0","tintindex":0},"west":{"uv":[8.5,8.75,9.5625,9.125],"rotation":0,"texture":"#0","tintindex":0}}},{"name":"cube","from":[6.1825,-1.5096865,4.379489],"to":[7.2625003,0.110313416,6.419489],"rotation":{"angle":0.0,"axis":"x","origin":[9.9925,19.100315,9.29949]},"faces":{"down":{"uv":[2.84375,12.625,2.625,13.0625],"rotation":0,"texture":"#0","tintindex":0},"east":{"uv":[11.875,3.875,12.3125,4.21875],"rotation":0,"texture":"#0","tintindex":0},"north":{"uv":[12.875,8.375,13.09375,8.71875],"rotation":0,"texture":"#0","tintindex":0},"south":{"uv":[12.875,9.875,13.09375,10.21875],"rotation":0,"texture":"#0","tintindex":0},"up":{"uv":[12.71875,8.8125,12.5,8.375],"rotation":0,"texture":"#0","tintindex":0},"west":{"uv":[4.375,11.875,4.8125,12.21875],"rotation":0,"texture":"#0","tintindex":0}}},{"name":"cube","from":[7.3225,-1.5096865,4.379489],"to":[8.5824995,0.4103136,6.419489],"rotation":{"angle":0.0,"axis":"x","origin":[9.9925,19.100315,9.29949]},"faces":{"down":{"uv":[8.5,12.375,8.25,12.8125],"rotation":0,"texture":"#0","tintindex":0},"east":{"uv":[2.5,11.375,2.9375,11.78125],"rotation":0,"texture":"#0","tintindex":0},"north":{"uv":[12.375,11.25,12.625,11.65625],"rotation":0,"texture":"#0","tintindex":0},"south":{"uv":[0.0,12.5,0.25,12.90625],"rotation":0,"texture":"#0","tintindex":0},"up":{"uv":[8.125,12.8125,7.875,12.375],"rotation":0,"texture":"#0","tintindex":0},"west":{"uv":[3.75,11.375,4.1875,11.78125],"rotation":0,"texture":"#0","tintindex":0}}},{"name":"cube","from":[8.7025,-1.5096865,4.379489],"to":[9.782499,0.110313416,6.419489],"rotation":{"angle":0.0,"axis":"x","origin":[9.9925,19.100315,9.29949]},"faces":{"down":{"uv":[5.46875,12.625,5.25,13.0625],"rotation":0,"texture":"#0","tintindex":0},"east":{"uv":[6.5,11.875,6.9375,12.21875],"rotation":0,"texture":"#0","tintindex":0},"north":{"uv":[10.0,12.875,10.21875,13.21875],"rotation":0,"texture":"#0","tintindex":0},"south":{"uv":[10.375,12.875,10.59375,13.21875],"rotation":0,"texture":"#0","tintindex":0},"up":{"uv":[5.09375,13.0625,4.875,12.625],"rotation":0,"texture":"#0","tintindex":0},"west":{"uv":[11.875,6.75,12.3125,7.09375],"rotation":0,"texture":"#0","tintindex":0}}},{"name":"cube","from":[9.2425,-1.8096871,2.819489],"to":[9.2425,-0.18968654,4.619489],"rotation":{"angle":0.0,"axis":"x","origin":[9.8125,-0.64968634,3.749489]},"faces":{"down":{"uv":[8.375,14.25,8.375,14.6875],"rotation":0,"texture":"#0","tintindex":0},"east":{"uv":[8.03125,14.75,9.125,15.375],"rotation":0,"texture":"#0","tintindex":0},"north":{"uv":[14.25,7.125,14.25,7.46875],"rotation":0,"texture":"#0","tintindex":0},"south":{"uv":[7.625,14.25,7.625,14.59375],"rotation":0,"texture":"#0","tintindex":0},"up":{"uv":[7.75,14.6875,7.75,14.25],"rotation":0,"texture":"#0","tintindex":0},"west":{"uv":[9.40625,14.71875,10.5,15.34375],"rotation":0,"texture":"#0","tintindex":0}}},{"name":"cube","from":[7.9825,-1.8096871,2.819489],"to":[7.9825,0.110313416,4.619489],"rotation":{"angle":0.0,"axis":"x","origin":[9.8125,-0.64968634,3.749489]},"faces":{"down":{"uv":[10.375,14.25,10.375,14.6875],"rotation":0,"texture":"#0","tintindex":0},"east":{"uv":[8.03125,14.75,9.125,15.375],"rotation":0,"texture":"#0","tintindex":0},"north":{"uv":[8.5,14.25,8.5,14.65625],"rotation":0,"texture":"#0","tintindex":0},"south":{"uv":[8.625,14.25,8.625,14.65625],"rotation":0,"texture":"#0","tintindex":0},"up":{"uv":[10.25,14.6875,10.25,14.25],"rotation":0,"texture":"#0","tintindex":0},"west":{"uv":[9.40625,14.71875,10.5,15.34375],"rotation":0,"texture":"#0","tintindex":0}}},{"name":"cube","from":[6.7225,-1.8096871,2.819489],"to":[6.7225,-0.18968654,4.619489],"rotation":{"angle":0.0,"axis":"x","origin":[9.8125,-0.64968634,3.749489]},"faces":{"down":{"uv":[10.875,14.25,10.875,14.6875],"rotation":0,"texture":"#0","tintindex":0},"east":{"uv":[8.03125,14.75,9.125,15.375],"rotation":0,"texture":"#0","tintindex":0},"north":{"uv":[10.5,14.25,10.5,14.59375],"rotation":0,"texture":"#0","tintindex":0},"south":{"uv":[10.625,14.25,10.625,14.59375],"rotation":0,"texture":"#0","tintindex":0},"up":{"uv":[10.75,14.6875,10.75,14.25],"rotation":0,"texture":"#0","tintindex":0},"west":{"uv":[9.40625,14.71875,10.5,15.34375],"rotation":0,"texture":"#0","tintindex":0}}},{"name":"cube","from":[6.2425,0.2303133,7.0794888],"to":[9.7225,0.8903136,10.859489],"rotation":{"angle":0.0,"axis":"x","origin":[9.9925,19.100315,8.939489]},"faces":{"down":{"uv":[5.25,5.5,4.5,6.5625],"rotation":0,"texture":"#0","tintindex":0},"east":{"uv":[3.625,8.75,4.6875,9.125],"rotation":0,"texture":"#0","tintindex":0},"north":{"uv":[7.75,10.5,8.5,10.875],"rotation":0,"texture":"#0","tintindex":0},"south":{"uv":[8.625,10.5,9.375,10.875],"rotation":0,"texture":"#0","tintindex":0},"up":{"uv":[6.25,5.3125,5.5,4.25],"rotation":0,"texture":"#0","tintindex":0},"west":{"uv":[8.5,8.75,9.5625,9.125],"rotation":0,"texture":"#0","tintindex":0}}}],"display":{"head":{"translation":[0.0,-6.4,0.0],"rotation":[0.0,0.0,0.0],"scale":[3.8095,3.8095,3.8095]}}}