{"textures":{"0":"modelengine:entity/freddy2"},"elements":[{"name":"cube","from":[7.04,3.0425,6.6800003],"to":[8.96,8.3225,9.32],"rotation":{"angle":0.0,"axis":"x","origin":[6.35,14.352501,7.8199997]},"faces":{"down":{"uv":[9.90625,10.875,9.5,11.4375],"rotation":0,"texture":"#0","tintindex":0},"east":{"uv":[3.125,6.75,3.6875,7.84375],"rotation":0,"texture":"#0","tintindex":0},"north":{"uv":[6.625,8.0,7.03125,9.09375],"rotation":0,"texture":"#0","tintindex":0},"south":{"uv":[8.0,6.625,8.40625,7.71875],"rotation":0,"texture":"#0","tintindex":0},"up":{"uv":[11.28125,6.6875,10.875,6.125],"rotation":0,"texture":"#0","tintindex":0},"west":{"uv":[3.875,6.75,4.4375,7.84375],"rotation":0,"texture":"#0","tintindex":0}}},{"name":"cube","from":[6.8,3.0425,6.8599997],"to":[9.2,8.382501,9.139999],"rotation":{"angle":0.0,"axis":"x","origin":[6.35,14.352501,7.8199997]},"faces":{"down":{"uv":[4.5,10.75,4.0,11.21875],"rotation":0,"texture":"#0","tintindex":0},"east":{"uv":[5.375,7.25,5.84375,8.375],"rotation":0,"texture":"#0","tintindex":0},"north":{"uv":[7.125,0.0,7.625,1.125],"rotation":0,"texture":"#0","tintindex":0},"south":{"uv":[7.125,1.25,7.625,2.375],"rotation":0,"texture":"#0","tintindex":0},"up":{"uv":[3.0,11.21875,2.5,10.75],"rotation":0,"texture":"#0","tintindex":0},"west":{"uv":[6.0,7.25,6.46875,8.375],"rotation":0,"texture":"#0","tintindex":0}}},{"name":"cube","from":[6.56,3.0425,7.22],"to":[9.440001,8.3225,8.780001],"rotation":{"angle":0.0,"axis":"x","origin":[6.35,14.352501,7.8199997]},"faces":{"down":{"uv":[11.84375,2.375,11.25,2.6875],"rotation":0,"texture":"#0","tintindex":0},"east":{"uv":[3.25,5.25,3.5625,6.34375],"rotation":0,"texture":"#0","tintindex":0},"north":{"uv":[6.375,0.0,6.96875,1.09375],"rotation":0,"texture":"#0","tintindex":0},"south":{"uv":[6.375,1.25,6.96875,2.34375],"rotation":0,"texture":"#0","tintindex":0},"up":{"uv":[11.71875,9.4375,11.125,9.125],"rotation":0,"texture":"#0","tintindex":0},"west":{"uv":[9.0,9.25,9.3125,10.34375],"rotation":0,"texture":"#0","tintindex":0}}}],"display":{"head":{"translation":[0.0,-6.4,0.0],"rotation":[0.0,0.0,0.0],"scale":[3.8095,3.8095,3.8095]}}}