{"textures":{"0":"modelengine:entity/freddy2"},"elements":[{"name":"cube","from":[7.459999,7.669999,7.7],"to":[8.54,8.33,8.3],"rotation":{"angle":-22.5,"axis":"z","origin":[8.0,8.0,8.0]},"faces":{"down":{"uv":[5.84375,13.75,5.625,13.875],"rotation":0,"texture":"#0","tintindex":0},"east":{"uv":[14.0,4.0,14.125,4.125],"rotation":0,"texture":"#0","tintindex":0},"north":{"uv":[3.25,13.75,3.46875,13.875],"rotation":0,"texture":"#0","tintindex":0},"south":{"uv":[13.75,4.25,13.96875,4.375],"rotation":0,"texture":"#0","tintindex":0},"up":{"uv":[13.96875,4.625,13.75,4.5],"rotation":0,"texture":"#0","tintindex":0},"west":{"uv":[14.0,4.75,14.125,4.875],"rotation":0,"texture":"#0","tintindex":0}}}],"display":{"head":{"translation":[0.0,-6.4,0.0],"rotation":[0.0,0.0,0.0],"scale":[3.8095,3.8095,3.8095]}}}