{"textures":{"0":"modelengine:entity/freddy2"},"elements":[{"name":"cube","from":[7.451201,8.120337,7.865428],"to":[8.5312,8.660337,8.465427],"rotation":{"angle":-22.5,"axis":"z","origin":[6.971201,8.390337,8.165428]},"faces":{"down":{"uv":[0.4375,0.46875,0.6875,0.8125],"rotation":0,"texture":"#0","tintindex":0},"east":{"uv":[0.4375,0.46875,0.6875,0.8125],"rotation":0,"texture":"#0","tintindex":0},"north":{"uv":[0.4375,0.46875,0.6875,0.8125],"rotation":0,"texture":"#0","tintindex":0},"south":{"uv":[0.4375,0.46875,0.6875,0.8125],"rotation":0,"texture":"#0","tintindex":0},"up":{"uv":[0.4375,0.46875,0.6875,0.8125],"rotation":0,"texture":"#0","tintindex":0},"west":{"uv":[0.4375,0.46875,0.6875,0.8125],"rotation":0,"texture":"#0","tintindex":0}}},{"name":"cube","from":[8.54947,8.212181,7.865428],"to":[9.629469,8.752181,7.865428],"rotation":{"angle":-22.5,"axis":"z","origin":[6.7494698,8.482182,8.165428]},"faces":{"down":{"uv":[13.09375,8.875,12.875,8.875],"rotation":0,"texture":"#0","tintindex":0},"east":{"uv":[6.5,8.5,6.5,8.625],"rotation":0,"texture":"#0","tintindex":0},"north":{"uv":[3.8125,14.84375,4.2625,15.09375],"rotation":180,"texture":"#0","tintindex":0},"south":{"uv":[3.8125,14.84375,4.2625,15.09375],"rotation":0,"texture":"#0","tintindex":0},"up":{"uv":[13.09375,5.625,12.875,5.625],"rotation":0,"texture":"#0","tintindex":0},"west":{"uv":[6.5,8.75,6.5,8.875],"rotation":0,"texture":"#0","tintindex":0}}}],"display":{"head":{"translation":[0.0,-6.4,0.0],"rotation":[0.0,0.0,0.0],"scale":[3.8095,3.8095,3.8095]}}}