{"textures":{"0":"modelengine:entity/freddy2"},"elements":[{"name":"cube","from":[9.326867,12.859939,6.8599997],"to":[10.406867,13.579939,7.46],"rotation":{"angle":-22.5,"axis":"z","origin":[-3.9929051,13.64758,7.97]},"faces":{"down":{"uv":[0.4375,0.46875,0.6875,0.8125],"rotation":0,"texture":"#0","tintindex":0},"east":{"uv":[0.4375,0.46875,0.6875,0.8125],"rotation":0,"texture":"#0","tintindex":0},"north":{"uv":[0.4375,0.46875,0.6875,0.8125],"rotation":0,"texture":"#0","tintindex":0},"south":{"uv":[0.4375,0.46875,0.6875,0.8125],"rotation":0,"texture":"#0","tintindex":0},"up":{"uv":[0.4375,0.46875,0.6875,0.8125],"rotation":0,"texture":"#0","tintindex":0},"west":{"uv":[0.4375,0.46875,0.6875,0.8125],"rotation":0,"texture":"#0","tintindex":0}}},{"name":"cube","from":[9.326867,12.859939,7.7],"to":[10.406867,13.579939,8.3],"rotation":{"angle":-22.5,"axis":"z","origin":[-3.9929051,13.64758,7.97]},"faces":{"down":{"uv":[0.4375,0.46875,0.6875,0.8125],"rotation":0,"texture":"#0","tintindex":0},"east":{"uv":[0.4375,0.46875,0.6875,0.8125],"rotation":0,"texture":"#0","tintindex":0},"north":{"uv":[0.4375,0.46875,0.6875,0.8125],"rotation":0,"texture":"#0","tintindex":0},"south":{"uv":[0.4375,0.46875,0.6875,0.8125],"rotation":0,"texture":"#0","tintindex":0},"up":{"uv":[0.4375,0.46875,0.6875,0.8125],"rotation":0,"texture":"#0","tintindex":0},"west":{"uv":[0.4375,0.46875,0.6875,0.8125],"rotation":0,"texture":"#0","tintindex":0}}},{"name":"cube","from":[9.326867,12.859939,8.54],"to":[10.406867,13.579939,9.139999],"rotation":{"angle":-22.5,"axis":"z","origin":[-3.9929051,13.64758,7.97]},"faces":{"down":{"uv":[0.4375,0.46875,0.6875,0.8125],"rotation":0,"texture":"#0","tintindex":0},"east":{"uv":[0.4375,0.46875,0.6875,0.8125],"rotation":0,"texture":"#0","tintindex":0},"north":{"uv":[0.4375,0.46875,0.6875,0.8125],"rotation":0,"texture":"#0","tintindex":0},"south":{"uv":[0.4375,0.46875,0.6875,0.8125],"rotation":0,"texture":"#0","tintindex":0},"up":{"uv":[0.4375,0.46875,0.6875,0.8125],"rotation":0,"texture":"#0","tintindex":0},"west":{"uv":[0.4375,0.46875,0.6875,0.8125],"rotation":0,"texture":"#0","tintindex":0}}},{"name":"cube","from":[10.406826,12.869364,8.54],"to":[11.486826,12.869364,9.139999],"rotation":{"angle":-22.5,"axis":"z","origin":[-3.9929051,13.64758,7.97]},"faces":{"down":{"uv":[3.8125,14.84375,4.2625,15.09375],"rotation":0,"texture":"#0","tintindex":0},"east":{"uv":[7.75,6.625,7.875,6.625],"rotation":0,"texture":"#0","tintindex":0},"north":{"uv":[0.75,3.375,0.96875,3.375],"rotation":0,"texture":"#0","tintindex":0},"south":{"uv":[8.0,7.875,8.21875,7.875],"rotation":0,"texture":"#0","tintindex":0},"up":{"uv":[3.8125,14.84375,4.2625,15.09375],"rotation":0,"texture":"#0","tintindex":0},"west":{"uv":[2.125,8.625,2.25,8.625],"rotation":0,"texture":"#0","tintindex":0}}},{"name":"cube","from":[10.406826,12.869364,7.7],"to":[11.486826,12.869364,8.3],"rotation":{"angle":-22.5,"axis":"z","origin":[-3.9929051,13.64758,7.97]},"faces":{"down":{"uv":[3.8125,14.84375,4.2625,15.09375],"rotation":0,"texture":"#0","tintindex":0},"east":{"uv":[11.0,6.0,11.125,6.0],"rotation":0,"texture":"#0","tintindex":0},"north":{"uv":[6.625,10.625,6.84375,10.625],"rotation":0,"texture":"#0","tintindex":0},"south":{"uv":[11.5,6.75,11.71875,6.75],"rotation":0,"texture":"#0","tintindex":0},"up":{"uv":[3.8125,14.84375,4.2625,15.09375],"rotation":0,"texture":"#0","tintindex":0},"west":{"uv":[11.25,6.0,11.375,6.0],"rotation":0,"texture":"#0","tintindex":0}}},{"name":"cube","from":[10.406826,12.869364,6.8599997],"to":[11.486826,12.869364,7.46],"rotation":{"angle":-22.5,"axis":"z","origin":[-3.9929051,13.64758,7.97]},"faces":{"down":{"uv":[3.8125,14.84375,4.2625,15.09375],"rotation":0,"texture":"#0","tintindex":0},"east":{"uv":[6.375,9.125,6.5,9.125],"rotation":0,"texture":"#0","tintindex":0},"north":{"uv":[6.0,9.125,6.21875,9.125],"rotation":0,"texture":"#0","tintindex":0},"south":{"uv":[9.5,0.75,9.71875,0.75],"rotation":0,"texture":"#0","tintindex":0},"up":{"uv":[3.8125,14.84375,4.2625,15.09375],"rotation":0,"texture":"#0","tintindex":0},"west":{"uv":[9.375,3.375,9.5,3.375],"rotation":0,"texture":"#0","tintindex":0}}}],"display":{"head":{"translation":[0.0,-6.4,0.0],"rotation":[0.0,0.0,0.0],"scale":[3.8095,3.8095,3.8095]}}}