{"textures":{"0":"modelengine:entity/freddy2"},"elements":[{"name":"cube","from":[7.4300003,7.9944863,7.3319325],"to":[8.57,9.074486,8.531933],"rotation":{"angle":22.5,"axis":"x","origin":[8.0,8.620739,7.985734]},"faces":{"down":{"uv":[10.0,8.875,9.75,9.125],"rotation":0,"texture":"#0","tintindex":0},"east":{"uv":[13.25,3.625,13.5,3.84375],"rotation":0,"texture":"#0","tintindex":0},"north":{"uv":[13.25,3.25,13.5,3.46875],"rotation":0,"texture":"#0","tintindex":0},"south":{"uv":[13.25,4.0,13.5,4.21875],"rotation":0,"texture":"#0","tintindex":0},"up":{"uv":[9.625,7.25,9.375,7.0],"rotation":0,"texture":"#0","tintindex":0},"west":{"uv":[4.125,13.25,4.375,13.46875],"rotation":0,"texture":"#0","tintindex":0}}},{"name":"cube","from":[7.01,7.9431205,6.914488],"to":[8.99,8.30312,8.834488],"rotation":{"angle":0.0,"axis":"x","origin":[7.79,-18.85926,8.045734]},"faces":{"down":{"uv":[6.28125,11.5,5.875,11.90625],"rotation":0,"texture":"#0","tintindex":0},"east":{"uv":[13.25,7.5,13.65625,7.625],"rotation":0,"texture":"#0","tintindex":0},"north":{"uv":[13.25,5.75,13.65625,5.875],"rotation":0,"texture":"#0","tintindex":0},"south":{"uv":[13.25,8.75,13.65625,8.875],"rotation":0,"texture":"#0","tintindex":0},"up":{"uv":[5.65625,11.90625,5.25,11.5],"rotation":0,"texture":"#0","tintindex":0},"west":{"uv":[13.25,10.125,13.65625,10.25],"rotation":0,"texture":"#0","tintindex":0}}}],"display":{"head":{"translation":[0.0,-6.4,0.0],"rotation":[0.0,0.0,0.0],"scale":[3.8095,3.8095,3.8095]}}}