{"textures":{"0":"modelengine:entity/freddy2"},"elements":[{"name":"cube","from":[5.75,8.235,6.67],"to":[10.25,9.674999,9.969999],"rotation":{"angle":0.0,"axis":"x","origin":[8.0,12.584999,8.23]},"faces":{"down":{"uv":[7.5625,5.875,6.625,6.5625],"rotation":0,"texture":"#0","tintindex":0},"east":{"uv":[10.875,1.875,11.5625,2.1875],"rotation":0,"texture":"#0","tintindex":0},"north":{"uv":[10.0,0.75,10.9375,1.0625],"rotation":0,"texture":"#0","tintindex":0},"south":{"uv":[4.5,0.0,5.375,1.0625],"rotation":0,"texture":"#0","tintindex":0},"up":{"uv":[15.125,0.0,16.0,1.0625],"rotation":0,"texture":"#0","tintindex":0},"west":{"uv":[7.5,11.0,8.1875,11.3125],"rotation":0,"texture":"#0","tintindex":0}}},{"name":"cube","from":[5.87,10.215,6.19],"to":[10.13,14.115001,6.19],"rotation":{"angle":0.0,"axis":"x","origin":[8.0,12.165001,8.23]},"faces":{"down":{"uv":[16.0,2.3125,14.875,3.1875],"rotation":0,"texture":"#0","tintindex":0},"east":{"uv":[14.9375,1.96875,15.8125,3.03125],"rotation":0,"texture":"#0","tintindex":0},"north":{"uv":[13.90625,14.375,15.71875,16.0],"rotation":0,"texture":"#0","tintindex":0},"south":{"uv":[14.8125,2.0,15.9375,3.0625],"rotation":0,"texture":"#0","tintindex":0},"up":{"uv":[16.0,3.125,14.875,2.25],"rotation":0,"texture":"#0","tintindex":0},"west":{"uv":[15.125,1.375,16.0,2.4375],"rotation":0,"texture":"#0","tintindex":0}}},{"name":"cube","from":[5.9300003,13.215001,6.25],"to":[10.13,14.715001,10.39],"rotation":{"angle":0.0,"axis":"x","origin":[8.0,12.165001,8.23]},"faces":{"down":{"uv":[15.125,0.0,16.0,1.0625],"rotation":0,"texture":"#0","tintindex":0},"east":{"uv":[3.75,3.75,4.625,4.8125],"rotation":0,"texture":"#0","tintindex":0},"north":{"uv":[0.0,0.0,0.09375,1.0625],"rotation":0,"texture":"#0","tintindex":0},"south":{"uv":[0.0,1.25,1.125,2.3125],"rotation":0,"texture":"#0","tintindex":0},"up":{"uv":[4.875,2.625,3.75,1.75],"rotation":0,"texture":"#0","tintindex":0},"west":{"uv":[4.5,0.0,5.375,1.0625],"rotation":0,"texture":"#0","tintindex":0}}},{"name":"cube","from":[5.9300003,9.615,9.67],"to":[10.07,10.575,10.39],"rotation":{"angle":0.0,"axis":"x","origin":[8.0,12.165001,8.23]},"faces":{"down":{"uv":[4.875,2.75,3.75,3.625],"rotation":0,"texture":"#0","tintindex":0},"east":{"uv":[3.75,3.75,4.625,4.8125],"rotation":0,"texture":"#0","tintindex":0},"north":{"uv":[15.125,0.0,16.0,1.0625],"rotation":0,"texture":"#0","tintindex":0},"south":{"uv":[4.5,0.0,5.375,1.0625],"rotation":0,"texture":"#0","tintindex":0},"up":{"uv":[4.875,2.625,3.75,1.75],"rotation":0,"texture":"#0","tintindex":0},"west":{"uv":[4.5,0.0,5.375,1.0625],"rotation":0,"texture":"#0","tintindex":0}}},{"name":"cube","from":[5.27,9.615,6.25],"to":[5.9300003,14.715001,10.39],"rotation":{"angle":0.0,"axis":"x","origin":[8.0,12.165001,8.23]},"faces":{"down":{"uv":[4.875,2.75,3.75,3.625],"rotation":0,"texture":"#0","tintindex":0},"east":{"uv":[3.75,3.75,4.625,4.8125],"rotation":0,"texture":"#0","tintindex":0},"north":{"uv":[0.0,0.0,0.09375,1.0625],"rotation":0,"texture":"#0","tintindex":0},"south":{"uv":[0.0,1.25,1.125,2.3125],"rotation":0,"texture":"#0","tintindex":0},"up":{"uv":[4.875,2.625,3.75,1.75],"rotation":0,"texture":"#0","tintindex":0},"west":{"uv":[4.5,0.0,5.375,1.0625],"rotation":0,"texture":"#0","tintindex":0}}},{"name":"cube","from":[5.9300003,10.514999,9.67],"to":[10.07,13.215001,10.39],"rotation":{"angle":0.0,"axis":"x","origin":[8.0,12.165001,8.23]},"faces":{"down":{"uv":[4.875,2.75,3.75,3.625],"rotation":0,"texture":"#0","tintindex":0},"east":{"uv":[3.75,3.75,4.625,4.8125],"rotation":0,"texture":"#0","tintindex":0},"north":{"uv":[15.125,0.0,16.0,1.0625],"rotation":0,"texture":"#0","tintindex":0},"south":{"uv":[4.5,0.0,5.375,1.0625],"rotation":0,"texture":"#0","tintindex":0},"up":{"uv":[4.875,2.625,3.75,1.75],"rotation":0,"texture":"#0","tintindex":0},"west":{"uv":[4.5,0.0,5.375,1.0625],"rotation":0,"texture":"#0","tintindex":0}}},{"name":"cube","from":[10.07,9.615,6.25],"to":[10.73,14.715001,10.39],"rotation":{"angle":0.0,"axis":"x","origin":[8.0,12.165001,8.23]},"faces":{"down":{"uv":[4.875,2.75,3.75,3.625],"rotation":0,"texture":"#0","tintindex":0},"east":{"uv":[4.5,0.0,5.375,1.0625],"rotation":0,"texture":"#0","tintindex":0},"north":{"uv":[0.0,0.0,0.09375,1.0625],"rotation":0,"texture":"#0","tintindex":0},"south":{"uv":[0.0,1.25,1.125,2.3125],"rotation":0,"texture":"#0","tintindex":0},"up":{"uv":[4.875,2.625,3.75,1.75],"rotation":0,"texture":"#0","tintindex":0},"west":{"uv":[15.125,0.0,16.0,1.0625],"rotation":0,"texture":"#0","tintindex":0}}},{"name":"cube","from":[8.63,12.795,5.95],"to":[9.710001,14.054999,6.25],"rotation":{"angle":-45.0,"axis":"z","origin":[9.17,13.425,6.0999994]},"faces":{"down":{"uv":[13.25,9.75,13.46875,10.0],"rotation":0,"texture":"#0","tintindex":0},"east":{"uv":[13.25,9.75,13.46875,10.0],"rotation":0,"texture":"#0","tintindex":0},"north":{"uv":[13.25,9.75,13.46875,10.0],"rotation":0,"texture":"#0","tintindex":0},"south":{"uv":[13.25,9.75,13.46875,10.0],"rotation":0,"texture":"#0","tintindex":0},"up":{"uv":[13.25,9.75,13.46875,10.0],"rotation":0,"texture":"#0","tintindex":0},"west":{"uv":[13.25,9.75,13.46875,10.0],"rotation":0,"texture":"#0","tintindex":0}}},{"name":"cube","from":[7.13,13.034999,6.01],"to":[8.87,13.815001,6.25],"rotation":{"angle":0.0,"axis":"x","origin":[8.0,12.165001,8.23]},"faces":{"down":{"uv":[13.125,12.125,13.5,12.28125],"rotation":0,"texture":"#0","tintindex":0},"east":{"uv":[13.125,12.125,13.5,12.28125],"rotation":0,"texture":"#0","tintindex":0},"north":{"uv":[13.125,12.125,13.5,12.28125],"rotation":0,"texture":"#0","tintindex":0},"south":{"uv":[13.125,12.125,13.5,12.28125],"rotation":0,"texture":"#0","tintindex":0},"up":{"uv":[13.125,12.125,13.5,12.28125],"rotation":0,"texture":"#0","tintindex":0},"west":{"uv":[13.125,12.125,13.5,12.28125],"rotation":0,"texture":"#0","tintindex":0}}},{"name":"cube","from":[6.29,12.795,5.95],"to":[7.37,14.054999,6.25],"rotation":{"angle":45.0,"axis":"z","origin":[6.83,13.425,6.0999994]},"faces":{"down":{"uv":[13.25,7.125,13.46875,7.375],"rotation":0,"texture":"#0","tintindex":0},"east":{"uv":[13.25,7.125,13.46875,7.375],"rotation":0,"texture":"#0","tintindex":0},"north":{"uv":[13.25,7.125,13.46875,7.375],"rotation":0,"texture":"#0","tintindex":0},"south":{"uv":[13.25,7.125,13.46875,7.375],"rotation":0,"texture":"#0","tintindex":0},"up":{"uv":[13.25,7.125,13.46875,7.375],"rotation":0,"texture":"#0","tintindex":0},"west":{"uv":[13.25,7.125,13.46875,7.375],"rotation":0,"texture":"#0","tintindex":0}}}],"display":{"head":{"translation":[0.0,-6.4,0.0],"rotation":[0.0,0.0,0.0],"scale":[3.8095,3.8095,3.8095]}}}