{"textures":{"0":"modelengine:entity/motorlblue"},"elements":[{"name":"cube","from":[6.92,5.8399997,5.84],"to":[9.08,10.16,10.16],"rotation":{"angle":0.0,"axis":"x","origin":[8.0,9.35,19.970001]},"faces":{"down":{"uv":[11.1875,1.6875,11.0,2.4375],"rotation":0,"texture":"#0","tintindex":0},"east":{"uv":[10.4375,2.4375,10.8125,3.1875],"rotation":0,"texture":"#0","tintindex":0},"north":{"uv":[10.8125,2.4375,11.0,3.1875],"rotation":0,"texture":"#0","tintindex":0},"south":{"uv":[11.375,2.4375,11.5625,3.1875],"rotation":0,"texture":"#0","tintindex":0},"up":{"uv":[11.0,2.4375,10.8125,1.6875],"rotation":0,"texture":"#0","tintindex":0},"west":{"uv":[11.0,2.4375,11.375,3.1875],"rotation":0,"texture":"#0","tintindex":0}}}],"display":{"head":{"translation":[0.0,-6.4,0.0],"rotation":[0.0,0.0,0.0],"scale":[3.8095,3.8095,3.8095]}}}