{"textures":{"0":"modelengine:entity/motorlblue"},"elements":[{"name":"cube","from":[6.1988587,6.7590284,9.2096195],"to":[6.9188585,10.35903,9.929619],"rotation":{"angle":22.5,"axis":"x","origin":[7.998859,11.979029,8.3816185]},"faces":{"down":{"uv":[9.1875,7.1875,9.125,7.3125],"rotation":0,"texture":"#0","tintindex":0},"east":{"uv":[9.0,7.3125,9.0625,7.9375],"rotation":0,"texture":"#0","tintindex":0},"north":{"uv":[9.0625,7.3125,9.125,7.9375],"rotation":0,"texture":"#0","tintindex":0},"south":{"uv":[9.1875,7.3125,9.25,7.9375],"rotation":0,"texture":"#0","tintindex":0},"up":{"uv":[9.125,7.3125,9.0625,7.1875],"rotation":0,"texture":"#0","tintindex":0},"west":{"uv":[9.125,7.3125,9.1875,7.9375],"rotation":0,"texture":"#0","tintindex":0}}},{"name":"cube","from":[6.558859,6.996602,4.696992],"to":[9.438859,9.876602,8.656992],"rotation":{"angle":0.0,"axis":"x","origin":[7.998859,8.436602,6.6769915]},"faces":{"down":{"uv":[10.03125,3.1875,9.78125,3.875],"rotation":0,"texture":"#0","tintindex":0},"east":{"uv":[9.1875,3.875,9.53125,4.375],"rotation":0,"texture":"#0","tintindex":0},"north":{"uv":[9.53125,3.875,9.78125,4.375],"rotation":0,"texture":"#0","tintindex":0},"south":{"uv":[10.125,3.875,10.375,4.375],"rotation":0,"texture":"#0","tintindex":0},"up":{"uv":[9.78125,3.875,9.53125,3.1875],"rotation":0,"texture":"#0","tintindex":0},"west":{"uv":[9.78125,3.875,10.125,4.375],"rotation":0,"texture":"#0","tintindex":0}}},{"name":"cube","from":[10.358856,13.77606,2.2257986],"to":[11.078857,14.136059,2.5857983],"rotation":{"angle":22.5,"axis":"x","origin":[8.018857,9.276058,1.2177984]},"faces":{"down":{"uv":[8.46875,8.0,8.59375,8.0625],"rotation":0,"texture":"#0","tintindex":0},"east":{"uv":[8.5,8.0625,8.46875,8.125],"rotation":0,"texture":"#0","tintindex":0},"north":{"uv":[8.46875,8.0625,8.34375,8.125],"rotation":0,"texture":"#0","tintindex":0},"south":{"uv":[8.625,8.0625,8.5,8.125],"rotation":0,"texture":"#0","tintindex":0},"up":{"uv":[8.34375,8.0625,8.46875,8.0],"rotation":0,"texture":"#0","tintindex":0},"west":{"uv":[8.34375,8.0625,8.3125,8.125],"rotation":0,"texture":"#0","tintindex":0}}},{"name":"cube","from":[5.8588567,3.8760586,15.977798],"to":[9.818857,5.316059,17.417799],"rotation":{"angle":0.0,"axis":"x","origin":[8.018857,2.4360585,9.497799]},"faces":{"down":{"uv":[9.8125,6.375,9.46875,6.625],"rotation":0,"texture":"#0","tintindex":0},"east":{"uv":[9.0,6.625,9.125,6.875],"rotation":0,"texture":"#0","tintindex":0},"north":{"uv":[9.125,6.625,9.46875,6.875],"rotation":0,"texture":"#0","tintindex":0},"south":{"uv":[9.59375,6.625,9.9375,6.875],"rotation":0,"texture":"#0","tintindex":0},"up":{"uv":[9.46875,6.625,9.125,6.375],"rotation":0,"texture":"#0","tintindex":0},"west":{"uv":[9.46875,6.625,9.59375,6.875],"rotation":0,"texture":"#0","tintindex":0}}},{"name":"cube","from":[6.0388565,6.6660585,2.0457983],"to":[7.1188564,10.266059,3.1257987],"rotation":{"angle":22.5,"axis":"x","origin":[8.018857,9.276058,1.2177984]},"faces":{"down":{"uv":[11.15625,6.375,11.0625,6.5625],"rotation":0,"texture":"#0","tintindex":0},"east":{"uv":[10.875,6.5625,10.96875,7.1875],"rotation":0,"texture":"#0","tintindex":0},"north":{"uv":[10.96875,6.5625,11.0625,7.1875],"rotation":0,"texture":"#0","tintindex":0},"south":{"uv":[11.15625,6.5625,11.25,7.1875],"rotation":0,"texture":"#0","tintindex":0},"up":{"uv":[11.0625,6.5625,10.96875,6.375],"rotation":0,"texture":"#0","tintindex":0},"west":{"uv":[11.0625,6.5625,11.15625,7.1875],"rotation":0,"texture":"#0","tintindex":0}}},{"name":"cube","from":[6.218857,10.08606,2.2257986],"to":[6.938857,13.416059,2.9457984],"rotation":{"angle":22.5,"axis":"x","origin":[8.018857,9.276058,1.2177984]},"faces":{"down":{"uv":[10.1875,7.1875,10.125,7.3125],"rotation":0,"texture":"#0","tintindex":0},"east":{"uv":[10.0,7.3125,10.0625,7.6875],"rotation":0,"texture":"#0","tintindex":0},"north":{"uv":[10.0625,7.3125,10.125,7.6875],"rotation":0,"texture":"#0","tintindex":0},"south":{"uv":[10.1875,7.3125,10.25,7.6875],"rotation":0,"texture":"#0","tintindex":0},"up":{"uv":[10.125,7.3125,10.0625,7.1875],"rotation":0,"texture":"#0","tintindex":0},"west":{"uv":[10.125,7.3125,10.1875,7.6875],"rotation":0,"texture":"#0","tintindex":0}}},{"name":"cube","from":[9.098857,10.08606,2.2257986],"to":[9.818857,13.416059,2.9457984],"rotation":{"angle":22.5,"axis":"x","origin":[8.018857,9.276058,1.2177984]},"faces":{"down":{"uv":[9.9375,7.1875,9.875,7.3125],"rotation":0,"texture":"#0","tintindex":0},"east":{"uv":[9.75,7.3125,9.8125,7.6875],"rotation":0,"texture":"#0","tintindex":0},"north":{"uv":[9.8125,7.3125,9.875,7.6875],"rotation":0,"texture":"#0","tintindex":0},"south":{"uv":[9.9375,7.3125,10.0,7.6875],"rotation":0,"texture":"#0","tintindex":0},"up":{"uv":[9.875,7.3125,9.8125,7.1875],"rotation":0,"texture":"#0","tintindex":0},"west":{"uv":[9.875,7.3125,9.9375,7.6875],"rotation":0,"texture":"#0","tintindex":0}}},{"name":"cube","from":[6.218857,4.5060587,2.2257986],"to":[6.938857,7.026059,2.9457984],"rotation":{"angle":22.5,"axis":"x","origin":[8.018857,9.276058,1.2177984]},"faces":{"down":{"uv":[10.1875,7.1875,10.125,7.3125],"rotation":0,"texture":"#0","tintindex":0},"east":{"uv":[10.0,7.3125,10.0625,7.6875],"rotation":0,"texture":"#0","tintindex":0},"north":{"uv":[10.0625,7.3125,10.125,7.6875],"rotation":0,"texture":"#0","tintindex":0},"south":{"uv":[10.1875,7.3125,10.25,7.6875],"rotation":0,"texture":"#0","tintindex":0},"up":{"uv":[10.125,7.3125,10.0625,7.1875],"rotation":0,"texture":"#0","tintindex":0},"west":{"uv":[10.125,7.3125,10.1875,7.6875],"rotation":0,"texture":"#0","tintindex":0}}},{"name":"cube","from":[9.098857,4.5060587,2.2257986],"to":[9.818857,7.026059,2.9457984],"rotation":{"angle":22.5,"axis":"x","origin":[8.018857,9.276058,1.2177984]},"faces":{"down":{"uv":[9.9375,7.1875,9.875,7.3125],"rotation":0,"texture":"#0","tintindex":0},"east":{"uv":[9.75,7.3125,9.8125,7.6875],"rotation":0,"texture":"#0","tintindex":0},"north":{"uv":[9.8125,7.3125,9.875,7.6875],"rotation":0,"texture":"#0","tintindex":0},"south":{"uv":[9.9375,7.3125,10.0,7.6875],"rotation":0,"texture":"#0","tintindex":0},"up":{"uv":[9.875,7.3125,9.8125,7.1875],"rotation":0,"texture":"#0","tintindex":0},"west":{"uv":[9.875,7.3125,9.9375,7.6875],"rotation":0,"texture":"#0","tintindex":0}}},{"name":"cube","from":[8.918858,6.6660585,2.0457983],"to":[9.998857,10.266059,3.1257987],"rotation":{"angle":22.5,"axis":"x","origin":[8.018857,9.276058,1.2177984]},"faces":{"down":{"uv":[10.78125,6.375,10.6875,6.5625],"rotation":0,"texture":"#0","tintindex":0},"east":{"uv":[10.5,6.5625,10.59375,7.1875],"rotation":0,"texture":"#0","tintindex":0},"north":{"uv":[10.59375,6.5625,10.6875,7.1875],"rotation":0,"texture":"#0","tintindex":0},"south":{"uv":[10.78125,6.5625,10.875,7.1875],"rotation":0,"texture":"#0","tintindex":0},"up":{"uv":[10.6875,6.5625,10.59375,6.375],"rotation":0,"texture":"#0","tintindex":0},"west":{"uv":[10.6875,6.5625,10.78125,7.1875],"rotation":0,"texture":"#0","tintindex":0}}},{"name":"cube","from":[6.218857,4.0560584,8.561798],"to":[6.5788565,5.136059,16.481798],"rotation":{"angle":0.0,"axis":"x","origin":[6.398856,4.9920588,12.521799]},"faces":{"down":{"uv":[10.5,0.0,10.46875,1.375],"rotation":0,"texture":"#0","tintindex":0},"east":{"uv":[9.75,1.375,10.4375,1.625],"rotation":0,"texture":"#0","tintindex":0},"north":{"uv":[10.4375,1.375,10.46875,1.625],"rotation":0,"texture":"#0","tintindex":0},"south":{"uv":[11.15625,1.375,11.1875,1.625],"rotation":0,"texture":"#0","tintindex":0},"up":{"uv":[10.46875,1.375,10.4375,0.0],"rotation":0,"texture":"#0","tintindex":0},"west":{"uv":[10.46875,1.375,11.15625,1.625],"rotation":0,"texture":"#0","tintindex":0}}},{"name":"cube","from":[9.098857,4.0920587,13.097798],"to":[9.458857,5.1720586,15.977798],"rotation":{"angle":0.0,"axis":"x","origin":[9.278856,4.7760587,13.4578]},"faces":{"down":{"uv":[10.25,6.375,10.21875,6.875],"rotation":0,"texture":"#0","tintindex":0},"east":{"uv":[9.9375,6.875,10.1875,7.0625],"rotation":0,"texture":"#0","tintindex":0},"north":{"uv":[10.1875,6.875,10.21875,7.0625],"rotation":0,"texture":"#0","tintindex":0},"south":{"uv":[10.46875,6.875,10.5,7.0625],"rotation":0,"texture":"#0","tintindex":0},"up":{"uv":[10.21875,6.875,10.1875,6.375],"rotation":0,"texture":"#0","tintindex":0},"west":{"uv":[10.21875,6.875,10.46875,7.0625],"rotation":0,"texture":"#0","tintindex":0}}},{"name":"cube","from":[6.4348564,3.8760586,12.485799],"to":[7.1548567,7.8360586,13.205798],"rotation":{"angle":22.5,"axis":"x","origin":[6.794857,4.596059,12.017798]},"faces":{"down":{"uv":[8.1875,7.1875,8.125,7.3125],"rotation":0,"texture":"#0","tintindex":0},"east":{"uv":[8.0,7.3125,8.0625,8.0],"rotation":0,"texture":"#0","tintindex":0},"north":{"uv":[8.0625,7.3125,8.125,8.0],"rotation":0,"texture":"#0","tintindex":0},"south":{"uv":[8.1875,7.3125,8.25,8.0],"rotation":0,"texture":"#0","tintindex":0},"up":{"uv":[8.125,7.3125,8.0625,7.1875],"rotation":0,"texture":"#0","tintindex":0},"west":{"uv":[8.125,7.3125,8.1875,8.0],"rotation":0,"texture":"#0","tintindex":0}}},{"name":"cube","from":[6.431257,3.6360016,7.2618027],"to":[7.1512566,4.356002,13.021803],"rotation":{"angle":0.0,"axis":"x","origin":[8.234857,2.1960015,11.941803]},"faces":{"down":{"uv":[9.75,4.375,9.6875,5.375],"rotation":0,"texture":"#0","tintindex":0},"east":{"uv":[9.125,5.375,9.625,5.5],"rotation":0,"texture":"#0","tintindex":0},"north":{"uv":[9.625,5.375,9.6875,5.5],"rotation":0,"texture":"#0","tintindex":0},"south":{"uv":[10.1875,5.375,10.25,5.5],"rotation":0,"texture":"#0","tintindex":0},"up":{"uv":[9.6875,5.375,9.625,4.375],"rotation":0,"texture":"#0","tintindex":0},"west":{"uv":[9.6875,5.375,10.1875,5.5],"rotation":0,"texture":"#0","tintindex":0}}},{"name":"cube","from":[6.4348564,3.6614268,6.6860185],"to":[7.1548567,6.9014263,7.4060187],"rotation":{"angle":-22.5,"axis":"x","origin":[6.794857,5.2814264,7.0460186]},"faces":{"down":{"uv":[9.6875,7.1875,9.625,7.3125],"rotation":0,"texture":"#0","tintindex":0},"east":{"uv":[9.5,7.3125,9.5625,7.875],"rotation":0,"texture":"#0","tintindex":0},"north":{"uv":[9.5625,7.3125,9.625,7.875],"rotation":0,"texture":"#0","tintindex":0},"south":{"uv":[9.6875,7.3125,9.75,7.875],"rotation":0,"texture":"#0","tintindex":0},"up":{"uv":[9.625,7.3125,9.5625,7.1875],"rotation":0,"texture":"#0","tintindex":0},"west":{"uv":[9.625,7.3125,9.6875,7.875],"rotation":0,"texture":"#0","tintindex":0}}},{"name":"cube","from":[6.218857,6.2094345,5.272829],"to":[9.818857,7.649435,8.15283],"rotation":{"angle":45.0,"axis":"x","origin":[6.758857,7.577435,7.0728297]},"faces":{"down":{"uv":[8.875,5.5,8.5625,6.0],"rotation":0,"texture":"#0","tintindex":0},"east":{"uv":[8.0,6.0,8.25,6.25],"rotation":0,"texture":"#0","tintindex":0},"north":{"uv":[8.25,6.0,8.5625,6.25],"rotation":0,"texture":"#0","tintindex":0},"south":{"uv":[8.8125,6.0,9.125,6.25],"rotation":0,"texture":"#0","tintindex":0},"up":{"uv":[8.5625,6.0,8.25,5.5],"rotation":0,"texture":"#0","tintindex":0},"west":{"uv":[8.5625,6.0,8.8125,6.25],"rotation":0,"texture":"#0","tintindex":0}}},{"name":"cube","from":[6.5788565,6.929435,2.3928292],"to":[9.458857,9.449434,7.0728297],"rotation":{"angle":22.5,"axis":"x","origin":[6.758857,7.577435,7.0728297]},"faces":{"down":{"uv":[8.90625,1.6875,8.65625,2.5],"rotation":0,"texture":"#0","tintindex":0},"east":{"uv":[8.0,2.5,8.40625,2.9375],"rotation":0,"texture":"#0","tintindex":0},"north":{"uv":[8.40625,2.5,8.65625,2.9375],"rotation":0,"texture":"#0","tintindex":0},"south":{"uv":[9.0625,2.5,9.3125,2.9375],"rotation":0,"texture":"#0","tintindex":0},"up":{"uv":[8.65625,2.5,8.40625,1.6875],"rotation":0,"texture":"#0","tintindex":0},"west":{"uv":[8.65625,2.5,9.0625,2.9375],"rotation":0,"texture":"#0","tintindex":0}}},{"name":"cube","from":[6.938857,8.825654,-0.09211588],"to":[9.098857,10.265654,3.5078843],"rotation":{"angle":0.0,"axis":"x","origin":[8.018857,9.401654,1.8878843]},"faces":{"down":{"uv":[9.8125,5.5,9.625,6.125],"rotation":0,"texture":"#0","tintindex":0},"east":{"uv":[9.125,6.125,9.4375,6.375],"rotation":0,"texture":"#0","tintindex":0},"north":{"uv":[9.4375,6.125,9.625,6.375],"rotation":0,"texture":"#0","tintindex":0},"south":{"uv":[9.9375,6.125,10.125,6.375],"rotation":0,"texture":"#0","tintindex":0},"up":{"uv":[9.625,6.125,9.4375,5.5],"rotation":0,"texture":"#0","tintindex":0},"west":{"uv":[9.625,6.125,9.9375,6.375],"rotation":0,"texture":"#0","tintindex":0}}},{"name":"cube","from":[7.1188564,8.49053,-3.2867465],"to":[8.918858,9.210529,-0.04674697],"rotation":{"angle":-22.5,"axis":"x","origin":[8.018857,10.11053,-2.6027465]},"faces":{"down":{"uv":[11.71875,5.5,11.5625,6.0625],"rotation":0,"texture":"#0","tintindex":0},"east":{"uv":[11.125,6.0625,11.40625,6.1875],"rotation":0,"texture":"#0","tintindex":0},"north":{"uv":[11.40625,6.0625,11.5625,6.1875],"rotation":0,"texture":"#0","tintindex":0},"south":{"uv":[11.84375,6.0625,12.0,6.1875],"rotation":0,"texture":"#0","tintindex":0},"up":{"uv":[11.5625,6.0625,11.40625,5.5],"rotation":0,"texture":"#0","tintindex":0},"west":{"uv":[11.5625,6.0625,11.84375,6.1875],"rotation":0,"texture":"#0","tintindex":0}}},{"name":"cube","from":[6.218857,6.2312417,9.527094],"to":[9.818857,8.031242,14.207093],"rotation":{"angle":22.5,"axis":"x","origin":[8.018857,7.3832417,11.651094]},"faces":{"down":{"uv":[12.21875,0.0,11.90625,0.8125],"rotation":0,"texture":"#0","tintindex":0},"east":{"uv":[11.1875,0.8125,11.59375,1.125],"rotation":0,"texture":"#0","tintindex":0},"north":{"uv":[11.59375,0.8125,11.90625,1.125],"rotation":0,"texture":"#0","tintindex":0},"south":{"uv":[12.3125,0.8125,12.625,1.125],"rotation":0,"texture":"#0","tintindex":0},"up":{"uv":[11.90625,0.8125,11.59375,0.0],"rotation":0,"texture":"#0","tintindex":0},"west":{"uv":[11.90625,0.8125,12.3125,1.125],"rotation":0,"texture":"#0","tintindex":0}}},{"name":"cube","from":[6.938857,7.010975,6.5242705],"to":[9.098857,8.810974,14.444271],"rotation":{"angle":0.0,"axis":"x","origin":[8.018857,7.9109745,10.484271]},"faces":{"down":{"uv":[9.0625,0.0,8.875,1.375],"rotation":0,"texture":"#0","tintindex":0},"east":{"uv":[8.0,1.375,8.6875,1.6875],"rotation":0,"texture":"#0","tintindex":0},"north":{"uv":[8.6875,1.375,8.875,1.6875],"rotation":0,"texture":"#0","tintindex":0},"south":{"uv":[9.5625,1.375,9.75,1.6875],"rotation":0,"texture":"#0","tintindex":0},"up":{"uv":[8.875,1.375,8.6875,0.0],"rotation":0,"texture":"#0","tintindex":0},"west":{"uv":[8.875,1.375,9.5625,1.6875],"rotation":0,"texture":"#0","tintindex":0}}},{"name":"cube","from":[6.5788565,7.6374464,12.229506],"to":[9.458857,9.077447,16.549507],"rotation":{"angle":-22.5,"axis":"x","origin":[8.018857,8.069447,14.389505]},"faces":{"down":{"uv":[11.25,3.1875,11.0,3.9375],"rotation":0,"texture":"#0","tintindex":0},"east":{"uv":[10.375,3.9375,10.75,4.1875],"rotation":0,"texture":"#0","tintindex":0},"north":{"uv":[10.75,3.9375,11.0,4.1875],"rotation":0,"texture":"#0","tintindex":0},"south":{"uv":[11.375,3.9375,11.625,4.1875],"rotation":0,"texture":"#0","tintindex":0},"up":{"uv":[11.0,3.9375,10.75,3.1875],"rotation":0,"texture":"#0","tintindex":0},"west":{"uv":[11.0,3.9375,11.375,4.1875],"rotation":0,"texture":"#0","tintindex":0}}},{"name":"cube","from":[6.938857,8.747318,15.999336],"to":[9.098857,9.827318,19.599339],"rotation":{"angle":0.0,"axis":"x","origin":[7.2988567,9.287317,16.719337]},"faces":{"down":{"uv":[10.8125,5.5,10.625,6.125],"rotation":0,"texture":"#0","tintindex":0},"east":{"uv":[10.125,6.125,10.4375,6.3125],"rotation":0,"texture":"#0","tintindex":0},"north":{"uv":[10.4375,6.125,10.625,6.3125],"rotation":0,"texture":"#0","tintindex":0},"south":{"uv":[10.9375,6.125,11.125,6.3125],"rotation":0,"texture":"#0","tintindex":0},"up":{"uv":[10.625,6.125,10.4375,5.5],"rotation":0,"texture":"#0","tintindex":0},"west":{"uv":[10.625,6.125,10.9375,6.3125],"rotation":0,"texture":"#0","tintindex":0}}},{"name":"cube","from":[5.678857,13.416059,1.8657984],"to":[10.358856,14.496058,2.9457984],"rotation":{"angle":22.5,"axis":"x","origin":[8.018857,9.276058,1.2177984]},"faces":{"down":{"uv":[8.90625,6.375,8.5,6.5625],"rotation":0,"texture":"#0","tintindex":0},"east":{"uv":[8.0,6.5625,8.09375,6.75],"rotation":0,"texture":"#0","tintindex":0},"north":{"uv":[8.09375,6.5625,8.5,6.75],"rotation":0,"texture":"#0","tintindex":0},"south":{"uv":[8.59375,6.5625,9.0,6.75],"rotation":0,"texture":"#0","tintindex":0},"up":{"uv":[8.5,6.5625,8.09375,6.375],"rotation":0,"texture":"#0","tintindex":0},"west":{"uv":[8.5,6.5625,8.59375,6.75],"rotation":0,"texture":"#0","tintindex":0}}},{"name":"cube","from":[4.9588566,13.77606,2.2257986],"to":[5.678857,14.136059,2.5857983],"rotation":{"angle":22.5,"axis":"x","origin":[8.018857,9.276058,1.2177984]},"faces":{"down":{"uv":[8.59375,8.0,8.46875,8.0625],"rotation":0,"texture":"#0","tintindex":0},"east":{"uv":[8.3125,8.0625,8.34375,8.125],"rotation":0,"texture":"#0","tintindex":0},"north":{"uv":[8.34375,8.0625,8.46875,8.125],"rotation":0,"texture":"#0","tintindex":0},"south":{"uv":[8.5,8.0625,8.625,8.125],"rotation":0,"texture":"#0","tintindex":0},"up":{"uv":[8.46875,8.0625,8.34375,8.0],"rotation":0,"texture":"#0","tintindex":0},"west":{"uv":[8.46875,8.0625,8.5,8.125],"rotation":0,"texture":"#0","tintindex":0}}},{"name":"cube","from":[2.6548572,12.835784,4.2883735],"to":[4.8148565,13.555784,5.0083733],"rotation":{"angle":22.5,"axis":"y","origin":[3.5188565,13.447783,3.6763732]},"faces":{"down":{"uv":[8.6875,7.4375,8.5,7.5625],"rotation":0,"texture":"#0","tintindex":0},"east":{"uv":[8.25,7.5625,8.3125,7.6875],"rotation":0,"texture":"#0","tintindex":0},"north":{"uv":[8.3125,7.5625,8.5,7.6875],"rotation":0,"texture":"#0","tintindex":0},"south":{"uv":[8.5625,7.5625,8.75,7.6875],"rotation":0,"texture":"#0","tintindex":0},"up":{"uv":[8.5,7.5625,8.3125,7.4375],"rotation":0,"texture":"#0","tintindex":0},"west":{"uv":[8.5,7.5625,8.5625,7.6875],"rotation":0,"texture":"#0","tintindex":0}}},{"name":"cube","from":[7.4788566,7.0786905,13.739885],"to":[8.558857,8.15869,19.499886],"rotation":{"angle":0.0,"axis":"x","origin":[8.018857,7.978691,16.799887]},"faces":{"down":{"uv":[8.6875,3.1875,8.59375,4.1875],"rotation":0,"texture":"#0","tintindex":0},"east":{"uv":[8.0,4.1875,8.5,4.375],"rotation":0,"texture":"#0","tintindex":0},"north":{"uv":[8.5,4.1875,8.59375,4.375],"rotation":0,"texture":"#0","tintindex":0},"south":{"uv":[9.09375,4.1875,9.1875,4.375],"rotation":0,"texture":"#0","tintindex":0},"up":{"uv":[8.59375,4.1875,8.5,3.1875],"rotation":0,"texture":"#0","tintindex":0},"west":{"uv":[8.59375,4.1875,9.09375,4.375],"rotation":0,"texture":"#0","tintindex":0}}},{"name":"cube","from":[8.882856,3.8760586,12.485799],"to":[9.602857,7.8360586,13.205798],"rotation":{"angle":22.5,"axis":"x","origin":[9.242857,4.596059,12.017798]},"faces":{"down":{"uv":[8.125,7.1875,8.1875,7.3125],"rotation":0,"texture":"#0","tintindex":0},"east":{"uv":[8.1875,7.3125,8.125,8.0],"rotation":0,"texture":"#0","tintindex":0},"north":{"uv":[8.125,7.3125,8.0625,8.0],"rotation":0,"texture":"#0","tintindex":0},"south":{"uv":[8.25,7.3125,8.1875,8.0],"rotation":0,"texture":"#0","tintindex":0},"up":{"uv":[8.0625,7.3125,8.125,7.1875],"rotation":0,"texture":"#0","tintindex":0},"west":{"uv":[8.0625,7.3125,8.0,8.0],"rotation":0,"texture":"#0","tintindex":0}}},{"name":"cube","from":[8.886457,3.6360016,7.2618027],"to":[9.606457,4.356002,13.021803],"rotation":{"angle":0.0,"axis":"x","origin":[7.802857,2.1960015,11.941803]},"faces":{"down":{"uv":[9.6875,4.375,9.75,5.375],"rotation":0,"texture":"#0","tintindex":0},"east":{"uv":[10.1875,5.375,9.6875,5.5],"rotation":0,"texture":"#0","tintindex":0},"north":{"uv":[9.6875,5.375,9.625,5.5],"rotation":0,"texture":"#0","tintindex":0},"south":{"uv":[10.25,5.375,10.1875,5.5],"rotation":0,"texture":"#0","tintindex":0},"up":{"uv":[9.625,5.375,9.6875,4.375],"rotation":0,"texture":"#0","tintindex":0},"west":{"uv":[9.625,5.375,9.125,5.5],"rotation":0,"texture":"#0","tintindex":0}}},{"name":"cube","from":[8.882856,3.6614268,6.6860185],"to":[9.602857,6.9014263,7.4060187],"rotation":{"angle":-22.5,"axis":"x","origin":[9.242857,5.2814264,7.0460186]},"faces":{"down":{"uv":[9.625,7.1875,9.6875,7.3125],"rotation":0,"texture":"#0","tintindex":0},"east":{"uv":[9.6875,7.3125,9.625,7.875],"rotation":0,"texture":"#0","tintindex":0},"north":{"uv":[9.625,7.3125,9.5625,7.875],"rotation":0,"texture":"#0","tintindex":0},"south":{"uv":[9.75,7.3125,9.6875,7.875],"rotation":0,"texture":"#0","tintindex":0},"up":{"uv":[9.5625,7.3125,9.625,7.1875],"rotation":0,"texture":"#0","tintindex":0},"west":{"uv":[9.5625,7.3125,9.5,7.875],"rotation":0,"texture":"#0","tintindex":0}}},{"name":"cube","from":[11.2228565,12.835784,4.2883735],"to":[13.382857,13.555784,5.0083733],"rotation":{"angle":-22.5,"axis":"y","origin":[12.518857,13.447783,3.6763732]},"faces":{"down":{"uv":[8.5,7.4375,8.6875,7.5625],"rotation":0,"texture":"#0","tintindex":0},"east":{"uv":[8.5625,7.5625,8.5,7.6875],"rotation":0,"texture":"#0","tintindex":0},"north":{"uv":[8.5,7.5625,8.3125,7.6875],"rotation":0,"texture":"#0","tintindex":0},"south":{"uv":[8.75,7.5625,8.5625,7.6875],"rotation":0,"texture":"#0","tintindex":0},"up":{"uv":[8.3125,7.5625,8.5,7.4375],"rotation":0,"texture":"#0","tintindex":0},"west":{"uv":[8.3125,7.5625,8.25,7.6875],"rotation":0,"texture":"#0","tintindex":0}}},{"name":"cube","from":[6.9188585,6.2047367,6.0104065],"to":[9.078858,10.524736,10.330406],"rotation":{"angle":0.0,"axis":"x","origin":[7.998859,6.2047367,17.098408]},"faces":{"down":{"uv":[11.1875,1.6875,11.0,2.4375],"rotation":0,"texture":"#0","tintindex":0},"east":{"uv":[10.4375,2.4375,10.8125,3.1875],"rotation":0,"texture":"#0","tintindex":0},"north":{"uv":[10.8125,2.4375,11.0,3.1875],"rotation":0,"texture":"#0","tintindex":0},"south":{"uv":[11.375,2.4375,11.5625,3.1875],"rotation":0,"texture":"#0","tintindex":0},"up":{"uv":[11.0,2.4375,10.8125,1.6875],"rotation":0,"texture":"#0","tintindex":0},"west":{"uv":[11.0,2.4375,11.375,3.1875],"rotation":0,"texture":"#0","tintindex":0}}},{"name":"cube","from":[6.7388587,7.212872,7.6838217],"to":[9.258859,9.372871,11.643822],"rotation":{"angle":0.0,"axis":"x","origin":[7.998859,10.812872,10.023822]},"faces":{"down":{"uv":[11.03125,4.375,10.8125,5.0625],"rotation":0,"texture":"#0","tintindex":0},"east":{"uv":[10.25,5.0625,10.59375,5.4375],"rotation":0,"texture":"#0","tintindex":0},"north":{"uv":[10.59375,5.0625,10.8125,5.4375],"rotation":0,"texture":"#0","tintindex":0},"south":{"uv":[11.15625,5.0625,11.375,5.4375],"rotation":0,"texture":"#0","tintindex":0},"up":{"uv":[10.8125,5.0625,10.59375,4.375],"rotation":0,"texture":"#0","tintindex":0},"west":{"uv":[10.8125,5.0625,11.15625,5.4375],"rotation":0,"texture":"#0","tintindex":0}}},{"name":"cube","from":[9.078858,6.7590284,9.2096195],"to":[9.798859,10.35903,9.929619],"rotation":{"angle":22.5,"axis":"x","origin":[7.998859,11.979029,8.3816185]},"faces":{"down":{"uv":[8.9375,7.1875,8.875,7.3125],"rotation":0,"texture":"#0","tintindex":0},"east":{"uv":[8.75,7.3125,8.8125,7.9375],"rotation":0,"texture":"#0","tintindex":0},"north":{"uv":[8.8125,7.3125,8.875,7.9375],"rotation":0,"texture":"#0","tintindex":0},"south":{"uv":[8.9375,7.3125,9.0,7.9375],"rotation":0,"texture":"#0","tintindex":0},"up":{"uv":[8.875,7.3125,8.8125,7.1875],"rotation":0,"texture":"#0","tintindex":0},"west":{"uv":[8.875,7.3125,8.9375,7.9375],"rotation":0,"texture":"#0","tintindex":0}}}],"display":{"head":{"translation":[0.0,-6.4,0.0],"rotation":[0.0,0.0,0.0],"scale":[3.8095,3.8095,3.8095]}}}