{"textures":{"0":"modelengine:entity/satan01"},"elements":[{"name":"cube","from":[5.2387514,2.2919753,10.121393],"to":[12.378751,7.3919754,10.121393],"rotation":{"angle":0.0,"axis":"x","origin":[9.31875,-1.7880244,10.886393]},"faces":{"down":{"uv":[6.09375,3.28125,5.71875,3.28125],"rotation":0,"texture":"#0","tintindex":0},"east":{"uv":[3.46875,3.59375,3.46875,3.875],"rotation":0,"texture":"#0","tintindex":0},"north":{"uv":[5.15625,0.6875,5.53125,0.96875],"rotation":0,"texture":"#0","tintindex":0},"south":{"uv":[5.1875,2.3125,5.5625,2.59375],"rotation":0,"texture":"#0","tintindex":0},"up":{"uv":[4.4375,1.875,4.0625,1.875],"rotation":0,"texture":"#0","tintindex":0},"west":{"uv":[1.84375,3.90625,1.84375,4.1875],"rotation":0,"texture":"#0","tintindex":0}}},{"name":"cube","from":[4.3937554,-4.673021,9.968392],"to":[13.223747,-0.5930209,10.886393],"rotation":{"angle":0.0,"axis":"x","origin":[12.203747,-4.673021,10.886393]},"faces":{"down":{"uv":[7.46875,1.40625,7.0,1.46875],"rotation":0,"texture":"#0","tintindex":0},"east":{"uv":[1.5,7.5,1.5625,7.71875],"rotation":0,"texture":"#0","tintindex":0},"north":{"uv":[5.1875,4.5625,5.65625,4.78125],"rotation":0,"texture":"#0","tintindex":0},"south":{"uv":[5.125,5.1875,5.59375,5.40625],"rotation":0,"texture":"#0","tintindex":0},"up":{"uv":[7.4375,5.59375,6.96875,5.53125],"rotation":0,"texture":"#0","tintindex":0},"west":{"uv":[1.78125,7.5,1.84375,7.71875],"rotation":0,"texture":"#0","tintindex":0}}},{"name":"cube","from":[6.98,-2.7567668,10.033493],"to":[11.06,1.3232328,10.886393],"rotation":{"angle":45.0,"axis":"z","origin":[8.0,-2.7567668,10.886393]},"faces":{"down":{"uv":[5.90625,4.09375,5.6875,4.15625],"rotation":0,"texture":"#0","tintindex":0},"east":{"uv":[1.875,7.5,1.9375,7.71875],"rotation":0,"texture":"#0","tintindex":0},"north":{"uv":[6.5,3.09375,6.71875,3.3125],"rotation":0,"texture":"#0","tintindex":0},"south":{"uv":[6.5,3.6875,6.71875,3.90625],"rotation":0,"texture":"#0","tintindex":0},"up":{"uv":[4.84375,2.5,4.625,2.4375],"rotation":0,"texture":"#0","tintindex":0},"west":{"uv":[2.28125,7.5,2.34375,7.71875],"rotation":0,"texture":"#0","tintindex":0}}},{"name":"cube","from":[8.298751,2.2919753,9.968392],"to":[9.31875,6.371975,10.886393],"rotation":{"angle":0.0,"axis":"x","origin":[9.31875,-1.7880244,10.886393]},"faces":{"down":{"uv":[7.75,4.6875,7.6875,4.75],"rotation":0,"texture":"#0","tintindex":0},"east":{"uv":[2.46875,7.5,2.53125,7.71875],"rotation":0,"texture":"#0","tintindex":0},"north":{"uv":[2.375,7.5,2.4375,7.71875],"rotation":0,"texture":"#0","tintindex":0},"south":{"uv":[2.90625,7.5,2.96875,7.71875],"rotation":0,"texture":"#0","tintindex":0},"up":{"uv":[4.375,7.75,4.3125,7.6875],"rotation":0,"texture":"#0","tintindex":0},"west":{"uv":[3.0,7.5,3.0625,7.71875],"rotation":0,"texture":"#0","tintindex":0}}},{"name":"cube","from":[7.278751,-1.7880244,10.028393],"to":[10.338751,2.2919753,10.886393],"rotation":{"angle":0.0,"axis":"x","origin":[9.31875,-1.7880244,10.886393]},"faces":{"down":{"uv":[7.75,4.53125,7.59375,4.59375],"rotation":0,"texture":"#0","tintindex":0},"east":{"uv":[6.9375,7.5,7.0,7.71875],"rotation":0,"texture":"#0","tintindex":0},"north":{"uv":[6.03125,6.90625,6.1875,7.125],"rotation":0,"texture":"#0","tintindex":0},"south":{"uv":[1.15625,6.9375,1.3125,7.15625],"rotation":0,"texture":"#0","tintindex":0},"up":{"uv":[7.75,2.40625,7.59375,2.34375],"rotation":0,"texture":"#0","tintindex":0},"west":{"uv":[7.03125,7.5,7.09375,7.71875],"rotation":0,"texture":"#0","tintindex":0}}},{"name":"cube","from":[6.5575023,-2.7567668,10.033493],"to":[10.637503,1.3232328,10.886393],"rotation":{"angle":-45.0,"axis":"z","origin":[9.617502,-2.7567668,10.886393]},"faces":{"down":{"uv":[7.65625,4.6875,7.4375,4.75],"rotation":0,"texture":"#0","tintindex":0},"east":{"uv":[7.125,7.5,7.1875,7.71875],"rotation":0,"texture":"#0","tintindex":0},"north":{"uv":[6.5,3.9375,6.71875,4.15625],"rotation":0,"texture":"#0","tintindex":0},"south":{"uv":[6.5,4.1875,6.71875,4.40625],"rotation":0,"texture":"#0","tintindex":0},"up":{"uv":[6.375,5.0,6.15625,4.9375],"rotation":0,"texture":"#0","tintindex":0},"west":{"uv":[7.46875,7.5,7.53125,7.71875],"rotation":0,"texture":"#0","tintindex":0}}}],"display":{"head":{"translation":[0.0,-6.4,0.0],"rotation":[0.0,0.0,0.0],"scale":[3.8095,3.8095,3.8095]}}}