{"textures":{"0":"modelengine:entity/satan01"},"elements":[{"name":"cube","from":[28.939999,8.644856,8.201593],"to":[32.0,14.764857,10.241593],"rotation":{"angle":0.0,"axis":"x","origin":[32.0,13.744857,10.241593]},"faces":{"down":{"uv":[7.625,5.90625,7.46875,6.0],"rotation":0,"texture":"#0","tintindex":0},"east":{"uv":[6.34375,7.0,6.4375,7.3125],"rotation":0,"texture":"#0","tintindex":0},"north":{"uv":[6.40625,5.125,6.5625,5.4375],"rotation":0,"texture":"#0","tintindex":0},"south":{"uv":[5.15625,6.40625,5.3125,6.71875],"rotation":0,"texture":"#0","tintindex":0},"up":{"uv":[7.625,5.875,7.46875,5.78125],"rotation":0,"texture":"#0","tintindex":0},"west":{"uv":[7.03125,3.09375,7.125,3.40625],"rotation":0,"texture":"#0","tintindex":0}}},{"name":"cube","from":[29.195,6.0948563,7.946593],"to":[31.744999,8.644856,10.241593],"rotation":{"angle":0.0,"axis":"x","origin":[32.0,7.624856,10.241593]},"faces":{"down":{"uv":[7.59375,1.8125,7.46875,1.9375],"rotation":0,"texture":"#0","tintindex":0},"east":{"uv":[7.46875,0.75,7.59375,0.875],"rotation":0,"texture":"#0","tintindex":0},"north":{"uv":[7.46875,0.125,7.59375,0.25],"rotation":0,"texture":"#0","tintindex":0},"south":{"uv":[7.46875,0.90625,7.59375,1.03125],"rotation":0,"texture":"#0","tintindex":0},"up":{"uv":[7.59375,1.34375,7.46875,1.21875],"rotation":0,"texture":"#0","tintindex":0},"west":{"uv":[7.46875,1.0625,7.59375,1.1875],"rotation":0,"texture":"#0","tintindex":0}}},{"name":"cube","from":[29.45,-1.5551443,8.456593],"to":[31.489998,6.0948563,10.241593],"rotation":{"angle":0.0,"axis":"x","origin":[32.0,3.0348547,10.241593]},"faces":{"down":{"uv":[5.125,7.65625,5.03125,7.75],"rotation":0,"texture":"#0","tintindex":0},"east":{"uv":[4.0625,6.75,4.15625,7.15625],"rotation":0,"texture":"#0","tintindex":0},"north":{"uv":[6.75,3.71875,6.84375,4.125],"rotation":0,"texture":"#0","tintindex":0},"south":{"uv":[4.1875,6.75,4.28125,7.15625],"rotation":0,"texture":"#0","tintindex":0},"up":{"uv":[7.75,5.09375,7.65625,5.0],"rotation":0,"texture":"#0","tintindex":0},"west":{"uv":[4.96875,6.75,5.0625,7.15625],"rotation":0,"texture":"#0","tintindex":0}}},{"name":"cube","from":[28.939999,-4.286769,9.101392],"to":[32.0,-0.71676826,10.886393],"rotation":{"angle":-22.5,"axis":"x","origin":[32.0,-2.7567692,10.886393]},"faces":{"down":{"uv":[7.625,7.375,7.46875,7.46875],"rotation":0,"texture":"#0","tintindex":0},"east":{"uv":[7.34375,5.875,7.4375,6.0625],"rotation":0,"texture":"#0","tintindex":0},"north":{"uv":[7.03125,1.5,7.1875,1.6875],"rotation":0,"texture":"#0","tintindex":0},"south":{"uv":[7.03125,3.4375,7.1875,3.625],"rotation":0,"texture":"#0","tintindex":0},"up":{"uv":[7.625,6.9375,7.46875,6.84375],"rotation":0,"texture":"#0","tintindex":0},"west":{"uv":[1.28125,7.375,1.375,7.5625],"rotation":0,"texture":"#0","tintindex":0}}},{"name":"cube","from":[28.939999,8.644856,19.182266],"to":[32.0,14.764857,21.222267],"rotation":{"angle":0.0,"axis":"x","origin":[32.0,13.744857,19.182266]},"faces":{"down":{"uv":[7.625,6.0,7.46875,5.90625],"rotation":0,"texture":"#0","tintindex":0},"east":{"uv":[6.4375,7.0,6.34375,7.3125],"rotation":0,"texture":"#0","tintindex":0},"north":{"uv":[5.3125,6.40625,5.15625,6.71875],"rotation":0,"texture":"#0","tintindex":0},"south":{"uv":[6.5625,5.125,6.40625,5.4375],"rotation":0,"texture":"#0","tintindex":0},"up":{"uv":[7.625,5.78125,7.46875,5.875],"rotation":0,"texture":"#0","tintindex":0},"west":{"uv":[7.125,3.09375,7.03125,3.40625],"rotation":0,"texture":"#0","tintindex":0}}},{"name":"cube","from":[29.195,6.0948563,19.182266],"to":[31.744999,8.644856,21.477268],"rotation":{"angle":0.0,"axis":"x","origin":[32.0,7.624856,19.182266]},"faces":{"down":{"uv":[7.59375,1.9375,7.46875,1.8125],"rotation":0,"texture":"#0","tintindex":0},"east":{"uv":[7.59375,0.75,7.46875,0.875],"rotation":0,"texture":"#0","tintindex":0},"north":{"uv":[7.59375,0.90625,7.46875,1.03125],"rotation":0,"texture":"#0","tintindex":0},"south":{"uv":[7.59375,0.125,7.46875,0.25],"rotation":0,"texture":"#0","tintindex":0},"up":{"uv":[7.59375,1.21875,7.46875,1.34375],"rotation":0,"texture":"#0","tintindex":0},"west":{"uv":[7.59375,1.0625,7.46875,1.1875],"rotation":0,"texture":"#0","tintindex":0}}},{"name":"cube","from":[29.45,-1.5551443,19.182266],"to":[31.489998,6.0948563,20.967266],"rotation":{"angle":0.0,"axis":"x","origin":[32.0,3.0348547,19.182266]},"faces":{"down":{"uv":[5.125,7.75,5.03125,7.65625],"rotation":0,"texture":"#0","tintindex":0},"east":{"uv":[4.15625,6.75,4.0625,7.15625],"rotation":0,"texture":"#0","tintindex":0},"north":{"uv":[4.28125,6.75,4.1875,7.15625],"rotation":0,"texture":"#0","tintindex":0},"south":{"uv":[6.84375,3.71875,6.75,4.125],"rotation":0,"texture":"#0","tintindex":0},"up":{"uv":[7.75,5.0,7.65625,5.09375],"rotation":0,"texture":"#0","tintindex":0},"west":{"uv":[5.0625,6.75,4.96875,7.15625],"rotation":0,"texture":"#0","tintindex":0}}},{"name":"cube","from":[28.939999,-4.286769,18.537468],"to":[32.0,-0.71676826,20.322468],"rotation":{"angle":22.5,"axis":"x","origin":[32.0,-2.7567692,18.537468]},"faces":{"down":{"uv":[7.625,7.46875,7.46875,7.375],"rotation":0,"texture":"#0","tintindex":0},"east":{"uv":[7.4375,5.875,7.34375,6.0625],"rotation":0,"texture":"#0","tintindex":0},"north":{"uv":[7.1875,3.4375,7.03125,3.625],"rotation":0,"texture":"#0","tintindex":0},"south":{"uv":[7.1875,1.5,7.03125,1.6875],"rotation":0,"texture":"#0","tintindex":0},"up":{"uv":[7.625,6.84375,7.46875,6.9375],"rotation":0,"texture":"#0","tintindex":0},"west":{"uv":[1.375,7.375,1.28125,7.5625],"rotation":0,"texture":"#0","tintindex":0}}}],"display":{"head":{"translation":[32.835743,-6.4,0.0],"rotation":[0.0,0.0,0.0],"scale":[3.8095,3.8095,3.8095]}}}