{"textures":{"0":"modelengine:entity/satan01"},"elements":[{"name":"1","from":[14.405003,1.944015,8.081392],"to":[23.585,5.004019,10.886393],"rotation":{"angle":0.0,"axis":"x","origin":[17.465,3.984016,8.336392]},"faces":{"down":{"uv":[6.40625,2.46875,5.9375,2.625],"rotation":0,"texture":"#0","tintindex":0},"east":{"uv":[5.71875,7.15625,5.875,7.3125],"rotation":0,"texture":"#0","tintindex":0},"north":{"uv":[5.9375,1.90625,6.40625,2.0625],"rotation":0,"texture":"#0","tintindex":0},"south":{"uv":[5.9375,2.09375,6.40625,2.25],"rotation":0,"texture":"#0","tintindex":0},"up":{"uv":[6.40625,2.4375,5.9375,2.28125],"rotation":0,"texture":"#0","tintindex":0},"west":{"uv":[5.90625,7.15625,6.0625,7.3125],"rotation":0,"texture":"#0","tintindex":0}}},{"name":"1","from":[14.405003,-0.0959816,8.5913925],"to":[28.684998,3.984016,11.396393],"rotation":{"angle":0.0,"axis":"x","origin":[17.465,1.944015,8.846393]},"faces":{"down":{"uv":[5.53125,3.65625,4.78125,3.8125],"rotation":0,"texture":"#0","tintindex":0},"east":{"uv":[4.4375,6.8125,4.59375,7.03125],"rotation":0,"texture":"#0","tintindex":0},"north":{"uv":[1.5625,4.3125,2.3125,4.53125],"rotation":0,"texture":"#0","tintindex":0},"south":{"uv":[2.34375,4.375,3.09375,4.59375],"rotation":0,"texture":"#0","tintindex":0},"up":{"uv":[5.5,4.53125,4.75,4.375],"rotation":0,"texture":"#0","tintindex":0},"west":{"uv":[2.15625,6.84375,2.3125,7.0625],"rotation":0,"texture":"#0","tintindex":0}}},{"name":"1","from":[28.684998,0.92401695,7.8263927],"to":[31.235,13.164019,10.886393],"rotation":{"angle":0.0,"axis":"x","origin":[31.490002,2.9640179,8.846393]},"faces":{"down":{"uv":[6.5625,0.5,6.4375,0.65625],"rotation":0,"texture":"#0","tintindex":0},"east":{"uv":[0.84375,5.25,1.0,5.875],"rotation":0,"texture":"#0","tintindex":0},"north":{"uv":[3.40625,4.375,3.53125,5.0],"rotation":0,"texture":"#0","tintindex":0},"south":{"uv":[2.1875,5.71875,2.3125,6.34375],"rotation":0,"texture":"#0","tintindex":0},"up":{"uv":[3.90625,6.0625,3.78125,5.90625],"rotation":0,"texture":"#0","tintindex":0},"west":{"uv":[1.03125,5.25,1.1875,5.875],"rotation":0,"texture":"#0","tintindex":0}}},{"name":"2","from":[28.684998,13.164019,7.8263927],"to":[31.235,15.20402,9.866393],"rotation":{"angle":0.0,"axis":"x","origin":[31.490002,6.0240173,8.846393]},"faces":{"down":{"uv":[7.65625,2.625,7.53125,2.71875],"rotation":0,"texture":"#0","tintindex":0},"east":{"uv":[5.46875,2.1875,5.5625,2.28125],"rotation":0,"texture":"#0","tintindex":0},"north":{"uv":[3.25,6.40625,3.375,6.5],"rotation":0,"texture":"#0","tintindex":0},"south":{"uv":[6.8125,5.28125,6.9375,5.375],"rotation":0,"texture":"#0","tintindex":0},"up":{"uv":[2.25,7.625,2.125,7.53125],"rotation":0,"texture":"#0","tintindex":0},"west":{"uv":[5.59375,2.5,5.6875,2.59375],"rotation":0,"texture":"#0","tintindex":0}}},{"name":"1","from":[27.920002,3.984016,9.866393],"to":[32.0,12.144015,12.416393],"rotation":{"angle":0.0,"axis":"x","origin":[31.490002,2.9640179,10.886393]},"faces":{"down":{"uv":[7.3125,6.53125,7.09375,6.65625],"rotation":0,"texture":"#0","tintindex":0},"east":{"uv":[1.96875,5.25,2.09375,5.6875],"rotation":0,"texture":"#0","tintindex":0},"north":{"uv":[4.375,5.25,4.59375,5.6875],"rotation":0,"texture":"#0","tintindex":0},"south":{"uv":[0.53125,5.28125,0.75,5.71875],"rotation":0,"texture":"#0","tintindex":0},"up":{"uv":[7.3125,6.5,7.09375,6.375],"rotation":0,"texture":"#0","tintindex":0},"west":{"uv":[4.4375,6.125,4.5625,6.5625],"rotation":0,"texture":"#0","tintindex":0}}},{"name":"2","from":[0.124996185,-5.195984,7.8263927],"to":[3.1849976,3.984016,10.886393],"rotation":{"angle":-22.5,"axis":"z","origin":[2.164997,3.984016,9.356393]},"faces":{"down":{"uv":[6.625,7.15625,6.46875,7.3125],"rotation":0,"texture":"#0","tintindex":0},"east":{"uv":[1.0,5.90625,1.15625,6.375],"rotation":0,"texture":"#0","tintindex":0},"north":{"uv":[0.8125,5.90625,0.96875,6.375],"rotation":0,"texture":"#0","tintindex":0},"south":{"uv":[3.59375,5.90625,3.75,6.375],"rotation":0,"texture":"#0","tintindex":0},"up":{"uv":[7.3125,6.09375,7.15625,5.9375],"rotation":0,"texture":"#0","tintindex":0},"west":{"uv":[4.625,5.90625,4.78125,6.375],"rotation":0,"texture":"#0","tintindex":0}}},{"name":"2","from":[1.1449966,-10.295982,8.336392],"to":[5.2249985,3.984016,11.396393],"rotation":{"angle":-22.5,"axis":"z","origin":[2.164997,3.984016,9.356393]},"faces":{"down":{"uv":[7.09375,3.90625,6.875,4.0625],"rotation":0,"texture":"#0","tintindex":0},"east":{"uv":[3.0625,5.0625,3.21875,5.8125],"rotation":0,"texture":"#0","tintindex":0},"north":{"uv":[3.5625,4.25,3.78125,5.0],"rotation":0,"texture":"#0","tintindex":0},"south":{"uv":[3.8125,4.25,4.03125,5.0],"rotation":0,"texture":"#0","tintindex":0},"up":{"uv":[7.09375,3.875,6.875,3.71875],"rotation":0,"texture":"#0","tintindex":0},"west":{"uv":[0.0,5.09375,0.15625,5.84375],"rotation":0,"texture":"#0","tintindex":0}}},{"name":"2","from":[-11.386324,-16.0,8.5913925],"to":[-0.16632462,-12.939999,11.141394],"rotation":{"angle":22.5,"axis":"z","origin":[-14.446323,-13.959999,11.396393]},"faces":{"down":{"uv":[6.46875,5.5625,5.875,5.6875],"rotation":0,"texture":"#0","tintindex":0},"east":{"uv":[7.3125,6.875,7.4375,7.03125],"rotation":0,"texture":"#0","tintindex":0},"north":{"uv":[5.5625,3.3125,6.15625,3.46875],"rotation":0,"texture":"#0","tintindex":0},"south":{"uv":[5.5625,3.5,6.15625,3.65625],"rotation":0,"texture":"#0","tintindex":0},"up":{"uv":[6.40625,0.65625,5.8125,0.53125],"rotation":0,"texture":"#0","tintindex":0},"west":{"uv":[7.34375,2.15625,7.46875,2.3125],"rotation":0,"texture":"#0","tintindex":0}}},{"name":"3","from":[-13.426325,-14.98,8.5913925],"to":[-11.386324,-12.939999,11.141394],"rotation":{"angle":22.5,"axis":"z","origin":[-14.446323,-13.959999,11.396393]},"faces":{"down":{"uv":[5.65625,3.6875,5.5625,3.8125],"rotation":0,"texture":"#0","tintindex":0},"east":{"uv":[7.53125,2.75,7.65625,2.84375],"rotation":0,"texture":"#0","tintindex":0},"north":{"uv":[6.78125,7.59375,6.875,7.6875],"rotation":0,"texture":"#0","tintindex":0},"south":{"uv":[7.5625,7.59375,7.65625,7.6875],"rotation":0,"texture":"#0","tintindex":0},"up":{"uv":[2.3125,4.28125,2.21875,4.15625],"rotation":0,"texture":"#0","tintindex":0},"west":{"uv":[7.53125,3.0625,7.65625,3.15625],"rotation":0,"texture":"#0","tintindex":0}}},{"name":"2","from":[-10.366325,-15.490002,7.8263927],"to":[-2.2063255,-12.939999,11.906393],"rotation":{"angle":22.5,"axis":"z","origin":[-12.406324,-13.959999,11.396393]},"faces":{"down":{"uv":[5.90625,1.9375,5.46875,2.15625],"rotation":0,"texture":"#0","tintindex":0},"east":{"uv":[6.96875,7.09375,7.1875,7.21875],"rotation":0,"texture":"#0","tintindex":0},"north":{"uv":[6.1875,3.53125,6.625,3.65625],"rotation":0,"texture":"#0","tintindex":0},"south":{"uv":[6.3125,6.375,6.75,6.5],"rotation":0,"texture":"#0","tintindex":0},"up":{"uv":[5.90625,1.90625,5.46875,1.6875],"rotation":0,"texture":"#0","tintindex":0},"west":{"uv":[7.125,0.46875,7.34375,0.59375],"rotation":0,"texture":"#0","tintindex":0}}}],"display":{"head":{"translation":[78.90401,-27.757605,0.0],"rotation":[0.0,0.0,0.0],"scale":[3.8095,3.8095,3.8095]}}}