{"textures":{"0":"modelengine:entity/satan01"},"elements":[{"name":"cube","from":[-12.690561,6.423233,-1.1915598],"to":[-9.375561,11.523233,0.5934396],"rotation":{"angle":22.5,"axis":"z","origin":[-11.670561,-2.7567668,-6.03656]},"faces":{"down":{"uv":[7.5625,0.46875,7.375,0.5625],"rotation":0,"texture":"#0","tintindex":0},"east":{"uv":[2.03125,7.1875,2.125,7.4375],"rotation":0,"texture":"#0","tintindex":0},"north":{"uv":[4.625,6.59375,4.8125,6.84375],"rotation":0,"texture":"#0","tintindex":0},"south":{"uv":[6.59375,5.125,6.78125,5.375],"rotation":0,"texture":"#0","tintindex":0},"up":{"uv":[5.96875,6.34375,5.78125,6.25],"rotation":0,"texture":"#0","tintindex":0},"west":{"uv":[4.9375,7.1875,5.03125,7.4375],"rotation":0,"texture":"#0","tintindex":0}}},{"name":"cube","from":[-12.690561,2.3432333,-2.2115602],"to":[-8.355561,6.423233,0.5934396],"rotation":{"angle":22.5,"axis":"z","origin":[-11.670561,-2.7567668,-6.03656]},"faces":{"down":{"uv":[5.3125,6.96875,5.09375,7.125],"rotation":0,"texture":"#0","tintindex":0},"east":{"uv":[2.78125,6.96875,2.9375,7.1875],"rotation":0,"texture":"#0","tintindex":0},"north":{"uv":[6.5,5.46875,6.71875,5.6875],"rotation":0,"texture":"#0","tintindex":0},"south":{"uv":[3.25,6.53125,3.46875,6.75],"rotation":0,"texture":"#0","tintindex":0},"up":{"uv":[7.15625,1.375,6.9375,1.21875],"rotation":0,"texture":"#0","tintindex":0},"west":{"uv":[6.96875,4.09375,7.125,4.3125],"rotation":0,"texture":"#0","tintindex":0}}},{"name":"cube","from":[-12.8545885,5.46593,-2.7744412],"to":[-10.5595875,13.62593,0.030558348],"rotation":{"angle":22.5,"axis":"x","origin":[-13.874585,0.36592984,-7.619442]},"faces":{"down":{"uv":[3.375,7.34375,3.25,7.5],"rotation":0,"texture":"#0","tintindex":0},"east":{"uv":[3.40625,6.0625,3.5625,6.5],"rotation":0,"texture":"#0","tintindex":0},"north":{"uv":[2.1875,6.375,2.3125,6.8125],"rotation":0,"texture":"#0","tintindex":0},"south":{"uv":[0.0,6.40625,0.125,6.84375],"rotation":0,"texture":"#0","tintindex":0},"up":{"uv":[3.21875,7.5,3.09375,7.34375],"rotation":0,"texture":"#0","tintindex":0},"west":{"uv":[2.625,6.09375,2.78125,6.53125],"rotation":0,"texture":"#0","tintindex":0}}},{"name":"cube","from":[-12.8545885,9.742471,2.142837],"to":[-10.5595875,12.802472,6.987837],"rotation":{"angle":0.0,"axis":"x","origin":[-13.874585,5.662471,-0.6621628]},"faces":{"down":{"uv":[0.125,6.875,0.0,7.125],"rotation":0,"texture":"#0","tintindex":0},"east":{"uv":[6.75,3.09375,7.0,3.25],"rotation":0,"texture":"#0","tintindex":0},"north":{"uv":[3.40625,7.34375,3.53125,7.5],"rotation":0,"texture":"#0","tintindex":0},"south":{"uv":[7.34375,3.40625,7.46875,3.5625],"rotation":0,"texture":"#0","tintindex":0},"up":{"uv":[2.9375,6.34375,2.8125,6.09375],"rotation":0,"texture":"#0","tintindex":0},"west":{"uv":[6.75,3.53125,7.0,3.6875],"rotation":0,"texture":"#0","tintindex":0}}},{"name":"cube","from":[-12.8545885,5.46593,9.045648],"to":[-10.5595875,13.62593,11.850648],"rotation":{"angle":-22.5,"axis":"x","origin":[-13.874585,0.36592984,16.695648]},"faces":{"down":{"uv":[7.46875,3.90625,7.34375,4.0625],"rotation":0,"texture":"#0","tintindex":0},"east":{"uv":[3.78125,6.09375,3.9375,6.53125],"rotation":0,"texture":"#0","tintindex":0},"north":{"uv":[0.71875,6.40625,0.84375,6.84375],"rotation":0,"texture":"#0","tintindex":0},"south":{"uv":[0.875,6.40625,1.0,6.84375],"rotation":0,"texture":"#0","tintindex":0},"up":{"uv":[3.6875,7.5,3.5625,7.34375],"rotation":0,"texture":"#0","tintindex":0},"west":{"uv":[3.96875,6.09375,4.125,6.53125],"rotation":0,"texture":"#0","tintindex":0}}},{"name":"cube","from":[-12.690561,2.3432333,8.482766],"to":[-8.355561,6.423233,11.287766],"rotation":{"angle":22.5,"axis":"z","origin":[-11.670561,-2.7567668,15.112766]},"faces":{"down":{"uv":[6.9375,6.96875,6.71875,7.125],"rotation":0,"texture":"#0","tintindex":0},"east":{"uv":[6.96875,5.28125,7.125,5.5],"rotation":0,"texture":"#0","tintindex":0},"north":{"uv":[6.3125,6.53125,6.53125,6.75],"rotation":0,"texture":"#0","tintindex":0},"south":{"uv":[6.5625,0.0,6.78125,0.21875],"rotation":0,"texture":"#0","tintindex":0},"up":{"uv":[6.6875,7.125,6.46875,6.96875],"rotation":0,"texture":"#0","tintindex":0},"west":{"uv":[6.96875,6.0,7.125,6.21875],"rotation":0,"texture":"#0","tintindex":0}}},{"name":"cube","from":[-12.690561,6.423233,8.482766],"to":[-9.375561,11.523233,10.267766],"rotation":{"angle":22.5,"axis":"z","origin":[-11.670561,-2.7567668,15.112766]},"faces":{"down":{"uv":[1.96875,7.375,1.78125,7.46875],"rotation":0,"texture":"#0","tintindex":0},"east":{"uv":[2.34375,7.21875,2.4375,7.46875],"rotation":0,"texture":"#0","tintindex":0},"north":{"uv":[6.59375,5.71875,6.78125,5.96875],"rotation":0,"texture":"#0","tintindex":0},"south":{"uv":[6.03125,6.625,6.21875,6.875],"rotation":0,"texture":"#0","tintindex":0},"up":{"uv":[1.59375,7.46875,1.40625,7.375],"rotation":0,"texture":"#0","tintindex":0},"west":{"uv":[2.46875,7.21875,2.5625,7.46875],"rotation":0,"texture":"#0","tintindex":0}}}],"display":{"head":{"translation":[0.0,-6.4,0.0],"rotation":[0.0,0.0,0.0],"scale":[3.8095,3.8095,3.8095]}}}