{"textures":{"0":"modelengine:entity/satan01"},"elements":[{"name":"cube","from":[4.538005,-3.2987661,9.110393],"to":[9.153998,1.3172269,10.886393],"rotation":{"angle":-45.0,"axis":"z","origin":[8.0,-2.1447668,10.886393]},"faces":{"down":{"uv":[7.40625,6.125,7.15625,6.21875],"rotation":0,"texture":"#0","tintindex":0},"east":{"uv":[6.09375,7.15625,6.1875,7.40625],"rotation":0,"texture":"#0","tintindex":0},"north":{"uv":[4.15625,6.125,4.40625,6.375],"rotation":0,"texture":"#0","tintindex":0},"south":{"uv":[4.8125,6.125,5.0625,6.375],"rotation":0,"texture":"#0","tintindex":0},"up":{"uv":[7.40625,5.5,7.15625,5.40625],"rotation":0,"texture":"#0","tintindex":0},"west":{"uv":[6.84375,7.15625,6.9375,7.40625],"rotation":0,"texture":"#0","tintindex":0}}},{"name":"cube","from":[4.736,-0.5127659,9.050392],"to":[11.264001,2.7512357,10.886393],"rotation":{"angle":0.0,"axis":"x","origin":[8.0,1.119235,10.886393]},"faces":{"down":{"uv":[7.3125,2.65625,6.96875,2.75],"rotation":0,"texture":"#0","tintindex":0},"east":{"uv":[7.46875,1.96875,7.5625,2.125],"rotation":0,"texture":"#0","tintindex":0},"north":{"uv":[4.59375,6.40625,4.9375,6.5625],"rotation":0,"texture":"#0","tintindex":0},"south":{"uv":[6.40625,4.9375,6.75,5.09375],"rotation":0,"texture":"#0","tintindex":0},"up":{"uv":[7.1875,3.0625,6.84375,2.96875],"rotation":0,"texture":"#0","tintindex":0},"west":{"uv":[2.0,7.46875,2.09375,7.625],"rotation":0,"texture":"#0","tintindex":0}}},{"name":"cube","from":[8.0,-4.452763,9.518393],"to":[10.307997,-2.1447668,10.886393],"rotation":{"angle":-45.0,"axis":"z","origin":[8.0,-2.1447668,10.886393]},"faces":{"down":{"uv":[1.15625,6.40625,1.03125,6.46875],"rotation":0,"texture":"#0","tintindex":0},"east":{"uv":[7.65625,5.71875,7.71875,5.84375],"rotation":0,"texture":"#0","tintindex":0},"north":{"uv":[7.4375,4.53125,7.5625,4.65625],"rotation":0,"texture":"#0","tintindex":0},"south":{"uv":[7.4375,5.625,7.5625,5.75],"rotation":0,"texture":"#0","tintindex":0},"up":{"uv":[5.65625,4.53125,5.53125,4.46875],"rotation":0,"texture":"#0","tintindex":0},"west":{"uv":[5.8125,7.65625,5.875,7.78125],"rotation":0,"texture":"#0","tintindex":0}}},{"name":"cube","from":[6.368,-3.7767673,9.458393],"to":[9.632,-0.5127659,10.886393],"rotation":{"angle":0.0,"axis":"x","origin":[8.0,-2.1447668,10.886393]},"faces":{"down":{"uv":[7.75,0.65625,7.59375,0.71875],"rotation":0,"texture":"#0","tintindex":0},"east":{"uv":[4.78125,7.5625,4.84375,7.71875],"rotation":0,"texture":"#0","tintindex":0},"north":{"uv":[6.65625,7.15625,6.8125,7.3125],"rotation":0,"texture":"#0","tintindex":0},"south":{"uv":[0.0,7.1875,0.15625,7.34375],"rotation":0,"texture":"#0","tintindex":0},"up":{"uv":[0.71875,7.65625,0.5625,7.59375],"rotation":0,"texture":"#0","tintindex":0},"west":{"uv":[7.59375,0.46875,7.65625,0.625],"rotation":0,"texture":"#0","tintindex":0}}}],"display":{"head":{"translation":[0.0,-6.4,0.0],"rotation":[0.0,0.0,0.0],"scale":[3.8095,3.8095,3.8095]}}}