{"textures":{"0":"modelengine:entity/satan01"},"elements":[{"name":"cube","from":[-15.744999,16.623232,8.127501],"to":[-11.41,27.843231,16.032501],"rotation":{"angle":0.0,"axis":"x","origin":[-14.725002,13.563233,9.4025]},"faces":{"down":{"uv":[1.4375,5.59375,1.21875,6.0],"rotation":0,"texture":"#0","tintindex":0},"east":{"uv":[3.5,2.65625,3.90625,3.25],"rotation":0,"texture":"#0","tintindex":0},"north":{"uv":[4.8125,0.0,5.03125,0.59375],"rotation":0,"texture":"#0","tintindex":0},"south":{"uv":[4.625,4.84375,4.84375,5.4375],"rotation":0,"texture":"#0","tintindex":0},"up":{"uv":[4.84375,5.875,4.625,5.46875],"rotation":0,"texture":"#0","tintindex":0},"west":{"uv":[3.5,3.28125,3.90625,3.875],"rotation":0,"texture":"#0","tintindex":0}}},{"name":"cube","from":[-16.0,13.563233,7.8725004],"to":[-10.900002,16.623232,16.2875],"rotation":{"angle":0.0,"axis":"x","origin":[-14.725002,9.4832325,9.4025]},"faces":{"down":{"uv":[4.0,5.03125,3.71875,5.46875],"rotation":0,"texture":"#0","tintindex":0},"east":{"uv":[6.0,0.3125,6.4375,0.46875],"rotation":0,"texture":"#0","tintindex":0},"north":{"uv":[6.65625,6.0,6.9375,6.15625],"rotation":0,"texture":"#0","tintindex":0},"south":{"uv":[6.65625,6.1875,6.9375,6.34375],"rotation":0,"texture":"#0","tintindex":0},"up":{"uv":[3.6875,5.46875,3.40625,5.03125],"rotation":0,"texture":"#0","tintindex":0},"west":{"uv":[6.03125,3.09375,6.46875,3.25],"rotation":0,"texture":"#0","tintindex":0}}},{"name":"cube","from":[-15.744999,7.4432325,8.127501],"to":[-11.41,13.563233,16.032501],"rotation":{"angle":0.0,"axis":"x","origin":[-14.725002,8.463233,9.4025]},"faces":{"down":{"uv":[1.9375,5.59375,1.71875,6.0],"rotation":0,"texture":"#0","tintindex":0},"east":{"uv":[4.78125,3.3125,5.1875,3.625],"rotation":0,"texture":"#0","tintindex":0},"north":{"uv":[3.15625,6.0625,3.375,6.375],"rotation":0,"texture":"#0","tintindex":0},"south":{"uv":[0.46875,6.09375,0.6875,6.40625],"rotation":0,"texture":"#0","tintindex":0},"up":{"uv":[1.6875,6.0,1.46875,5.59375],"rotation":0,"texture":"#0","tintindex":0},"west":{"uv":[4.875,4.84375,5.28125,5.15625],"rotation":0,"texture":"#0","tintindex":0}}},{"name":"cube","from":[-15.822643,-1.7367678,8.992766],"to":[-13.782642,7.4432325,11.032766],"rotation":{"angle":22.5,"axis":"y","origin":[-14.802643,-1.7367678,8.992766]},"faces":{"down":{"uv":[5.25,7.65625,5.15625,7.75],"rotation":0,"texture":"#0","tintindex":0},"east":{"uv":[2.9375,5.15625,3.03125,5.625],"rotation":0,"texture":"#0","tintindex":0},"north":{"uv":[3.375,1.96875,3.46875,2.4375],"rotation":0,"texture":"#0","tintindex":0},"south":{"uv":[1.78125,6.5,1.875,6.96875],"rotation":0,"texture":"#0","tintindex":0},"up":{"uv":[7.75,5.21875,7.65625,5.125],"rotation":0,"texture":"#0","tintindex":0},"west":{"uv":[4.84375,6.59375,4.9375,7.0625],"rotation":0,"texture":"#0","tintindex":0}}},{"name":"cube","from":[-15.822643,-2.7567682,8.992766],"to":[-11.742641,-1.7367678,11.032766],"rotation":{"angle":22.5,"axis":"y","origin":[-14.802643,-2.7567682,8.992766]},"faces":{"down":{"uv":[7.53125,3.78125,7.3125,3.875],"rotation":0,"texture":"#0","tintindex":0},"east":{"uv":[7.6875,1.375,7.78125,1.4375],"rotation":0,"texture":"#0","tintindex":0},"north":{"uv":[7.5,2.15625,7.71875,2.21875],"rotation":0,"texture":"#0","tintindex":0},"south":{"uv":[7.5,2.25,7.71875,2.3125],"rotation":0,"texture":"#0","tintindex":0},"up":{"uv":[7.5,5.15625,7.28125,5.0625],"rotation":0,"texture":"#0","tintindex":0},"west":{"uv":[7.6875,1.46875,7.78125,1.53125],"rotation":0,"texture":"#0","tintindex":0}}},{"name":"cube","from":[-15.822643,-1.7367678,13.127234],"to":[-13.782642,7.4432325,15.167233],"rotation":{"angle":-22.5,"axis":"y","origin":[-14.802643,-1.7367678,15.167233]},"faces":{"down":{"uv":[5.25,7.75,5.15625,7.65625],"rotation":0,"texture":"#0","tintindex":0},"east":{"uv":[3.03125,5.15625,2.9375,5.625],"rotation":0,"texture":"#0","tintindex":0},"north":{"uv":[1.875,6.5,1.78125,6.96875],"rotation":0,"texture":"#0","tintindex":0},"south":{"uv":[3.46875,1.96875,3.375,2.4375],"rotation":0,"texture":"#0","tintindex":0},"up":{"uv":[7.75,5.125,7.65625,5.21875],"rotation":0,"texture":"#0","tintindex":0},"west":{"uv":[4.9375,6.59375,4.84375,7.0625],"rotation":0,"texture":"#0","tintindex":0}}},{"name":"cube","from":[-15.822643,-2.7567682,13.127234],"to":[-11.742641,-1.7367678,15.167233],"rotation":{"angle":-22.5,"axis":"y","origin":[-14.802643,-2.7567682,15.167233]},"faces":{"down":{"uv":[7.53125,3.875,7.3125,3.78125],"rotation":0,"texture":"#0","tintindex":0},"east":{"uv":[7.78125,1.375,7.6875,1.4375],"rotation":0,"texture":"#0","tintindex":0},"north":{"uv":[7.71875,2.25,7.5,2.3125],"rotation":0,"texture":"#0","tintindex":0},"south":{"uv":[7.71875,2.15625,7.5,2.21875],"rotation":0,"texture":"#0","tintindex":0},"up":{"uv":[7.5,5.0625,7.28125,5.15625],"rotation":0,"texture":"#0","tintindex":0},"west":{"uv":[7.78125,1.46875,7.6875,1.53125],"rotation":0,"texture":"#0","tintindex":0}}}],"display":{"head":{"translation":[-29.110142,-6.4,0.0],"rotation":[0.0,0.0,0.0],"scale":[3.8095,3.8095,3.8095]}}}