{"textures":{"0":"modelengine:entity/satan01"},"elements":[{"name":"cube","from":[28.39375,14.13071,9.926393],"to":[32.0,17.736954,18.747066],"rotation":{"angle":45.0,"axis":"z","origin":[13.247524,-1.7367663,10.886393]},"faces":{"down":{"uv":[4.34375,5.59375,4.15625,6.0625],"rotation":0,"texture":"#0","tintindex":0},"east":{"uv":[5.625,5.15625,6.09375,5.34375],"rotation":0,"texture":"#0","tintindex":0},"north":{"uv":[6.8125,3.28125,7.0,3.46875],"rotation":0,"texture":"#0","tintindex":0},"south":{"uv":[6.8125,5.0625,7.0,5.25],"rotation":0,"texture":"#0","tintindex":0},"up":{"uv":[4.125,6.0625,3.9375,5.59375],"rotation":0,"texture":"#0","tintindex":0},"west":{"uv":[5.65625,4.8125,6.125,5.0],"rotation":0,"texture":"#0","tintindex":0}}},{"name":"cube","from":[10.187527,19.683231,9.866393],"to":[15.287525,22.743233,18.807068],"rotation":{"angle":0.0,"axis":"x","origin":[13.247524,0.3032322,10.886393]},"faces":{"down":{"uv":[1.4375,4.75,1.15625,5.21875],"rotation":0,"texture":"#0","tintindex":0},"east":{"uv":[5.9375,2.65625,6.40625,2.8125],"rotation":0,"texture":"#0","tintindex":0},"north":{"uv":[6.5,3.34375,6.78125,3.5],"rotation":0,"texture":"#0","tintindex":0},"south":{"uv":[6.59375,4.4375,6.875,4.59375],"rotation":0,"texture":"#0","tintindex":0},"up":{"uv":[1.125,5.21875,0.84375,4.75],"rotation":0,"texture":"#0","tintindex":0},"west":{"uv":[5.9375,3.6875,6.40625,3.84375],"rotation":0,"texture":"#0","tintindex":0}}},{"name":"cube","from":[9.932526,17.643234,9.611393],"to":[15.542522,19.683231,19.062069],"rotation":{"angle":0.0,"axis":"x","origin":[13.247524,-1.7367678,10.886393]},"faces":{"down":{"uv":[3.03125,4.625,2.75,5.125],"rotation":0,"texture":"#0","tintindex":0},"east":{"uv":[3.84375,0.71875,4.34375,0.8125],"rotation":0,"texture":"#0","tintindex":0},"north":{"uv":[7.125,2.5,7.40625,2.59375],"rotation":0,"texture":"#0","tintindex":0},"south":{"uv":[7.125,3.65625,7.40625,3.75],"rotation":0,"texture":"#0","tintindex":0},"up":{"uv":[2.71875,5.125,2.4375,4.625],"rotation":0,"texture":"#0","tintindex":0},"west":{"uv":[6.4375,2.65625,6.9375,2.75],"rotation":0,"texture":"#0","tintindex":0}}},{"name":"cube","from":[10.187527,-2.7567668,9.866393],"to":[15.287525,17.643234,18.807068],"rotation":{"angle":0.0,"axis":"x","origin":[13.247524,-2.7567668,10.886393]},"faces":{"down":{"uv":[5.0625,2.8125,4.78125,3.28125],"rotation":0,"texture":"#0","tintindex":0},"east":{"uv":[1.875,2.375,2.34375,3.4375],"rotation":0,"texture":"#0","tintindex":0},"north":{"uv":[2.875,2.5,3.15625,3.5625],"rotation":0,"texture":"#0","tintindex":0},"south":{"uv":[3.1875,2.5,3.46875,3.5625],"rotation":0,"texture":"#0","tintindex":0},"up":{"uv":[5.03125,4.34375,4.75,3.875],"rotation":0,"texture":"#0","tintindex":0},"west":{"uv":[2.375,2.375,2.84375,3.4375],"rotation":0,"texture":"#0","tintindex":0}}},{"name":"cube","from":[14.5780945,0.84458137,10.826393],"to":[19.367523,13.563231,17.727068],"rotation":{"angle":22.5,"axis":"z","origin":[18.347527,2.3432322,10.886393]},"faces":{"down":{"uv":[3.90625,5.5,3.65625,5.875],"rotation":0,"texture":"#0","tintindex":0},"east":{"uv":[2.21875,3.46875,2.59375,4.125],"rotation":0,"texture":"#0","tintindex":0},"north":{"uv":[3.125,4.375,3.375,5.03125],"rotation":0,"texture":"#0","tintindex":0},"south":{"uv":[0.0,4.40625,0.25,5.0625],"rotation":0,"texture":"#0","tintindex":0},"up":{"uv":[1.8125,4.28125,1.5625,3.90625],"rotation":0,"texture":"#0","tintindex":0},"west":{"uv":[3.5,1.96875,3.875,2.625],"rotation":0,"texture":"#0","tintindex":0}}},{"name":"cube","from":[14.5780945,3.9045806,11.846394],"to":[19.367523,16.623234,16.707067],"rotation":{"angle":22.5,"axis":"z","origin":[18.347527,5.4032326,10.886393]},"faces":{"down":{"uv":[6.4375,0.9375,6.1875,1.1875],"rotation":0,"texture":"#0","tintindex":0},"east":{"uv":[1.84375,4.5625,2.09375,5.21875],"rotation":0,"texture":"#0","tintindex":0},"north":{"uv":[1.5625,4.5625,1.8125,5.21875],"rotation":0,"texture":"#0","tintindex":0},"south":{"uv":[4.0625,4.5625,4.3125,5.21875],"rotation":0,"texture":"#0","tintindex":0},"up":{"uv":[6.40625,4.90625,6.15625,4.65625],"rotation":0,"texture":"#0","tintindex":0},"west":{"uv":[4.34375,4.5625,4.59375,5.21875],"rotation":0,"texture":"#0","tintindex":0}}},{"name":"cube","from":[15.598095,-1.1954193,9.89],"to":[20.387527,11.523233,18.770676],"rotation":{"angle":22.5,"axis":"z","origin":[19.367523,-2.7567668,15.110001]},"faces":{"down":{"uv":[5.34375,2.8125,5.09375,3.28125],"rotation":0,"texture":"#0","tintindex":0},"east":{"uv":[2.8125,1.125,3.28125,1.78125],"rotation":0,"texture":"#0","tintindex":0},"north":{"uv":[0.28125,4.59375,0.53125,5.25],"rotation":0,"texture":"#0","tintindex":0},"south":{"uv":[0.5625,4.59375,0.8125,5.25],"rotation":0,"texture":"#0","tintindex":0},"up":{"uv":[5.3125,4.3125,5.0625,3.84375],"rotation":0,"texture":"#0","tintindex":0},"west":{"uv":[2.875,1.8125,3.34375,2.46875],"rotation":0,"texture":"#0","tintindex":0}}}],"display":{"head":{"translation":[118.07698,-6.4,0.0],"rotation":[0.0,0.0,0.0],"scale":[3.8095,3.8095,3.8095]}}}