{"textures":{"0":"modelengine:entity/satan01"},"elements":[{"name":"cube","from":[3.9598856,-5.8104973,10.478393],"to":[8.607429,-4.9694204,12.110393],"rotation":{"angle":0.0,"axis":"x","origin":[8.855886,-4.994501,10.886393]},"faces":{"down":{"uv":[7.46875,0.0,7.21875,0.09375],"rotation":0,"texture":"#0","tintindex":0},"east":{"uv":[4.9375,0.625,5.03125,0.65625],"rotation":0,"texture":"#0","tintindex":0},"north":{"uv":[7.59375,4.625,7.84375,4.65625],"rotation":0,"texture":"#0","tintindex":0},"south":{"uv":[7.59375,6.1875,7.84375,6.21875],"rotation":0,"texture":"#0","tintindex":0},"up":{"uv":[7.4375,5.03125,7.1875,4.9375],"rotation":0,"texture":"#0","tintindex":0},"west":{"uv":[5.25,1.6875,5.34375,1.71875],"rotation":0,"texture":"#0","tintindex":0}}},{"name":"cube","from":[5.655698,-6.1313066,10.070393],"to":[8.919699,-4.499306,12.5183935],"rotation":{"angle":22.5,"axis":"z","origin":[8.919699,-5.3153067,10.886393]},"faces":{"down":{"uv":[7.5,2.78125,7.34375,2.90625],"rotation":0,"texture":"#0","tintindex":0},"east":{"uv":[0.8125,7.5625,0.9375,7.65625],"rotation":0,"texture":"#0","tintindex":0},"north":{"uv":[7.46875,0.28125,7.625,0.375],"rotation":0,"texture":"#0","tintindex":0},"south":{"uv":[7.46875,1.625,7.625,1.71875],"rotation":0,"texture":"#0","tintindex":0},"up":{"uv":[7.5,2.75,7.34375,2.625],"rotation":0,"texture":"#0","tintindex":0},"west":{"uv":[2.5625,7.5625,2.6875,7.65625],"rotation":0,"texture":"#0","tintindex":0}}},{"name":"cube","from":[15.639159,-6.1313066,10.070393],"to":[18.90316,-4.499306,12.5183935],"rotation":{"angle":-22.5,"axis":"z","origin":[15.639159,-5.3153067,10.886393]},"faces":{"down":{"uv":[7.5,3.0625,7.34375,3.1875],"rotation":0,"texture":"#0","tintindex":0},"east":{"uv":[3.65625,7.5625,3.78125,7.65625],"rotation":0,"texture":"#0","tintindex":0},"north":{"uv":[2.71875,7.46875,2.875,7.5625],"rotation":0,"texture":"#0","tintindex":0},"south":{"uv":[7.46875,2.9375,7.625,3.03125],"rotation":0,"texture":"#0","tintindex":0},"up":{"uv":[3.0625,7.46875,2.90625,7.34375],"rotation":0,"texture":"#0","tintindex":0},"west":{"uv":[7.5625,3.75,7.6875,3.84375],"rotation":0,"texture":"#0","tintindex":0}}},{"name":"cube","from":[15.951428,-5.8104973,10.478393],"to":[20.598972,-4.9694204,12.110393],"rotation":{"angle":0.0,"axis":"x","origin":[15.702971,-4.994501,10.886393]},"faces":{"down":{"uv":[7.46875,1.5,7.21875,1.59375],"rotation":0,"texture":"#0","tintindex":0},"east":{"uv":[5.625,5.375,5.71875,5.40625],"rotation":0,"texture":"#0","tintindex":0},"north":{"uv":[7.59375,6.625,7.84375,6.65625],"rotation":0,"texture":"#0","tintindex":0},"south":{"uv":[7.625,2.5625,7.875,2.59375],"rotation":0,"texture":"#0","tintindex":0},"up":{"uv":[0.8125,7.3125,0.5625,7.21875],"rotation":0,"texture":"#0","tintindex":0},"west":{"uv":[5.75,5.375,5.84375,5.40625],"rotation":0,"texture":"#0","tintindex":0}}}],"display":{"head":{"translation":[0.0,-6.4,0.0],"rotation":[0.0,0.0,0.0],"scale":[3.8095,3.8095,3.8095]}}}