{"textures":{"0":"modelengine:entity/satan01"},"elements":[{"name":"cube","from":[3.053,22.529156,27.103996],"to":[10.396999,27.425156,32.0],"rotation":{"angle":0.0,"axis":"x","origin":[5.501,1.313155,24.247997]},"faces":{"down":{"uv":[5.9375,0.6875,5.5625,0.9375],"rotation":0,"texture":"#0","tintindex":0},"east":{"uv":[6.125,5.03125,6.375,5.28125],"rotation":0,"texture":"#0","tintindex":0},"north":{"uv":[5.46875,5.4375,5.84375,5.6875],"rotation":0,"texture":"#0","tintindex":0},"south":{"uv":[3.25,5.5,3.625,5.75],"rotation":0,"texture":"#0","tintindex":0},"up":{"uv":[5.90625,4.4375,5.53125,4.1875],"rotation":0,"texture":"#0","tintindex":0},"west":{"uv":[5.09375,6.125,5.34375,6.375],"rotation":0,"texture":"#0","tintindex":0}}},{"name":"cube","from":[3.2276525,20.081158,26.741302],"to":[5.2676525,27.425156,31.229301],"rotation":{"angle":22.5,"axis":"y","origin":[4.8596525,1.313155,25.517303]},"faces":{"down":{"uv":[0.78125,7.34375,0.6875,7.5625],"rotation":0,"texture":"#0","tintindex":0},"east":{"uv":[2.71875,5.6875,2.9375,6.0625],"rotation":0,"texture":"#0","tintindex":0},"north":{"uv":[3.875,6.78125,3.96875,7.15625],"rotation":0,"texture":"#0","tintindex":0},"south":{"uv":[2.34375,6.8125,2.4375,7.1875],"rotation":0,"texture":"#0","tintindex":0},"up":{"uv":[0.65625,7.5625,0.5625,7.34375],"rotation":0,"texture":"#0","tintindex":0},"west":{"uv":[5.6875,3.6875,5.90625,4.0625],"rotation":0,"texture":"#0","tintindex":0}}},{"name":"cube","from":[5.705,19.265156,25.471996],"to":[7.745,27.425156,29.143997],"rotation":{"angle":0.0,"axis":"x","origin":[6.113,1.313155,24.247997]},"faces":{"down":{"uv":[7.4375,4.09375,7.34375,4.28125],"rotation":0,"texture":"#0","tintindex":0},"east":{"uv":[1.96875,5.71875,2.15625,6.15625],"rotation":0,"texture":"#0","tintindex":0},"north":{"uv":[1.90625,6.71875,2.0,7.15625],"rotation":0,"texture":"#0","tintindex":0},"south":{"uv":[2.03125,6.71875,2.125,7.15625],"rotation":0,"texture":"#0","tintindex":0},"up":{"uv":[3.8125,7.53125,3.71875,7.34375],"rotation":0,"texture":"#0","tintindex":0},"west":{"uv":[5.71875,2.5,5.90625,2.9375],"rotation":0,"texture":"#0","tintindex":0}}},{"name":"cube","from":[8.182347,20.081158,26.741302],"to":[10.222347,27.425156,31.229301],"rotation":{"angle":-22.5,"axis":"y","origin":[8.590347,1.313155,25.517303]},"faces":{"down":{"uv":[7.4375,1.90625,7.34375,2.125],"rotation":0,"texture":"#0","tintindex":0},"east":{"uv":[4.375,5.71875,4.59375,6.09375],"rotation":0,"texture":"#0","tintindex":0},"north":{"uv":[2.46875,6.8125,2.5625,7.1875],"rotation":0,"texture":"#0","tintindex":0},"south":{"uv":[4.3125,6.8125,4.40625,7.1875],"rotation":0,"texture":"#0","tintindex":0},"up":{"uv":[1.75,7.5625,1.65625,7.34375],"rotation":0,"texture":"#0","tintindex":0},"west":{"uv":[4.875,5.71875,5.09375,6.09375],"rotation":0,"texture":"#0","tintindex":0}}},{"name":"cube","from":[6.113,24.169216,15.572538],"to":[7.337,27.433216,17.204538],"rotation":{"angle":22.5,"axis":"x","origin":[5.705,1.3212163,14.348538]},"faces":{"down":{"uv":[7.28125,7.65625,7.21875,7.75],"rotation":0,"texture":"#0","tintindex":0},"east":{"uv":[7.46875,4.09375,7.5625,4.25],"rotation":0,"texture":"#0","tintindex":0},"north":{"uv":[1.28125,7.59375,1.34375,7.75],"rotation":0,"texture":"#0","tintindex":0},"south":{"uv":[7.59375,1.375,7.65625,1.53125],"rotation":0,"texture":"#0","tintindex":0},"up":{"uv":[7.71875,6.90625,7.65625,6.8125],"rotation":0,"texture":"#0","tintindex":0},"west":{"uv":[4.15625,7.46875,4.25,7.625],"rotation":0,"texture":"#0","tintindex":0}}}],"display":{"head":{"translation":[0.0,-6.4,0.12214966],"rotation":[0.0,0.0,0.0],"scale":[3.8095,3.8095,3.8095]}}}