{"textures":{"0":"modelengine:entity/satan01"},"elements":[{"name":"1","from":[28.531994,20.21811,9.764393],"to":[31.795998,24.298111,11.396393],"rotation":{"angle":0.0,"axis":"x","origin":[30.163994,20.21811,10.784393]},"faces":{"down":{"uv":[7.59375,5.40625,7.4375,5.5],"rotation":0,"texture":"#0","tintindex":0},"east":{"uv":[2.78125,7.21875,2.875,7.4375],"rotation":0,"texture":"#0","tintindex":0},"north":{"uv":[2.59375,6.875,2.75,7.09375],"rotation":0,"texture":"#0","tintindex":0},"south":{"uv":[4.625,6.875,4.78125,7.09375],"rotation":0,"texture":"#0","tintindex":0},"up":{"uv":[7.59375,2.59375,7.4375,2.5],"rotation":0,"texture":"#0","tintindex":0},"west":{"uv":[7.21875,3.40625,7.3125,3.625],"rotation":0,"texture":"#0","tintindex":0}}},{"name":"1","from":[28.531994,24.298111,9.764393],"to":[30.163994,28.378109,10.784393],"rotation":{"angle":0.0,"axis":"x","origin":[30.163994,20.21811,10.784393]},"faces":{"down":{"uv":[7.3125,0.125,7.21875,0.1875],"rotation":0,"texture":"#0","tintindex":0},"east":{"uv":[3.5,6.53125,3.5625,6.75],"rotation":0,"texture":"#0","tintindex":0},"north":{"uv":[4.21875,7.21875,4.3125,7.4375],"rotation":0,"texture":"#0","tintindex":0},"south":{"uv":[7.21875,7.09375,7.3125,7.3125],"rotation":0,"texture":"#0","tintindex":0},"up":{"uv":[7.28125,6.9375,7.1875,6.875],"rotation":0,"texture":"#0","tintindex":0},"west":{"uv":[4.9375,7.46875,5.0,7.6875],"rotation":0,"texture":"#0","tintindex":0}}},{"name":"1","from":[30.163994,22.666111,9.356393],"to":[32.0,25.114113,10.784393],"rotation":{"angle":0.0,"axis":"x","origin":[30.163994,20.21811,10.784393]},"faces":{"down":{"uv":[6.0,7.65625,5.90625,7.71875],"rotation":0,"texture":"#0","tintindex":0},"east":{"uv":[6.65625,3.53125,6.71875,3.65625],"rotation":0,"texture":"#0","tintindex":0},"north":{"uv":[3.09375,7.53125,3.1875,7.65625],"rotation":0,"texture":"#0","tintindex":0},"south":{"uv":[3.21875,7.53125,3.3125,7.65625],"rotation":0,"texture":"#0","tintindex":0},"up":{"uv":[7.75,5.9375,7.65625,5.875],"rotation":0,"texture":"#0","tintindex":0},"west":{"uv":[5.53125,7.65625,5.59375,7.78125],"rotation":0,"texture":"#0","tintindex":0}}},{"name":"1","from":[27.377995,21.372108,9.356393],"to":[28.601997,23.00411,10.988393],"rotation":{"angle":0.0,"axis":"x","origin":[30.163994,20.21811,10.784393]},"faces":{"down":{"uv":[6.46875,7.65625,6.40625,7.75],"rotation":0,"texture":"#0","tintindex":0},"east":{"uv":[7.625,0.09375,7.71875,0.1875],"rotation":0,"texture":"#0","tintindex":0},"north":{"uv":[5.9375,2.84375,6.0,2.9375],"rotation":0,"texture":"#0","tintindex":0},"south":{"uv":[6.21875,7.65625,6.28125,7.75],"rotation":0,"texture":"#0","tintindex":0},"up":{"uv":[6.375,7.75,6.3125,7.65625],"rotation":0,"texture":"#0","tintindex":0},"west":{"uv":[7.625,0.75,7.71875,0.84375],"rotation":0,"texture":"#0","tintindex":0}}},{"name":"1","from":[28.656227,23.04219,9.356393],"to":[31.104225,23.858192,10.988393],"rotation":{"angle":22.5,"axis":"z","origin":[30.163994,20.21811,10.784393]},"faces":{"down":{"uv":[3.625,7.53125,3.5,7.625],"rotation":0,"texture":"#0","tintindex":0},"east":{"uv":[4.5625,2.8125,4.65625,2.84375],"rotation":0,"texture":"#0","tintindex":0},"north":{"uv":[3.71875,1.90625,3.84375,1.9375],"rotation":0,"texture":"#0","tintindex":0},"south":{"uv":[2.125,4.5625,2.25,4.59375],"rotation":0,"texture":"#0","tintindex":0},"up":{"uv":[3.46875,7.625,3.34375,7.53125],"rotation":0,"texture":"#0","tintindex":0},"west":{"uv":[4.8125,0.625,4.90625,0.65625],"rotation":0,"texture":"#0","tintindex":0}}},{"name":"1","from":[29.009995,21.372108,9.356393],"to":[30.641998,23.00411,10.988393],"rotation":{"angle":45.0,"axis":"z","origin":[30.163994,20.21811,10.784393]},"faces":{"down":{"uv":[7.71875,2.4375,7.625,2.53125],"rotation":0,"texture":"#0","tintindex":0},"east":{"uv":[7.625,1.0,7.71875,1.09375],"rotation":0,"texture":"#0","tintindex":0},"north":{"uv":[7.625,0.875,7.71875,0.96875],"rotation":0,"texture":"#0","tintindex":0},"south":{"uv":[7.625,1.125,7.71875,1.21875],"rotation":0,"texture":"#0","tintindex":0},"up":{"uv":[7.71875,1.90625,7.625,1.8125],"rotation":0,"texture":"#0","tintindex":0},"west":{"uv":[7.625,1.25,7.71875,1.34375],"rotation":0,"texture":"#0","tintindex":0}}},{"name":"2","from":[-13.183734,-11.920002,10.121393],"to":[-11.551733,-7.84,13.385393],"rotation":{"angle":-22.5,"axis":"z","origin":[-12.568053,-6.4938927,12.161392]},"faces":{"down":{"uv":[6.1875,7.4375,6.09375,7.59375],"rotation":0,"texture":"#0","tintindex":0},"east":{"uv":[6.90625,1.90625,7.0625,2.125],"rotation":0,"texture":"#0","tintindex":0},"north":{"uv":[6.96875,7.25,7.0625,7.46875],"rotation":0,"texture":"#0","tintindex":0},"south":{"uv":[7.09375,7.25,7.1875,7.46875],"rotation":0,"texture":"#0","tintindex":0},"up":{"uv":[4.53125,7.53125,4.4375,7.375],"rotation":0,"texture":"#0","tintindex":0},"west":{"uv":[6.90625,2.15625,7.0625,2.375],"rotation":0,"texture":"#0","tintindex":0}}},{"name":"3","from":[-13.591734,-10.695999,12.569392],"to":[-11.551733,-8.248001,14.201393],"rotation":{"angle":-22.5,"axis":"z","origin":[-12.568053,-6.4938927,12.161392]},"faces":{"down":{"uv":[6.1875,7.625,6.09375,7.71875],"rotation":0,"texture":"#0","tintindex":0},"east":{"uv":[3.96875,7.53125,4.0625,7.65625],"rotation":0,"texture":"#0","tintindex":0},"north":{"uv":[3.84375,7.53125,3.9375,7.65625],"rotation":0,"texture":"#0","tintindex":0},"south":{"uv":[4.28125,7.53125,4.375,7.65625],"rotation":0,"texture":"#0","tintindex":0},"up":{"uv":[7.71875,5.5,7.625,5.40625],"rotation":0,"texture":"#0","tintindex":0},"west":{"uv":[7.53125,5.03125,7.625,5.15625],"rotation":0,"texture":"#0","tintindex":0}}},{"name":"2","from":[-13.183734,-16.0,11.753393],"to":[-12.1637335,-11.920002,13.385393],"rotation":{"angle":-22.5,"axis":"z","origin":[-12.568053,-6.4938927,12.161392]},"faces":{"down":{"uv":[6.65625,7.65625,6.59375,7.75],"rotation":0,"texture":"#0","tintindex":0},"east":{"uv":[2.15625,7.28125,2.25,7.5],"rotation":0,"texture":"#0","tintindex":0},"north":{"uv":[7.5,1.375,7.5625,1.59375],"rotation":0,"texture":"#0","tintindex":0},"south":{"uv":[1.40625,7.5,1.46875,7.71875],"rotation":0,"texture":"#0","tintindex":0},"up":{"uv":[6.5625,7.75,6.5,7.65625],"rotation":0,"texture":"#0","tintindex":0},"west":{"uv":[0.84375,7.3125,0.9375,7.53125],"rotation":0,"texture":"#0","tintindex":0}}},{"name":"2","from":[-13.591734,-12.736004,9.917393],"to":[-12.1637335,-10.288002,11.753393],"rotation":{"angle":-22.5,"axis":"z","origin":[-12.568053,-6.4938927,12.161392]},"faces":{"down":{"uv":[7.71875,6.6875,7.65625,6.78125],"rotation":0,"texture":"#0","tintindex":0},"east":{"uv":[7.53125,6.6875,7.625,6.8125],"rotation":0,"texture":"#0","tintindex":0},"north":{"uv":[5.625,7.65625,5.6875,7.78125],"rotation":0,"texture":"#0","tintindex":0},"south":{"uv":[5.71875,7.65625,5.78125,7.78125],"rotation":0,"texture":"#0","tintindex":0},"up":{"uv":[6.75,7.75,6.6875,7.65625],"rotation":0,"texture":"#0","tintindex":0},"west":{"uv":[7.3125,7.53125,7.40625,7.65625],"rotation":0,"texture":"#0","tintindex":0}}}],"display":{"head":{"translation":[75.177216,-108.43807,0.0],"rotation":[0.0,0.0,0.0],"scale":[3.8095,3.8095,3.8095]}}}