{"textures":{"0":"modelengine:entity/satan01"},"elements":[{"name":"cube","from":[27.210575,-1.1954198,9.356392],"to":[30.270573,2.8845801,12.416392],"rotation":{"angle":0.0,"axis":"x","origin":[30.270573,0.844579,10.886393]},"faces":{"down":{"uv":[7.34375,1.125,7.1875,1.28125],"rotation":0,"texture":"#0","tintindex":0},"east":{"uv":[6.9375,2.40625,7.09375,2.625],"rotation":0,"texture":"#0","tintindex":0},"north":{"uv":[1.34375,6.9375,1.5,7.15625],"rotation":0,"texture":"#0","tintindex":0},"south":{"uv":[6.9375,4.5625,7.09375,4.78125],"rotation":0,"texture":"#0","tintindex":0},"up":{"uv":[1.25,7.34375,1.09375,7.1875],"rotation":0,"texture":"#0","tintindex":0},"west":{"uv":[6.96875,0.21875,7.125,0.4375],"rotation":0,"texture":"#0","tintindex":0}}},{"name":"cube","from":[28.899132,5.1231565,10.331392],"to":[31.959133,6.143155,11.351392],"rotation":{"angle":45.0,"axis":"z","origin":[27.879131,1.0431569,8.5913925]},"faces":{"down":{"uv":[7.75,6.4375,7.59375,6.5],"rotation":0,"texture":"#0","tintindex":0},"east":{"uv":[7.3125,7.6875,7.375,7.75],"rotation":0,"texture":"#0","tintindex":0},"north":{"uv":[7.59375,5.625,7.75,5.6875],"rotation":0,"texture":"#0","tintindex":0},"south":{"uv":[7.59375,6.09375,7.75,6.15625],"rotation":0,"texture":"#0","tintindex":0},"up":{"uv":[7.75,6.40625,7.59375,6.34375],"rotation":0,"texture":"#0","tintindex":0},"west":{"uv":[7.6875,7.59375,7.75,7.65625],"rotation":0,"texture":"#0","tintindex":0}}},{"name":"cube","from":[25.718319,1.558283,7.8263927],"to":[31.838318,7.6782837,13.946393],"rotation":{"angle":-22.5,"axis":"z","origin":[30.818321,3.5982816,10.886393]},"faces":{"down":{"uv":[5.625,4.8125,5.3125,5.125],"rotation":0,"texture":"#0","tintindex":0},"east":{"uv":[5.25,1.34375,5.5625,1.65625],"rotation":0,"texture":"#0","tintindex":0},"north":{"uv":[1.21875,5.25,1.53125,5.5625],"rotation":0,"texture":"#0","tintindex":0},"south":{"uv":[1.5625,5.25,1.875,5.5625],"rotation":0,"texture":"#0","tintindex":0},"up":{"uv":[0.5,5.59375,0.1875,5.28125],"rotation":0,"texture":"#0","tintindex":0},"west":{"uv":[4.03125,5.25,4.34375,5.5625],"rotation":0,"texture":"#0","tintindex":0}}},{"name":"cube","from":[29.960003,-0.71676826,7.886392],"to":[32.0,4.383232,13.886393],"rotation":{"angle":0.0,"axis":"x","origin":[30.980003,-2.7567692,10.886393]},"faces":{"down":{"uv":[5.5625,7.0,5.46875,7.3125],"rotation":0,"texture":"#0","tintindex":0},"east":{"uv":[0.1875,5.625,0.5,5.90625],"rotation":0,"texture":"#0","tintindex":0},"north":{"uv":[4.0625,4.25,4.15625,4.53125],"rotation":0,"texture":"#0","tintindex":0},"south":{"uv":[4.4375,7.0625,4.53125,7.34375],"rotation":0,"texture":"#0","tintindex":0},"up":{"uv":[5.4375,7.3125,5.34375,7.0],"rotation":0,"texture":"#0","tintindex":0},"west":{"uv":[2.375,5.6875,2.6875,5.96875],"rotation":0,"texture":"#0","tintindex":0}}}],"display":{"head":{"translation":[41.36107,-6.4,0.0],"rotation":[0.0,0.0,0.0],"scale":[3.8095,3.8095,3.8095]}}}