{"textures":{"0":"modelengine:entity/satan01"},"elements":[{"name":"cube","from":[7.966384,18.459234,9.912548],"to":[12.046384,28.251236,13.176547],"rotation":{"angle":22.5,"axis":"y","origin":[11.230384,26.619232,10.728548]},"faces":{"down":{"uv":[7.15625,0.84375,6.9375,1.0],"rotation":0,"texture":"#0","tintindex":0},"east":{"uv":[5.8125,0.0,5.96875,0.5],"rotation":0,"texture":"#0","tintindex":0},"north":{"uv":[2.4375,5.15625,2.65625,5.65625],"rotation":0,"texture":"#0","tintindex":0},"south":{"uv":[2.6875,5.15625,2.90625,5.65625],"rotation":0,"texture":"#0","tintindex":0},"up":{"uv":[7.125,4.53125,6.90625,4.375],"rotation":0,"texture":"#0","tintindex":0},"west":{"uv":[5.8125,5.71875,5.96875,6.21875],"rotation":0,"texture":"#0","tintindex":0}}},{"name":"cube","from":[6.776,18.459234,11.702393],"to":[9.224,20.907234,14.150393],"rotation":{"angle":0.0,"axis":"x","origin":[7.592,1.3232328,10.886393]},"faces":{"down":{"uv":[7.5625,3.59375,7.4375,3.71875],"rotation":0,"texture":"#0","tintindex":0},"east":{"uv":[7.3125,7.375,7.4375,7.5],"rotation":0,"texture":"#0","tintindex":0},"north":{"uv":[7.375,6.6875,7.5,6.8125],"rotation":0,"texture":"#0","tintindex":0},"south":{"uv":[7.4375,0.59375,7.5625,0.71875],"rotation":0,"texture":"#0","tintindex":0},"up":{"uv":[7.5625,3.34375,7.4375,3.21875],"rotation":0,"texture":"#0","tintindex":0},"west":{"uv":[7.4375,2.34375,7.5625,2.46875],"rotation":0,"texture":"#0","tintindex":0}}},{"name":"cube","from":[4.328,27.435234,9.662394],"to":[11.672,29.067234,15.3743925],"rotation":{"angle":0.0,"axis":"x","origin":[5.144,27.435234,10.478393]},"faces":{"down":{"uv":[5.4375,0.34375,5.0625,0.65625],"rotation":0,"texture":"#0","tintindex":0},"east":{"uv":[6.96875,6.25,7.28125,6.34375],"rotation":0,"texture":"#0","tintindex":0},"north":{"uv":[5.65625,5.03125,6.03125,5.125],"rotation":0,"texture":"#0","tintindex":0},"south":{"uv":[6.78125,4.9375,7.15625,5.03125],"rotation":0,"texture":"#0","tintindex":0},"up":{"uv":[5.4375,0.3125,5.0625,0.0],"rotation":0,"texture":"#0","tintindex":0},"west":{"uv":[6.96875,6.96875,7.28125,7.0625],"rotation":0,"texture":"#0","tintindex":0}}},{"name":"cube","from":[3.953616,18.459234,9.912548],"to":[8.033616,28.251236,13.176547],"rotation":{"angle":-22.5,"axis":"y","origin":[4.769616,26.619232,10.728548]},"faces":{"down":{"uv":[7.15625,1.03125,6.9375,1.1875],"rotation":0,"texture":"#0","tintindex":0},"east":{"uv":[2.96875,5.84375,3.125,6.34375],"rotation":0,"texture":"#0","tintindex":0},"north":{"uv":[2.125,5.1875,2.34375,5.6875],"rotation":0,"texture":"#0","tintindex":0},"south":{"uv":[4.875,5.1875,5.09375,5.6875],"rotation":0,"texture":"#0","tintindex":0},"up":{"uv":[1.125,7.09375,0.90625,6.9375],"rotation":0,"texture":"#0","tintindex":0},"west":{"uv":[0.0,5.875,0.15625,6.375],"rotation":0,"texture":"#0","tintindex":0}}},{"name":"cube","from":[3.0789213,21.723232,12.677936],"to":[12.921079,28.251236,15.941936],"rotation":{"angle":0.0,"axis":"x","origin":[3.894921,26.619232,13.493936]},"faces":{"down":{"uv":[6.4375,1.34375,5.9375,1.5],"rotation":0,"texture":"#0","tintindex":0},"east":{"uv":[3.0625,6.40625,3.21875,6.75],"rotation":0,"texture":"#0","tintindex":0},"north":{"uv":[4.0625,1.1875,4.5625,1.53125],"rotation":0,"texture":"#0","tintindex":0},"south":{"uv":[4.1875,0.0,4.6875,0.34375],"rotation":0,"texture":"#0","tintindex":0},"up":{"uv":[6.375,5.53125,5.875,5.375],"rotation":0,"texture":"#0","tintindex":0},"west":{"uv":[3.59375,6.40625,3.75,6.75],"rotation":0,"texture":"#0","tintindex":0}}},{"name":"cube","from":[3.0789213,17.888271,12.239738],"to":[12.921079,22.784271,15.503739],"rotation":{"angle":22.5,"axis":"x","origin":[3.894921,21.152271,13.055739]},"faces":{"down":{"uv":[6.4375,1.71875,5.9375,1.875],"rotation":0,"texture":"#0","tintindex":0},"east":{"uv":[3.53125,0.84375,3.6875,1.09375],"rotation":0,"texture":"#0","tintindex":0},"north":{"uv":[4.9375,1.75,5.4375,2.0],"rotation":0,"texture":"#0","tintindex":0},"south":{"uv":[4.9375,2.03125,5.4375,2.28125],"rotation":0,"texture":"#0","tintindex":0},"up":{"uv":[6.4375,1.6875,5.9375,1.53125],"rotation":0,"texture":"#0","tintindex":0},"west":{"uv":[5.34375,6.71875,5.5,6.96875],"rotation":0,"texture":"#0","tintindex":0}}}],"display":{"head":{"translation":[0.0,-6.4,0.0],"rotation":[0.0,0.0,0.0],"scale":[3.8095,3.8095,3.8095]}}}