{"textures":{"0":"modelengine:entity/satan01"},"elements":[{"name":"cube","from":[-15.265221,-1.741044,12.052766],"to":[-9.145221,4.3789563,18.172766],"rotation":{"angle":45.0,"axis":"z","origin":[-12.198822,-2.7567692,15.112766]},"faces":{"down":{"uv":[5.78125,0.34375,5.46875,0.65625],"rotation":0,"texture":"#0","tintindex":0},"east":{"uv":[5.375,2.625,5.6875,2.9375],"rotation":0,"texture":"#0","tintindex":0},"north":{"uv":[5.34375,3.84375,5.65625,4.15625],"rotation":0,"texture":"#0","tintindex":0},"south":{"uv":[5.375,2.96875,5.6875,3.28125],"rotation":0,"texture":"#0","tintindex":0},"up":{"uv":[5.78125,0.3125,5.46875,0.0],"rotation":0,"texture":"#0","tintindex":0},"west":{"uv":[5.125,5.4375,5.4375,5.75],"rotation":0,"texture":"#0","tintindex":0}}},{"name":"cube","from":[-15.221077,-3.980472,13.582766],"to":[-12.161079,-0.9204731,16.642765],"rotation":{"angle":0.0,"axis":"x","origin":[-15.221077,-3.980472,15.112766]},"faces":{"down":{"uv":[7.34375,6.6875,7.1875,6.84375],"rotation":0,"texture":"#0","tintindex":0},"east":{"uv":[1.46875,7.1875,1.625,7.34375],"rotation":0,"texture":"#0","tintindex":0},"north":{"uv":[1.28125,7.1875,1.4375,7.34375],"rotation":0,"texture":"#0","tintindex":0},"south":{"uv":[1.84375,7.1875,2.0,7.34375],"rotation":0,"texture":"#0","tintindex":0},"up":{"uv":[4.1875,7.34375,4.03125,7.1875],"rotation":0,"texture":"#0","tintindex":0},"west":{"uv":[3.84375,7.1875,4.0,7.34375],"rotation":0,"texture":"#0","tintindex":0}}},{"name":"cube","from":[-16.0,0.8735554,14.557766],"to":[-12.940002,1.893556,15.577766],"rotation":{"angle":-22.5,"axis":"z","origin":[-12.198822,-2.7567692,15.112766]},"faces":{"down":{"uv":[7.75,7.25,7.59375,7.3125],"rotation":0,"texture":"#0","tintindex":0},"east":{"uv":[7.6875,7.6875,7.75,7.75],"rotation":0,"texture":"#0","tintindex":0},"north":{"uv":[7.59375,6.53125,7.75,6.59375],"rotation":0,"texture":"#0","tintindex":0},"south":{"uv":[7.59375,7.0625,7.75,7.125],"rotation":0,"texture":"#0","tintindex":0},"up":{"uv":[7.75,7.21875,7.59375,7.15625],"rotation":0,"texture":"#0","tintindex":0},"west":{"uv":[7.71875,3.75,7.78125,3.8125],"rotation":0,"texture":"#0","tintindex":0}}}],"display":{"head":{"translation":[-18.168896,-6.4,0.0],"rotation":[0.0,0.0,0.0],"scale":[3.8095,3.8095,3.8095]}}}