{"textures":{"0":"modelengine:entity/satan01"},"elements":[{"name":"1","from":[-4.0174747,-13.858014,9.968393],"to":[-2.3854747,-9.778017,11.600392],"rotation":{"angle":0.0,"axis":"x","origin":[-3.2014751,-13.858014,10.784392]},"faces":{"down":{"uv":[7.75,1.625,7.65625,1.71875],"rotation":0,"texture":"#0","tintindex":0},"east":{"uv":[2.59375,7.3125,2.6875,7.53125],"rotation":0,"texture":"#0","tintindex":0},"north":{"uv":[0.96875,7.3125,1.0625,7.53125],"rotation":0,"texture":"#0","tintindex":0},"south":{"uv":[7.3125,4.53125,7.40625,4.75],"rotation":0,"texture":"#0","tintindex":0},"up":{"uv":[7.75,0.3125,7.65625,0.21875],"rotation":0,"texture":"#0","tintindex":0},"west":{"uv":[4.5625,7.3125,4.65625,7.53125],"rotation":0,"texture":"#0","tintindex":0}}},{"name":"1","from":[-3.5744739,-10.355015,10.172392],"to":[-2.3504744,-7.091013,11.396393],"rotation":{"angle":45.0,"axis":"z","origin":[-2.9624734,-10.355015,10.784392]},"faces":{"down":{"uv":[4.0,5.5,3.9375,5.5625],"rotation":0,"texture":"#0","tintindex":0},"east":{"uv":[0.1875,5.09375,0.25,5.25],"rotation":0,"texture":"#0","tintindex":0},"north":{"uv":[1.46875,5.0625,1.53125,5.21875],"rotation":0,"texture":"#0","tintindex":0},"south":{"uv":[2.96875,5.65625,3.03125,5.8125],"rotation":0,"texture":"#0","tintindex":0},"up":{"uv":[4.65625,1.53125,4.59375,1.46875],"rotation":0,"texture":"#0","tintindex":0},"west":{"uv":[3.15625,5.84375,3.21875,6.0],"rotation":0,"texture":"#0","tintindex":0}}},{"name":"1","from":[-8.335923,-8.791683,10.172392],"to":[-5.0719233,-7.5676823,11.396393],"rotation":{"angle":-22.5,"axis":"z","origin":[-5.0719233,-8.179685,10.784392]},"faces":{"down":{"uv":[4.5625,7.5625,4.40625,7.625],"rotation":0,"texture":"#0","tintindex":0},"east":{"uv":[2.625,6.0,2.6875,6.0625],"rotation":0,"texture":"#0","tintindex":0},"north":{"uv":[6.1875,6.09375,6.34375,6.15625],"rotation":0,"texture":"#0","tintindex":0},"south":{"uv":[7.125,4.75,7.28125,4.8125],"rotation":0,"texture":"#0","tintindex":0},"up":{"uv":[7.34375,1.375,7.1875,1.3125],"rotation":0,"texture":"#0","tintindex":0},"west":{"uv":[6.40625,5.46875,6.46875,5.53125],"rotation":0,"texture":"#0","tintindex":0}}},{"name":"1","from":[-8.164254,-7.261819,10.376392],"to":[-7.3482533,-3.997817,11.192392],"rotation":{"angle":22.5,"axis":"z","origin":[-7.7562532,-7.261819,10.784392]},"faces":{"down":{"uv":[4.71875,2.8125,4.6875,2.84375],"rotation":0,"texture":"#0","tintindex":0},"east":{"uv":[3.0625,4.8125,3.09375,4.96875],"rotation":0,"texture":"#0","tintindex":0},"north":{"uv":[3.0625,4.625,3.09375,4.78125],"rotation":0,"texture":"#0","tintindex":0},"south":{"uv":[5.15625,1.0,5.1875,1.15625],"rotation":0,"texture":"#0","tintindex":0},"up":{"uv":[2.3125,4.59375,2.28125,4.5625],"rotation":0,"texture":"#0","tintindex":0},"west":{"uv":[2.375,5.1875,2.40625,5.34375],"rotation":0,"texture":"#0","tintindex":0}}},{"name":"2","from":[0.87852573,-13.858014,9.968393],"to":[2.5105252,-9.778017,11.600392],"rotation":{"angle":0.0,"axis":"x","origin":[1.6945255,-13.858014,10.784392]},"faces":{"down":{"uv":[2.1875,7.65625,2.09375,7.75],"rotation":0,"texture":"#0","tintindex":0},"east":{"uv":[4.8125,7.3125,4.90625,7.53125],"rotation":0,"texture":"#0","tintindex":0},"north":{"uv":[4.6875,7.3125,4.78125,7.53125],"rotation":0,"texture":"#0","tintindex":0},"south":{"uv":[7.3125,5.625,7.40625,5.84375],"rotation":0,"texture":"#0","tintindex":0},"up":{"uv":[2.0625,7.75,1.96875,7.65625],"rotation":0,"texture":"#0","tintindex":0},"west":{"uv":[7.34375,0.125,7.4375,0.34375],"rotation":0,"texture":"#0","tintindex":0}}},{"name":"2","from":[0.84352446,-10.355015,10.172392],"to":[2.0675244,-7.091013,11.396393],"rotation":{"angle":-45.0,"axis":"z","origin":[1.4555248,-10.355015,10.784392]},"faces":{"down":{"uv":[1.25,7.6875,1.1875,7.75],"rotation":0,"texture":"#0","tintindex":0},"east":{"uv":[4.0625,6.5625,4.125,6.71875],"rotation":0,"texture":"#0","tintindex":0},"north":{"uv":[4.34375,6.40625,4.40625,6.5625],"rotation":0,"texture":"#0","tintindex":0},"south":{"uv":[6.46875,6.78125,6.53125,6.9375],"rotation":0,"texture":"#0","tintindex":0},"up":{"uv":[7.4375,1.875,7.375,1.8125],"rotation":0,"texture":"#0","tintindex":0},"west":{"uv":[0.96875,7.5625,1.03125,7.71875],"rotation":0,"texture":"#0","tintindex":0}}},{"name":"2","from":[3.5649743,-8.791683,10.172392],"to":[6.828974,-7.5676823,11.396393],"rotation":{"angle":22.5,"axis":"z","origin":[3.5649743,-8.179685,10.784392]},"faces":{"down":{"uv":[7.71875,7.5,7.5625,7.5625],"rotation":0,"texture":"#0","tintindex":0},"east":{"uv":[2.5625,7.6875,2.625,7.75],"rotation":0,"texture":"#0","tintindex":0},"north":{"uv":[4.59375,7.5625,4.75,7.625],"rotation":0,"texture":"#0","tintindex":0},"south":{"uv":[7.5625,4.78125,7.71875,4.84375],"rotation":0,"texture":"#0","tintindex":0},"up":{"uv":[7.71875,6.3125,7.5625,6.25],"rotation":0,"texture":"#0","tintindex":0},"west":{"uv":[7.6875,2.625,7.75,2.6875],"rotation":0,"texture":"#0","tintindex":0}}},{"name":"2","from":[5.841305,-7.261819,10.376392],"to":[6.6573052,-3.997817,11.192392],"rotation":{"angle":-22.5,"axis":"z","origin":[6.249305,-7.261819,10.784392]},"faces":{"down":{"uv":[4.90625,2.4375,4.875,2.46875],"rotation":0,"texture":"#0","tintindex":0},"east":{"uv":[0.78125,5.28125,0.8125,5.4375],"rotation":0,"texture":"#0","tintindex":0},"north":{"uv":[1.90625,5.25,1.9375,5.40625],"rotation":0,"texture":"#0","tintindex":0},"south":{"uv":[2.375,5.375,2.40625,5.53125],"rotation":0,"texture":"#0","tintindex":0},"up":{"uv":[4.75,0.34375,4.71875,0.3125],"rotation":0,"texture":"#0","tintindex":0},"west":{"uv":[0.78125,5.46875,0.8125,5.625],"rotation":0,"texture":"#0","tintindex":0}}}],"display":{"head":{"translation":[0.0,-6.4,0.0],"rotation":[0.0,0.0,0.0],"scale":[3.8095,3.8095,3.8095]}}}