{"textures":{"0":"modelengine:entity/satan01"},"elements":[{"name":"cube","from":[1.3700002,0.18154025,11.441081],"to":[5.96,4.2615414,15.01108],"rotation":{"angle":45.0,"axis":"x","origin":[6.725,0.18154025,25.211082]},"faces":{"down":{"uv":[6.71875,1.6875,6.46875,1.875],"rotation":0,"texture":"#0","tintindex":0},"east":{"uv":[6.6875,1.90625,6.875,2.125],"rotation":0,"texture":"#0","tintindex":0},"north":{"uv":[6.28125,0.0,6.53125,0.21875],"rotation":0,"texture":"#0","tintindex":0},"south":{"uv":[6.3125,0.6875,6.5625,0.90625],"rotation":0,"texture":"#0","tintindex":0},"up":{"uv":[2.59375,4.34375,2.34375,4.15625],"rotation":0,"texture":"#0","tintindex":0},"west":{"uv":[6.6875,2.15625,6.875,2.375],"rotation":0,"texture":"#0","tintindex":0}}},{"name":"cube","from":[0.34999967,2.5789838,17.785583],"to":[4.94,7.678984,20.845581],"rotation":{"angle":22.5,"axis":"z","origin":[-0.6700003,9.718985,31.045582]},"faces":{"down":{"uv":[1.28125,6.75,1.03125,6.90625],"rotation":0,"texture":"#0","tintindex":0},"east":{"uv":[5.59375,6.46875,5.75,6.75],"rotation":0,"texture":"#0","tintindex":0},"north":{"uv":[0.1875,5.9375,0.4375,6.21875],"rotation":0,"texture":"#0","tintindex":0},"south":{"uv":[5.9375,3.875,6.1875,4.15625],"rotation":0,"texture":"#0","tintindex":0},"up":{"uv":[6.96875,1.59375,6.71875,1.4375],"rotation":0,"texture":"#0","tintindex":0},"west":{"uv":[2.625,6.5625,2.78125,6.84375],"rotation":0,"texture":"#0","tintindex":0}}},{"name":"cube","from":[1.115,-0.4810164,17.785583],"to":[4.1749997,2.5789838,20.845581],"rotation":{"angle":22.5,"axis":"z","origin":[-0.6700003,9.718985,31.045582]},"faces":{"down":{"uv":[7.28125,3.78125,7.125,3.9375],"rotation":0,"texture":"#0","tintindex":0},"east":{"uv":[5.34375,4.1875,5.5,4.34375],"rotation":0,"texture":"#0","tintindex":0},"north":{"uv":[5.1875,2.625,5.34375,2.78125],"rotation":0,"texture":"#0","tintindex":0},"south":{"uv":[2.15625,7.09375,2.3125,7.25],"rotation":0,"texture":"#0","tintindex":0},"up":{"uv":[2.75,7.28125,2.59375,7.125],"rotation":0,"texture":"#0","tintindex":0},"west":{"uv":[0.90625,7.125,1.0625,7.28125],"rotation":0,"texture":"#0","tintindex":0}}},{"name":"cube","from":[0.6049998,-3.541017,17.275581],"to":[4.685,-0.4810164,21.355583],"rotation":{"angle":22.5,"axis":"z","origin":[-0.6700003,9.718985,31.045582]},"faces":{"down":{"uv":[0.6875,6.4375,0.46875,6.65625],"rotation":0,"texture":"#0","tintindex":0},"east":{"uv":[6.8125,5.8125,7.03125,5.96875],"rotation":0,"texture":"#0","tintindex":0},"north":{"uv":[6.8125,5.625,7.03125,5.78125],"rotation":0,"texture":"#0","tintindex":0},"south":{"uv":[6.84375,2.78125,7.0625,2.9375],"rotation":0,"texture":"#0","tintindex":0},"up":{"uv":[6.625,6.3125,6.40625,6.09375],"rotation":0,"texture":"#0","tintindex":0},"west":{"uv":[6.84375,6.375,7.0625,6.53125],"rotation":0,"texture":"#0","tintindex":0}}},{"name":"cube","from":[1.115,-11.701016,17.785583],"to":[4.1749997,-3.541017,20.845581],"rotation":{"angle":22.5,"axis":"z","origin":[-0.6700003,9.718985,31.045582]},"faces":{"down":{"uv":[7.28125,4.5625,7.125,4.71875],"rotation":0,"texture":"#0","tintindex":0},"east":{"uv":[5.40625,6.0,5.5625,6.4375],"rotation":0,"texture":"#0","tintindex":0},"north":{"uv":[6.0,4.1875,6.15625,4.625],"rotation":0,"texture":"#0","tintindex":0},"south":{"uv":[5.59375,6.0,5.75,6.4375],"rotation":0,"texture":"#0","tintindex":0},"up":{"uv":[4.71875,7.28125,4.5625,7.125],"rotation":0,"texture":"#0","tintindex":0},"west":{"uv":[6.0,5.71875,6.15625,6.15625],"rotation":0,"texture":"#0","tintindex":0}}},{"name":"cube","from":[8.51,-9.022806,21.488888],"to":[12.08,-5.4528055,25.058887],"rotation":{"angle":22.5,"axis":"x","origin":[6.98,2.197195,15.878887]},"faces":{"down":{"uv":[3.40625,6.78125,3.21875,6.96875],"rotation":0,"texture":"#0","tintindex":0},"east":{"uv":[5.09375,6.75,5.28125,6.9375],"rotation":0,"texture":"#0","tintindex":0},"north":{"uv":[6.75,4.15625,6.9375,4.34375],"rotation":0,"texture":"#0","tintindex":0},"south":{"uv":[6.75,5.40625,6.9375,5.59375],"rotation":0,"texture":"#0","tintindex":0},"up":{"uv":[3.1875,6.96875,3.0,6.78125],"rotation":0,"texture":"#0","tintindex":0},"west":{"uv":[6.5625,6.75,6.75,6.9375],"rotation":0,"texture":"#0","tintindex":0}}},{"name":"cube","from":[8.255,-11.926151,22.23014],"to":[12.335,-9.40178,24.754513],"rotation":{"angle":45.0,"axis":"x","origin":[6.98,-1.75178,17.64014]},"faces":{"down":{"uv":[7.28125,5.78125,7.0625,5.90625],"rotation":0,"texture":"#0","tintindex":0},"east":{"uv":[0.84375,4.59375,0.96875,4.71875],"rotation":0,"texture":"#0","tintindex":0},"north":{"uv":[7.03125,5.0625,7.25,5.1875],"rotation":0,"texture":"#0","tintindex":0},"south":{"uv":[0.65625,7.0625,0.875,7.1875],"rotation":0,"texture":"#0","tintindex":0},"up":{"uv":[7.28125,5.75,7.0625,5.625],"rotation":0,"texture":"#0","tintindex":0},"west":{"uv":[6.0,4.65625,6.125,4.78125],"rotation":0,"texture":"#0","tintindex":0}}},{"name":"cube","from":[8.255,-13.976768,15.476394],"to":[12.335,-10.406767,20.066395],"rotation":{"angle":0.0,"axis":"x","origin":[6.98,-2.7567668,10.886393]},"faces":{"down":{"uv":[2.5625,6.3125,2.34375,6.5625],"rotation":0,"texture":"#0","tintindex":0},"east":{"uv":[3.78125,6.5625,4.03125,6.75],"rotation":0,"texture":"#0","tintindex":0},"north":{"uv":[4.9375,2.3125,5.15625,2.5],"rotation":0,"texture":"#0","tintindex":0},"south":{"uv":[6.6875,2.40625,6.90625,2.59375],"rotation":0,"texture":"#0","tintindex":0},"up":{"uv":[2.15625,6.4375,1.9375,6.1875],"rotation":0,"texture":"#0","tintindex":0},"west":{"uv":[6.5625,6.53125,6.8125,6.71875],"rotation":0,"texture":"#0","tintindex":0}}}],"display":{"head":{"translation":[0.0,-6.4,0.0],"rotation":[0.0,0.0,0.0],"scale":[3.8095,3.8095,3.8095]}}}