{"textures":{"0":"modelengine:entity/satan01"},"elements":[{"name":"cube","from":[9.530001,0.55575156,3.7158937],"to":[13.610001,3.6157508,7.7958937],"rotation":{"angle":-22.5,"axis":"x","origin":[8.255,6.675752,17.485893]},"faces":{"down":{"uv":[6.65625,2.15625,6.4375,2.375],"rotation":0,"texture":"#0","tintindex":0},"east":{"uv":[6.875,0.46875,7.09375,0.625],"rotation":0,"texture":"#0","tintindex":0},"north":{"uv":[6.84375,6.5625,7.0625,6.71875],"rotation":0,"texture":"#0","tintindex":0},"south":{"uv":[0.65625,6.875,0.875,7.03125],"rotation":0,"texture":"#0","tintindex":0},"up":{"uv":[6.65625,2.125,6.4375,1.90625],"rotation":0,"texture":"#0","tintindex":0},"west":{"uv":[6.875,0.65625,7.09375,0.8125],"rotation":0,"texture":"#0","tintindex":0}}},{"name":"cube","from":[8.51,6.3395405,4.395152],"to":[13.610001,10.41954,19.695152],"rotation":{"angle":0.0,"axis":"x","origin":[8.51,6.3395405,20.715153]},"faces":{"down":{"uv":[0.28125,3.5625,0.0,4.375],"rotation":0,"texture":"#0","tintindex":0},"east":{"uv":[3.9375,3.375,4.75,3.59375],"rotation":0,"texture":"#0","tintindex":0},"north":{"uv":[6.1875,3.28125,6.46875,3.5],"rotation":0,"texture":"#0","tintindex":0},"south":{"uv":[6.1875,4.1875,6.46875,4.40625],"rotation":0,"texture":"#0","tintindex":0},"up":{"uv":[3.8125,0.8125,3.53125,0.0],"rotation":0,"texture":"#0","tintindex":0},"west":{"uv":[3.9375,3.625,4.75,3.84375],"rotation":0,"texture":"#0","tintindex":0}}},{"name":"cube","from":[9.275,6.675752,4.225894],"to":[13.865,11.775753,7.2858944],"rotation":{"angle":-22.5,"axis":"x","origin":[8.255,6.675752,17.485893]},"faces":{"down":{"uv":[7.0,1.625,6.75,1.78125],"rotation":0,"texture":"#0","tintindex":0},"east":{"uv":[6.65625,2.78125,6.8125,3.0625],"rotation":0,"texture":"#0","tintindex":0},"north":{"uv":[6.0,0.0,6.25,0.28125],"rotation":0,"texture":"#0","tintindex":0},"south":{"uv":[2.34375,6.0,2.59375,6.28125],"rotation":0,"texture":"#0","tintindex":0},"up":{"uv":[1.5625,6.90625,1.3125,6.75],"rotation":0,"texture":"#0","tintindex":0},"west":{"uv":[2.8125,6.65625,2.96875,6.9375],"rotation":0,"texture":"#0","tintindex":0}}},{"name":"cube","from":[10.04,3.6157508,4.225894],"to":[13.1,6.675752,7.2858944],"rotation":{"angle":-22.5,"axis":"x","origin":[8.255,6.675752,17.485893]},"faces":{"down":{"uv":[7.3125,4.34375,7.15625,4.5],"rotation":0,"texture":"#0","tintindex":0},"east":{"uv":[7.15625,0.21875,7.3125,0.375],"rotation":0,"texture":"#0","tintindex":0},"north":{"uv":[4.75,7.125,4.90625,7.28125],"rotation":0,"texture":"#0","tintindex":0},"south":{"uv":[7.15625,3.09375,7.3125,3.25],"rotation":0,"texture":"#0","tintindex":0},"up":{"uv":[7.3125,4.3125,7.15625,4.15625],"rotation":0,"texture":"#0","tintindex":0},"west":{"uv":[7.15625,3.96875,7.3125,4.125],"rotation":0,"texture":"#0","tintindex":0}}},{"name":"cube","from":[10.04,-7.604249,4.225894],"to":[13.1,0.55575156,7.2858944],"rotation":{"angle":-22.5,"axis":"x","origin":[8.255,6.675752,17.485893]},"faces":{"down":{"uv":[7.3125,5.21875,7.15625,5.375],"rotation":0,"texture":"#0","tintindex":0},"east":{"uv":[1.375,6.03125,1.53125,6.46875],"rotation":0,"texture":"#0","tintindex":0},"north":{"uv":[1.1875,6.03125,1.34375,6.46875],"rotation":0,"texture":"#0","tintindex":0},"south":{"uv":[1.5625,6.03125,1.71875,6.46875],"rotation":0,"texture":"#0","tintindex":0},"up":{"uv":[5.25,7.3125,5.09375,7.15625],"rotation":0,"texture":"#0","tintindex":0},"west":{"uv":[1.75,6.03125,1.90625,6.46875],"rotation":0,"texture":"#0","tintindex":0}}},{"name":"cube","from":[9.785,-11.046038,14.559199],"to":[13.355,-7.476037,18.1292],"rotation":{"angle":22.5,"axis":"x","origin":[8.255,0.17396283,8.9492]},"faces":{"down":{"uv":[7.0,0.0,6.8125,0.1875],"rotation":0,"texture":"#0","tintindex":0},"east":{"uv":[3.65625,6.78125,3.84375,6.96875],"rotation":0,"texture":"#0","tintindex":0},"north":{"uv":[3.4375,6.78125,3.625,6.96875],"rotation":0,"texture":"#0","tintindex":0},"south":{"uv":[5.53125,6.78125,5.71875,6.96875],"rotation":0,"texture":"#0","tintindex":0},"up":{"uv":[6.96875,6.9375,6.78125,6.75],"rotation":0,"texture":"#0","tintindex":0},"west":{"uv":[6.25,6.78125,6.4375,6.96875],"rotation":0,"texture":"#0","tintindex":0}}},{"name":"cube","from":[9.530001,-16.0,8.546705],"to":[13.610001,-12.429999,13.136706],"rotation":{"angle":0.0,"axis":"x","origin":[8.255,-4.7799997,3.9567049]},"faces":{"down":{"uv":[6.0,6.375,5.78125,6.625],"rotation":0,"texture":"#0","tintindex":0},"east":{"uv":[6.59375,0.5,6.84375,0.6875],"rotation":0,"texture":"#0","tintindex":0},"north":{"uv":[6.6875,4.625,6.90625,4.8125],"rotation":0,"texture":"#0","tintindex":0},"south":{"uv":[6.71875,0.25,6.9375,0.4375],"rotation":0,"texture":"#0","tintindex":0},"up":{"uv":[3.03125,6.625,2.8125,6.375],"rotation":0,"texture":"#0","tintindex":0},"west":{"uv":[6.59375,0.71875,6.84375,0.90625],"rotation":0,"texture":"#0","tintindex":0}}},{"name":"cube","from":[9.530001,-13.949384,15.300452],"to":[13.610001,-11.425012,17.824823],"rotation":{"angle":45.0,"axis":"x","origin":[8.255,-3.7750125,10.710452]},"faces":{"down":{"uv":[7.3125,2.78125,7.09375,2.90625],"rotation":0,"texture":"#0","tintindex":0},"east":{"uv":[3.84375,7.375,3.96875,7.5],"rotation":0,"texture":"#0","tintindex":0},"north":{"uv":[7.09375,1.90625,7.3125,2.03125],"rotation":0,"texture":"#0","tintindex":0},"south":{"uv":[7.09375,2.0625,7.3125,2.1875],"rotation":0,"texture":"#0","tintindex":0},"up":{"uv":[7.3125,2.34375,7.09375,2.21875],"rotation":0,"texture":"#0","tintindex":0},"west":{"uv":[4.0,7.375,4.125,7.5],"rotation":0,"texture":"#0","tintindex":0}}},{"name":"cube","from":[9.275,-1.841692,-2.8836074],"to":[13.865,2.238309,0.68639183],"rotation":{"angle":45.0,"axis":"x","origin":[8.51,-1.841692,10.886393]},"faces":{"down":{"uv":[4.59375,6.59375,4.34375,6.78125],"rotation":0,"texture":"#0","tintindex":0},"east":{"uv":[6.71875,0.9375,6.90625,1.15625],"rotation":0,"texture":"#0","tintindex":0},"north":{"uv":[6.375,2.84375,6.625,3.0625],"rotation":0,"texture":"#0","tintindex":0},"south":{"uv":[6.03125,6.375,6.28125,6.59375],"rotation":0,"texture":"#0","tintindex":0},"up":{"uv":[2.59375,6.78125,2.34375,6.59375],"rotation":0,"texture":"#0","tintindex":0},"west":{"uv":[6.71875,1.1875,6.90625,1.40625],"rotation":0,"texture":"#0","tintindex":0}}}],"display":{"head":{"translation":[0.0,-9.816288,0.0],"rotation":[0.0,0.0,0.0],"scale":[3.8095,3.8095,3.8095]}}}