{"textures":{"0":"modelengine:entity/satan01"},"elements":[{"name":"cube","from":[29.96,-1.7367678,8.846393],"to":[32.0,4.3832326,10.886393],"rotation":{"angle":22.5,"axis":"y","origin":[30.98,-1.7367678,10.886393]},"faces":{"down":{"uv":[4.5,7.65625,4.40625,7.75],"rotation":0,"texture":"#0","tintindex":0},"east":{"uv":[2.96875,7.0,3.0625,7.3125],"rotation":0,"texture":"#0","tintindex":0},"north":{"uv":[1.71875,7.0,1.8125,7.3125],"rotation":0,"texture":"#0","tintindex":0},"south":{"uv":[3.09375,7.0,3.1875,7.3125],"rotation":0,"texture":"#0","tintindex":0},"up":{"uv":[7.75,4.375,7.65625,4.28125],"rotation":0,"texture":"#0","tintindex":0},"west":{"uv":[3.21875,7.0,3.3125,7.3125],"rotation":0,"texture":"#0","tintindex":0}}},{"name":"cube","from":[29.96,-1.7367678,4.7663927],"to":[32.0,4.3832326,6.8063927],"rotation":{"angle":-22.5,"axis":"y","origin":[30.98,-1.7367678,4.7663927]},"faces":{"down":{"uv":[4.625,7.65625,4.53125,7.75],"rotation":0,"texture":"#0","tintindex":0},"east":{"uv":[3.46875,7.0,3.5625,7.3125],"rotation":0,"texture":"#0","tintindex":0},"north":{"uv":[3.34375,7.0,3.4375,7.3125],"rotation":0,"texture":"#0","tintindex":0},"south":{"uv":[3.59375,7.0,3.6875,7.3125],"rotation":0,"texture":"#0","tintindex":0},"up":{"uv":[7.75,4.5,7.65625,4.40625],"rotation":0,"texture":"#0","tintindex":0},"west":{"uv":[3.71875,7.0,3.8125,7.3125],"rotation":0,"texture":"#0","tintindex":0}}},{"name":"cube","from":[27.920002,-2.7567682,4.7663927],"to":[32.0,-1.7367678,6.8063927],"rotation":{"angle":-22.5,"axis":"y","origin":[30.98,-2.7567682,4.7663927]},"faces":{"down":{"uv":[4.90625,1.75,4.6875,1.84375],"rotation":0,"texture":"#0","tintindex":0},"east":{"uv":[7.6875,0.5625,7.78125,0.625],"rotation":0,"texture":"#0","tintindex":0},"north":{"uv":[7.46875,5.3125,7.6875,5.375],"rotation":0,"texture":"#0","tintindex":0},"south":{"uv":[7.46875,5.53125,7.6875,5.59375],"rotation":0,"texture":"#0","tintindex":0},"up":{"uv":[2.84375,3.5625,2.625,3.46875],"rotation":0,"texture":"#0","tintindex":0},"west":{"uv":[0.65625,7.6875,0.75,7.75],"rotation":0,"texture":"#0","tintindex":0}}},{"name":"cube","from":[27.920002,-2.7567682,8.846393],"to":[32.0,-1.7367678,10.886393],"rotation":{"angle":22.5,"axis":"y","origin":[30.98,-2.7567682,10.886393]},"faces":{"down":{"uv":[7.4375,2.9375,7.21875,3.03125],"rotation":0,"texture":"#0","tintindex":0},"east":{"uv":[0.78125,7.6875,0.875,7.75],"rotation":0,"texture":"#0","tintindex":0},"north":{"uv":[7.46875,6.96875,7.6875,7.03125],"rotation":0,"texture":"#0","tintindex":0},"south":{"uv":[7.5,0.0,7.71875,0.0625],"rotation":0,"texture":"#0","tintindex":0},"up":{"uv":[7.4375,1.71875,7.21875,1.625],"rotation":0,"texture":"#0","tintindex":0},"west":{"uv":[1.0625,7.6875,1.15625,7.75],"rotation":0,"texture":"#0","tintindex":0}}}],"display":{"head":{"translation":[28.44801,-6.4,0.0],"rotation":[0.0,0.0,0.0],"scale":[3.8095,3.8095,3.8095]}}}