{"textures":{"0":"modelengine:entity/satan01"},"elements":[{"name":"cube","from":[5.6658306,-6.6601686,9.866392],"to":[16.885832,-1.5601683,15.986393],"rotation":{"angle":0.0,"axis":"x","origin":[11.785831,-6.6601686,10.886393]},"faces":{"down":{"uv":[4.53125,2.53125,3.9375,2.84375],"rotation":0,"texture":"#0","tintindex":0},"east":{"uv":[5.46875,5.71875,5.78125,5.96875],"rotation":0,"texture":"#0","tintindex":0},"north":{"uv":[4.5625,2.53125,5.15625,2.78125],"rotation":0,"texture":"#0","tintindex":0},"south":{"uv":[4.59375,1.1875,5.1875,1.4375],"rotation":0,"texture":"#0","tintindex":0},"up":{"uv":[4.15625,4.21875,3.5625,3.90625],"rotation":0,"texture":"#0","tintindex":0},"west":{"uv":[3.25,5.78125,3.5625,6.03125],"rotation":0,"texture":"#0","tintindex":0}}},{"name":"cube","from":[11.530831,-7.680169,-3.3936076],"to":[17.395832,-1.5601683,9.866392],"rotation":{"angle":0.0,"axis":"x","origin":[11.785831,-6.6601686,4.7663927]},"faces":{"down":{"uv":[4.15625,0.0,3.84375,0.6875],"rotation":0,"texture":"#0","tintindex":0},"east":{"uv":[1.15625,3.5625,1.84375,3.875],"rotation":0,"texture":"#0","tintindex":0},"north":{"uv":[5.21875,1.0,5.53125,1.3125],"rotation":0,"texture":"#0","tintindex":0},"south":{"uv":[5.21875,3.3125,5.53125,3.625],"rotation":0,"texture":"#0","tintindex":0},"up":{"uv":[4.03125,1.875,3.71875,1.1875],"rotation":0,"texture":"#0","tintindex":0},"west":{"uv":[3.71875,0.84375,4.40625,1.15625],"rotation":0,"texture":"#0","tintindex":0}}},{"name":"cube","from":[8.044552,-7.3988085,-3.3336077],"to":[13.909553,-3.318809,9.866392],"rotation":{"angle":22.5,"axis":"z","origin":[8.299553,-8.418809,4.7663927]},"faces":{"down":{"uv":[0.96875,3.875,0.65625,4.5625],"rotation":0,"texture":"#0","tintindex":0},"east":{"uv":[4.4375,0.6875,5.125,0.90625],"rotation":0,"texture":"#0","tintindex":0},"north":{"uv":[5.96875,0.6875,6.28125,0.90625],"rotation":0,"texture":"#0","tintindex":0},"south":{"uv":[6.03125,2.84375,6.34375,3.0625],"rotation":0,"texture":"#0","tintindex":0},"up":{"uv":[0.625,4.5625,0.3125,3.875],"rotation":0,"texture":"#0","tintindex":0},"west":{"uv":[4.4375,0.9375,5.125,1.15625],"rotation":0,"texture":"#0","tintindex":0}}},{"name":"cube","from":[5.155831,-7.680169,-5.433608],"to":[11.020831,-2.0701694,9.866392],"rotation":{"angle":0.0,"axis":"x","origin":[5.6658306,-6.6601686,3.7463923]},"faces":{"down":{"uv":[2.1875,3.46875,1.875,4.28125],"rotation":0,"texture":"#0","tintindex":0},"east":{"uv":[0.3125,3.5625,1.125,3.84375],"rotation":0,"texture":"#0","tintindex":0},"north":{"uv":[5.59375,1.34375,5.90625,1.625],"rotation":0,"texture":"#0","tintindex":0},"south":{"uv":[5.59375,2.1875,5.90625,2.46875],"rotation":0,"texture":"#0","tintindex":0},"up":{"uv":[3.6875,1.9375,3.375,1.125],"rotation":0,"texture":"#0","tintindex":0},"west":{"uv":[2.625,3.59375,3.4375,3.875],"rotation":0,"texture":"#0","tintindex":0}}},{"name":"cube","from":[6.175831,-1.5601683,10.886393],"to":[16.375832,4.55983,15.476394],"rotation":{"angle":0.0,"axis":"x","origin":[11.785831,-6.6601686,10.886393]},"faces":{"down":{"uv":[5.21875,1.46875,4.6875,1.71875],"rotation":0,"texture":"#0","tintindex":0},"east":{"uv":[0.53125,5.75,0.78125,6.0625],"rotation":0,"texture":"#0","tintindex":0},"north":{"uv":[4.1875,3.875,4.71875,4.1875],"rotation":0,"texture":"#0","tintindex":0},"south":{"uv":[4.1875,4.21875,4.71875,4.53125],"rotation":0,"texture":"#0","tintindex":0},"up":{"uv":[5.15625,4.8125,4.625,4.5625],"rotation":0,"texture":"#0","tintindex":0},"west":{"uv":[5.125,5.78125,5.375,6.09375],"rotation":0,"texture":"#0","tintindex":0}}},{"name":"cube","from":[5.195,6.4232306,10.381493],"to":[12.59,9.483231,10.886393],"rotation":{"angle":-22.5,"axis":"z","origin":[7.4900002,-2.7567692,10.886393]},"faces":{"down":{"uv":[7.875,3.90625,7.5,3.9375],"rotation":0,"texture":"#0","tintindex":0},"east":{"uv":[2.8125,1.8125,2.84375,1.96875],"rotation":0,"texture":"#0","tintindex":0},"north":{"uv":[6.1875,4.4375,6.5625,4.59375],"rotation":0,"texture":"#0","tintindex":0},"south":{"uv":[6.1875,5.71875,6.5625,5.875],"rotation":0,"texture":"#0","tintindex":0},"up":{"uv":[7.84375,6.0625,7.46875,6.03125],"rotation":0,"texture":"#0","tintindex":0},"west":{"uv":[2.8125,2.0,2.84375,2.15625],"rotation":0,"texture":"#0","tintindex":0}}},{"name":"cube","from":[5.6658306,6.5998316,10.376392],"to":[16.885832,9.65983,10.886393],"rotation":{"angle":0.0,"axis":"x","origin":[11.785831,-2.5801687,10.886393]},"faces":{"down":{"uv":[7.75,0.40625,7.15625,0.4375],"rotation":0,"texture":"#0","tintindex":0},"east":{"uv":[2.8125,2.1875,2.84375,2.34375],"rotation":0,"texture":"#0","tintindex":0},"north":{"uv":[5.5625,0.96875,6.15625,1.125],"rotation":0,"texture":"#0","tintindex":0},"south":{"uv":[5.5625,1.15625,6.15625,1.3125],"rotation":0,"texture":"#0","tintindex":0},"up":{"uv":[7.625,1.78125,7.03125,1.75],"rotation":0,"texture":"#0","tintindex":0},"west":{"uv":[3.3125,1.125,3.34375,1.28125],"rotation":0,"texture":"#0","tintindex":0}}},{"name":"cube","from":[4.6458306,4.55983,10.886393],"to":[17.90583,14.75983,15.986393],"rotation":{"angle":0.0,"axis":"x","origin":[11.785831,-6.6601686,10.886393]},"faces":{"down":{"uv":[4.59375,2.21875,3.90625,2.5],"rotation":0,"texture":"#0","tintindex":0},"east":{"uv":[4.625,1.875,4.90625,2.40625],"rotation":0,"texture":"#0","tintindex":0},"north":{"uv":[2.8125,0.0,3.5,0.53125],"rotation":0,"texture":"#0","tintindex":0},"south":{"uv":[2.8125,0.5625,3.5,1.09375],"rotation":0,"texture":"#0","tintindex":0},"up":{"uv":[4.59375,2.1875,3.90625,1.90625],"rotation":0,"texture":"#0","tintindex":0},"west":{"uv":[2.125,4.625,2.40625,5.15625],"rotation":0,"texture":"#0","tintindex":0}}},{"name":"cube","from":[5.6658306,9.65983,9.871492],"to":[16.885832,14.75983,10.891493],"rotation":{"angle":0.0,"axis":"x","origin":[11.785831,-2.5801687,10.891493]},"faces":{"down":{"uv":[7.34375,1.8125,6.75,1.875],"rotation":0,"texture":"#0","tintindex":0},"east":{"uv":[4.71875,0.0,4.78125,0.28125],"rotation":0,"texture":"#0","tintindex":0},"north":{"uv":[4.0625,1.5625,4.65625,1.84375],"rotation":0,"texture":"#0","tintindex":0},"south":{"uv":[4.1875,0.375,4.78125,0.65625],"rotation":0,"texture":"#0","tintindex":0},"up":{"uv":[7.28125,4.90625,6.6875,4.84375],"rotation":0,"texture":"#0","tintindex":0},"west":{"uv":[1.46875,4.75,1.53125,5.03125],"rotation":0,"texture":"#0","tintindex":0}}},{"name":"cube","from":[3.0433416,11.132356,9.889999],"to":[7.1233416,15.2123575,13.910001],"rotation":{"angle":-45.0,"axis":"z","origin":[9.1633415,-1.107646,10.9049]},"faces":{"down":{"uv":[6.6875,1.4375,6.46875,1.65625],"rotation":0,"texture":"#0","tintindex":0},"east":{"uv":[6.4375,4.625,6.65625,4.84375],"rotation":0,"texture":"#0","tintindex":0},"north":{"uv":[6.4375,2.40625,6.65625,2.625],"rotation":0,"texture":"#0","tintindex":0},"south":{"uv":[6.46875,0.25,6.6875,0.46875],"rotation":0,"texture":"#0","tintindex":0},"up":{"uv":[6.6875,1.40625,6.46875,1.1875],"rotation":0,"texture":"#0","tintindex":0},"west":{"uv":[6.46875,0.9375,6.6875,1.15625],"rotation":0,"texture":"#0","tintindex":0}}},{"name":"cube","from":[15.42832,11.132356,9.889999],"to":[19.50832,15.2123575,13.910001],"rotation":{"angle":45.0,"axis":"z","origin":[13.38832,-1.107646,10.9049]},"faces":{"down":{"uv":[1.75,6.5,1.53125,6.71875],"rotation":0,"texture":"#0","tintindex":0},"east":{"uv":[5.34375,6.46875,5.5625,6.6875],"rotation":0,"texture":"#0","tintindex":0},"north":{"uv":[1.9375,6.46875,2.15625,6.6875],"rotation":0,"texture":"#0","tintindex":0},"south":{"uv":[0.15625,6.5,0.375,6.71875],"rotation":0,"texture":"#0","tintindex":0},"up":{"uv":[1.5,6.71875,1.28125,6.5],"rotation":0,"texture":"#0","tintindex":0},"west":{"uv":[1.03125,6.5,1.25,6.71875],"rotation":0,"texture":"#0","tintindex":0}}},{"name":"cube","from":[11.913347,10.891449,9.931493],"to":[17.013348,12.931445,10.436392],"rotation":{"angle":22.5,"axis":"z","origin":[17.013348,-4.4085546,10.946392]},"faces":{"down":{"uv":[7.875,1.5625,7.59375,1.59375],"rotation":0,"texture":"#0","tintindex":0},"east":{"uv":[3.3125,1.6875,3.34375,1.78125],"rotation":0,"texture":"#0","tintindex":0},"north":{"uv":[7.125,0.625,7.40625,0.71875],"rotation":0,"texture":"#0","tintindex":0},"south":{"uv":[7.125,2.375,7.40625,2.46875],"rotation":0,"texture":"#0","tintindex":0},"up":{"uv":[7.8125,2.90625,7.53125,2.875],"rotation":0,"texture":"#0","tintindex":0},"west":{"uv":[4.375,0.6875,4.40625,0.78125],"rotation":0,"texture":"#0","tintindex":0}}},{"name":"cube","from":[5.538315,10.891449,9.931493],"to":[10.638315,12.931445,10.436392],"rotation":{"angle":-22.5,"axis":"z","origin":[5.538315,-4.4085546,10.946392]},"faces":{"down":{"uv":[6.46875,4.125,6.21875,4.15625],"rotation":0,"texture":"#0","tintindex":0},"east":{"uv":[1.90625,5.4375,1.9375,5.53125],"rotation":0,"texture":"#0","tintindex":0},"north":{"uv":[6.1875,1.21875,6.4375,1.3125],"rotation":0,"texture":"#0","tintindex":0},"south":{"uv":[7.15625,3.28125,7.40625,3.375],"rotation":0,"texture":"#0","tintindex":0},"up":{"uv":[6.375,5.34375,6.125,5.3125],"rotation":0,"texture":"#0","tintindex":0},"west":{"uv":[2.375,5.5625,2.40625,5.65625],"rotation":0,"texture":"#0","tintindex":0}}},{"name":"cube","from":[9.961662,6.4232306,10.381493],"to":[17.356663,9.483231,10.886393],"rotation":{"angle":22.5,"axis":"z","origin":[15.061662,-2.7567692,10.886393]},"faces":{"down":{"uv":[7.875,4.03125,7.5,4.0625],"rotation":0,"texture":"#0","tintindex":0},"east":{"uv":[3.3125,1.3125,3.34375,1.46875],"rotation":0,"texture":"#0","tintindex":0},"north":{"uv":[6.1875,5.90625,6.5625,6.0625],"rotation":0,"texture":"#0","tintindex":0},"south":{"uv":[6.0,6.1875,6.375,6.34375],"rotation":0,"texture":"#0","tintindex":0},"up":{"uv":[7.875,4.0,7.5,3.96875],"rotation":0,"texture":"#0","tintindex":0},"west":{"uv":[3.3125,1.5,3.34375,1.65625],"rotation":0,"texture":"#0","tintindex":0}}}],"display":{"head":{"translation":[0.0,-6.4,0.0],"rotation":[0.0,0.0,0.0],"scale":[3.8095,3.8095,3.8095]}}}