{"textures":{"0":"modelengine:entity/satan01"},"elements":[{"name":"cube","from":[3.9199996,-16.0,7.8263927],"to":[12.08,6.440003,15.986393],"rotation":{"angle":0.0,"axis":"x","origin":[8.0,5.4200025,10.886393]},"faces":{"down":{"uv":[3.53125,3.90625,3.09375,4.34375],"rotation":0,"texture":"#0","tintindex":0},"east":{"uv":[1.875,1.1875,2.3125,2.34375],"rotation":0,"texture":"#0","tintindex":0},"north":{"uv":[1.875,0.0,2.3125,1.15625],"rotation":0,"texture":"#0","tintindex":0},"south":{"uv":[2.34375,0.0,2.78125,1.15625],"rotation":0,"texture":"#0","tintindex":0},"up":{"uv":[3.0625,4.34375,2.625,3.90625],"rotation":0,"texture":"#0","tintindex":0},"west":{"uv":[2.34375,1.1875,2.78125,2.34375],"rotation":0,"texture":"#0","tintindex":0}}}],"display":{"head":{"translation":[0.0,-36.926605,0.0],"rotation":[0.0,0.0,0.0],"scale":[3.8095,3.8095,3.8095]}}}