{"textures":{"0":"modelengine:entity/satan01"},"elements":[{"name":"cube","from":[4.94,-2.7567692,9.866393],"to":[10.04,2.343231,9.866393],"rotation":{"angle":22.5,"axis":"x","origin":[6.98,-2.7567692,10.886393]},"faces":{"down":{"uv":[5.875,1.65625,5.59375,1.65625],"rotation":0,"texture":"#0","tintindex":0},"east":{"uv":[3.375,5.0625,3.375,5.34375],"rotation":0,"texture":"#0","tintindex":0},"north":{"uv":[5.6875,4.46875,5.96875,4.75],"rotation":0,"texture":"#0","tintindex":0},"south":{"uv":[5.71875,2.96875,6.0,3.25],"rotation":0,"texture":"#0","tintindex":0},"up":{"uv":[5.59375,5.15625,5.3125,5.15625],"rotation":0,"texture":"#0","tintindex":0},"west":{"uv":[5.375,6.125,5.375,6.40625],"rotation":0,"texture":"#0","tintindex":0}}}],"display":{"head":{"translation":[0.0,-6.4,0.0],"rotation":[0.0,0.0,0.0],"scale":[3.8095,3.8095,3.8095]}}}