{"textures":{"0":"modelengine:entity/satan01"},"elements":[{"name":"1","from":[-5.6762524,16.938753,9.866392],"to":[-3.6362514,18.978754,10.886393],"rotation":{"angle":45.0,"axis":"z","origin":[-4.656252,16.938753,10.886393]},"faces":{"down":{"uv":[0.3125,7.6875,0.21875,7.75],"rotation":0,"texture":"#0","tintindex":0},"east":{"uv":[7.65625,7.34375,7.71875,7.4375],"rotation":0,"texture":"#0","tintindex":0},"north":{"uv":[7.65625,2.9375,7.75,3.03125],"rotation":0,"texture":"#0","tintindex":0},"south":{"uv":[3.34375,7.65625,3.4375,7.75],"rotation":0,"texture":"#0","tintindex":0},"up":{"uv":[0.1875,7.75,0.09375,7.6875],"rotation":0,"texture":"#0","tintindex":0},"west":{"uv":[0.0,7.6875,0.0625,7.78125],"rotation":0,"texture":"#0","tintindex":0}}},{"name":"1","from":[-16.0,-16.0,10.631393],"to":[1.3400021,17.66,10.631393],"rotation":{"angle":0.0,"axis":"x","origin":[-4.779999,16.640003,10.886393]},"faces":{"down":{"uv":[8.5625,0.34375,7.65625,0.34375],"rotation":0,"texture":"#0","tintindex":0},"east":{"uv":[7.4375,7.53125,7.4375,9.28125],"rotation":0,"texture":"#0","tintindex":0},"north":{"uv":[0.0,0.0,0.90625,1.75],"rotation":0,"texture":"#0","tintindex":0},"south":{"uv":[0.9375,0.0,1.84375,1.75],"rotation":0,"texture":"#0","tintindex":0},"up":{"uv":[8.46875,3.875,7.5625,3.875],"rotation":0,"texture":"#0","tintindex":0},"west":{"uv":[4.875,7.5625,4.875,9.3125],"rotation":0,"texture":"#0","tintindex":0}}},{"name":"1","from":[-4.955002,12.56,9.866392],"to":[-3.9350014,17.66,10.886393],"rotation":{"angle":0.0,"axis":"x","origin":[-4.955002,12.56,10.886393]},"faces":{"down":{"uv":[7.75,3.0625,7.6875,3.125],"rotation":0,"texture":"#0","tintindex":0},"east":{"uv":[4.34375,7.21875,4.40625,7.5],"rotation":0,"texture":"#0","tintindex":0},"north":{"uv":[0.71875,6.09375,0.78125,6.375],"rotation":0,"texture":"#0","tintindex":0},"south":{"uv":[5.0625,7.34375,5.125,7.625],"rotation":0,"texture":"#0","tintindex":0},"up":{"uv":[7.75,2.78125,7.6875,2.71875],"rotation":0,"texture":"#0","tintindex":0},"west":{"uv":[5.15625,7.34375,5.21875,7.625],"rotation":0,"texture":"#0","tintindex":0}}},{"name":"1","from":[-3.0033169,7.848216,9.866392],"to":[-1.9833164,12.948216,10.886393],"rotation":{"angle":22.5,"axis":"z","origin":[-3.0033169,7.848216,10.886393]},"faces":{"down":{"uv":[7.75,3.15625,7.6875,3.21875],"rotation":0,"texture":"#0","tintindex":0},"east":{"uv":[5.34375,7.34375,5.40625,7.625],"rotation":0,"texture":"#0","tintindex":0},"north":{"uv":[5.25,7.34375,5.3125,7.625],"rotation":0,"texture":"#0","tintindex":0},"south":{"uv":[5.4375,7.34375,5.5,7.625],"rotation":0,"texture":"#0","tintindex":0},"up":{"uv":[3.15625,7.75,3.09375,7.6875],"rotation":0,"texture":"#0","tintindex":0},"west":{"uv":[5.53125,7.34375,5.59375,7.625],"rotation":0,"texture":"#0","tintindex":0}}},{"name":"1","from":[1.7466745,-0.13678074,8.423895],"to":[2.766675,2.9232187,11.483894],"rotation":{"angle":-45.0,"axis":"y","origin":[2.766675,-0.13678074,9.443894]},"faces":{"down":{"uv":[2.78125,7.59375,2.71875,7.75],"rotation":0,"texture":"#0","tintindex":0},"east":{"uv":[0.1875,7.1875,0.34375,7.34375],"rotation":0,"texture":"#0","tintindex":0},"north":{"uv":[1.59375,7.59375,1.65625,7.75],"rotation":0,"texture":"#0","tintindex":0},"south":{"uv":[1.6875,7.59375,1.75,7.75],"rotation":0,"texture":"#0","tintindex":0},"up":{"uv":[7.65625,2.125,7.59375,1.96875],"rotation":0,"texture":"#0","tintindex":0},"west":{"uv":[0.375,7.1875,0.53125,7.34375],"rotation":0,"texture":"#0","tintindex":0}}},{"name":"1","from":[0.30417633,-0.13678074,9.866392],"to":[1.3241773,4.9632196,10.886393],"rotation":{"angle":0.0,"axis":"x","origin":[0.30417633,-0.13678074,10.886393]},"faces":{"down":{"uv":[7.75,3.25,7.6875,3.3125],"rotation":0,"texture":"#0","tintindex":0},"east":{"uv":[5.71875,7.34375,5.78125,7.625],"rotation":0,"texture":"#0","tintindex":0},"north":{"uv":[5.625,7.34375,5.6875,7.625],"rotation":0,"texture":"#0","tintindex":0},"south":{"uv":[5.8125,7.34375,5.875,7.625],"rotation":0,"texture":"#0","tintindex":0},"up":{"uv":[3.25,7.75,3.1875,7.6875],"rotation":0,"texture":"#0","tintindex":0},"west":{"uv":[5.90625,7.34375,5.96875,7.625],"rotation":0,"texture":"#0","tintindex":0}}},{"name":"1","from":[0.60292816,4.241972,9.866392],"to":[1.6229286,9.341972,10.886393],"rotation":{"angle":45.0,"axis":"z","origin":[0.60292816,4.241972,10.886393]},"faces":{"down":{"uv":[3.65625,7.6875,3.59375,7.75],"rotation":0,"texture":"#0","tintindex":0},"east":{"uv":[6.21875,7.34375,6.28125,7.625],"rotation":0,"texture":"#0","tintindex":0},"north":{"uv":[6.0,7.34375,6.0625,7.625],"rotation":0,"texture":"#0","tintindex":0},"south":{"uv":[6.3125,7.34375,6.375,7.625],"rotation":0,"texture":"#0","tintindex":0},"up":{"uv":[7.75,3.625,7.6875,3.5625],"rotation":0,"texture":"#0","tintindex":0},"west":{"uv":[7.34375,6.375,7.40625,6.65625],"rotation":0,"texture":"#0","tintindex":0}}},{"name":"2","from":[17.752098,16.938753,9.866392],"to":[19.792099,18.978754,10.886393],"rotation":{"angle":-45.0,"axis":"z","origin":[18.772099,16.938753,10.886393]},"faces":{"down":{"uv":[0.625,7.6875,0.53125,7.75],"rotation":0,"texture":"#0","tintindex":0},"east":{"uv":[0.34375,7.6875,0.40625,7.78125],"rotation":0,"texture":"#0","tintindex":0},"north":{"uv":[3.46875,7.65625,3.5625,7.75],"rotation":0,"texture":"#0","tintindex":0},"south":{"uv":[4.09375,7.65625,4.1875,7.75],"rotation":0,"texture":"#0","tintindex":0},"up":{"uv":[7.78125,0.53125,7.6875,0.46875],"rotation":0,"texture":"#0","tintindex":0},"west":{"uv":[0.4375,7.6875,0.5,7.78125],"rotation":0,"texture":"#0","tintindex":0}}},{"name":"2","from":[12.7758465,-16.0,10.631393],"to":[30.115849,17.66,10.631393],"rotation":{"angle":0.0,"axis":"x","origin":[18.895847,16.640003,10.886393]},"faces":{"down":{"uv":[8.5625,1.75,7.65625,1.75],"rotation":0,"texture":"#0","tintindex":0},"east":{"uv":[4.90625,7.5625,4.90625,9.3125],"rotation":0,"texture":"#0","tintindex":0},"north":{"uv":[0.0,1.78125,0.90625,3.53125],"rotation":0,"texture":"#0","tintindex":0},"south":{"uv":[0.9375,1.78125,1.84375,3.53125],"rotation":0,"texture":"#0","tintindex":0},"up":{"uv":[8.5625,0.375,7.65625,0.375],"rotation":0,"texture":"#0","tintindex":0},"west":{"uv":[1.375,7.59375,1.375,9.34375],"rotation":0,"texture":"#0","tintindex":0}}},{"name":"2","from":[18.05085,12.56,9.866392],"to":[19.07085,17.66,10.886393],"rotation":{"angle":0.0,"axis":"x","origin":[19.07085,12.56,10.886393]},"faces":{"down":{"uv":[3.75,7.6875,3.6875,7.75],"rotation":0,"texture":"#0","tintindex":0},"east":{"uv":[6.5,7.34375,6.5625,7.625],"rotation":0,"texture":"#0","tintindex":0},"north":{"uv":[6.40625,7.34375,6.46875,7.625],"rotation":0,"texture":"#0","tintindex":0},"south":{"uv":[6.59375,7.34375,6.65625,7.625],"rotation":0,"texture":"#0","tintindex":0},"up":{"uv":[7.75,3.71875,7.6875,3.65625],"rotation":0,"texture":"#0","tintindex":0},"west":{"uv":[6.6875,7.34375,6.75,7.625],"rotation":0,"texture":"#0","tintindex":0}}},{"name":"2","from":[16.099165,7.848216,9.866392],"to":[17.119165,12.948216,10.886393],"rotation":{"angle":-22.5,"axis":"z","origin":[17.119165,7.848216,10.886393]},"faces":{"down":{"uv":[3.9375,7.6875,3.875,7.75],"rotation":0,"texture":"#0","tintindex":0},"east":{"uv":[7.21875,7.34375,7.28125,7.625],"rotation":0,"texture":"#0","tintindex":0},"north":{"uv":[7.34375,7.0625,7.40625,7.34375],"rotation":0,"texture":"#0","tintindex":0},"south":{"uv":[0.0,7.375,0.0625,7.65625],"rotation":0,"texture":"#0","tintindex":0},"up":{"uv":[3.84375,7.75,3.78125,7.6875],"rotation":0,"texture":"#0","tintindex":0},"west":{"uv":[0.09375,7.375,0.15625,7.65625],"rotation":0,"texture":"#0","tintindex":0}}},{"name":"2","from":[11.349174,-0.13678074,8.423895],"to":[12.369173,2.9232187,11.483894],"rotation":{"angle":45.0,"axis":"y","origin":[11.349174,-0.13678074,9.443894]},"faces":{"down":{"uv":[7.65625,4.09375,7.59375,4.25],"rotation":0,"texture":"#0","tintindex":0},"east":{"uv":[7.1875,0.75,7.34375,0.90625],"rotation":0,"texture":"#0","tintindex":0},"north":{"uv":[2.8125,7.59375,2.875,7.75],"rotation":0,"texture":"#0","tintindex":0},"south":{"uv":[7.59375,3.1875,7.65625,3.34375],"rotation":0,"texture":"#0","tintindex":0},"up":{"uv":[7.65625,3.71875,7.59375,3.5625],"rotation":0,"texture":"#0","tintindex":0},"west":{"uv":[7.1875,0.9375,7.34375,1.09375],"rotation":0,"texture":"#0","tintindex":0}}},{"name":"2","from":[12.791672,-0.13678074,9.866392],"to":[13.811671,4.9632196,10.886393],"rotation":{"angle":0.0,"axis":"x","origin":[13.811671,-0.13678074,10.886393]},"faces":{"down":{"uv":[7.75,4.09375,7.6875,4.15625],"rotation":0,"texture":"#0","tintindex":0},"east":{"uv":[0.28125,7.375,0.34375,7.65625],"rotation":0,"texture":"#0","tintindex":0},"north":{"uv":[0.1875,7.375,0.25,7.65625],"rotation":0,"texture":"#0","tintindex":0},"south":{"uv":[0.375,7.375,0.4375,7.65625],"rotation":0,"texture":"#0","tintindex":0},"up":{"uv":[4.03125,7.75,3.96875,7.6875],"rotation":0,"texture":"#0","tintindex":0},"west":{"uv":[0.46875,7.375,0.53125,7.65625],"rotation":0,"texture":"#0","tintindex":0}}},{"name":"2","from":[12.49292,4.241972,9.866392],"to":[13.51292,9.341972,10.886393],"rotation":{"angle":-45.0,"axis":"z","origin":[13.51292,4.241972,10.886393]},"faces":{"down":{"uv":[4.28125,7.6875,4.21875,7.75],"rotation":0,"texture":"#0","tintindex":0},"east":{"uv":[7.375,1.0625,7.4375,1.34375],"rotation":0,"texture":"#0","tintindex":0},"north":{"uv":[7.375,0.75,7.4375,1.03125],"rotation":0,"texture":"#0","tintindex":0},"south":{"uv":[1.09375,7.375,1.15625,7.65625],"rotation":0,"texture":"#0","tintindex":0},"up":{"uv":[7.75,4.25,7.6875,4.1875],"rotation":0,"texture":"#0","tintindex":0},"west":{"uv":[1.1875,7.375,1.25,7.65625],"rotation":0,"texture":"#0","tintindex":0}}}],"display":{"head":{"translation":[-20.58157,-32.528633,0.0],"rotation":[0.0,0.0,0.0],"scale":[3.8095,3.8095,3.8095]}}}