{"textures":{"0":"modelengine:entity/monty"},"elements":[{"name":"cube","from":[6.450444,1.1245289,6.910877],"to":[8.790444,7.4845295,9.190877],"rotation":{"angle":0.0,"axis":"x","origin":[7.3849835,4.3782654,7.750877]},"faces":{"down":{"uv":[11.125,2.0,13.075,7.3],"rotation":0,"texture":"#0","tintindex":0},"east":{"uv":[11.125,2.0,13.075,7.3],"rotation":0,"texture":"#0","tintindex":0},"north":{"uv":[11.125,2.0,13.075,7.3],"rotation":0,"texture":"#0","tintindex":0},"south":{"uv":[11.125,2.0,13.075,7.3],"rotation":0,"texture":"#0","tintindex":0},"up":{"uv":[11.125,2.0,13.075,7.3],"rotation":0,"texture":"#0","tintindex":0},"west":{"uv":[11.125,2.0,13.075,7.3],"rotation":0,"texture":"#0","tintindex":0}}},{"name":"cube","from":[6.7504444,3.1045291,7.030877],"to":[8.490444,8.144529,9.070877],"rotation":{"angle":0.0,"axis":"x","origin":[7.3849835,4.3782654,7.750877]},"faces":{"down":{"uv":[2.1875,14.3125,2.0,14.53125],"rotation":0,"texture":"#0","tintindex":0},"east":{"uv":[2.8125,11.625,3.03125,12.15625],"rotation":0,"texture":"#0","tintindex":0},"north":{"uv":[2.625,12.25,2.8125,12.78125],"rotation":0,"texture":"#0","tintindex":0},"south":{"uv":[2.875,12.25,3.0625,12.78125],"rotation":0,"texture":"#0","tintindex":0},"up":{"uv":[6.5,9.96875,6.3125,9.75],"rotation":0,"texture":"#0","tintindex":0},"west":{"uv":[3.6875,9.8125,3.90625,10.34375],"rotation":0,"texture":"#0","tintindex":0}}}],"display":{"head":{"translation":[0.0,-6.4,0.0],"rotation":[0.0,0.0,0.0],"scale":[3.8095,3.8095,3.8095]}}}