{"textures":{"0":"modelengine:entity/monty"},"elements":[{"name":"cube","from":[6.739856,17.669647,12.950696],"to":[8.660144,18.610352,14.329305],"rotation":{"angle":45.0,"axis":"x","origin":[7.7,19.52,-2.0199995]},"faces":{"down":{"uv":[6.953125,10.0625,6.75,10.203125],"rotation":0,"texture":"#0","tintindex":0},"east":{"uv":[2.75,15.3125,2.890625,15.40625],"rotation":0,"texture":"#0","tintindex":0},"north":{"uv":[7.0,12.0,7.203125,12.09375],"rotation":0,"texture":"#0","tintindex":0},"south":{"uv":[6.0625,15.0,6.265625,15.09375],"rotation":0,"texture":"#0","tintindex":0},"up":{"uv":[6.953125,9.265625,6.75,9.125],"rotation":0,"texture":"#0","tintindex":0},"west":{"uv":[3.1875,15.3125,3.328125,15.40625],"rotation":0,"texture":"#0","tintindex":0}}}],"display":{"head":{"translation":[0.0,-6.4,0.0],"rotation":[0.0,0.0,0.0],"scale":[3.8095,3.8095,3.8095]}}}