{"textures":{"0":"modelengine:entity/monty"},"elements":[{"name":"cube","from":[6.439856,8.009647,9.050696],"to":[8.960144,10.270352,10.009304],"rotation":{"angle":45.0,"axis":"x","origin":[7.7,10.639999,6.08]},"faces":{"down":{"uv":[6.4375,14.1875,6.734375,14.296875],"rotation":0,"texture":"#0","tintindex":0},"east":{"uv":[6.4375,14.1875,6.734375,14.296875],"rotation":0,"texture":"#0","tintindex":0},"north":{"uv":[6.4375,14.1875,6.734375,14.296875],"rotation":0,"texture":"#0","tintindex":0},"south":{"uv":[6.4375,14.1875,6.734375,14.296875],"rotation":0,"texture":"#0","tintindex":0},"up":{"uv":[6.4375,14.1875,6.734375,14.296875],"rotation":0,"texture":"#0","tintindex":0},"west":{"uv":[6.4375,14.1875,6.734375,14.296875],"rotation":0,"texture":"#0","tintindex":0}}}],"display":{"head":{"translation":[0.0,-6.4,0.0],"rotation":[0.0,0.0,0.0],"scale":[3.8095,3.8095,3.8095]}}}