{"textures":{"0":"modelengine:entity/monty"},"elements":[{"name":"cube","from":[7.079262,6.277187,6.968498],"to":[7.9553585,8.023907,9.203426],"rotation":{"angle":0.0,"axis":"x","origin":[21.870274,-17.260239,7.597826]},"faces":{"down":{"uv":[5.59375,14.9375,5.5,15.171875],"rotation":0,"texture":"#0","tintindex":0},"east":{"uv":[3.6875,10.4375,3.921875,10.625],"rotation":0,"texture":"#0","tintindex":0},"north":{"uv":[4.25,8.375,4.34375,8.5625],"rotation":0,"texture":"#0","tintindex":0},"south":{"uv":[4.4375,10.8125,4.53125,11.0],"rotation":0,"texture":"#0","tintindex":0},"up":{"uv":[5.40625,15.171875,5.3125,14.9375],"rotation":0,"texture":"#0","tintindex":0},"west":{"uv":[1.625,12.3125,1.859375,12.5],"rotation":0,"texture":"#0","tintindex":0}}},{"name":"cube","from":[3.5392623,6.337186,6.908498],"to":[7.175359,7.9639053,9.263426],"rotation":{"angle":0.0,"axis":"x","origin":[21.870274,-17.260239,7.597826]},"faces":{"down":{"uv":[4.875,9.8125,4.5,10.0625],"rotation":0,"texture":"#0","tintindex":0},"east":{"uv":[6.1875,8.5625,6.4375,8.734375],"rotation":0,"texture":"#0","tintindex":0},"north":{"uv":[2.125,8.5,2.5,8.671875],"rotation":0,"texture":"#0","tintindex":0},"south":{"uv":[5.3125,8.625,5.6875,8.796875],"rotation":0,"texture":"#0","tintindex":0},"up":{"uv":[4.75,9.75,4.375,9.5],"rotation":0,"texture":"#0","tintindex":0},"west":{"uv":[6.1875,8.8125,6.4375,8.984375],"rotation":0,"texture":"#0","tintindex":0}}},{"name":"cube","from":[4.079262,6.217187,6.788498],"to":[5.615358,8.083906,9.383427],"rotation":{"angle":0.0,"axis":"x","origin":[21.870274,-17.260239,7.597826]},"faces":{"down":{"uv":[6.6875,14.375,6.84375,14.5625],"rotation":0,"texture":"#0","tintindex":0},"east":{"uv":[6.6875,14.375,6.84375,14.5625],"rotation":0,"texture":"#0","tintindex":0},"north":{"uv":[6.6875,14.375,6.84375,14.5625],"rotation":0,"texture":"#0","tintindex":0},"south":{"uv":[6.6875,14.375,6.84375,14.5625],"rotation":0,"texture":"#0","tintindex":0},"up":{"uv":[6.6875,14.375,6.84375,14.5625],"rotation":0,"texture":"#0","tintindex":0},"west":{"uv":[6.6875,14.375,6.84375,14.5625],"rotation":0,"texture":"#0","tintindex":0}}},{"name":"cube","from":[2.5165632,6.8735533,7.386146],"to":[4.2721634,7.6127524,9.049346],"rotation":{"angle":0.0,"axis":"x","origin":[19.901627,-16.930336,7.570946]},"faces":{"down":{"uv":[4.4375,14.5625,4.25,14.734375],"rotation":0,"texture":"#0","tintindex":0},"east":{"uv":[5.625,15.25,5.796875,15.328125],"rotation":0,"texture":"#0","tintindex":0},"north":{"uv":[7.25,11.375,7.4375,11.453125],"rotation":0,"texture":"#0","tintindex":0},"south":{"uv":[7.25,11.5625,7.4375,11.640625],"rotation":0,"texture":"#0","tintindex":0},"up":{"uv":[4.1875,14.734375,4.0,14.5625],"rotation":0,"texture":"#0","tintindex":0},"west":{"uv":[7.25,13.6875,7.421875,13.765625],"rotation":0,"texture":"#0","tintindex":0}}},{"name":"cube","from":[1.500163,6.965953,6.831746],"to":[2.4241636,7.520353,7.386146],"rotation":{"angle":0.0,"axis":"x","origin":[19.901627,-16.930336,7.755746]},"faces":{"down":{"uv":[7.53125,14.9375,7.4375,15.0],"rotation":0,"texture":"#0","tintindex":0},"east":{"uv":[2.125,10.875,2.1875,10.9375],"rotation":0,"texture":"#0","tintindex":0},"north":{"uv":[6.25,15.4375,6.34375,15.5],"rotation":0,"texture":"#0","tintindex":0},"south":{"uv":[7.4375,14.375,7.53125,14.4375],"rotation":0,"texture":"#0","tintindex":0},"up":{"uv":[6.96875,15.5,6.875,15.4375],"rotation":0,"texture":"#0","tintindex":0},"west":{"uv":[2.375,11.5625,2.4375,11.625],"rotation":0,"texture":"#0","tintindex":0}}},{"name":"cube","from":[2.4241636,6.965953,6.831746],"to":[3.3481631,7.520353,7.386146],"rotation":{"angle":0.0,"axis":"x","origin":[32.837627,5.338065,7.108946]},"faces":{"down":{"uv":[7.59375,9.1875,7.5,9.25],"rotation":0,"texture":"#0","tintindex":0},"east":{"uv":[2.6875,12.125,2.75,12.1875],"rotation":0,"texture":"#0","tintindex":0},"north":{"uv":[7.4375,15.0625,7.53125,15.125],"rotation":0,"texture":"#0","tintindex":0},"south":{"uv":[0.1875,15.5,0.28125,15.5625],"rotation":0,"texture":"#0","tintindex":0},"up":{"uv":[7.59375,9.125,7.5,9.0625],"rotation":0,"texture":"#0","tintindex":0},"west":{"uv":[4.8125,9.625,4.875,9.6875],"rotation":0,"texture":"#0","tintindex":0}}},{"name":"cube","from":[1.5925626,6.965953,8.587346],"to":[2.5165632,7.520353,8.956945],"rotation":{"angle":0.0,"axis":"x","origin":[32.837627,5.338065,7.108946]},"faces":{"down":{"uv":[7.71875,8.0,7.625,8.03125],"rotation":0,"texture":"#0","tintindex":0},"east":{"uv":[0.5,14.8125,0.53125,14.875],"rotation":0,"texture":"#0","tintindex":0},"north":{"uv":[5.875,15.5,5.96875,15.5625],"rotation":0,"texture":"#0","tintindex":0},"south":{"uv":[7.5,14.0,7.59375,14.0625],"rotation":0,"texture":"#0","tintindex":0},"up":{"uv":[0.09375,15.65625,0.0,15.625],"rotation":0,"texture":"#0","tintindex":0},"west":{"uv":[6.6875,14.875,6.71875,14.9375],"rotation":0,"texture":"#0","tintindex":0}}},{"name":"cube","from":[0.6685631,6.965953,8.587346],"to":[1.5925626,7.520353,8.956945],"rotation":{"angle":0.0,"axis":"x","origin":[19.901627,-16.930336,7.755746]},"faces":{"down":{"uv":[2.40625,15.625,2.3125,15.65625],"rotation":0,"texture":"#0","tintindex":0},"east":{"uv":[0.5,14.9375,0.53125,15.0],"rotation":0,"texture":"#0","tintindex":0},"north":{"uv":[7.5625,8.5625,7.65625,8.625],"rotation":0,"texture":"#0","tintindex":0},"south":{"uv":[7.5625,8.6875,7.65625,8.75],"rotation":0,"texture":"#0","tintindex":0},"up":{"uv":[2.21875,15.65625,2.125,15.625],"rotation":0,"texture":"#0","tintindex":0},"west":{"uv":[7.625,10.4375,7.65625,10.5],"rotation":0,"texture":"#0","tintindex":0}}},{"name":"cube","from":[1.5925626,6.965953,8.032946],"to":[2.5165632,7.520353,8.402546],"rotation":{"angle":0.0,"axis":"x","origin":[32.837627,5.338065,7.108946]},"faces":{"down":{"uv":[1.34375,15.625,1.25,15.65625],"rotation":0,"texture":"#0","tintindex":0},"east":{"uv":[6.375,15.0,6.40625,15.0625],"rotation":0,"texture":"#0","tintindex":0},"north":{"uv":[6.4375,15.5,6.53125,15.5625],"rotation":0,"texture":"#0","tintindex":0},"south":{"uv":[7.5,15.375,7.59375,15.4375],"rotation":0,"texture":"#0","tintindex":0},"up":{"uv":[0.65625,15.65625,0.5625,15.625],"rotation":0,"texture":"#0","tintindex":0},"west":{"uv":[0.5,15.0625,0.53125,15.125],"rotation":0,"texture":"#0","tintindex":0}}},{"name":"cube","from":[0.6685631,6.965953,8.032946],"to":[1.5925626,7.520353,8.402546],"rotation":{"angle":0.0,"axis":"x","origin":[19.901627,-16.930336,7.755746]},"faces":{"down":{"uv":[2.40625,15.625,2.3125,15.65625],"rotation":0,"texture":"#0","tintindex":0},"east":{"uv":[0.1875,15.125,0.21875,15.1875],"rotation":0,"texture":"#0","tintindex":0},"north":{"uv":[7.5625,8.5625,7.65625,8.625],"rotation":0,"texture":"#0","tintindex":0},"south":{"uv":[7.5625,8.6875,7.65625,8.75],"rotation":0,"texture":"#0","tintindex":0},"up":{"uv":[2.21875,15.65625,2.125,15.625],"rotation":0,"texture":"#0","tintindex":0},"west":{"uv":[7.625,10.4375,7.65625,10.5],"rotation":0,"texture":"#0","tintindex":0}}},{"name":"cube","from":[1.5925626,6.965953,7.478546],"to":[2.5165632,7.520353,7.848146],"rotation":{"angle":0.0,"axis":"x","origin":[32.837627,5.338065,7.108946]},"faces":{"down":{"uv":[7.71875,10.0,7.625,10.03125],"rotation":0,"texture":"#0","tintindex":0},"east":{"uv":[7.3125,12.0625,7.34375,12.125],"rotation":0,"texture":"#0","tintindex":0},"north":{"uv":[7.5625,8.3125,7.65625,8.375],"rotation":0,"texture":"#0","tintindex":0},"south":{"uv":[7.5625,8.4375,7.65625,8.5],"rotation":0,"texture":"#0","tintindex":0},"up":{"uv":[2.03125,15.65625,1.9375,15.625],"rotation":0,"texture":"#0","tintindex":0},"west":{"uv":[5.125,15.3125,5.15625,15.375],"rotation":0,"texture":"#0","tintindex":0}}},{"name":"cube","from":[0.6685631,6.965953,7.478546],"to":[1.5925626,7.520353,7.848146],"rotation":{"angle":0.0,"axis":"x","origin":[19.901627,-16.930336,7.755746]},"faces":{"down":{"uv":[2.40625,15.625,2.3125,15.65625],"rotation":0,"texture":"#0","tintindex":0},"east":{"uv":[7.375,15.5625,7.40625,15.625],"rotation":0,"texture":"#0","tintindex":0},"north":{"uv":[7.5625,8.5625,7.65625,8.625],"rotation":0,"texture":"#0","tintindex":0},"south":{"uv":[7.5625,8.6875,7.65625,8.75],"rotation":0,"texture":"#0","tintindex":0},"up":{"uv":[2.21875,15.65625,2.125,15.625],"rotation":0,"texture":"#0","tintindex":0},"west":{"uv":[7.625,10.4375,7.65625,10.5],"rotation":0,"texture":"#0","tintindex":0}}}],"display":{"head":{"translation":[0.0,-6.4,0.0],"rotation":[0.0,0.0,0.0],"scale":[3.8095,3.8095,3.8095]}}}