{"textures":{"0":"modelengine:entity/monty"},"elements":[{"name":"cube","from":[7.9681377,7.4382033,7.16],"to":[9.348139,12.298203,9.440001],"rotation":{"angle":0.0,"axis":"x","origin":[8.09,8.719999,8.0]},"faces":{"down":{"uv":[11.125,2.0,12.275,6.05],"rotation":0,"texture":"#0","tintindex":0},"east":{"uv":[11.125,2.0,12.275,6.05],"rotation":0,"texture":"#0","tintindex":0},"north":{"uv":[11.125,2.0,12.275,6.05],"rotation":0,"texture":"#0","tintindex":0},"south":{"uv":[11.125,2.0,12.275,6.05],"rotation":0,"texture":"#0","tintindex":0},"up":{"uv":[11.125,2.0,12.275,6.05],"rotation":0,"texture":"#0","tintindex":0},"west":{"uv":[11.125,2.0,12.275,6.05],"rotation":0,"texture":"#0","tintindex":0}}}],"display":{"head":{"translation":[0.0,-6.4,0.0],"rotation":[0.0,0.0,0.0],"scale":[3.8095,3.8095,3.8095]}}}