{"textures":{"0":"modelengine:entity/monty"},"elements":[{"name":"cube","from":[6.7219515,7.325588,3.0869493],"to":[9.158049,8.472307,6.2218776],"rotation":{"angle":0.0,"axis":"x","origin":[8.0,6.0081167,5.5810094]},"faces":{"down":{"uv":[3.1875,8.6875,3.4375,8.8125],"rotation":0,"texture":"#0","tintindex":0},"east":{"uv":[1.0,9.5,1.328125,9.625],"rotation":0,"texture":"#0","tintindex":0},"north":{"uv":[3.1875,8.6875,3.4375,8.8125],"rotation":0,"texture":"#0","tintindex":0},"south":{"uv":[4.5,14.5625,4.75,14.6875],"rotation":0,"texture":"#0","tintindex":0},"up":{"uv":[3.75,12.953125,3.5,12.625],"rotation":0,"texture":"#0","tintindex":0},"west":{"uv":[2.625,8.3125,2.953125,8.4375],"rotation":0,"texture":"#0","tintindex":0}}},{"name":"cube","from":[6.7219515,8.465587,3.2669497],"to":[9.158049,9.552307,3.2669497],"rotation":{"angle":0.0,"axis":"x","origin":[8.0,6.0081167,5.5810094]},"faces":{"down":{"uv":[5.975,15.762793,6.48252,15.889193],"rotation":180,"texture":"#0","tintindex":0},"east":{"uv":[5.975,15.762793,6.48252,15.889193],"rotation":180,"texture":"#0","tintindex":0},"north":{"uv":[6.615625,15.80498,7.123145,15.93138],"rotation":0,"texture":"#0","tintindex":0},"south":{"uv":[5.975,15.762793,6.48252,15.889193],"rotation":180,"texture":"#0","tintindex":0},"up":{"uv":[5.975,15.762793,6.48252,15.889193],"rotation":180,"texture":"#0","tintindex":0},"west":{"uv":[5.975,15.762793,6.48252,15.889193],"rotation":180,"texture":"#0","tintindex":0}}},{"name":"cube","from":[6.314108,7.325588,3.6845317],"to":[7.9702034,8.412308,6.81946],"rotation":{"angle":-22.5,"axis":"y","origin":[7.7,6.0081167,4.441009]},"faces":{"down":{"uv":[6.375,12.25,6.703125,12.359375],"rotation":0,"texture":"#0","tintindex":0},"east":{"uv":[6.375,11.8125,6.703125,11.921875],"rotation":0,"texture":"#0","tintindex":0},"north":{"uv":[4.875,8.9375,5.046875,9.046875],"rotation":0,"texture":"#0","tintindex":0},"south":{"uv":[4.0625,15.0,4.234375,15.109375],"rotation":0,"texture":"#0","tintindex":0},"up":{"uv":[4.984375,14.015625,4.8125,13.6875],"rotation":0,"texture":"#0","tintindex":0},"west":{"uv":[6.375,12.25,6.703125,12.359375],"rotation":0,"texture":"#0","tintindex":0}}},{"name":"cube","from":[5.509409,7.325588,6.108053],"to":[6.9855046,8.412308,8.402981],"rotation":{"angle":0.0,"axis":"x","origin":[9.445726,6.0081167,3.3539562]},"faces":{"down":{"uv":[6.375,13.3125,6.703125,13.421875],"rotation":0,"texture":"#0","tintindex":0},"east":{"uv":[6.375,13.3125,6.703125,13.421875],"rotation":0,"texture":"#0","tintindex":0},"north":{"uv":[5.3125,14.375,5.640625,14.484375],"rotation":0,"texture":"#0","tintindex":0},"south":{"uv":[6.375,13.3125,6.703125,13.421875],"rotation":0,"texture":"#0","tintindex":0},"up":{"uv":[3.765625,12.546875,3.4375,12.25],"rotation":0,"texture":"#0","tintindex":0},"west":{"uv":[6.5,12.75,6.796875,12.859375],"rotation":0,"texture":"#0","tintindex":0}}},{"name":"cube","from":[8.04932,7.325588,3.8929377],"to":[9.645416,8.412308,6.727865],"rotation":{"angle":22.5,"axis":"y","origin":[7.77039,6.0081167,4.995337]},"faces":{"down":{"uv":[6.4375,14.1875,6.734375,14.296875],"rotation":0,"texture":"#0","tintindex":0},"east":{"uv":[6.4375,14.1875,6.734375,14.296875],"rotation":0,"texture":"#0","tintindex":0},"north":{"uv":[6.6875,15.0,6.859375,15.109375],"rotation":0,"texture":"#0","tintindex":0},"south":{"uv":[6.9375,15.0,7.109375,15.109375],"rotation":0,"texture":"#0","tintindex":0},"up":{"uv":[2.484375,14.171875,2.3125,13.875],"rotation":0,"texture":"#0","tintindex":0},"west":{"uv":[6.5,9.5,6.796875,9.609375],"rotation":0,"texture":"#0","tintindex":0}}},{"name":"cube","from":[9.585417,8.405588,3.8929377],"to":[9.585417,9.192307,6.727865],"rotation":{"angle":22.5,"axis":"y","origin":[7.77039,6.0081167,4.995337]},"faces":{"down":{"uv":[7.859375,14.25,8.0,14.28125],"rotation":0,"texture":"#0","tintindex":0},"east":{"uv":[6.609375,15.8125,7.116895,15.9389],"rotation":0,"texture":"#0","tintindex":0},"north":{"uv":[7.859375,14.25,8.0,14.28125],"rotation":0,"texture":"#0","tintindex":0},"south":{"uv":[7.859375,14.25,8.0,14.28125],"rotation":0,"texture":"#0","tintindex":0},"up":{"uv":[7.859375,14.25,8.0,14.28125],"rotation":0,"texture":"#0","tintindex":0},"west":{"uv":[7.859375,14.25,8.0,14.28125],"rotation":0,"texture":"#0","tintindex":0}}},{"name":"cube","from":[7.069603,7.325588,5.878443],"to":[10.165699,8.412308,8.173371],"rotation":{"angle":0.0,"axis":"x","origin":[8.18592,6.0081167,6.300658]},"faces":{"down":{"uv":[6.375,13.125,6.703125,13.234375],"rotation":0,"texture":"#0","tintindex":0},"east":{"uv":[6.8125,13.125,7.046875,13.234375],"rotation":0,"texture":"#0","tintindex":0},"north":{"uv":[4.625,14.375,4.953125,14.484375],"rotation":0,"texture":"#0","tintindex":0},"south":{"uv":[6.375,13.125,6.703125,13.234375],"rotation":0,"texture":"#0","tintindex":0},"up":{"uv":[5.203125,10.671875,4.875,10.4375],"rotation":0,"texture":"#0","tintindex":0},"west":{"uv":[6.8125,13.3125,7.046875,13.421875],"rotation":0,"texture":"#0","tintindex":0}}}],"display":{"head":{"translation":[0.0,-6.4,0.0],"rotation":[0.0,0.0,0.0],"scale":[3.8095,3.8095,3.8095]}}}