{"textures":{"0":"modelengine:entity/monty"},"elements":[{"name":"cube","from":[5.0632515,13.899418,6.3131013],"to":[6.621763,17.622873,8.988957],"rotation":{"angle":22.5,"axis":"z","origin":[5.6649075,15.988187,7.8910294]},"faces":{"down":{"uv":[5.25,11.125,5.0,11.40625],"rotation":0,"texture":"#0","tintindex":0},"east":{"uv":[2.125,11.0,2.40625,11.453125],"rotation":0,"texture":"#0","tintindex":0},"north":{"uv":[1.625,11.75,1.875,12.203125],"rotation":0,"texture":"#0","tintindex":0},"south":{"uv":[3.8125,8.625,4.0625,9.078125],"rotation":0,"texture":"#0","tintindex":0},"up":{"uv":[3.375,13.28125,3.125,13.0],"rotation":0,"texture":"#0","tintindex":0},"west":{"uv":[2.875,11.0625,3.15625,11.515625],"rotation":0,"texture":"#0","tintindex":0}}},{"name":"cube","from":[6.6439853,14.4396515,6.913101],"to":[9.402498,18.163109,8.8689575],"rotation":{"angle":0.0,"axis":"x","origin":[7.8132415,16.301378,7.8910294]},"faces":{"down":{"uv":[5.90625,10.4375,5.625,10.640625],"rotation":0,"texture":"#0","tintindex":0},"east":{"uv":[4.8125,9.125,5.015625,9.515625],"rotation":0,"texture":"#0","tintindex":0},"north":{"uv":[0.9375,12.0625,1.21875,12.453125],"rotation":0,"texture":"#0","tintindex":0},"south":{"uv":[4.0625,10.5625,4.34375,10.953125],"rotation":0,"texture":"#0","tintindex":0},"up":{"uv":[5.90625,10.328125,5.625,10.125],"rotation":0,"texture":"#0","tintindex":0},"west":{"uv":[0.0,12.875,0.203125,13.265625],"rotation":0,"texture":"#0","tintindex":0}}},{"name":"cube","from":[4.3272505,13.509637,5.9303493],"to":[11.683347,17.596355,10.325277],"rotation":{"angle":0.0,"axis":"x","origin":[7.778259,-7.6277876,7.8796773]},"faces":{"down":{"uv":[0.765625,8.5625,0.0,9.0625],"rotation":0,"texture":"#0","tintindex":0},"east":{"uv":[0.875,9.0,1.375,9.421875],"rotation":0,"texture":"#0","tintindex":0},"north":{"uv":[0.875,8.0,1.640625,8.421875],"rotation":0,"texture":"#0","tintindex":0},"south":{"uv":[0.875,8.5,1.640625,8.921875],"rotation":0,"texture":"#0","tintindex":0},"up":{"uv":[0.765625,8.5,0.0,8.0],"rotation":0,"texture":"#0","tintindex":0},"west":{"uv":[0.0,9.125,0.5,9.546875],"rotation":0,"texture":"#0","tintindex":0}}},{"name":"cube","from":[7.147251,13.509637,7.0703497],"to":[8.863347,19.756355,9.605278],"rotation":{"angle":0.0,"axis":"x","origin":[7.778259,-7.6277876,7.8796773]},"faces":{"down":{"uv":[2.734375,14.125,2.5625,14.390625],"rotation":0,"texture":"#0","tintindex":0},"east":{"uv":[0.0,9.625,0.265625,10.28125],"rotation":0,"texture":"#0","tintindex":0},"north":{"uv":[4.0,9.8125,4.171875,10.46875],"rotation":0,"texture":"#0","tintindex":0},"south":{"uv":[0.0,12.0625,0.171875,12.71875],"rotation":0,"texture":"#0","tintindex":0},"up":{"uv":[1.921875,14.390625,1.75,14.125],"rotation":0,"texture":"#0","tintindex":0},"west":{"uv":[1.75,8.0,2.015625,8.65625],"rotation":0,"texture":"#0","tintindex":0}}},{"name":"cube","from":[8.593105,12.609346,6.1573896],"to":[10.954321,15.072705,10.030127],"rotation":{"angle":-22.5,"axis":"z","origin":[7.5033135,13.0293455,7.9931974]},"faces":{"down":{"uv":[4.125,11.6875,3.875,12.140625],"rotation":0,"texture":"#0","tintindex":0},"east":{"uv":[3.8125,9.1875,4.265625,9.4375],"rotation":0,"texture":"#0","tintindex":0},"north":{"uv":[3.875,12.25,4.125,12.5],"rotation":0,"texture":"#0","tintindex":0},"south":{"uv":[5.3125,12.375,5.5625,12.625],"rotation":0,"texture":"#0","tintindex":0},"up":{"uv":[3.375,12.265625,3.125,11.8125],"rotation":0,"texture":"#0","tintindex":0},"west":{"uv":[3.8125,9.5,4.265625,9.75],"rotation":0,"texture":"#0","tintindex":0}}},{"name":"cube","from":[6.8193274,12.35934,6.225501],"to":[9.180544,14.8827,9.962013],"rotation":{"angle":0.0,"axis":"x","origin":[8.681055,13.633981,7.9931974]},"faces":{"down":{"uv":[1.5625,12.125,1.3125,12.5625],"rotation":0,"texture":"#0","tintindex":0},"east":{"uv":[0.3125,11.5625,0.75,11.828125],"rotation":0,"texture":"#0","tintindex":0},"north":{"uv":[5.3125,10.625,5.5625,10.890625],"rotation":0,"texture":"#0","tintindex":0},"south":{"uv":[2.8125,13.3125,3.0625,13.578125],"rotation":0,"texture":"#0","tintindex":0},"up":{"uv":[4.375,9.0625,4.125,8.625],"rotation":0,"texture":"#0","tintindex":0},"west":{"uv":[3.5625,10.6875,4.0,10.953125],"rotation":0,"texture":"#0","tintindex":0}}},{"name":"cube","from":[5.4797916,10.637053,6.702286],"to":[10.52008,13.497757,9.760893],"rotation":{"angle":0.0,"axis":"x","origin":[8.681055,13.633981,7.9931974]},"faces":{"down":{"uv":[2.15625,10.0625,1.625,10.375],"rotation":0,"texture":"#0","tintindex":0},"east":{"uv":[1.625,12.5625,1.9375,12.859375],"rotation":0,"texture":"#0","tintindex":0},"north":{"uv":[1.1875,10.4375,1.71875,10.734375],"rotation":0,"texture":"#0","tintindex":0},"south":{"uv":[2.5625,8.5,3.09375,8.796875],"rotation":0,"texture":"#0","tintindex":0},"up":{"uv":[1.53125,10.375,1.0,10.0625],"rotation":0,"texture":"#0","tintindex":0},"west":{"uv":[2.0,12.5625,2.3125,12.859375],"rotation":0,"texture":"#0","tintindex":0}}},{"name":"cube","from":[5.2981596,9.54726,6.702286],"to":[10.701712,10.637053,9.760893],"rotation":{"angle":0.0,"axis":"x","origin":[8.681055,14.133468,7.9931974]},"faces":{"down":{"uv":[2.1875,9.6875,1.625,10.0],"rotation":0,"texture":"#0","tintindex":0},"east":{"uv":[1.875,9.5,2.1875,9.609375],"rotation":0,"texture":"#0","tintindex":0},"north":{"uv":[5.3125,12.6875,5.875,12.796875],"rotation":0,"texture":"#0","tintindex":0},"south":{"uv":[5.375,11.875,5.9375,11.984375],"rotation":0,"texture":"#0","tintindex":0},"up":{"uv":[1.5625,10.0,1.0,9.6875],"rotation":0,"texture":"#0","tintindex":0},"west":{"uv":[0.0,14.4375,0.3125,14.546875],"rotation":0,"texture":"#0","tintindex":0}}},{"name":"cube","from":[7.7557025,7.4650207,6.8158054],"to":[11.115894,9.690014,9.647373],"rotation":{"angle":22.5,"axis":"z","origin":[8.414119,8.009916,8.231589]},"faces":{"down":{"uv":[11.125,2.0,13.92516,3.85416],"rotation":0,"texture":"#0","tintindex":0},"east":{"uv":[11.125,2.0,13.92516,3.85416],"rotation":0,"texture":"#0","tintindex":0},"north":{"uv":[11.125,2.0,13.92516,3.85416],"rotation":0,"texture":"#0","tintindex":0},"south":{"uv":[11.125,2.0,13.92516,3.85416],"rotation":0,"texture":"#0","tintindex":0},"up":{"uv":[11.125,2.0,13.92516,3.85416],"rotation":0,"texture":"#0","tintindex":0},"west":{"uv":[11.125,2.0,13.92516,3.85416],"rotation":0,"texture":"#0","tintindex":0}}},{"name":"cube","from":[4.883976,7.4650207,6.875806],"to":[8.244168,9.690014,9.647373],"rotation":{"angle":-22.5,"axis":"z","origin":[7.585752,8.009916,8.231589]},"faces":{"down":{"uv":[11.125,2.0,13.92516,3.85416],"rotation":0,"texture":"#0","tintindex":0},"east":{"uv":[11.125,2.0,13.92516,3.85416],"rotation":0,"texture":"#0","tintindex":0},"north":{"uv":[11.125,2.0,13.92516,3.85416],"rotation":0,"texture":"#0","tintindex":0},"south":{"uv":[11.125,2.0,13.92516,3.85416],"rotation":0,"texture":"#0","tintindex":0},"up":{"uv":[11.125,2.0,13.92516,3.85416],"rotation":0,"texture":"#0","tintindex":0},"west":{"uv":[11.125,2.0,13.92516,3.85416],"rotation":0,"texture":"#0","tintindex":0}}},{"name":"cube","from":[8.363199,9.54726,6.4979496],"to":[8.544831,10.637053,9.065229],"rotation":{"angle":0.0,"axis":"x","origin":[8.681055,14.133468,7.9931974]},"faces":{"down":{"uv":[0.765625,15.4375,0.75,15.796875],"rotation":0,"texture":"#0","tintindex":0},"east":{"uv":[6.1875,12.0625,6.546875,12.171875],"rotation":0,"texture":"#0","tintindex":0},"north":{"uv":[2.5,15.625,2.515625,15.734375],"rotation":0,"texture":"#0","tintindex":0},"south":{"uv":[7.625,10.5625,7.640625,10.671875],"rotation":0,"texture":"#0","tintindex":0},"up":{"uv":[3.453125,12.171875,3.4375,11.8125],"rotation":0,"texture":"#0","tintindex":0},"west":{"uv":[6.3125,8.0,6.671875,8.109375],"rotation":0,"texture":"#0","tintindex":0}}},{"name":"cube","from":[7.4550395,9.54726,6.4979496],"to":[7.6366715,10.637053,9.065229],"rotation":{"angle":0.0,"axis":"x","origin":[8.681055,14.133468,7.9931974]},"faces":{"down":{"uv":[5.015625,15.5,5.0,15.859375],"rotation":0,"texture":"#0","tintindex":0},"east":{"uv":[6.3125,10.0625,6.671875,10.171875],"rotation":0,"texture":"#0","tintindex":0},"north":{"uv":[2.625,15.625,2.640625,15.734375],"rotation":0,"texture":"#0","tintindex":0},"south":{"uv":[2.75,15.625,2.765625,15.734375],"rotation":0,"texture":"#0","tintindex":0},"up":{"uv":[1.640625,15.859375,1.625,15.5],"rotation":0,"texture":"#0","tintindex":0},"west":{"uv":[6.3125,10.25,6.671875,10.359375],"rotation":0,"texture":"#0","tintindex":0}}},{"name":"cube","from":[7.6366715,9.54726,6.4979496],"to":[8.363199,9.728892,9.065229],"rotation":{"angle":0.0,"axis":"x","origin":[8.635647,14.133468,7.9931974]},"faces":{"down":{"uv":[3.578125,14.75,3.5,15.109375],"rotation":0,"texture":"#0","tintindex":0},"east":{"uv":[7.5625,8.8125,7.921875,8.828125],"rotation":0,"texture":"#0","tintindex":0},"north":{"uv":[7.625,10.75,7.703125,10.765625],"rotation":0,"texture":"#0","tintindex":0},"south":{"uv":[2.875,15.625,2.953125,15.640625],"rotation":0,"texture":"#0","tintindex":0},"up":{"uv":[6.828125,11.359375,6.75,11.0],"rotation":0,"texture":"#0","tintindex":0},"west":{"uv":[7.5625,8.9375,7.921875,8.953125],"rotation":0,"texture":"#0","tintindex":0}}},{"name":"cube","from":[7.6366715,10.4554205,6.4979496],"to":[8.363199,10.637053,9.065229],"rotation":{"angle":0.0,"axis":"x","origin":[8.635647,14.133468,7.9931974]},"faces":{"down":{"uv":[4.578125,14.75,4.5,15.109375],"rotation":0,"texture":"#0","tintindex":0},"east":{"uv":[7.5625,9.625,7.921875,9.640625],"rotation":0,"texture":"#0","tintindex":0},"north":{"uv":[7.625,10.875,7.703125,10.890625],"rotation":0,"texture":"#0","tintindex":0},"south":{"uv":[3.0625,15.625,3.140625,15.640625],"rotation":0,"texture":"#0","tintindex":0},"up":{"uv":[3.765625,15.109375,3.6875,14.75],"rotation":0,"texture":"#0","tintindex":0},"west":{"uv":[7.5625,9.75,7.921875,9.765625],"rotation":0,"texture":"#0","tintindex":0}}},{"name":"cube","from":[4.8554025,11.515846,6.1573896],"to":[7.2166185,14.039206,9.984717],"rotation":{"angle":22.5,"axis":"z","origin":[5.8089705,13.017526,7.9931974]},"faces":{"down":{"uv":[0.875,11.9375,0.625,12.390625],"rotation":0,"texture":"#0","tintindex":0},"east":{"uv":[0.0,11.125,0.453125,11.390625],"rotation":0,"texture":"#0","tintindex":0},"north":{"uv":[5.3125,9.875,5.5625,10.140625],"rotation":0,"texture":"#0","tintindex":0},"south":{"uv":[5.3125,10.25,5.5625,10.515625],"rotation":0,"texture":"#0","tintindex":0},"up":{"uv":[0.5625,12.390625,0.3125,11.9375],"rotation":0,"texture":"#0","tintindex":0},"west":{"uv":[1.1875,11.125,1.640625,11.390625],"rotation":0,"texture":"#0","tintindex":0}}},{"name":"cube","from":[9.44285,15.072705,6.3131013],"to":[11.181362,18.796162,8.988957],"rotation":{"angle":-22.5,"axis":"z","origin":[7.5033135,17.116066,7.9931974]},"faces":{"down":{"uv":[5.25,10.75,5.0,11.03125],"rotation":0,"texture":"#0","tintindex":0},"east":{"uv":[2.875,9.9375,3.15625,10.390625],"rotation":0,"texture":"#0","tintindex":0},"north":{"uv":[2.375,11.6875,2.625,12.140625],"rotation":0,"texture":"#0","tintindex":0},"south":{"uv":[3.5625,11.6875,3.8125,12.140625],"rotation":0,"texture":"#0","tintindex":0},"up":{"uv":[0.8125,9.40625,0.5625,9.125],"rotation":0,"texture":"#0","tintindex":0},"west":{"uv":[2.875,10.5,3.15625,10.953125],"rotation":0,"texture":"#0","tintindex":0}}}],"display":{"head":{"translation":[0.0,-6.4,0.0],"rotation":[0.0,0.0,0.0],"scale":[3.8095,3.8095,3.8095]}}}