{"textures":{"0":"modelengine:entity/monty"},"elements":[{"name":"cube","from":[6.259856,14.729648,12.590697],"to":[9.140144,16.390354,14.9893055],"rotation":{"angle":45.0,"axis":"x","origin":[7.7,16.940002,1.6400007]},"faces":{"down":{"uv":[4.859375,12.9375,4.5625,13.1875],"rotation":0,"texture":"#0","tintindex":0},"east":{"uv":[3.0625,14.1875,3.3125,14.359375],"rotation":0,"texture":"#0","tintindex":0},"north":{"uv":[5.3125,13.875,5.609375,14.046875],"rotation":0,"texture":"#0","tintindex":0},"south":{"uv":[5.6875,13.875,5.984375,14.046875],"rotation":0,"texture":"#0","tintindex":0},"up":{"uv":[4.484375,13.1875,4.1875,12.9375],"rotation":0,"texture":"#0","tintindex":0},"west":{"uv":[6.1875,11.25,6.4375,11.421875],"rotation":0,"texture":"#0","tintindex":0}}}],"display":{"head":{"translation":[0.0,-6.4,0.0],"rotation":[0.0,0.0,0.0],"scale":[3.8095,3.8095,3.8095]}}}