{"textures":{"0":"modelengine:entity/monty"},"elements":[{"name":"cube","from":[6.9415216,3.1081781,7.8408766],"to":[8.921522,5.8681784,10.420877],"rotation":{"angle":0.0,"axis":"x","origin":[7.8946247,9.26563,8.740877]},"faces":{"down":{"uv":[0.3125,12.875,0.671875,13.09375],"rotation":0,"texture":"#0","tintindex":0},"east":{"uv":[0.3125,12.875,0.671875,13.09375],"rotation":0,"texture":"#0","tintindex":0},"north":{"uv":[0.3125,12.875,0.671875,13.09375],"rotation":0,"texture":"#0","tintindex":0},"south":{"uv":[0.3125,12.875,0.671875,13.09375],"rotation":0,"texture":"#0","tintindex":0},"up":{"uv":[0.3125,12.875,0.671875,13.09375],"rotation":0,"texture":"#0","tintindex":0},"west":{"uv":[0.3125,12.875,0.671875,13.09375],"rotation":0,"texture":"#0","tintindex":0}}},{"name":"cube","from":[7.0615215,3.1081781,6.1608768],"to":[9.041521,4.308178,8.560877],"rotation":{"angle":0.0,"axis":"x","origin":[7.8946247,9.26563,6.940877]},"faces":{"down":{"uv":[0.3125,12.875,0.671875,13.09375],"rotation":0,"texture":"#0","tintindex":0},"east":{"uv":[0.3125,12.875,0.671875,13.09375],"rotation":0,"texture":"#0","tintindex":0},"north":{"uv":[0.3125,12.875,0.671875,13.09375],"rotation":0,"texture":"#0","tintindex":0},"south":{"uv":[0.3125,12.875,0.671875,13.09375],"rotation":0,"texture":"#0","tintindex":0},"up":{"uv":[0.3125,12.875,0.671875,13.09375],"rotation":0,"texture":"#0","tintindex":0},"west":{"uv":[0.3125,12.875,0.671875,13.09375],"rotation":0,"texture":"#0","tintindex":0}}},{"name":"cube","from":[7.80865,3.1081781,5.457259],"to":[8.94865,4.188178,7.857259],"rotation":{"angle":-22.5,"axis":"y","origin":[7.8046246,1.7956295,6.940877]},"faces":{"down":{"uv":[0.3125,12.875,0.671875,13.09375],"rotation":0,"texture":"#0","tintindex":0},"east":{"uv":[0.3125,12.875,0.671875,13.09375],"rotation":0,"texture":"#0","tintindex":0},"north":{"uv":[0.3125,12.875,0.671875,13.09375],"rotation":0,"texture":"#0","tintindex":0},"south":{"uv":[0.3125,12.875,0.671875,13.09375],"rotation":0,"texture":"#0","tintindex":0},"up":{"uv":[0.3125,12.875,0.671875,13.09375],"rotation":0,"texture":"#0","tintindex":0},"west":{"uv":[0.3125,12.875,0.671875,13.09375],"rotation":0,"texture":"#0","tintindex":0}}},{"name":"cube","from":[7.69904,3.1081781,4.3315864],"to":[8.59904,3.9481783,6.0115867],"rotation":{"angle":-22.5,"axis":"y","origin":[7.5750146,1.7956295,7.4952044]},"faces":{"down":{"uv":[5.3125,12.6875,5.334375,12.796875],"rotation":0,"texture":"#0","tintindex":0},"east":{"uv":[5.3125,12.6875,5.334375,12.796875],"rotation":0,"texture":"#0","tintindex":0},"north":{"uv":[5.3125,12.6875,5.334375,12.796875],"rotation":0,"texture":"#0","tintindex":0},"south":{"uv":[5.3125,12.6875,5.334375,12.796875],"rotation":0,"texture":"#0","tintindex":0},"up":{"uv":[5.3125,12.6875,5.334375,12.796875],"rotation":0,"texture":"#0","tintindex":0},"west":{"uv":[5.3125,12.6875,5.334375,12.796875],"rotation":0,"texture":"#0","tintindex":0}}},{"name":"cube","from":[6.7457895,3.1081781,5.3334055],"to":[7.88579,4.188178,7.733405],"rotation":{"angle":22.5,"axis":"y","origin":[7.3136086,1.7356298,6.088056]},"faces":{"down":{"uv":[0.3125,12.875,0.671875,13.09375],"rotation":0,"texture":"#0","tintindex":0},"east":{"uv":[0.3125,12.875,0.671875,13.09375],"rotation":0,"texture":"#0","tintindex":0},"north":{"uv":[0.3125,12.875,0.671875,13.09375],"rotation":0,"texture":"#0","tintindex":0},"south":{"uv":[0.3125,12.875,0.671875,13.09375],"rotation":0,"texture":"#0","tintindex":0},"up":{"uv":[0.3125,12.875,0.671875,13.09375],"rotation":0,"texture":"#0","tintindex":0},"west":{"uv":[0.3125,12.875,0.671875,13.09375],"rotation":0,"texture":"#0","tintindex":0}}},{"name":"cube","from":[6.336854,3.1081781,4.363018],"to":[7.236854,3.9481783,6.0430183],"rotation":{"angle":22.5,"axis":"y","origin":[7.8646727,1.6156293,4.7576694]},"faces":{"down":{"uv":[5.3125,12.6875,5.334375,12.796875],"rotation":0,"texture":"#0","tintindex":0},"east":{"uv":[5.3125,12.6875,5.334375,12.796875],"rotation":0,"texture":"#0","tintindex":0},"north":{"uv":[5.3125,12.6875,5.334375,12.796875],"rotation":0,"texture":"#0","tintindex":0},"south":{"uv":[5.3125,12.6875,5.334375,12.796875],"rotation":0,"texture":"#0","tintindex":0},"up":{"uv":[5.3125,12.6875,5.334375,12.796875],"rotation":0,"texture":"#0","tintindex":0},"west":{"uv":[5.3125,12.6875,5.334375,12.796875],"rotation":0,"texture":"#0","tintindex":0}}},{"name":"cube","from":[7.4435716,3.1081781,5.109243],"to":[8.583572,4.188178,7.509243],"rotation":{"angle":0.0,"axis":"x","origin":[7.2626886,3.5881782,6.040126]},"faces":{"down":{"uv":[0.3125,12.875,0.671875,13.09375],"rotation":0,"texture":"#0","tintindex":0},"east":{"uv":[0.3125,12.875,0.671875,13.09375],"rotation":0,"texture":"#0","tintindex":0},"north":{"uv":[0.3125,12.875,0.671875,13.09375],"rotation":0,"texture":"#0","tintindex":0},"south":{"uv":[0.3125,12.875,0.671875,13.09375],"rotation":0,"texture":"#0","tintindex":0},"up":{"uv":[0.3125,12.875,0.671875,13.09375],"rotation":0,"texture":"#0","tintindex":0},"west":{"uv":[0.3125,12.875,0.671875,13.09375],"rotation":0,"texture":"#0","tintindex":0}}},{"name":"cube","from":[7.5618057,3.1081781,4.451009],"to":[8.461805,3.9481783,6.131009],"rotation":{"angle":0.0,"axis":"x","origin":[7.2626886,3.5881782,6.040126]},"faces":{"down":{"uv":[5.3125,12.6875,5.334375,12.796875],"rotation":0,"texture":"#0","tintindex":0},"east":{"uv":[5.3125,12.6875,5.334375,12.796875],"rotation":0,"texture":"#0","tintindex":0},"north":{"uv":[5.3125,12.6875,5.334375,12.796875],"rotation":0,"texture":"#0","tintindex":0},"south":{"uv":[5.3125,12.6875,5.334375,12.796875],"rotation":0,"texture":"#0","tintindex":0},"up":{"uv":[5.3125,12.6875,5.334375,12.796875],"rotation":0,"texture":"#0","tintindex":0},"west":{"uv":[5.3125,12.6875,5.334375,12.796875],"rotation":0,"texture":"#0","tintindex":0}}}],"display":{"head":{"translation":[0.0,-6.4,0.0],"rotation":[0.0,0.0,0.0],"scale":[3.8095,3.8095,3.8095]}}}