{"textures":{"0":"modelengine:entity/monty"},"elements":[{"name":"cube","from":[8.0,7.5766397,6.2825356],"to":[8.0,8.423361,9.417464],"rotation":{"angle":-22.5,"axis":"x","origin":[8.0,8.0,8.0]},"faces":{"down":{"uv":[8.0,11.015625,8.0,11.0],"rotation":0,"texture":"#0","tintindex":0},"east":{"uv":[6.615625,15.809668,7.123145,15.936068],"rotation":180,"texture":"#0","tintindex":0},"north":{"uv":[8.0,11.015625,8.0,11.0],"rotation":0,"texture":"#0","tintindex":0},"south":{"uv":[8.0,11.015625,8.0,11.0],"rotation":0,"texture":"#0","tintindex":0},"up":{"uv":[8.0,11.015625,8.0,11.0],"rotation":0,"texture":"#0","tintindex":0},"west":{"uv":[8.0,11.015625,8.0,11.0],"rotation":0,"texture":"#0","tintindex":0}}}],"display":{"head":{"translation":[0.0,-6.4,0.0],"rotation":[0.0,0.0,0.0],"scale":[3.8095,3.8095,3.8095]}}}