{"textures":{"0":"modelengine:entity/monty"},"elements":[{"name":"cube","from":[6.499856,16.469648,12.890697],"to":[8.900145,17.770351,14.269305],"rotation":{"angle":45.0,"axis":"x","origin":[7.7,18.5,-0.7599995]},"faces":{"down":{"uv":[6.625,14.375,6.375,14.515625],"rotation":0,"texture":"#0","tintindex":0},"east":{"uv":[6.9375,14.375,7.078125,14.515625],"rotation":0,"texture":"#0","tintindex":0},"north":{"uv":[0.375,14.375,0.625,14.515625],"rotation":0,"texture":"#0","tintindex":0},"south":{"uv":[5.75,14.375,6.0,14.515625],"rotation":0,"texture":"#0","tintindex":0},"up":{"uv":[6.3125,14.515625,6.0625,14.375],"rotation":0,"texture":"#0","tintindex":0},"west":{"uv":[7.0,8.0,7.140625,8.140625],"rotation":0,"texture":"#0","tintindex":0}}}],"display":{"head":{"translation":[0.0,-6.4,0.0],"rotation":[0.0,0.0,0.0],"scale":[3.8095,3.8095,3.8095]}}}