{"textures":{"0":"modelengine:entity/monty"},"elements":[{"name":"cube","from":[6.259856,8.448984,9.618377],"to":[9.140144,10.829688,12.676985],"rotation":{"angle":45.0,"axis":"x","origin":[7.7,11.139337,5.6876802]},"faces":{"down":{"uv":[4.546875,12.5625,4.25,12.875],"rotation":0,"texture":"#0","tintindex":0},"east":{"uv":[3.875,8.0,4.1875,8.25],"rotation":0,"texture":"#0","tintindex":0},"north":{"uv":[4.9375,10.0625,5.234375,10.3125],"rotation":0,"texture":"#0","tintindex":0},"south":{"uv":[3.8125,12.9375,4.109375,13.1875],"rotation":0,"texture":"#0","tintindex":0},"up":{"uv":[4.171875,12.875,3.875,12.5625],"rotation":0,"texture":"#0","tintindex":0},"west":{"uv":[0.75,12.875,1.0625,13.125],"rotation":0,"texture":"#0","tintindex":0}}}],"display":{"head":{"translation":[0.0,-6.4,0.0],"rotation":[0.0,0.0,0.0],"scale":[3.8095,3.8095,3.8095]}}}