{"textures":{"0":"modelengine:entity/monty"},"elements":[{"name":"cube","from":[6.259856,13.023503,11.766576],"to":[9.140144,15.044208,14.465184],"rotation":{"angle":45.0,"axis":"x","origin":[7.7,15.4138565,3.8758795]},"faces":{"down":{"uv":[4.921875,11.1875,4.625,11.46875],"rotation":0,"texture":"#0","tintindex":0},"east":{"uv":[5.625,12.375,5.90625,12.578125],"rotation":0,"texture":"#0","tintindex":0},"north":{"uv":[3.375,13.4375,3.671875,13.640625],"rotation":0,"texture":"#0","tintindex":0},"south":{"uv":[5.5,8.0,5.796875,8.203125],"rotation":0,"texture":"#0","tintindex":0},"up":{"uv":[3.421875,12.90625,3.125,12.625],"rotation":0,"texture":"#0","tintindex":0},"west":{"uv":[5.625,13.25,5.90625,13.453125],"rotation":0,"texture":"#0","tintindex":0}}}],"display":{"head":{"translation":[0.0,-6.4,0.0],"rotation":[0.0,0.0,0.0],"scale":[3.8095,3.8095,3.8095]}}}