{"textures":{"0":"modelengine:entity/monty"},"elements":[{"name":"cube","from":[7.117387,0.89787865,7.61],"to":[9.457387,7.2578793,9.889999],"rotation":{"angle":0.0,"axis":"x","origin":[8.940512,4.1850166,8.45]},"faces":{"down":{"uv":[11.125,2.0,13.075,7.3],"rotation":0,"texture":"#0","tintindex":0},"east":{"uv":[11.125,2.0,13.075,7.3],"rotation":0,"texture":"#0","tintindex":0},"north":{"uv":[11.125,2.0,13.075,7.3],"rotation":0,"texture":"#0","tintindex":0},"south":{"uv":[11.125,2.0,13.075,7.3],"rotation":0,"texture":"#0","tintindex":0},"up":{"uv":[11.125,2.0,13.075,7.3],"rotation":0,"texture":"#0","tintindex":0},"west":{"uv":[11.125,2.0,13.075,7.3],"rotation":0,"texture":"#0","tintindex":0}}},{"name":"cube","from":[7.4173865,2.877879,7.73],"to":[9.157387,7.9178796,9.77],"rotation":{"angle":0.0,"axis":"x","origin":[8.940512,4.1850166,8.45]},"faces":{"down":{"uv":[5.3125,12.6875,5.875,12.796875],"rotation":0,"texture":"#0","tintindex":0},"east":{"uv":[5.3125,12.6875,5.875,12.796875],"rotation":0,"texture":"#0","tintindex":0},"north":{"uv":[5.3125,12.6875,5.875,12.796875],"rotation":0,"texture":"#0","tintindex":0},"south":{"uv":[5.3125,12.6875,5.875,12.796875],"rotation":0,"texture":"#0","tintindex":0},"up":{"uv":[5.3125,12.6875,5.875,12.796875],"rotation":0,"texture":"#0","tintindex":0},"west":{"uv":[5.3125,12.6875,5.875,12.796875],"rotation":0,"texture":"#0","tintindex":0}}}],"display":{"head":{"translation":[0.0,-6.4,0.0],"rotation":[0.0,0.0,0.0],"scale":[3.8095,3.8095,3.8095]}}}