{"textures":{"0":"modelengine:entity/monty"},"elements":[{"name":"cube","from":[6.079856,3.4496474,7.7306957],"to":[9.320145,6.310352,13.249305],"rotation":{"angle":45.0,"axis":"x","origin":[7.7,6.379999,10.280001]},"faces":{"down":{"uv":[0.90625,9.5,0.5625,10.078125],"rotation":0,"texture":"#0","tintindex":0},"east":{"uv":[1.875,8.75,2.453125,9.046875],"rotation":0,"texture":"#0","tintindex":0},"north":{"uv":[4.1875,12.1875,4.53125,12.484375],"rotation":0,"texture":"#0","tintindex":0},"south":{"uv":[4.25,8.0,4.59375,8.296875],"rotation":0,"texture":"#0","tintindex":0},"up":{"uv":[1.78125,9.578125,1.4375,9.0],"rotation":0,"texture":"#0","tintindex":0},"west":{"uv":[1.875,9.125,2.453125,9.421875],"rotation":0,"texture":"#0","tintindex":0}}}],"display":{"head":{"translation":[0.0,-6.4,0.0],"rotation":[0.0,0.0,0.0],"scale":[3.8095,3.8095,3.8095]}}}