{"textures":{"0":"modelengine:entity/monty"},"elements":[{"name":"cube","from":[6.7803164,10.767767,7.1],"to":[8.580317,13.047767,9.5],"rotation":{"angle":0.0,"axis":"x","origin":[8.0,8.0,8.0]},"faces":{"down":{"uv":[11.125,2.0,12.625,4.25],"rotation":0,"texture":"#0","tintindex":0},"east":{"uv":[11.125,2.0,12.625,4.25],"rotation":0,"texture":"#0","tintindex":0},"north":{"uv":[11.125,2.0,12.625,4.25],"rotation":0,"texture":"#0","tintindex":0},"south":{"uv":[11.125,2.0,12.625,4.25],"rotation":0,"texture":"#0","tintindex":0},"up":{"uv":[11.125,2.0,12.625,4.25],"rotation":0,"texture":"#0","tintindex":0},"west":{"uv":[11.125,2.0,12.625,4.25],"rotation":0,"texture":"#0","tintindex":0}}},{"name":"cube","from":[6.900316,10.767767,7.22],"to":[8.460317,13.887767,9.38],"rotation":{"angle":0.0,"axis":"x","origin":[8.0,8.0,8.0]},"faces":{"down":{"uv":[5.3125,12.6875,5.875,12.796875],"rotation":0,"texture":"#0","tintindex":0},"east":{"uv":[5.3125,12.6875,5.875,12.796875],"rotation":0,"texture":"#0","tintindex":0},"north":{"uv":[5.3125,12.6875,5.875,12.796875],"rotation":0,"texture":"#0","tintindex":0},"south":{"uv":[5.3125,12.6875,5.875,12.796875],"rotation":0,"texture":"#0","tintindex":0},"up":{"uv":[5.3125,12.6875,5.875,12.796875],"rotation":0,"texture":"#0","tintindex":0},"west":{"uv":[5.3125,12.6875,5.875,12.796875],"rotation":0,"texture":"#0","tintindex":0}}}],"display":{"head":{"translation":[0.0,-6.4,0.0],"rotation":[0.0,0.0,0.0],"scale":[3.8095,3.8095,3.8095]}}}