{"textures":{"0":"modelengine:entity/monty"},"elements":[{"name":"cube","from":[2.4776099,6.3106394,6.822536],"to":[7.5537057,8.417359,9.1774645],"rotation":{"angle":0.0,"axis":"x","origin":[15.648618,-17.046783,7.511864]},"faces":{"down":{"uv":[1.71875,10.8125,1.1875,11.0625],"rotation":0,"texture":"#0","tintindex":0},"east":{"uv":[0.5,13.75,0.75,13.96875],"rotation":0,"texture":"#0","tintindex":0},"north":{"uv":[3.25,8.0,3.78125,8.21875],"rotation":0,"texture":"#0","tintindex":0},"south":{"uv":[3.5625,11.0625,4.09375,11.28125],"rotation":0,"texture":"#0","tintindex":0},"up":{"uv":[3.15625,8.25,2.625,8.0],"rotation":0,"texture":"#0","tintindex":0},"west":{"uv":[1.125,13.75,1.375,13.96875],"rotation":0,"texture":"#0","tintindex":0}}},{"name":"cube","from":[4.8176093,6.4906397,6.702536],"to":[8.213706,8.597359,9.297464],"rotation":{"angle":0.0,"axis":"x","origin":[15.648618,-17.046783,7.511864]},"faces":{"down":{"uv":[4.796875,8.75,4.4375,9.015625],"rotation":0,"texture":"#0","tintindex":0},"east":{"uv":[0.3125,12.875,0.671875,13.09375],"rotation":0,"texture":"#0","tintindex":0},"north":{"uv":[0.3125,12.875,0.671875,13.09375],"rotation":0,"texture":"#0","tintindex":0},"south":{"uv":[4.875,8.625,5.234375,8.84375],"rotation":0,"texture":"#0","tintindex":0},"up":{"uv":[4.796875,8.640625,4.4375,8.375],"rotation":0,"texture":"#0","tintindex":0},"west":{"uv":[7.734375,15.78125,8.0,16.0],"rotation":0,"texture":"#0","tintindex":0}}}],"display":{"head":{"translation":[0.0,-6.4,0.0],"rotation":[0.0,0.0,0.0],"scale":[3.8095,3.8095,3.8095]}}}