{"textures":{"0":"modelengine:entity/monty"},"elements":[{"name":"cube","from":[7.0122547,2.961316,7.900877],"to":[8.992254,5.721316,10.480877],"rotation":{"angle":0.0,"axis":"x","origin":[8.459005,9.127144,8.800877]},"faces":{"down":{"uv":[0.3125,12.875,0.671875,13.09375],"rotation":0,"texture":"#0","tintindex":0},"east":{"uv":[0.3125,12.875,0.671875,13.09375],"rotation":0,"texture":"#0","tintindex":0},"north":{"uv":[0.3125,12.875,0.671875,13.09375],"rotation":0,"texture":"#0","tintindex":0},"south":{"uv":[0.3125,12.875,0.671875,13.09375],"rotation":0,"texture":"#0","tintindex":0},"up":{"uv":[0.3125,12.875,0.671875,13.09375],"rotation":0,"texture":"#0","tintindex":0},"west":{"uv":[0.3125,12.875,0.671875,13.09375],"rotation":0,"texture":"#0","tintindex":0}}},{"name":"cube","from":[6.7523685,2.961316,5.11265],"to":[7.892369,4.041316,7.51265],"rotation":{"angle":22.5,"axis":"y","origin":[7.9979897,1.597143,6.148056]},"faces":{"down":{"uv":[0.3125,12.875,0.671875,13.09375],"rotation":0,"texture":"#0","tintindex":0},"east":{"uv":[0.3125,12.875,0.671875,13.09375],"rotation":0,"texture":"#0","tintindex":0},"north":{"uv":[0.3125,12.875,0.671875,13.09375],"rotation":0,"texture":"#0","tintindex":0},"south":{"uv":[0.3125,12.875,0.671875,13.09375],"rotation":0,"texture":"#0","tintindex":0},"up":{"uv":[0.3125,12.875,0.671875,13.09375],"rotation":0,"texture":"#0","tintindex":0},"west":{"uv":[0.3125,12.875,0.671875,13.09375],"rotation":0,"texture":"#0","tintindex":0}}},{"name":"cube","from":[6.892255,2.961316,6.2208767],"to":[8.872255,4.161316,8.620876],"rotation":{"angle":0.0,"axis":"x","origin":[8.459005,9.127144,7.000877]},"faces":{"down":{"uv":[0.3125,12.875,0.671875,13.09375],"rotation":0,"texture":"#0","tintindex":0},"east":{"uv":[0.3125,12.875,0.671875,13.09375],"rotation":0,"texture":"#0","tintindex":0},"north":{"uv":[0.3125,12.875,0.671875,13.09375],"rotation":0,"texture":"#0","tintindex":0},"south":{"uv":[0.3125,12.875,0.671875,13.09375],"rotation":0,"texture":"#0","tintindex":0},"up":{"uv":[0.3125,12.875,0.671875,13.09375],"rotation":0,"texture":"#0","tintindex":0},"west":{"uv":[0.3125,12.875,0.671875,13.09375],"rotation":0,"texture":"#0","tintindex":0}}},{"name":"cube","from":[6.3434324,2.961316,4.1422634],"to":[7.243433,3.8013158,5.8222637],"rotation":{"angle":22.5,"axis":"y","origin":[8.549054,1.4771432,4.8176694]},"faces":{"down":{"uv":[5.3125,12.6875,5.334375,12.796875],"rotation":0,"texture":"#0","tintindex":0},"east":{"uv":[5.3125,12.6875,5.334375,12.796875],"rotation":0,"texture":"#0","tintindex":0},"north":{"uv":[5.3125,12.6875,5.334375,12.796875],"rotation":0,"texture":"#0","tintindex":0},"south":{"uv":[5.3125,12.6875,5.334375,12.796875],"rotation":0,"texture":"#0","tintindex":0},"up":{"uv":[5.3125,12.6875,5.334375,12.796875],"rotation":0,"texture":"#0","tintindex":0},"west":{"uv":[5.3125,12.6875,5.334375,12.796875],"rotation":0,"texture":"#0","tintindex":0}}},{"name":"cube","from":[7.8152285,2.961316,5.798014],"to":[8.955229,4.041316,8.198014],"rotation":{"angle":-22.5,"axis":"y","origin":[8.489006,1.6571434,7.000877]},"faces":{"down":{"uv":[0.3125,12.875,0.671875,13.09375],"rotation":0,"texture":"#0","tintindex":0},"east":{"uv":[0.3125,12.875,0.671875,13.09375],"rotation":0,"texture":"#0","tintindex":0},"north":{"uv":[0.3125,12.875,0.671875,13.09375],"rotation":0,"texture":"#0","tintindex":0},"south":{"uv":[0.3125,12.875,0.671875,13.09375],"rotation":0,"texture":"#0","tintindex":0},"up":{"uv":[0.3125,12.875,0.671875,13.09375],"rotation":0,"texture":"#0","tintindex":0},"west":{"uv":[0.3125,12.875,0.671875,13.09375],"rotation":0,"texture":"#0","tintindex":0}}},{"name":"cube","from":[7.7056184,2.961316,4.672342],"to":[8.6056185,3.8013158,6.3523417],"rotation":{"angle":-22.5,"axis":"y","origin":[8.259396,1.6571434,7.5552044]},"faces":{"down":{"uv":[5.3125,12.6875,5.334375,12.796875],"rotation":0,"texture":"#0","tintindex":0},"east":{"uv":[5.3125,12.6875,5.334375,12.796875],"rotation":0,"texture":"#0","tintindex":0},"north":{"uv":[5.3125,12.6875,5.334375,12.796875],"rotation":0,"texture":"#0","tintindex":0},"south":{"uv":[5.3125,12.6875,5.334375,12.796875],"rotation":0,"texture":"#0","tintindex":0},"up":{"uv":[5.3125,12.6875,5.334375,12.796875],"rotation":0,"texture":"#0","tintindex":0},"west":{"uv":[5.3125,12.6875,5.334375,12.796875],"rotation":0,"texture":"#0","tintindex":0}}},{"name":"cube","from":[7.379756,2.961316,5.6333246],"to":[8.519756,4.041316,8.033325],"rotation":{"angle":0.0,"axis":"x","origin":[8.669756,3.441316,6.2933245]},"faces":{"down":{"uv":[0.3125,12.875,0.671875,13.09375],"rotation":0,"texture":"#0","tintindex":0},"east":{"uv":[0.3125,12.875,0.671875,13.09375],"rotation":0,"texture":"#0","tintindex":0},"north":{"uv":[0.3125,12.875,0.671875,13.09375],"rotation":0,"texture":"#0","tintindex":0},"south":{"uv":[0.3125,12.875,0.671875,13.09375],"rotation":0,"texture":"#0","tintindex":0},"up":{"uv":[0.3125,12.875,0.671875,13.09375],"rotation":0,"texture":"#0","tintindex":0},"west":{"uv":[0.3125,12.875,0.671875,13.09375],"rotation":0,"texture":"#0","tintindex":0}}},{"name":"cube","from":[7.499756,2.961316,4.5533247],"to":[8.3997555,3.8013158,6.2333245],"rotation":{"angle":0.0,"axis":"x","origin":[8.669756,3.441316,6.2933245]},"faces":{"down":{"uv":[5.3125,12.6875,5.334375,12.796875],"rotation":0,"texture":"#0","tintindex":0},"east":{"uv":[5.3125,12.6875,5.334375,12.796875],"rotation":0,"texture":"#0","tintindex":0},"north":{"uv":[5.3125,12.6875,5.334375,12.796875],"rotation":0,"texture":"#0","tintindex":0},"south":{"uv":[5.3125,12.6875,5.334375,12.796875],"rotation":0,"texture":"#0","tintindex":0},"up":{"uv":[5.3125,12.6875,5.334375,12.796875],"rotation":0,"texture":"#0","tintindex":0},"west":{"uv":[5.3125,12.6875,5.334375,12.796875],"rotation":0,"texture":"#0","tintindex":0}}}],"display":{"head":{"translation":[0.0,-6.4,0.0],"rotation":[0.0,0.0,0.0],"scale":[3.8095,3.8095,3.8095]}}}