{"textures":{"0":"modelengine:entity/monty"},"elements":[{"name":"cube","from":[7.68561,6.3106394,6.822536],"to":[12.761706,8.417359,9.1774645],"rotation":{"angle":0.0,"axis":"x","origin":[9.036617,-17.046783,7.511864]},"faces":{"down":{"uv":[3.40625,9.1875,2.875,9.4375],"rotation":0,"texture":"#0","tintindex":0},"east":{"uv":[3.375,13.75,3.625,13.96875],"rotation":0,"texture":"#0","tintindex":0},"north":{"uv":[3.5625,11.375,4.09375,11.59375],"rotation":0,"texture":"#0","tintindex":0},"south":{"uv":[3.625,8.3125,4.15625,8.53125],"rotation":0,"texture":"#0","tintindex":0},"up":{"uv":[3.40625,9.125,2.875,8.875],"rotation":0,"texture":"#0","tintindex":0},"west":{"uv":[1.75,13.8125,2.0,14.03125],"rotation":0,"texture":"#0","tintindex":0}}},{"name":"cube","from":[7.62561,6.4906397,6.702536],"to":[11.021706,8.597359,9.297464],"rotation":{"angle":0.0,"axis":"x","origin":[9.036617,-17.046783,7.511864]},"faces":{"down":{"uv":[0.609375,12.5,0.25,12.765625],"rotation":0,"texture":"#0","tintindex":0},"east":{"uv":[7.734375,15.78125,8.0,16.0],"rotation":0,"texture":"#0","tintindex":0},"north":{"uv":[4.875,8.625,5.234375,8.84375],"rotation":0,"texture":"#0","tintindex":0},"south":{"uv":[0.3125,12.875,0.671875,13.09375],"rotation":0,"texture":"#0","tintindex":0},"up":{"uv":[4.796875,10.703125,4.4375,10.4375],"rotation":0,"texture":"#0","tintindex":0},"west":{"uv":[5.625,9.8125,5.890625,10.03125],"rotation":0,"texture":"#0","tintindex":0}}}],"display":{"head":{"translation":[0.0,-6.4,0.0],"rotation":[0.0,0.0,0.0],"scale":[3.8095,3.8095,3.8095]}}}