{"textures":{"0":"modelengine:entity/monty"},"elements":[{"name":"cube","from":[6.6019516,8.506868,5.7912793],"to":[9.278048,9.653587,8.626207],"rotation":{"angle":-22.5,"axis":"x","origin":[8.24,7.4766526,6.6581326]},"faces":{"down":{"uv":[4.90625,10.8125,4.625,11.109375],"rotation":0,"texture":"#0","tintindex":0},"east":{"uv":[6.5625,9.6875,6.859375,9.796875],"rotation":0,"texture":"#0","tintindex":0},"north":{"uv":[6.625,12.0,6.90625,12.109375],"rotation":0,"texture":"#0","tintindex":0},"south":{"uv":[6.1875,14.625,6.46875,14.734375],"rotation":0,"texture":"#0","tintindex":0},"up":{"uv":[1.40625,12.921875,1.125,12.625],"rotation":0,"texture":"#0","tintindex":0},"west":{"uv":[6.5625,9.875,6.859375,9.984375],"rotation":0,"texture":"#0","tintindex":0}}},{"name":"cube","from":[6.7219515,7.606868,6.211279],"to":[9.158049,8.513588,6.211279],"rotation":{"angle":-22.5,"axis":"x","origin":[8.24,7.4766526,6.6581326]},"faces":{"down":{"uv":[7.92998,14.734375,8.0,14.735775],"rotation":0,"texture":"#0","tintindex":0},"east":{"uv":[7.92998,14.734375,8.0,14.735775],"rotation":0,"texture":"#0","tintindex":0},"north":{"uv":[6.6125,15.81123,7.12002,15.93763],"rotation":180,"texture":"#0","tintindex":0},"south":{"uv":[7.92998,14.734375,8.0,14.735775],"rotation":0,"texture":"#0","tintindex":0},"up":{"uv":[7.92998,14.734375,8.0,14.735775],"rotation":0,"texture":"#0","tintindex":0},"west":{"uv":[7.92998,14.734375,8.0,14.735775],"rotation":0,"texture":"#0","tintindex":0}}},{"name":"cube","from":[8.281952,9.166867,5.7312794],"to":[9.218048,9.773587,6.6462073],"rotation":{"angle":-22.5,"axis":"x","origin":[8.24,7.4766526,6.6581326]},"faces":{"down":{"uv":[7.46875,14.5625,7.375,14.65625],"rotation":0,"texture":"#0","tintindex":0},"east":{"uv":[7.3125,14.25,7.40625,14.3125],"rotation":0,"texture":"#0","tintindex":0},"north":{"uv":[6.0,12.5625,6.09375,12.625],"rotation":0,"texture":"#0","tintindex":0},"south":{"uv":[7.4375,12.625,7.53125,12.6875],"rotation":0,"texture":"#0","tintindex":0},"up":{"uv":[6.15625,15.46875,6.0625,15.375],"rotation":0,"texture":"#0","tintindex":0},"west":{"uv":[7.4375,12.75,7.53125,12.8125],"rotation":0,"texture":"#0","tintindex":0}}},{"name":"cube","from":[6.7219515,9.166867,5.7312794],"to":[7.658048,9.773587,6.6462073],"rotation":{"angle":-22.5,"axis":"x","origin":[8.24,7.4766526,6.6581326]},"faces":{"down":{"uv":[7.46875,14.75,7.375,14.84375],"rotation":0,"texture":"#0","tintindex":0},"east":{"uv":[5.3125,15.4375,5.40625,15.5],"rotation":0,"texture":"#0","tintindex":0},"north":{"uv":[5.125,15.4375,5.21875,15.5],"rotation":0,"texture":"#0","tintindex":0},"south":{"uv":[5.5,15.4375,5.59375,15.5],"rotation":0,"texture":"#0","tintindex":0},"up":{"uv":[6.78125,15.46875,6.6875,15.375],"rotation":0,"texture":"#0","tintindex":0},"west":{"uv":[5.6875,15.4375,5.78125,15.5],"rotation":0,"texture":"#0","tintindex":0}}}],"display":{"head":{"translation":[0.0,-6.4,0.0],"rotation":[0.0,0.0,0.0],"scale":[3.8095,3.8095,3.8095]}}}