{"textures":{"0":"modelengine:entity/monty"},"elements":[{"name":"cube","from":[10.413791,6.185056,6.653498],"to":[11.949886,8.051775,9.248426],"rotation":{"angle":0.0,"axis":"x","origin":[5.1047993,-17.29237,7.4628263]},"faces":{"down":{"uv":[6.6875,14.375,6.84375,14.5625],"rotation":0,"texture":"#0","tintindex":0},"east":{"uv":[6.6875,14.375,6.84375,14.5625],"rotation":0,"texture":"#0","tintindex":0},"north":{"uv":[6.6875,14.375,6.84375,14.5625],"rotation":0,"texture":"#0","tintindex":0},"south":{"uv":[6.6875,14.375,6.84375,14.5625],"rotation":0,"texture":"#0","tintindex":0},"up":{"uv":[6.6875,14.375,6.84375,14.5625],"rotation":0,"texture":"#0","tintindex":0},"west":{"uv":[6.6875,14.375,6.84375,14.5625],"rotation":0,"texture":"#0","tintindex":0}}},{"name":"cube","from":[8.853791,6.3050556,6.773498],"to":[12.489887,7.931775,9.128427],"rotation":{"angle":0.0,"axis":"x","origin":[5.1047993,-17.29237,7.4628263]},"faces":{"down":{"uv":[1.0625,12.5625,0.6875,12.8125],"rotation":0,"texture":"#0","tintindex":0},"east":{"uv":[6.1875,9.0625,6.4375,9.234375],"rotation":0,"texture":"#0","tintindex":0},"north":{"uv":[5.3125,11.0,5.6875,11.171875],"rotation":0,"texture":"#0","tintindex":0},"south":{"uv":[5.3125,11.25,5.6875,11.421875],"rotation":0,"texture":"#0","tintindex":0},"up":{"uv":[4.875,10.375,4.5,10.125],"rotation":0,"texture":"#0","tintindex":0},"west":{"uv":[6.1875,11.0,6.4375,11.171875],"rotation":0,"texture":"#0","tintindex":0}}},{"name":"cube","from":[7.953791,6.245056,6.833498],"to":[8.829887,7.9917765,9.068426],"rotation":{"angle":0.0,"axis":"x","origin":[5.1047993,-17.29237,7.4628263]},"faces":{"down":{"uv":[5.96875,14.9375,5.875,15.171875],"rotation":0,"texture":"#0","tintindex":0},"east":{"uv":[3.125,12.375,3.359375,12.5625],"rotation":0,"texture":"#0","tintindex":0},"north":{"uv":[7.0625,9.0625,7.15625,9.25],"rotation":0,"texture":"#0","tintindex":0},"south":{"uv":[7.0625,10.0625,7.15625,10.25],"rotation":0,"texture":"#0","tintindex":0},"up":{"uv":[5.78125,15.171875,5.6875,14.9375],"rotation":0,"texture":"#0","tintindex":0},"west":{"uv":[4.75,14.125,4.984375,14.3125],"rotation":0,"texture":"#0","tintindex":0}}},{"name":"cube","from":[12.611054,6.813861,7.446346],"to":[14.321055,7.5338616,9.066346],"rotation":{"angle":0.0,"axis":"x","origin":[0.22701931,-16.447395,7.626346]},"faces":{"down":{"uv":[6.859375,8.4375,6.6875,8.609375],"rotation":0,"texture":"#0","tintindex":0},"east":{"uv":[7.3125,8.625,7.484375,8.703125],"rotation":0,"texture":"#0","tintindex":0},"north":{"uv":[7.3125,8.4375,7.484375,8.515625],"rotation":0,"texture":"#0","tintindex":0},"south":{"uv":[7.3125,9.6875,7.484375,9.765625],"rotation":0,"texture":"#0","tintindex":0},"up":{"uv":[6.734375,14.796875,6.5625,14.625],"rotation":0,"texture":"#0","tintindex":0},"west":{"uv":[1.9375,15.3125,2.109375,15.390625],"rotation":0,"texture":"#0","tintindex":0}}},{"name":"cube","from":[14.861053,6.903862,8.616346],"to":[15.761054,7.443863,8.976346],"rotation":{"angle":0.0,"axis":"x","origin":[12.82702,5.2426033,7.176346]},"faces":{"down":{"uv":[5.78125,15.5625,5.6875,15.59375],"rotation":0,"texture":"#0","tintindex":0},"east":{"uv":[5.75,9.3125,5.78125,9.375],"rotation":0,"texture":"#0","tintindex":0},"north":{"uv":[7.5,9.3125,7.59375,9.375],"rotation":0,"texture":"#0","tintindex":0},"south":{"uv":[1.4375,15.5,1.53125,15.5625],"rotation":0,"texture":"#0","tintindex":0},"up":{"uv":[7.65625,13.53125,7.5625,13.5],"rotation":0,"texture":"#0","tintindex":0},"west":{"uv":[4.375,14.0625,4.40625,14.125],"rotation":0,"texture":"#0","tintindex":0}}},{"name":"cube","from":[13.961054,6.903862,8.616346],"to":[14.861053,7.443863,8.976346],"rotation":{"angle":0.0,"axis":"x","origin":[0.22701931,-16.447395,7.806346]},"faces":{"down":{"uv":[6.34375,15.5625,6.25,15.59375],"rotation":0,"texture":"#0","tintindex":0},"east":{"uv":[0.375,14.1875,0.40625,14.25],"rotation":0,"texture":"#0","tintindex":0},"north":{"uv":[1.9375,15.5,2.03125,15.5625],"rotation":0,"texture":"#0","tintindex":0},"south":{"uv":[2.125,15.5,2.21875,15.5625],"rotation":0,"texture":"#0","tintindex":0},"up":{"uv":[6.15625,15.59375,6.0625,15.5625],"rotation":0,"texture":"#0","tintindex":0},"west":{"uv":[4.625,14.1875,4.65625,14.25],"rotation":0,"texture":"#0","tintindex":0}}},{"name":"cube","from":[14.861053,6.903862,8.076345],"to":[15.761054,7.443863,8.436346],"rotation":{"angle":0.0,"axis":"x","origin":[12.82702,5.2426033,7.176346]},"faces":{"down":{"uv":[6.71875,15.5625,6.625,15.59375],"rotation":0,"texture":"#0","tintindex":0},"east":{"uv":[6.3125,10.625,6.34375,10.6875],"rotation":0,"texture":"#0","tintindex":0},"north":{"uv":[2.3125,15.5,2.40625,15.5625],"rotation":0,"texture":"#0","tintindex":0},"south":{"uv":[2.5,15.5,2.59375,15.5625],"rotation":0,"texture":"#0","tintindex":0},"up":{"uv":[7.65625,14.53125,7.5625,14.5],"rotation":0,"texture":"#0","tintindex":0},"west":{"uv":[6.375,8.4375,6.40625,8.5],"rotation":0,"texture":"#0","tintindex":0}}},{"name":"cube","from":[13.961054,6.903862,8.076345],"to":[14.861053,7.443863,8.436346],"rotation":{"angle":0.0,"axis":"x","origin":[0.22701931,-16.447395,7.806346]},"faces":{"down":{"uv":[7.65625,14.75,7.5625,14.78125],"rotation":0,"texture":"#0","tintindex":0},"east":{"uv":[6.375,12.4375,6.40625,12.5],"rotation":0,"texture":"#0","tintindex":0},"north":{"uv":[2.6875,15.5,2.78125,15.5625],"rotation":0,"texture":"#0","tintindex":0},"south":{"uv":[2.875,15.5,2.96875,15.5625],"rotation":0,"texture":"#0","tintindex":0},"up":{"uv":[7.65625,14.65625,7.5625,14.625],"rotation":0,"texture":"#0","tintindex":0},"west":{"uv":[0.625,14.625,0.65625,14.6875],"rotation":0,"texture":"#0","tintindex":0}}},{"name":"cube","from":[14.861053,6.903862,7.536346],"to":[15.761054,7.443863,7.896346],"rotation":{"angle":0.0,"axis":"x","origin":[12.82702,5.2426033,7.176346]},"faces":{"down":{"uv":[7.09375,15.5625,7.0,15.59375],"rotation":0,"texture":"#0","tintindex":0},"east":{"uv":[2.4375,14.625,2.46875,14.6875],"rotation":0,"texture":"#0","tintindex":0},"north":{"uv":[3.0625,15.5,3.15625,15.5625],"rotation":0,"texture":"#0","tintindex":0},"south":{"uv":[3.25,15.5,3.34375,15.5625],"rotation":0,"texture":"#0","tintindex":0},"up":{"uv":[6.90625,15.59375,6.8125,15.5625],"rotation":0,"texture":"#0","tintindex":0},"west":{"uv":[5.1875,14.625,5.21875,14.6875],"rotation":0,"texture":"#0","tintindex":0}}},{"name":"cube","from":[13.961054,6.903862,7.536346],"to":[14.861053,7.443863,7.896346],"rotation":{"angle":0.0,"axis":"x","origin":[0.22701931,-16.447395,7.806346]},"faces":{"down":{"uv":[7.65625,15.1875,7.5625,15.21875],"rotation":0,"texture":"#0","tintindex":0},"east":{"uv":[4.6875,14.75,4.71875,14.8125],"rotation":0,"texture":"#0","tintindex":0},"north":{"uv":[7.5,11.375,7.59375,11.4375],"rotation":0,"texture":"#0","tintindex":0},"south":{"uv":[7.5,11.5,7.59375,11.5625],"rotation":0,"texture":"#0","tintindex":0},"up":{"uv":[7.28125,15.59375,7.1875,15.5625],"rotation":0,"texture":"#0","tintindex":0},"west":{"uv":[5.5,14.75,5.53125,14.8125],"rotation":0,"texture":"#0","tintindex":0}}},{"name":"cube","from":[13.961054,6.903862,6.906346],"to":[14.861053,7.443863,7.446346],"rotation":{"angle":0.0,"axis":"x","origin":[12.82702,5.2426033,7.176346]},"faces":{"down":{"uv":[4.90625,15.5,4.8125,15.5625],"rotation":0,"texture":"#0","tintindex":0},"east":{"uv":[2.4375,14.625,2.46875,14.6875],"rotation":0,"texture":"#0","tintindex":0},"north":{"uv":[7.5,11.625,7.59375,11.6875],"rotation":0,"texture":"#0","tintindex":0},"south":{"uv":[3.8125,15.5,3.90625,15.5625],"rotation":0,"texture":"#0","tintindex":0},"up":{"uv":[6.90625,15.59375,6.8125,15.5625],"rotation":0,"texture":"#0","tintindex":0},"west":{"uv":[5.25,11.875,5.3125,11.9375],"rotation":0,"texture":"#0","tintindex":0}}},{"name":"cube","from":[13.061053,6.903862,6.906346],"to":[13.961054,7.443863,7.446346],"rotation":{"angle":0.0,"axis":"x","origin":[0.22701931,-16.447395,7.806346]},"faces":{"down":{"uv":[7.59375,13.6875,7.5,13.75],"rotation":0,"texture":"#0","tintindex":0},"east":{"uv":[4.8125,13.25,4.875,13.3125],"rotation":0,"texture":"#0","tintindex":0},"north":{"uv":[7.5,13.125,7.59375,13.1875],"rotation":0,"texture":"#0","tintindex":0},"south":{"uv":[7.5,13.25,7.59375,13.3125],"rotation":0,"texture":"#0","tintindex":0},"up":{"uv":[7.59375,13.4375,7.5,13.375],"rotation":0,"texture":"#0","tintindex":0},"west":{"uv":[5.0625,13.6875,5.125,13.75],"rotation":0,"texture":"#0","tintindex":0}}}],"display":{"head":{"translation":[0.0,-6.4,0.0],"rotation":[0.0,0.0,0.0],"scale":[3.8095,3.8095,3.8095]}}}