{"textures":{"0":"modelengine:entity/monty"},"elements":[{"name":"cube","from":[8.0,7.9366407,6.2825356],"to":[8.0,8.90336,9.177464],"rotation":{"angle":-22.5,"axis":"x","origin":[8.0,8.0,8.0]},"faces":{"down":{"uv":[6.0375,15.758105,6.54502,15.884505],"rotation":0,"texture":"#0","tintindex":0},"east":{"uv":[6.0375,15.758105,6.54502,15.884505],"rotation":0,"texture":"#0","tintindex":0},"north":{"uv":[6.0375,15.758105,6.54502,15.884505],"rotation":0,"texture":"#0","tintindex":0},"south":{"uv":[6.0375,15.758105,6.54502,15.884505],"rotation":0,"texture":"#0","tintindex":0},"up":{"uv":[6.0375,15.758105,6.54502,15.884505],"rotation":0,"texture":"#0","tintindex":0},"west":{"uv":[6.615625,15.80498,7.123145,15.93138],"rotation":0,"texture":"#0","tintindex":0}}}],"display":{"head":{"translation":[0.0,-6.4,0.0],"rotation":[0.0,0.0,0.0],"scale":[3.8095,3.8095,3.8095]}}}