{"textures":{"0":"modelengine:entity/monty"},"elements":[{"name":"googles_0","from":[6.4656887,4.788703,7.287866],"to":[6.635705,4.873712,9.413067],"rotation":{"angle":0.0,"axis":"x","origin":[8.1943035,4.8312063,7.22982]},"faces":{"down":{"uv":[1.875,6.4444447,2.125,0.8888889],"rotation":0,"texture":"#0","tintindex":0},"east":{"uv":[2.0,0.8888889,2.125,6.4444447],"rotation":90,"texture":"#0","tintindex":0},"north":{"uv":[2.125,0.8888889,1.875,1.1111112],"rotation":0,"texture":"#0","tintindex":0},"south":{"uv":[1.875,6.2222223,2.125,6.4444447],"rotation":0,"texture":"#0","tintindex":0},"up":{"uv":[1.875,0.8888889,2.125,6.4444447],"rotation":0,"texture":"#0","tintindex":0},"west":{"uv":[1.875,0.8888889,2.0,6.4444447],"rotation":270,"texture":"#0","tintindex":0}}},{"name":"googles_1","from":[9.355961,4.788703,7.287866],"to":[9.440969,4.873712,9.413067],"rotation":{"angle":0.0,"axis":"x","origin":[8.1943035,4.8312063,7.22982]},"faces":{"down":{"uv":[6.125,6.4444447,6.25,0.8888889],"rotation":0,"texture":"#0","tintindex":0},"east":{"uv":[6.125,0.8888889,6.25,6.4444447],"rotation":90,"texture":"#0","tintindex":0},"north":{"uv":[6.25,0.8888889,6.125,1.1111112],"rotation":0,"texture":"#0","tintindex":0},"south":{"uv":[6.125,6.2222223,6.25,6.4444447],"rotation":0,"texture":"#0","tintindex":0},"up":{"uv":[6.125,0.8888889,6.25,6.4444447],"rotation":0,"texture":"#0","tintindex":0},"west":{"uv":[6.125,0.8888889,6.25,6.4444447],"rotation":270,"texture":"#0","tintindex":0}}},{"name":"googles_2","from":[6.635705,4.788703,7.3728743],"to":[6.7207127,4.873712,9.328058],"rotation":{"angle":0.0,"axis":"x","origin":[8.1943035,4.8312063,7.22982]},"faces":{"down":{"uv":[2.125,6.2222223,2.25,1.1111112],"rotation":0,"texture":"#0","tintindex":0},"east":{"uv":[2.125,1.1111112,2.25,6.2222223],"rotation":90,"texture":"#0","tintindex":0},"north":{"uv":[2.25,1.1111112,2.125,1.3333334],"rotation":0,"texture":"#0","tintindex":0},"south":{"uv":[2.125,6.0,2.25,6.2222223],"rotation":0,"texture":"#0","tintindex":0},"up":{"uv":[2.125,1.1111112,2.25,6.2222223],"rotation":0,"texture":"#0","tintindex":0},"west":{"uv":[2.125,1.1111112,2.25,6.2222223],"rotation":270,"texture":"#0","tintindex":0}}},{"name":"googles_3","from":[9.270952,4.788703,7.3728743],"to":[9.355961,4.873712,9.328058],"rotation":{"angle":0.0,"axis":"x","origin":[8.1943035,4.8312063,7.22982]},"faces":{"down":{"uv":[6.0,6.2222223,6.125,1.1111112],"rotation":0,"texture":"#0","tintindex":0},"east":{"uv":[6.0,1.1111112,6.125,6.2222223],"rotation":90,"texture":"#0","tintindex":0},"north":{"uv":[6.125,1.1111112,6.0,1.3333334],"rotation":0,"texture":"#0","tintindex":0},"south":{"uv":[6.0,6.0,6.125,6.2222223],"rotation":0,"texture":"#0","tintindex":0},"up":{"uv":[6.0,1.1111112,6.125,6.2222223],"rotation":0,"texture":"#0","tintindex":0},"west":{"uv":[6.0,1.1111112,6.125,6.2222223],"rotation":270,"texture":"#0","tintindex":0}}},{"name":"googles_4","from":[9.440969,4.788703,7.3728743],"to":[9.525977,4.873712,9.413067],"rotation":{"angle":0.0,"axis":"x","origin":[8.1943035,4.8312063,7.22982]},"faces":{"down":{"uv":[6.25,6.4444447,6.375,1.1111112],"rotation":0,"texture":"#0","tintindex":0},"east":{"uv":[6.25,1.1111112,6.375,6.4444447],"rotation":90,"texture":"#0","tintindex":0},"north":{"uv":[6.375,1.1111112,6.25,1.3333334],"rotation":0,"texture":"#0","tintindex":0},"south":{"uv":[6.25,6.2222223,6.375,6.4444447],"rotation":0,"texture":"#0","tintindex":0},"up":{"uv":[6.25,1.1111112,6.375,6.4444447],"rotation":0,"texture":"#0","tintindex":0},"west":{"uv":[6.25,1.1111112,6.375,6.4444447],"rotation":270,"texture":"#0","tintindex":0}}},{"name":"googles_5","from":[6.7207127,4.788703,7.4578824],"to":[6.805721,4.873712,9.243051],"rotation":{"angle":0.0,"axis":"x","origin":[8.1943035,4.8312063,7.22982]},"faces":{"down":{"uv":[2.25,6.0,2.375,1.3333334],"rotation":0,"texture":"#0","tintindex":0},"east":{"uv":[2.25,1.3333334,2.375,6.0],"rotation":90,"texture":"#0","tintindex":0},"north":{"uv":[2.375,1.3333334,2.25,1.5555556],"rotation":0,"texture":"#0","tintindex":0},"south":{"uv":[2.25,5.7777777,2.375,6.0],"rotation":0,"texture":"#0","tintindex":0},"up":{"uv":[2.25,1.3333334,2.375,6.0],"rotation":0,"texture":"#0","tintindex":0},"west":{"uv":[2.25,1.3333334,2.375,6.0],"rotation":270,"texture":"#0","tintindex":0}}},{"name":"googles_6","from":[9.1859455,4.788703,7.4578824],"to":[9.270952,4.873712,9.243051],"rotation":{"angle":0.0,"axis":"x","origin":[8.1943035,4.8312063,7.22982]},"faces":{"down":{"uv":[5.875,6.0,6.0,1.3333334],"rotation":0,"texture":"#0","tintindex":0},"east":{"uv":[5.875,1.3333334,6.0,6.0],"rotation":90,"texture":"#0","tintindex":0},"north":{"uv":[6.0,1.3333334,5.875,1.5555556],"rotation":0,"texture":"#0","tintindex":0},"south":{"uv":[5.875,5.7777777,6.0,6.0],"rotation":0,"texture":"#0","tintindex":0},"up":{"uv":[5.875,1.3333334,6.0,6.0],"rotation":0,"texture":"#0","tintindex":0},"west":{"uv":[5.875,1.3333334,6.0,6.0],"rotation":270,"texture":"#0","tintindex":0}}},{"name":"googles_7","from":[6.380681,4.788703,7.5428905],"to":[6.4656887,4.873712,9.498074],"rotation":{"angle":0.0,"axis":"x","origin":[8.1943035,4.8312063,7.22982]},"faces":{"down":{"uv":[1.75,6.6666665,1.875,1.5555556],"rotation":0,"texture":"#0","tintindex":0},"east":{"uv":[1.75,1.5555556,1.875,6.6666665],"rotation":90,"texture":"#0","tintindex":0},"north":{"uv":[1.875,1.5555556,1.75,1.7777778],"rotation":0,"texture":"#0","tintindex":0},"south":{"uv":[1.75,6.4444447,1.875,6.6666665],"rotation":0,"texture":"#0","tintindex":0},"up":{"uv":[1.75,1.5555556,1.875,6.6666665],"rotation":0,"texture":"#0","tintindex":0},"west":{"uv":[1.75,1.5555556,1.875,6.6666665],"rotation":270,"texture":"#0","tintindex":0}}},{"name":"googles_8","from":[9.100937,4.788703,7.5428905],"to":[9.1859455,4.873712,9.243051],"rotation":{"angle":0.0,"axis":"x","origin":[8.1943035,4.8312063,7.22982]},"faces":{"down":{"uv":[5.75,6.0,5.875,1.5555556],"rotation":0,"texture":"#0","tintindex":0},"east":{"uv":[5.75,1.5555556,5.875,6.0],"rotation":90,"texture":"#0","tintindex":0},"north":{"uv":[5.875,1.5555556,5.75,1.7777778],"rotation":0,"texture":"#0","tintindex":0},"south":{"uv":[5.75,5.7777777,5.875,6.0],"rotation":0,"texture":"#0","tintindex":0},"up":{"uv":[5.75,1.5555556,5.875,6.0],"rotation":0,"texture":"#0","tintindex":0},"west":{"uv":[5.75,1.5555556,5.875,6.0],"rotation":270,"texture":"#0","tintindex":0}}},{"name":"googles_9","from":[6.805721,4.788703,7.6278987],"to":[6.890729,4.873712,9.243051],"rotation":{"angle":0.0,"axis":"x","origin":[8.1943035,4.8312063,7.22982]},"faces":{"down":{"uv":[2.375,6.0,2.5,1.7777778],"rotation":0,"texture":"#0","tintindex":0},"east":{"uv":[2.375,1.7777778,2.5,6.0],"rotation":90,"texture":"#0","tintindex":0},"north":{"uv":[2.5,1.7777778,2.375,2.0],"rotation":0,"texture":"#0","tintindex":0},"south":{"uv":[2.375,5.7777777,2.5,6.0],"rotation":0,"texture":"#0","tintindex":0},"up":{"uv":[2.375,1.7777778,2.5,6.0],"rotation":0,"texture":"#0","tintindex":0},"west":{"uv":[2.375,1.7777778,2.5,6.0],"rotation":270,"texture":"#0","tintindex":0}}},{"name":"googles_10","from":[9.525977,4.788703,7.6278987],"to":[9.610985,4.873712,9.498074],"rotation":{"angle":0.0,"axis":"x","origin":[8.1943035,4.8312063,7.22982]},"faces":{"down":{"uv":[6.375,6.6666665,6.5,1.7777778],"rotation":0,"texture":"#0","tintindex":0},"east":{"uv":[6.375,1.7777778,6.5,6.6666665],"rotation":90,"texture":"#0","tintindex":0},"north":{"uv":[6.5,1.7777778,6.375,2.0],"rotation":0,"texture":"#0","tintindex":0},"south":{"uv":[6.375,6.4444447,6.5,6.6666665],"rotation":0,"texture":"#0","tintindex":0},"up":{"uv":[6.375,1.7777778,6.5,6.6666665],"rotation":0,"texture":"#0","tintindex":0},"west":{"uv":[6.375,1.7777778,6.5,6.6666665],"rotation":270,"texture":"#0","tintindex":0}}},{"name":"googles_11","from":[6.295673,4.788703,7.7129064],"to":[6.380681,4.873712,9.583082],"rotation":{"angle":0.0,"axis":"x","origin":[8.1943035,4.8312063,7.22982]},"faces":{"down":{"uv":[1.625,6.888889,1.75,2.0],"rotation":0,"texture":"#0","tintindex":0},"east":{"uv":[1.625,2.0,1.75,6.888889],"rotation":90,"texture":"#0","tintindex":0},"north":{"uv":[1.75,2.0,1.625,2.2222223],"rotation":0,"texture":"#0","tintindex":0},"south":{"uv":[1.625,6.6666665,1.75,6.888889],"rotation":0,"texture":"#0","tintindex":0},"up":{"uv":[1.625,2.0,1.75,6.888889],"rotation":0,"texture":"#0","tintindex":0},"west":{"uv":[1.625,2.0,1.75,6.888889],"rotation":270,"texture":"#0","tintindex":0}}},{"name":"googles_12","from":[6.890729,4.788703,7.7129064],"to":[6.9757366,4.873712,9.243051],"rotation":{"angle":0.0,"axis":"x","origin":[8.1943035,4.8312063,7.22982]},"faces":{"down":{"uv":[2.5,6.0,2.625,2.0],"rotation":0,"texture":"#0","tintindex":0},"east":{"uv":[2.5,2.0,2.625,6.0],"rotation":90,"texture":"#0","tintindex":0},"north":{"uv":[2.625,2.0,2.5,2.2222223],"rotation":0,"texture":"#0","tintindex":0},"south":{"uv":[2.5,5.7777777,2.625,6.0],"rotation":0,"texture":"#0","tintindex":0},"up":{"uv":[2.5,2.0,2.625,6.0],"rotation":0,"texture":"#0","tintindex":0},"west":{"uv":[2.5,2.0,2.625,6.0],"rotation":270,"texture":"#0","tintindex":0}}},{"name":"googles_13","from":[9.015928,4.788703,7.7129064],"to":[9.100937,4.873712,9.243051],"rotation":{"angle":0.0,"axis":"x","origin":[8.1943035,4.8312063,7.22982]},"faces":{"down":{"uv":[5.625,6.0,5.75,2.0],"rotation":0,"texture":"#0","tintindex":0},"east":{"uv":[5.625,2.0,5.75,6.0],"rotation":90,"texture":"#0","tintindex":0},"north":{"uv":[5.75,2.0,5.625,2.2222223],"rotation":0,"texture":"#0","tintindex":0},"south":{"uv":[5.625,5.7777777,5.75,6.0],"rotation":0,"texture":"#0","tintindex":0},"up":{"uv":[5.625,2.0,5.75,6.0],"rotation":0,"texture":"#0","tintindex":0},"west":{"uv":[5.625,2.0,5.75,6.0],"rotation":270,"texture":"#0","tintindex":0}}},{"name":"googles_14","from":[6.9757366,4.788703,7.7979145],"to":[7.0607452,4.873712,9.328058],"rotation":{"angle":0.0,"axis":"x","origin":[8.1943035,4.8312063,7.22982]},"faces":{"down":{"uv":[2.625,6.2222223,2.75,2.2222223],"rotation":0,"texture":"#0","tintindex":0},"east":{"uv":[2.625,2.2222223,2.75,6.2222223],"rotation":90,"texture":"#0","tintindex":0},"north":{"uv":[2.75,2.2222223,2.625,2.4444444],"rotation":0,"texture":"#0","tintindex":0},"south":{"uv":[2.625,6.0,2.75,6.2222223],"rotation":0,"texture":"#0","tintindex":0},"up":{"uv":[2.625,2.2222223,2.75,6.2222223],"rotation":0,"texture":"#0","tintindex":0},"west":{"uv":[2.625,2.2222223,2.75,6.2222223],"rotation":270,"texture":"#0","tintindex":0}}},{"name":"googles_15","from":[8.930921,4.788703,7.7979145],"to":[9.015928,4.873712,9.243051],"rotation":{"angle":0.0,"axis":"x","origin":[8.1943035,4.8312063,7.22982]},"faces":{"down":{"uv":[5.5,6.0,5.625,2.2222223],"rotation":0,"texture":"#0","tintindex":0},"east":{"uv":[5.5,2.2222223,5.625,6.0],"rotation":90,"texture":"#0","tintindex":0},"north":{"uv":[5.625,2.2222223,5.5,2.4444444],"rotation":0,"texture":"#0","tintindex":0},"south":{"uv":[5.5,5.7777777,5.625,6.0],"rotation":0,"texture":"#0","tintindex":0},"up":{"uv":[5.5,2.2222223,5.625,6.0],"rotation":0,"texture":"#0","tintindex":0},"west":{"uv":[5.5,2.2222223,5.625,6.0],"rotation":270,"texture":"#0","tintindex":0}}},{"name":"googles_16","from":[7.0607452,4.788703,7.882922],"to":[7.570793,4.873712,8.477979],"rotation":{"angle":0.0,"axis":"x","origin":[8.1943035,4.8312063,7.22982]},"faces":{"down":{"uv":[2.75,4.0,3.5,2.4444444],"rotation":0,"texture":"#0","tintindex":0},"east":{"uv":[3.375,2.4444444,3.5,4.0],"rotation":90,"texture":"#0","tintindex":0},"north":{"uv":[3.5,2.4444444,2.75,2.6666667],"rotation":0,"texture":"#0","tintindex":0},"south":{"uv":[2.75,3.7777777,3.5,4.0],"rotation":0,"texture":"#0","tintindex":0},"up":{"uv":[2.75,2.4444444,3.5,4.0],"rotation":0,"texture":"#0","tintindex":0},"west":{"uv":[2.75,2.4444444,2.875,4.0],"rotation":270,"texture":"#0","tintindex":0}}},{"name":"googles_17","from":[8.50588,4.788703,7.882922],"to":[8.930921,4.873712,9.328058],"rotation":{"angle":0.0,"axis":"x","origin":[8.1943035,4.8312063,7.22982]},"faces":{"down":{"uv":[4.875,6.2222223,5.5,2.4444444],"rotation":0,"texture":"#0","tintindex":0},"east":{"uv":[5.375,2.4444444,5.5,6.2222223],"rotation":90,"texture":"#0","tintindex":0},"north":{"uv":[5.5,2.4444444,4.875,2.6666667],"rotation":0,"texture":"#0","tintindex":0},"south":{"uv":[4.875,6.0,5.5,6.2222223],"rotation":0,"texture":"#0","tintindex":0},"up":{"uv":[4.875,2.4444444,5.5,6.2222223],"rotation":0,"texture":"#0","tintindex":0},"west":{"uv":[4.875,2.4444444,5.0,6.2222223],"rotation":270,"texture":"#0","tintindex":0}}},{"name":"googles_18","from":[9.610985,4.788703,7.882922],"to":[9.695993,4.873712,9.583082],"rotation":{"angle":0.0,"axis":"x","origin":[8.1943035,4.8312063,7.22982]},"faces":{"down":{"uv":[6.5,6.888889,6.625,2.4444444],"rotation":0,"texture":"#0","tintindex":0},"east":{"uv":[6.5,2.4444444,6.625,6.888889],"rotation":90,"texture":"#0","tintindex":0},"north":{"uv":[6.625,2.4444444,6.5,2.6666667],"rotation":0,"texture":"#0","tintindex":0},"south":{"uv":[6.5,6.6666665,6.625,6.888889],"rotation":0,"texture":"#0","tintindex":0},"up":{"uv":[6.5,2.4444444,6.625,6.888889],"rotation":0,"texture":"#0","tintindex":0},"west":{"uv":[6.5,2.4444444,6.625,6.888889],"rotation":270,"texture":"#0","tintindex":0}}},{"name":"googles_19","from":[7.570793,4.788703,7.9679303],"to":[7.740809,4.873712,8.392971],"rotation":{"angle":0.0,"axis":"x","origin":[8.1943035,4.8312063,7.22982]},"faces":{"down":{"uv":[3.5,3.7777777,3.75,2.6666667],"rotation":0,"texture":"#0","tintindex":0},"east":{"uv":[3.625,2.6666667,3.75,3.7777777],"rotation":90,"texture":"#0","tintindex":0},"north":{"uv":[3.75,2.6666667,3.5,2.8888888],"rotation":0,"texture":"#0","tintindex":0},"south":{"uv":[3.5,3.5555556,3.75,3.7777777],"rotation":0,"texture":"#0","tintindex":0},"up":{"uv":[3.5,2.6666667,3.75,3.7777777],"rotation":0,"texture":"#0","tintindex":0},"west":{"uv":[3.5,2.6666667,3.625,3.7777777],"rotation":270,"texture":"#0","tintindex":0}}},{"name":"googles_20","from":[7.740809,4.788703,7.9679303],"to":[7.825817,4.873712,8.052938],"rotation":{"angle":0.0,"axis":"x","origin":[8.1943035,4.8312063,7.22982]},"faces":{"down":{"uv":[3.75,2.8888888,3.875,2.6666667],"rotation":0,"texture":"#0","tintindex":0},"east":{"uv":[3.75,2.6666667,3.875,2.8888888],"rotation":90,"texture":"#0","tintindex":0},"north":{"uv":[3.875,2.6666667,3.75,2.8888888],"rotation":0,"texture":"#0","tintindex":0},"south":{"uv":[3.75,2.6666667,3.875,2.8888888],"rotation":0,"texture":"#0","tintindex":0},"up":{"uv":[3.75,2.6666667,3.875,2.8888888],"rotation":0,"texture":"#0","tintindex":0},"west":{"uv":[3.75,2.6666667,3.875,2.8888888],"rotation":270,"texture":"#0","tintindex":0}}},{"name":"googles_21","from":[8.165849,4.788703,7.9679303],"to":[8.50588,4.873712,8.052938],"rotation":{"angle":0.0,"axis":"x","origin":[8.1943035,4.8312063,7.22982]},"faces":{"down":{"uv":[4.375,2.8888888,4.875,2.6666667],"rotation":0,"texture":"#0","tintindex":0},"east":{"uv":[4.75,2.6666667,4.875,2.8888888],"rotation":90,"texture":"#0","tintindex":0},"north":{"uv":[4.875,2.6666667,4.375,2.8888888],"rotation":0,"texture":"#0","tintindex":0},"south":{"uv":[4.375,2.6666667,4.875,2.8888888],"rotation":0,"texture":"#0","tintindex":0},"up":{"uv":[4.375,2.6666667,4.875,2.8888888],"rotation":0,"texture":"#0","tintindex":0},"west":{"uv":[4.375,2.6666667,4.5,2.8888888],"rotation":270,"texture":"#0","tintindex":0}}},{"name":"googles_22","from":[6.125657,4.788703,8.052938],"to":[6.295673,4.873712,9.583082],"rotation":{"angle":0.0,"axis":"x","origin":[8.1943035,4.8312063,7.22982]},"faces":{"down":{"uv":[1.375,6.888889,1.625,2.8888888],"rotation":0,"texture":"#0","tintindex":0},"east":{"uv":[1.5,2.8888888,1.625,6.888889],"rotation":90,"texture":"#0","tintindex":0},"north":{"uv":[1.625,2.8888888,1.375,3.1111112],"rotation":0,"texture":"#0","tintindex":0},"south":{"uv":[1.375,6.6666665,1.625,6.888889],"rotation":0,"texture":"#0","tintindex":0},"up":{"uv":[1.375,2.8888888,1.625,6.888889],"rotation":0,"texture":"#0","tintindex":0},"west":{"uv":[1.375,2.8888888,1.5,6.888889],"rotation":270,"texture":"#0","tintindex":0}}},{"name":"googles_23","from":[8.250856,4.788703,8.052938],"to":[8.50588,4.873712,8.137947],"rotation":{"angle":0.0,"axis":"x","origin":[8.1943035,4.8312063,7.22982]},"faces":{"down":{"uv":[4.5,3.1111112,4.875,2.8888888],"rotation":0,"texture":"#0","tintindex":0},"east":{"uv":[4.75,2.8888888,4.875,3.1111112],"rotation":90,"texture":"#0","tintindex":0},"north":{"uv":[4.875,2.8888888,4.5,3.1111112],"rotation":0,"texture":"#0","tintindex":0},"south":{"uv":[4.5,2.8888888,4.875,3.1111112],"rotation":0,"texture":"#0","tintindex":0},"up":{"uv":[4.5,2.8888888,4.875,3.1111112],"rotation":0,"texture":"#0","tintindex":0},"west":{"uv":[4.5,2.8888888,4.625,3.1111112],"rotation":270,"texture":"#0","tintindex":0}}},{"name":"googles_24","from":[9.695993,4.788703,8.052938],"to":[9.781001,4.873712,9.668091],"rotation":{"angle":0.0,"axis":"x","origin":[8.1943035,4.8312063,7.22982]},"faces":{"down":{"uv":[6.625,7.111111,6.75,2.8888888],"rotation":0,"texture":"#0","tintindex":0},"east":{"uv":[6.625,2.8888888,6.75,7.111111],"rotation":90,"texture":"#0","tintindex":0},"north":{"uv":[6.75,2.8888888,6.625,3.1111112],"rotation":0,"texture":"#0","tintindex":0},"south":{"uv":[6.625,6.888889,6.75,7.111111],"rotation":0,"texture":"#0","tintindex":0},"up":{"uv":[6.625,2.8888888,6.75,7.111111],"rotation":0,"texture":"#0","tintindex":0},"west":{"uv":[6.625,2.8888888,6.75,7.111111],"rotation":270,"texture":"#0","tintindex":0}}},{"name":"googles_25","from":[5.955641,4.788703,8.137947],"to":[6.125657,4.873712,8.733003],"rotation":{"angle":0.0,"axis":"x","origin":[8.1943035,4.8312063,7.22982]},"faces":{"down":{"uv":[1.125,4.6666665,1.375,3.1111112],"rotation":0,"texture":"#0","tintindex":0},"east":{"uv":[1.25,3.1111112,1.375,4.6666665],"rotation":90,"texture":"#0","tintindex":0},"north":{"uv":[1.375,3.1111112,1.125,3.3333333],"rotation":0,"texture":"#0","tintindex":0},"south":{"uv":[1.125,4.4444447,1.375,4.6666665],"rotation":0,"texture":"#0","tintindex":0},"up":{"uv":[1.125,3.1111112,1.375,4.6666665],"rotation":0,"texture":"#0","tintindex":0},"west":{"uv":[1.125,3.1111112,1.25,4.6666665],"rotation":270,"texture":"#0","tintindex":0}}},{"name":"googles_26","from":[8.335865,4.788703,8.137947],"to":[8.50588,4.873712,8.392971],"rotation":{"angle":0.0,"axis":"x","origin":[8.1943035,4.8312063,7.22982]},"faces":{"down":{"uv":[4.625,3.7777777,4.875,3.1111112],"rotation":0,"texture":"#0","tintindex":0},"east":{"uv":[4.75,3.1111112,4.875,3.7777777],"rotation":90,"texture":"#0","tintindex":0},"north":{"uv":[4.875,3.1111112,4.625,3.3333333],"rotation":0,"texture":"#0","tintindex":0},"south":{"uv":[4.625,3.5555556,4.875,3.7777777],"rotation":0,"texture":"#0","tintindex":0},"up":{"uv":[4.625,3.1111112,4.875,3.7777777],"rotation":0,"texture":"#0","tintindex":0},"west":{"uv":[4.625,3.1111112,4.75,3.7777777],"rotation":270,"texture":"#0","tintindex":0}}},{"name":"googles_27","from":[9.781001,4.788703,8.137947],"to":[10.036024,4.873712,8.647994],"rotation":{"angle":0.0,"axis":"x","origin":[8.1943035,4.8312063,7.22982]},"faces":{"down":{"uv":[6.75,4.4444447,7.125,3.1111112],"rotation":0,"texture":"#0","tintindex":0},"east":{"uv":[7.0,3.1111112,7.125,4.4444447],"rotation":90,"texture":"#0","tintindex":0},"north":{"uv":[7.125,3.1111112,6.75,3.3333333],"rotation":0,"texture":"#0","tintindex":0},"south":{"uv":[6.75,4.2222223,7.125,4.4444447],"rotation":0,"texture":"#0","tintindex":0},"up":{"uv":[6.75,3.1111112,7.125,4.4444447],"rotation":0,"texture":"#0","tintindex":0},"west":{"uv":[6.75,3.1111112,6.875,4.4444447],"rotation":270,"texture":"#0","tintindex":0}}},{"name":"googles_28","from":[5.615608,4.788703,8.222954],"to":[5.955641,4.873712,8.392971],"rotation":{"angle":0.0,"axis":"x","origin":[8.1943035,4.8312063,7.22982]},"faces":{"down":{"uv":[0.625,3.7777777,1.125,3.3333333],"rotation":0,"texture":"#0","tintindex":0},"east":{"uv":[1.0,3.3333333,1.125,3.7777777],"rotation":90,"texture":"#0","tintindex":0},"north":{"uv":[1.125,3.3333333,0.625,3.5555556],"rotation":0,"texture":"#0","tintindex":0},"south":{"uv":[0.625,3.5555556,1.125,3.7777777],"rotation":0,"texture":"#0","tintindex":0},"up":{"uv":[0.625,3.3333333,1.125,3.7777777],"rotation":0,"texture":"#0","tintindex":0},"west":{"uv":[0.625,3.3333333,0.75,3.7777777],"rotation":270,"texture":"#0","tintindex":0}}},{"name":"googles_29","from":[7.740809,4.788703,8.222954],"to":[8.335865,4.873712,8.392971],"rotation":{"angle":0.0,"axis":"x","origin":[8.1943035,4.8312063,7.22982]},"faces":{"down":{"uv":[3.75,3.7777777,4.625,3.3333333],"rotation":0,"texture":"#0","tintindex":0},"east":{"uv":[4.5,3.3333333,4.625,3.7777777],"rotation":90,"texture":"#0","tintindex":0},"north":{"uv":[4.625,3.3333333,3.75,3.5555556],"rotation":0,"texture":"#0","tintindex":0},"south":{"uv":[3.75,3.5555556,4.625,3.7777777],"rotation":0,"texture":"#0","tintindex":0},"up":{"uv":[3.75,3.3333333,4.625,3.7777777],"rotation":0,"texture":"#0","tintindex":0},"west":{"uv":[3.75,3.3333333,3.875,3.7777777],"rotation":270,"texture":"#0","tintindex":0}}},{"name":"googles_30","from":[10.036024,4.788703,8.222954],"to":[10.291049,4.873712,8.477979],"rotation":{"angle":0.0,"axis":"x","origin":[8.1943035,4.8312063,7.22982]},"faces":{"down":{"uv":[7.125,4.0,7.5,3.3333333],"rotation":0,"texture":"#0","tintindex":0},"east":{"uv":[7.375,3.3333333,7.5,4.0],"rotation":90,"texture":"#0","tintindex":0},"north":{"uv":[7.5,3.3333333,7.125,3.5555556],"rotation":0,"texture":"#0","tintindex":0},"south":{"uv":[7.125,3.7777777,7.5,4.0],"rotation":0,"texture":"#0","tintindex":0},"up":{"uv":[7.125,3.3333333,7.5,4.0],"rotation":0,"texture":"#0","tintindex":0},"west":{"uv":[7.125,3.3333333,7.25,4.0],"rotation":270,"texture":"#0","tintindex":0}}},{"name":"googles_31","from":[5.530601,4.788703,8.307962],"to":[5.615608,8.293713,8.392971],"rotation":{"angle":0.0,"axis":"x","origin":[8.1943035,4.8312063,7.22982]},"faces":{"down":{"uv":[0.5,3.7777777,0.625,3.5555556],"rotation":0,"texture":"#0","tintindex":0},"east":{"uv":[0.5,3.5555556,0.625,3.7777777],"rotation":90,"texture":"#0","tintindex":0},"north":{"uv":[0.625,3.5555556,0.5,3.7777777],"rotation":0,"texture":"#0","tintindex":0},"south":{"uv":[0.5,3.5555556,0.625,3.7777777],"rotation":0,"texture":"#0","tintindex":0},"up":{"uv":[0.5,3.5555556,0.625,3.7777777],"rotation":0,"texture":"#0","tintindex":0},"west":{"uv":[0.5,3.5555556,0.625,3.7777777],"rotation":270,"texture":"#0","tintindex":0}}},{"name":"googles_32","from":[10.291049,4.788703,8.307962],"to":[10.376057,8.293713,8.392971],"rotation":{"angle":0.0,"axis":"x","origin":[8.1943035,4.8312063,7.22982]},"faces":{"down":{"uv":[7.5,3.7777777,7.625,3.5555556],"rotation":0,"texture":"#0","tintindex":0},"east":{"uv":[7.5,3.5555556,7.625,3.7777777],"rotation":90,"texture":"#0","tintindex":0},"north":{"uv":[7.625,3.5555556,7.5,3.7777777],"rotation":0,"texture":"#0","tintindex":0},"south":{"uv":[7.5,3.5555556,7.625,3.7777777],"rotation":0,"texture":"#0","tintindex":0},"up":{"uv":[7.5,3.5555556,7.625,3.7777777],"rotation":0,"texture":"#0","tintindex":0},"west":{"uv":[7.5,3.5555556,7.625,3.7777777],"rotation":270,"texture":"#0","tintindex":0}}},{"name":"googles_33","from":[5.700617,4.788703,8.392971],"to":[5.955641,4.873712,8.477979],"rotation":{"angle":0.0,"axis":"x","origin":[8.1943035,4.8312063,7.22982]},"faces":{"down":{"uv":[0.75,4.0,1.125,3.7777777],"rotation":0,"texture":"#0","tintindex":0},"east":{"uv":[1.0,3.7777777,1.125,4.0],"rotation":90,"texture":"#0","tintindex":0},"north":{"uv":[1.125,3.7777777,0.75,4.0],"rotation":0,"texture":"#0","tintindex":0},"south":{"uv":[0.75,3.7777777,1.125,4.0],"rotation":0,"texture":"#0","tintindex":0},"up":{"uv":[0.75,3.7777777,1.125,4.0],"rotation":0,"texture":"#0","tintindex":0},"west":{"uv":[0.75,3.7777777,0.875,4.0],"rotation":270,"texture":"#0","tintindex":0}}},{"name":"googles_34","from":[8.420874,4.788703,8.392971],"to":[8.50588,4.873712,8.562986],"rotation":{"angle":0.0,"axis":"x","origin":[8.1943035,4.8312063,7.22982]},"faces":{"down":{"uv":[4.75,4.2222223,4.875,3.7777777],"rotation":0,"texture":"#0","tintindex":0},"east":{"uv":[4.75,3.7777777,4.875,4.2222223],"rotation":90,"texture":"#0","tintindex":0},"north":{"uv":[4.875,3.7777777,4.75,4.0],"rotation":0,"texture":"#0","tintindex":0},"south":{"uv":[4.75,4.0,4.875,4.2222223],"rotation":0,"texture":"#0","tintindex":0},"up":{"uv":[4.75,3.7777777,4.875,4.2222223],"rotation":0,"texture":"#0","tintindex":0},"west":{"uv":[4.75,3.7777777,4.875,4.2222223],"rotation":270,"texture":"#0","tintindex":0}}},{"name":"googles_35","from":[5.7856245,4.788703,8.477979],"to":[5.955641,4.873712,8.562986],"rotation":{"angle":0.0,"axis":"x","origin":[8.1943035,4.8312063,7.22982]},"faces":{"down":{"uv":[0.875,4.2222223,1.125,4.0],"rotation":0,"texture":"#0","tintindex":0},"east":{"uv":[1.0,4.0,1.125,4.2222223],"rotation":90,"texture":"#0","tintindex":0},"north":{"uv":[1.125,4.0,0.875,4.2222223],"rotation":0,"texture":"#0","tintindex":0},"south":{"uv":[0.875,4.0,1.125,4.2222223],"rotation":0,"texture":"#0","tintindex":0},"up":{"uv":[0.875,4.0,1.125,4.2222223],"rotation":0,"texture":"#0","tintindex":0},"west":{"uv":[0.875,4.0,1.0,4.2222223],"rotation":270,"texture":"#0","tintindex":0}}},{"name":"googles_36","from":[7.0607452,4.788703,8.477979],"to":[7.400777,4.873712,9.328058],"rotation":{"angle":0.0,"axis":"x","origin":[8.1943035,4.8312063,7.22982]},"faces":{"down":{"uv":[2.75,6.2222223,3.25,4.0],"rotation":0,"texture":"#0","tintindex":0},"east":{"uv":[3.125,4.0,3.25,6.2222223],"rotation":90,"texture":"#0","tintindex":0},"north":{"uv":[3.25,4.0,2.75,4.2222223],"rotation":0,"texture":"#0","tintindex":0},"south":{"uv":[2.75,6.0,3.25,6.2222223],"rotation":0,"texture":"#0","tintindex":0},"up":{"uv":[2.75,4.0,3.25,6.2222223],"rotation":0,"texture":"#0","tintindex":0},"west":{"uv":[2.75,4.0,2.875,6.2222223],"rotation":270,"texture":"#0","tintindex":0}}},{"name":"googles_37","from":[7.400777,4.788703,8.477979],"to":[7.485785,4.873712,8.562986],"rotation":{"angle":0.0,"axis":"x","origin":[8.1943035,4.8312063,7.22982]},"faces":{"down":{"uv":[3.25,4.2222223,3.375,4.0],"rotation":0,"texture":"#0","tintindex":0},"east":{"uv":[3.25,4.0,3.375,4.2222223],"rotation":90,"texture":"#0","tintindex":0},"north":{"uv":[3.375,4.0,3.25,4.2222223],"rotation":0,"texture":"#0","tintindex":0},"south":{"uv":[3.25,4.0,3.375,4.2222223],"rotation":0,"texture":"#0","tintindex":0},"up":{"uv":[3.25,4.0,3.375,4.2222223],"rotation":0,"texture":"#0","tintindex":0},"west":{"uv":[3.25,4.0,3.375,4.2222223],"rotation":270,"texture":"#0","tintindex":0}}},{"name":"googles_38","from":[10.036024,4.788703,8.477979],"to":[10.206041,4.873712,8.562986],"rotation":{"angle":0.0,"axis":"x","origin":[8.1943035,4.8312063,7.22982]},"faces":{"down":{"uv":[7.125,4.2222223,7.375,4.0],"rotation":0,"texture":"#0","tintindex":0},"east":{"uv":[7.25,4.0,7.375,4.2222223],"rotation":90,"texture":"#0","tintindex":0},"north":{"uv":[7.375,4.0,7.125,4.2222223],"rotation":0,"texture":"#0","tintindex":0},"south":{"uv":[7.125,4.0,7.375,4.2222223],"rotation":0,"texture":"#0","tintindex":0},"up":{"uv":[7.125,4.0,7.375,4.2222223],"rotation":0,"texture":"#0","tintindex":0},"west":{"uv":[7.125,4.0,7.25,4.2222223],"rotation":270,"texture":"#0","tintindex":0}}},{"name":"googles_39","from":[5.8706326,4.788703,8.562986],"to":[5.955641,4.873712,8.647994],"rotation":{"angle":0.0,"axis":"x","origin":[8.1943035,4.8312063,7.22982]},"faces":{"down":{"uv":[1.0,4.4444447,1.125,4.2222223],"rotation":0,"texture":"#0","tintindex":0},"east":{"uv":[1.0,4.2222223,1.125,4.4444447],"rotation":90,"texture":"#0","tintindex":0},"north":{"uv":[1.125,4.2222223,1.0,4.4444447],"rotation":0,"texture":"#0","tintindex":0},"south":{"uv":[1.0,4.2222223,1.125,4.4444447],"rotation":0,"texture":"#0","tintindex":0},"up":{"uv":[1.0,4.2222223,1.125,4.4444447],"rotation":0,"texture":"#0","tintindex":0},"west":{"uv":[1.0,4.2222223,1.125,4.4444447],"rotation":270,"texture":"#0","tintindex":0}}},{"name":"googles_40","from":[10.036024,4.788703,8.562986],"to":[10.121033,4.873712,8.647994],"rotation":{"angle":0.0,"axis":"x","origin":[8.1943035,4.8312063,7.22982]},"faces":{"down":{"uv":[7.125,4.4444447,7.25,4.2222223],"rotation":0,"texture":"#0","tintindex":0},"east":{"uv":[7.125,4.2222223,7.25,4.4444447],"rotation":90,"texture":"#0","tintindex":0},"north":{"uv":[7.25,4.2222223,7.125,4.4444447],"rotation":0,"texture":"#0","tintindex":0},"south":{"uv":[7.125,4.2222223,7.25,4.4444447],"rotation":0,"texture":"#0","tintindex":0},"up":{"uv":[7.125,4.2222223,7.25,4.4444447],"rotation":0,"texture":"#0","tintindex":0},"west":{"uv":[7.125,4.2222223,7.25,4.4444447],"rotation":270,"texture":"#0","tintindex":0}}},{"name":"googles_41","from":[9.781001,4.788703,8.647994],"to":[9.951017,4.873712,8.733003],"rotation":{"angle":0.0,"axis":"x","origin":[8.1943035,4.8312063,7.22982]},"faces":{"down":{"uv":[6.75,4.6666665,7.0,4.4444447],"rotation":0,"texture":"#0","tintindex":0},"east":{"uv":[6.875,4.4444447,7.0,4.6666665],"rotation":90,"texture":"#0","tintindex":0},"north":{"uv":[7.0,4.4444447,6.75,4.6666665],"rotation":0,"texture":"#0","tintindex":0},"south":{"uv":[6.75,4.4444447,7.0,4.6666665],"rotation":0,"texture":"#0","tintindex":0},"up":{"uv":[6.75,4.4444447,7.0,4.6666665],"rotation":0,"texture":"#0","tintindex":0},"west":{"uv":[6.75,4.4444447,6.875,4.6666665],"rotation":270,"texture":"#0","tintindex":0}}},{"name":"googles_42","from":[7.400777,4.788703,8.733003],"to":[7.485785,4.873712,9.413067],"rotation":{"angle":0.0,"axis":"x","origin":[8.1943035,4.8312063,7.22982]},"faces":{"down":{"uv":[3.25,6.4444447,3.375,4.6666665],"rotation":0,"texture":"#0","tintindex":0},"east":{"uv":[3.25,4.6666665,3.375,6.4444447],"rotation":90,"texture":"#0","tintindex":0},"north":{"uv":[3.375,4.6666665,3.25,4.888889],"rotation":0,"texture":"#0","tintindex":0},"south":{"uv":[3.25,6.2222223,3.375,6.4444447],"rotation":0,"texture":"#0","tintindex":0},"up":{"uv":[3.25,4.6666665,3.375,6.4444447],"rotation":0,"texture":"#0","tintindex":0},"west":{"uv":[3.25,4.6666665,3.375,6.4444447],"rotation":270,"texture":"#0","tintindex":0}}},{"name":"googles_43","from":[9.781001,4.788703,8.733003],"to":[9.866009,4.873712,9.073034],"rotation":{"angle":0.0,"axis":"x","origin":[8.1943035,4.8312063,7.22982]},"faces":{"down":{"uv":[6.75,5.5555553,6.875,4.6666665],"rotation":0,"texture":"#0","tintindex":0},"east":{"uv":[6.75,4.6666665,6.875,5.5555553],"rotation":90,"texture":"#0","tintindex":0},"north":{"uv":[6.875,4.6666665,6.75,4.888889],"rotation":0,"texture":"#0","tintindex":0},"south":{"uv":[6.75,5.3333335,6.875,5.5555553],"rotation":0,"texture":"#0","tintindex":0},"up":{"uv":[6.75,4.6666665,6.875,5.5555553],"rotation":0,"texture":"#0","tintindex":0},"west":{"uv":[6.75,4.6666665,6.875,5.5555553],"rotation":270,"texture":"#0","tintindex":0}}},{"name":"googles_44","from":[7.485785,4.788703,8.988026],"to":[7.570793,4.873712,9.413067],"rotation":{"angle":0.0,"axis":"x","origin":[8.1943035,4.8312063,7.22982]},"faces":{"down":{"uv":[3.375,6.4444447,3.5,5.3333335],"rotation":0,"texture":"#0","tintindex":0},"east":{"uv":[3.375,5.3333335,3.5,6.4444447],"rotation":90,"texture":"#0","tintindex":0},"north":{"uv":[3.5,5.3333335,3.375,5.5555553],"rotation":0,"texture":"#0","tintindex":0},"south":{"uv":[3.375,6.2222223,3.5,6.4444447],"rotation":0,"texture":"#0","tintindex":0},"up":{"uv":[3.375,5.3333335,3.5,6.4444447],"rotation":0,"texture":"#0","tintindex":0},"west":{"uv":[3.375,5.3333335,3.5,6.4444447],"rotation":270,"texture":"#0","tintindex":0}}},{"name":"googles_45","from":[8.420874,4.788703,8.988026],"to":[8.50588,4.873712,9.498074],"rotation":{"angle":0.0,"axis":"x","origin":[8.1943035,4.8312063,7.22982]},"faces":{"down":{"uv":[4.75,6.6666665,4.875,5.3333335],"rotation":0,"texture":"#0","tintindex":0},"east":{"uv":[4.75,5.3333335,4.875,6.6666665],"rotation":90,"texture":"#0","tintindex":0},"north":{"uv":[4.875,5.3333335,4.75,5.5555553],"rotation":0,"texture":"#0","tintindex":0},"south":{"uv":[4.75,6.4444447,4.875,6.6666665],"rotation":0,"texture":"#0","tintindex":0},"up":{"uv":[4.75,5.3333335,4.875,6.6666665],"rotation":0,"texture":"#0","tintindex":0},"west":{"uv":[4.75,5.3333335,4.875,6.6666665],"rotation":270,"texture":"#0","tintindex":0}}},{"name":"googles_46","from":[7.3157687,4.788703,9.328058],"to":[7.400777,4.873712,9.413067],"rotation":{"angle":0.0,"axis":"x","origin":[8.1943035,4.8312063,7.22982]},"faces":{"down":{"uv":[3.125,6.4444447,3.25,6.2222223],"rotation":0,"texture":"#0","tintindex":0},"east":{"uv":[3.125,6.2222223,3.25,6.4444447],"rotation":90,"texture":"#0","tintindex":0},"north":{"uv":[3.25,6.2222223,3.125,6.4444447],"rotation":0,"texture":"#0","tintindex":0},"south":{"uv":[3.125,6.2222223,3.25,6.4444447],"rotation":0,"texture":"#0","tintindex":0},"up":{"uv":[3.125,6.2222223,3.25,6.4444447],"rotation":0,"texture":"#0","tintindex":0},"west":{"uv":[3.125,6.2222223,3.25,6.4444447],"rotation":270,"texture":"#0","tintindex":0}}},{"name":"googles_47","from":[7.570793,4.788703,9.328058],"to":[7.655801,4.873712,9.498074],"rotation":{"angle":0.0,"axis":"x","origin":[8.1943035,4.8312063,7.22982]},"faces":{"down":{"uv":[3.5,6.6666665,3.625,6.2222223],"rotation":0,"texture":"#0","tintindex":0},"east":{"uv":[3.5,6.2222223,3.625,6.6666665],"rotation":90,"texture":"#0","tintindex":0},"north":{"uv":[3.625,6.2222223,3.5,6.4444447],"rotation":0,"texture":"#0","tintindex":0},"south":{"uv":[3.5,6.4444447,3.625,6.6666665],"rotation":0,"texture":"#0","tintindex":0},"up":{"uv":[3.5,6.2222223,3.625,6.6666665],"rotation":0,"texture":"#0","tintindex":0},"west":{"uv":[3.5,6.2222223,3.625,6.6666665],"rotation":270,"texture":"#0","tintindex":0}}},{"name":"googles_48","from":[8.335865,4.788703,9.328058],"to":[8.420874,4.873712,9.413067],"rotation":{"angle":0.0,"axis":"x","origin":[8.1943035,4.8312063,7.22982]},"faces":{"down":{"uv":[4.625,6.4444447,4.75,6.2222223],"rotation":0,"texture":"#0","tintindex":0},"east":{"uv":[4.625,6.2222223,4.75,6.4444447],"rotation":90,"texture":"#0","tintindex":0},"north":{"uv":[4.75,6.2222223,4.625,6.4444447],"rotation":0,"texture":"#0","tintindex":0},"south":{"uv":[4.625,6.2222223,4.75,6.4444447],"rotation":0,"texture":"#0","tintindex":0},"up":{"uv":[4.625,6.2222223,4.75,6.4444447],"rotation":0,"texture":"#0","tintindex":0},"west":{"uv":[4.625,6.2222223,4.75,6.4444447],"rotation":270,"texture":"#0","tintindex":0}}},{"name":"googles_49","from":[8.50588,4.788703,9.328058],"to":[8.760905,4.873712,9.413067],"rotation":{"angle":0.0,"axis":"x","origin":[8.1943035,4.8312063,7.22982]},"faces":{"down":{"uv":[4.875,6.4444447,5.25,6.2222223],"rotation":0,"texture":"#0","tintindex":0},"east":{"uv":[5.125,6.2222223,5.25,6.4444447],"rotation":90,"texture":"#0","tintindex":0},"north":{"uv":[5.25,6.2222223,4.875,6.4444447],"rotation":0,"texture":"#0","tintindex":0},"south":{"uv":[4.875,6.2222223,5.25,6.4444447],"rotation":0,"texture":"#0","tintindex":0},"up":{"uv":[4.875,6.2222223,5.25,6.4444447],"rotation":0,"texture":"#0","tintindex":0},"west":{"uv":[4.875,6.2222223,5.0,6.4444447],"rotation":270,"texture":"#0","tintindex":0}}},{"name":"googles_50","from":[6.125657,4.788703,9.583082],"to":[6.2106647,4.873712,9.668091],"rotation":{"angle":0.0,"axis":"x","origin":[8.1943035,4.8312063,7.22982]},"faces":{"down":{"uv":[1.375,7.111111,1.5,6.888889],"rotation":0,"texture":"#0","tintindex":0},"east":{"uv":[1.375,6.888889,1.5,7.111111],"rotation":90,"texture":"#0","tintindex":0},"north":{"uv":[1.5,6.888889,1.375,7.111111],"rotation":0,"texture":"#0","tintindex":0},"south":{"uv":[1.375,6.888889,1.5,7.111111],"rotation":0,"texture":"#0","tintindex":0},"up":{"uv":[1.375,6.888889,1.5,7.111111],"rotation":0,"texture":"#0","tintindex":0},"west":{"uv":[1.375,6.888889,1.5,7.111111],"rotation":270,"texture":"#0","tintindex":0}}}],"display":{"head":{"translation":[0.0,-6.4,0.0],"rotation":[0.0,0.0,0.0],"scale":[3.8095,3.8095,3.8095]}}}