{"textures":{"0":"modelengine:entity/monty"},"elements":[{"name":"cube","from":[6.166028,11.355948,5.8462214],"to":[7.822124,12.202666,9.58115],"rotation":{"angle":-22.5,"axis":"z","origin":[6.9940763,11.4493065,7.413686]},"faces":{"down":{"uv":[3.296875,13.375,3.125,13.734375],"rotation":0,"texture":"#0","tintindex":0},"east":{"uv":[6.4375,13.8125,6.796875,13.90625],"rotation":0,"texture":"#0","tintindex":0},"north":{"uv":[3.4375,15.1875,3.609375,15.28125],"rotation":0,"texture":"#0","tintindex":0},"south":{"uv":[4.0625,15.1875,4.234375,15.28125],"rotation":0,"texture":"#0","tintindex":0},"up":{"uv":[2.171875,13.734375,2.0,13.375],"rotation":0,"texture":"#0","tintindex":0},"west":{"uv":[6.4375,14.0,6.796875,14.09375],"rotation":0,"texture":"#0","tintindex":0}}},{"name":"cube","from":[7.6461616,11.053476,5.8462214],"to":[9.302258,11.9601965,9.58115],"rotation":{"angle":22.5,"axis":"z","origin":[7.6642094,11.026836,7.413686]},"faces":{"down":{"uv":[1.921875,13.375,1.75,13.734375],"rotation":0,"texture":"#0","tintindex":0},"east":{"uv":[6.4375,10.625,6.796875,10.71875],"rotation":0,"texture":"#0","tintindex":0},"north":{"uv":[0.875,15.1875,1.046875,15.28125],"rotation":0,"texture":"#0","tintindex":0},"south":{"uv":[1.125,15.1875,1.296875,15.28125],"rotation":0,"texture":"#0","tintindex":0},"up":{"uv":[0.171875,13.734375,0.0,13.375],"rotation":0,"texture":"#0","tintindex":0},"west":{"uv":[6.4375,10.8125,6.796875,10.90625],"rotation":0,"texture":"#0","tintindex":0}}},{"name":"cube","from":[5.7319517,8.525181,5.5462217],"to":[9.668048,8.831901,9.6411495],"rotation":{"angle":0.0,"axis":"x","origin":[6.14,10.95854,7.413686]},"faces":{"down":{"uv":[0.78125,10.1875,0.375,10.59375],"rotation":0,"texture":"#0","tintindex":0},"east":{"uv":[6.75,10.5,7.15625,10.5625],"rotation":0,"texture":"#0","tintindex":0},"north":{"uv":[6.75,9.375,7.15625,9.4375],"rotation":0,"texture":"#0","tintindex":0},"south":{"uv":[6.75,12.625,7.15625,12.6875],"rotation":0,"texture":"#0","tintindex":0},"up":{"uv":[2.53125,8.40625,2.125,8.0],"rotation":0,"texture":"#0","tintindex":0},"west":{"uv":[6.75,13.6875,7.15625,13.75],"rotation":0,"texture":"#0","tintindex":0}}},{"name":"cube","from":[6.181262,10.955481,5.8462214],"to":[6.517358,12.4622,9.58115],"rotation":{"angle":0.0,"axis":"x","origin":[5.68931,11.70884,7.413686]},"faces":{"down":{"uv":[0.78125,10.6875,0.75,11.046875],"rotation":0,"texture":"#0","tintindex":0},"east":{"uv":[5.625,10.75,5.984375,10.90625],"rotation":0,"texture":"#0","tintindex":0},"north":{"uv":[1.625,11.5,1.65625,11.65625],"rotation":0,"texture":"#0","tintindex":0},"south":{"uv":[1.5,12.625,1.53125,12.78125],"rotation":0,"texture":"#0","tintindex":0},"up":{"uv":[2.15625,10.796875,2.125,10.4375],"rotation":0,"texture":"#0","tintindex":0},"west":{"uv":[5.6875,8.3125,6.046875,8.46875],"rotation":0,"texture":"#0","tintindex":0}}},{"name":"cube","from":[8.820387,11.009281,5.8462214],"to":[9.156483,12.516002,9.58115],"rotation":{"angle":0.0,"axis":"x","origin":[5.9284353,11.762641,7.413686]},"faces":{"down":{"uv":[1.96875,11.75,1.9375,12.109375],"rotation":0,"texture":"#0","tintindex":0},"east":{"uv":[5.75,8.5625,6.109375,8.71875],"rotation":0,"texture":"#0","tintindex":0},"north":{"uv":[2.25,12.9375,2.28125,13.09375],"rotation":0,"texture":"#0","tintindex":0},"south":{"uv":[3.25,14.4375,3.28125,14.59375],"rotation":0,"texture":"#0","tintindex":0},"up":{"uv":[2.71875,12.046875,2.6875,11.6875],"rotation":0,"texture":"#0","tintindex":0},"west":{"uv":[5.75,8.8125,6.109375,8.96875],"rotation":0,"texture":"#0","tintindex":0}}},{"name":"cube","from":[5.551952,8.765182,5.7262216],"to":[6.248048,11.771902,9.6411495],"rotation":{"angle":0.0,"axis":"x","origin":[6.14,10.95854,7.413686]},"faces":{"down":{"uv":[6.828125,8.6875,6.75,9.0625],"rotation":0,"texture":"#0","tintindex":0},"east":{"uv":[3.1875,8.3125,3.5625,8.625],"rotation":0,"texture":"#0","tintindex":0},"north":{"uv":[4.3125,14.8125,4.390625,15.125],"rotation":0,"texture":"#0","tintindex":0},"south":{"uv":[3.0625,14.875,3.140625,15.1875],"rotation":0,"texture":"#0","tintindex":0},"up":{"uv":[0.703125,15.125,0.625,14.75],"rotation":0,"texture":"#0","tintindex":0},"west":{"uv":[0.5625,11.1875,0.9375,11.5],"rotation":0,"texture":"#0","tintindex":0}}},{"name":"cube","from":[9.608048,8.945181,6.0262218],"to":[10.388048,10.271902,9.34115],"rotation":{"angle":0.0,"axis":"x","origin":[5.396096,10.95854,7.413686]},"faces":{"down":{"uv":[6.578125,14.875,6.5,15.1875],"rotation":0,"texture":"#0","tintindex":0},"east":{"uv":[5.3125,14.125,5.625,14.265625],"rotation":0,"texture":"#0","tintindex":0},"north":{"uv":[7.3125,13.125,7.390625,13.265625],"rotation":0,"texture":"#0","tintindex":0},"south":{"uv":[7.3125,14.0,7.390625,14.140625],"rotation":0,"texture":"#0","tintindex":0},"up":{"uv":[4.765625,15.1875,4.6875,14.875],"rotation":0,"texture":"#0","tintindex":0},"west":{"uv":[5.6875,14.125,6.0,14.265625],"rotation":0,"texture":"#0","tintindex":0}}},{"name":"cube","from":[4.988048,8.945181,6.0262218],"to":[5.768048,10.271902,9.34115],"rotation":{"angle":0.0,"axis":"x","origin":[5.396096,10.95854,7.413686]},"faces":{"down":{"uv":[7.015625,9.6875,6.9375,10.0],"rotation":0,"texture":"#0","tintindex":0},"east":{"uv":[6.0625,14.125,6.375,14.265625],"rotation":0,"texture":"#0","tintindex":0},"north":{"uv":[0.0,15.375,0.078125,15.515625],"rotation":0,"texture":"#0","tintindex":0},"south":{"uv":[7.375,8.8125,7.453125,8.953125],"rotation":0,"texture":"#0","tintindex":0},"up":{"uv":[7.015625,8.75,6.9375,8.4375],"rotation":0,"texture":"#0","tintindex":0},"west":{"uv":[0.0,14.1875,0.3125,14.328125],"rotation":0,"texture":"#0","tintindex":0}}},{"name":"cube","from":[8.574556,11.111109,5.8462214],"to":[9.630653,12.55783,9.58115],"rotation":{"angle":-45.0,"axis":"z","origin":[8.742605,11.864469,7.413686]},"faces":{"down":{"uv":[3.921875,14.3125,3.8125,14.671875],"rotation":0,"texture":"#0","tintindex":0},"east":{"uv":[5.75,9.0625,6.109375,9.21875],"rotation":0,"texture":"#0","tintindex":0},"north":{"uv":[4.875,15.0625,4.984375,15.21875],"rotation":0,"texture":"#0","tintindex":0},"south":{"uv":[5.0625,15.0625,5.171875,15.21875],"rotation":0,"texture":"#0","tintindex":0},"up":{"uv":[3.734375,14.671875,3.625,14.3125],"rotation":0,"texture":"#0","tintindex":0},"west":{"uv":[5.75,11.0,6.109375,11.15625],"rotation":0,"texture":"#0","tintindex":0}}},{"name":"cube","from":[6.8060217,12.978814,5.8462214],"to":[7.682118,14.425535,9.58115],"rotation":{"angle":45.0,"axis":"z","origin":[9.374069,11.662176,7.413686]},"faces":{"down":{"uv":[6.59375,8.4375,6.5,8.796875],"rotation":0,"texture":"#0","tintindex":0},"east":{"uv":[5.75,11.25,6.109375,11.40625],"rotation":0,"texture":"#0","tintindex":0},"north":{"uv":[7.25,10.75,7.34375,10.90625],"rotation":0,"texture":"#0","tintindex":0},"south":{"uv":[3.0,15.25,3.09375,15.40625],"rotation":0,"texture":"#0","tintindex":0},"up":{"uv":[3.15625,14.796875,3.0625,14.4375],"rotation":0,"texture":"#0","tintindex":0},"west":{"uv":[5.75,12.0625,6.109375,12.21875],"rotation":0,"texture":"#0","tintindex":0}}},{"name":"cube","from":[9.151952,8.765182,5.7262216],"to":[9.848048,11.771902,9.6411495],"rotation":{"angle":0.0,"axis":"x","origin":[6.14,10.95854,7.413686]},"faces":{"down":{"uv":[1.078125,14.75,1.0,15.125],"rotation":0,"texture":"#0","tintindex":0},"east":{"uv":[3.25,9.9375,3.625,10.25],"rotation":0,"texture":"#0","tintindex":0},"north":{"uv":[2.1875,14.9375,2.265625,15.25],"rotation":0,"texture":"#0","tintindex":0},"south":{"uv":[2.8125,14.9375,2.890625,15.25],"rotation":0,"texture":"#0","tintindex":0},"up":{"uv":[0.890625,15.125,0.8125,14.75],"rotation":0,"texture":"#0","tintindex":0},"west":{"uv":[3.25,10.3125,3.625,10.625],"rotation":0,"texture":"#0","tintindex":0}}},{"name":"cube","from":[7.351952,8.765182,5.9062214],"to":[8.048048,11.831901,9.461149],"rotation":{"angle":0.0,"axis":"x","origin":[6.14,10.95854,7.413686]},"faces":{"down":{"uv":[1.640625,14.8125,1.5625,15.15625],"rotation":0,"texture":"#0","tintindex":0},"east":{"uv":[0.3125,10.6875,0.65625,11.0625],"rotation":0,"texture":"#0","tintindex":0},"north":{"uv":[1.1875,14.75,1.265625,15.125],"rotation":0,"texture":"#0","tintindex":0},"south":{"uv":[1.375,14.75,1.453125,15.125],"rotation":0,"texture":"#0","tintindex":0},"up":{"uv":[0.390625,15.15625,0.3125,14.8125],"rotation":0,"texture":"#0","tintindex":0},"west":{"uv":[2.875,9.5,3.21875,9.875],"rotation":0,"texture":"#0","tintindex":0}}},{"name":"cube","from":[8.131952,10.145182,5.7262216],"to":[8.948048,10.9918995,6.581149],"rotation":{"angle":0.0,"axis":"x","origin":[6.14,10.95854,7.413686]},"faces":{"down":{"uv":[7.515625,11.75,7.4375,11.84375],"rotation":0,"texture":"#0","tintindex":0},"east":{"uv":[4.0625,15.375,4.15625,15.46875],"rotation":0,"texture":"#0","tintindex":0},"north":{"uv":[7.4375,10.625,7.515625,10.71875],"rotation":0,"texture":"#0","tintindex":0},"south":{"uv":[7.4375,10.8125,7.515625,10.90625],"rotation":0,"texture":"#0","tintindex":0},"up":{"uv":[3.703125,15.53125,3.625,15.4375],"rotation":0,"texture":"#0","tintindex":0},"west":{"uv":[4.25,15.375,4.34375,15.46875],"rotation":0,"texture":"#0","tintindex":0}}},{"name":"cube","from":[6.331952,10.145182,5.7262216],"to":[7.148048,10.9918995,6.581149],"rotation":{"angle":0.0,"axis":"x","origin":[6.14,10.95854,7.413686]},"faces":{"down":{"uv":[7.515625,12.4375,7.4375,12.53125],"rotation":0,"texture":"#0","tintindex":0},"east":{"uv":[7.375,12.9375,7.46875,13.03125],"rotation":0,"texture":"#0","tintindex":0},"north":{"uv":[7.4375,12.0625,7.515625,12.15625],"rotation":0,"texture":"#0","tintindex":0},"south":{"uv":[7.4375,12.25,7.515625,12.34375],"rotation":0,"texture":"#0","tintindex":0},"up":{"uv":[4.515625,15.53125,4.4375,15.4375],"rotation":0,"texture":"#0","tintindex":0},"west":{"uv":[7.375,13.5,7.46875,13.59375],"rotation":0,"texture":"#0","tintindex":0}}},{"name":"cube","from":[6.2719517,10.565182,5.5462217],"to":[7.208048,10.9918995,6.581149],"rotation":{"angle":22.5,"axis":"x","origin":[7.64,10.5685425,6.1536856]},"faces":{"down":{"uv":[1.84375,15.375,1.75,15.484375],"rotation":0,"texture":"#0","tintindex":0},"east":{"uv":[1.75,15.5625,1.859375,15.609375],"rotation":0,"texture":"#0","tintindex":0},"north":{"uv":[4.1875,15.5625,4.28125,15.609375],"rotation":0,"texture":"#0","tintindex":0},"south":{"uv":[7.5625,12.875,7.65625,12.921875],"rotation":0,"texture":"#0","tintindex":0},"up":{"uv":[1.15625,15.484375,1.0625,15.375],"rotation":0,"texture":"#0","tintindex":0},"west":{"uv":[7.5625,10.1875,7.671875,10.234375],"rotation":0,"texture":"#0","tintindex":0}}},{"name":"cube","from":[8.071952,10.565182,5.5462217],"to":[9.008048,10.9918995,6.581149],"rotation":{"angle":22.5,"axis":"x","origin":[7.64,10.5685425,6.1536856]},"faces":{"down":{"uv":[0.96875,15.375,0.875,15.484375],"rotation":0,"texture":"#0","tintindex":0},"east":{"uv":[0.875,15.5625,0.984375,15.609375],"rotation":0,"texture":"#0","tintindex":0},"north":{"uv":[3.4375,15.5625,3.53125,15.609375],"rotation":0,"texture":"#0","tintindex":0},"south":{"uv":[4.0,15.5625,4.09375,15.609375],"rotation":0,"texture":"#0","tintindex":0},"up":{"uv":[7.46875,8.359375,7.375,8.25],"rotation":0,"texture":"#0","tintindex":0},"west":{"uv":[1.0625,15.5625,1.171875,15.609375],"rotation":0,"texture":"#0","tintindex":0}}},{"name":"cube","from":[6.2719517,9.983637,5.453436],"to":[7.208048,10.4103565,6.488364],"rotation":{"angle":-22.5,"axis":"x","origin":[7.64,10.796998,6.1509]},"faces":{"down":{"uv":[3.53125,15.375,3.4375,15.484375],"rotation":0,"texture":"#0","tintindex":0},"east":{"uv":[7.5625,11.125,7.671875,11.171875],"rotation":0,"texture":"#0","tintindex":0},"north":{"uv":[5.3125,15.5625,5.40625,15.609375],"rotation":0,"texture":"#0","tintindex":0},"south":{"uv":[5.5,15.5625,5.59375,15.609375],"rotation":0,"texture":"#0","tintindex":0},"up":{"uv":[7.46875,11.296875,7.375,11.1875],"rotation":0,"texture":"#0","tintindex":0},"west":{"uv":[7.5625,11.25,7.671875,11.296875],"rotation":0,"texture":"#0","tintindex":0}}},{"name":"cube","from":[8.071952,9.983637,5.453436],"to":[9.008048,10.4103565,6.488364],"rotation":{"angle":-22.5,"axis":"x","origin":[7.64,10.796998,6.1509]},"faces":{"down":{"uv":[7.46875,11.0,7.375,11.109375],"rotation":0,"texture":"#0","tintindex":0},"east":{"uv":[7.5625,10.3125,7.671875,10.359375],"rotation":0,"texture":"#0","tintindex":0},"north":{"uv":[7.5625,13.0,7.65625,13.046875],"rotation":0,"texture":"#0","tintindex":0},"south":{"uv":[5.125,15.5625,5.21875,15.609375],"rotation":0,"texture":"#0","tintindex":0},"up":{"uv":[7.46875,10.359375,7.375,10.25],"rotation":0,"texture":"#0","tintindex":0},"west":{"uv":[7.5625,11.0,7.671875,11.046875],"rotation":0,"texture":"#0","tintindex":0}}},{"name":"cube","from":[8.035856,8.765182,5.7262216],"to":[9.151952,10.0919,9.6411495],"rotation":{"angle":0.0,"axis":"x","origin":[6.103904,10.95854,7.413686]},"faces":{"down":{"uv":[3.421875,9.5,3.3125,9.875],"rotation":0,"texture":"#0","tintindex":0},"east":{"uv":[4.0625,13.8125,4.4375,13.953125],"rotation":0,"texture":"#0","tintindex":0},"north":{"uv":[7.25,10.0,7.359375,10.140625],"rotation":0,"texture":"#0","tintindex":0},"south":{"uv":[2.375,15.25,2.484375,15.390625],"rotation":0,"texture":"#0","tintindex":0},"up":{"uv":[0.484375,10.0,0.375,9.625],"rotation":0,"texture":"#0","tintindex":0},"west":{"uv":[5.875,8.0,6.25,8.140625],"rotation":0,"texture":"#0","tintindex":0}}},{"name":"cube","from":[8.035856,11.105181,5.7262216],"to":[9.151952,11.651901,9.6411495],"rotation":{"angle":0.0,"axis":"x","origin":[6.103904,10.95854,7.413686]},"faces":{"down":{"uv":[1.046875,14.3125,0.9375,14.6875],"rotation":0,"texture":"#0","tintindex":0},"east":{"uv":[6.875,14.0,7.25,14.0625],"rotation":0,"texture":"#0","tintindex":0},"north":{"uv":[0.375,10.0625,0.484375,10.125],"rotation":0,"texture":"#0","tintindex":0},"south":{"uv":[3.5,9.8125,3.609375,9.875],"rotation":0,"texture":"#0","tintindex":0},"up":{"uv":[0.859375,14.6875,0.75,14.3125],"rotation":0,"texture":"#0","tintindex":0},"west":{"uv":[6.9375,8.8125,7.3125,8.875],"rotation":0,"texture":"#0","tintindex":0}}},{"name":"cube","from":[6.235856,8.765182,5.7262216],"to":[7.351952,10.0919,9.6411495],"rotation":{"angle":0.0,"axis":"x","origin":[6.103904,10.95854,7.413686]},"faces":{"down":{"uv":[1.421875,14.3125,1.3125,14.6875],"rotation":0,"texture":"#0","tintindex":0},"east":{"uv":[5.875,9.3125,6.25,9.453125],"rotation":0,"texture":"#0","tintindex":0},"north":{"uv":[7.25,10.5,7.359375,10.640625],"rotation":0,"texture":"#0","tintindex":0},"south":{"uv":[2.5625,15.25,2.671875,15.390625],"rotation":0,"texture":"#0","tintindex":0},"up":{"uv":[1.234375,14.6875,1.125,14.3125],"rotation":0,"texture":"#0","tintindex":0},"west":{"uv":[5.875,9.5625,6.25,9.703125],"rotation":0,"texture":"#0","tintindex":0}}},{"name":"cube","from":[6.235856,11.105181,5.7262216],"to":[7.351952,11.651901,9.6411495],"rotation":{"angle":0.0,"axis":"x","origin":[6.103904,10.95854,7.413686]},"faces":{"down":{"uv":[1.609375,14.3125,1.5,14.6875],"rotation":0,"texture":"#0","tintindex":0},"east":{"uv":[6.9375,8.9375,7.3125,9.0],"rotation":0,"texture":"#0","tintindex":0},"north":{"uv":[4.25,10.4375,4.359375,10.5],"rotation":0,"texture":"#0","tintindex":0},"south":{"uv":[1.75,13.25,1.859375,13.3125],"rotation":0,"texture":"#0","tintindex":0},"up":{"uv":[6.421875,9.6875,6.3125,9.3125],"rotation":0,"texture":"#0","tintindex":0},"west":{"uv":[4.875,14.9375,5.25,15.0],"rotation":0,"texture":"#0","tintindex":0}}},{"name":"cube","from":[6.235856,10.08518,7.946222],"to":[7.351952,11.1119,9.6411495],"rotation":{"angle":0.0,"axis":"x","origin":[6.103904,10.95854,7.413686]},"faces":{"down":{"uv":[0.796875,15.1875,0.6875,15.34375],"rotation":0,"texture":"#0","tintindex":0},"east":{"uv":[7.125,14.625,7.28125,14.734375],"rotation":0,"texture":"#0","tintindex":0},"north":{"uv":[4.75,15.3125,4.859375,15.421875],"rotation":0,"texture":"#0","tintindex":0},"south":{"uv":[4.9375,15.3125,5.046875,15.421875],"rotation":0,"texture":"#0","tintindex":0},"up":{"uv":[0.609375,15.34375,0.5,15.1875],"rotation":0,"texture":"#0","tintindex":0},"west":{"uv":[7.125,14.8125,7.28125,14.921875],"rotation":0,"texture":"#0","tintindex":0}}},{"name":"cube","from":[8.035856,10.08518,7.946222],"to":[9.151952,11.1119,9.6411495],"rotation":{"angle":0.0,"axis":"x","origin":[6.103904,10.95854,7.413686]},"faces":{"down":{"uv":[7.234375,14.125,7.125,14.28125],"rotation":0,"texture":"#0","tintindex":0},"east":{"uv":[7.125,11.0,7.28125,11.109375],"rotation":0,"texture":"#0","tintindex":0},"north":{"uv":[2.1875,15.3125,2.296875,15.421875],"rotation":0,"texture":"#0","tintindex":0},"south":{"uv":[3.875,15.3125,3.984375,15.421875],"rotation":0,"texture":"#0","tintindex":0},"up":{"uv":[7.234375,13.28125,7.125,13.125],"rotation":0,"texture":"#0","tintindex":0},"west":{"uv":[7.125,11.1875,7.28125,11.296875],"rotation":0,"texture":"#0","tintindex":0}}},{"name":"cube","from":[7.351952,11.70518,5.9062214],"to":[8.048048,12.731901,9.521151],"rotation":{"angle":0.0,"axis":"x","origin":[6.14,10.358541,7.413686]},"faces":{"down":{"uv":[2.703125,14.8125,2.625,15.15625],"rotation":0,"texture":"#0","tintindex":0},"east":{"uv":[6.3125,10.4375,6.65625,10.546875],"rotation":0,"texture":"#0","tintindex":0},"north":{"uv":[7.4375,10.0,7.515625,10.109375],"rotation":0,"texture":"#0","tintindex":0},"south":{"uv":[7.4375,10.4375,7.515625,10.546875],"rotation":0,"texture":"#0","tintindex":0},"up":{"uv":[2.515625,15.15625,2.4375,14.8125],"rotation":0,"texture":"#0","tintindex":0},"west":{"uv":[6.3125,12.9375,6.65625,13.046875],"rotation":0,"texture":"#0","tintindex":0}}},{"name":"cube","from":[7.351952,12.125181,6.3262215],"to":[8.048048,13.331901,9.281149],"rotation":{"angle":-22.5,"axis":"x","origin":[7.7,12.248542,7.8336854]},"faces":{"down":{"uv":[3.328125,14.9375,3.25,15.25],"rotation":0,"texture":"#0","tintindex":0},"east":{"uv":[4.0,14.0625,4.3125,14.21875],"rotation":0,"texture":"#0","tintindex":0},"north":{"uv":[5.875,15.25,5.953125,15.40625],"rotation":0,"texture":"#0","tintindex":0},"south":{"uv":[6.5,15.25,6.578125,15.40625],"rotation":0,"texture":"#0","tintindex":0},"up":{"uv":[7.015625,11.3125,6.9375,11.0],"rotation":0,"texture":"#0","tintindex":0},"west":{"uv":[6.0625,13.875,6.375,14.03125],"rotation":0,"texture":"#0","tintindex":0}}},{"name":"cube","from":[7.351952,11.836638,5.232536],"to":[8.048048,13.943358,7.947464],"rotation":{"angle":22.5,"axis":"x","origin":[7.7,11.839999,8.0]},"faces":{"down":{"uv":[1.828125,15.0,1.75,15.28125],"rotation":0,"texture":"#0","tintindex":0},"east":{"uv":[5.375,12.0625,5.65625,12.28125],"rotation":0,"texture":"#0","tintindex":0},"north":{"uv":[7.125,8.4375,7.203125,8.65625],"rotation":0,"texture":"#0","tintindex":0},"south":{"uv":[7.125,9.6875,7.203125,9.90625],"rotation":0,"texture":"#0","tintindex":0},"up":{"uv":[0.078125,15.28125,0.0,15.0],"rotation":0,"texture":"#0","tintindex":0},"west":{"uv":[4.8125,13.375,5.09375,13.59375],"rotation":0,"texture":"#0","tintindex":0}}}],"display":{"head":{"translation":[0.0,-6.4,0.0],"rotation":[0.0,0.0,0.0],"scale":[3.8095,3.8095,3.8095]}}}