{"textures":{"0":"modelengine:entity/redkar"},"elements":[{"name":"cube","from":[12.481115,10.56978,5.326496],"to":[13.227227,11.315893,17.637344],"rotation":{"angle":0.0,"axis":"x","origin":[5.393051,9.077557,11.295391]},"faces":{"down":{"uv":[8.578125,7.78125,8.546875,8.8125],"rotation":0,"texture":"#0","tintindex":0},"east":{"uv":[8.0,8.8125,8.515625,8.875],"rotation":0,"texture":"#0","tintindex":0},"north":{"uv":[8.515625,8.8125,8.546875,8.875],"rotation":0,"texture":"#0","tintindex":0},"south":{"uv":[9.0625,8.8125,9.09375,8.875],"rotation":0,"texture":"#0","tintindex":0},"up":{"uv":[8.546875,8.8125,8.515625,7.78125],"rotation":0,"texture":"#0","tintindex":0},"west":{"uv":[8.546875,8.8125,9.0625,8.875],"rotation":0,"texture":"#0","tintindex":0}}},{"name":"cube","from":[-1.695013,10.56978,-8.476577],"to":[12.481115,13.181173,29.94819],"rotation":{"angle":0.0,"axis":"x","origin":[5.393051,9.077557,11.295391]},"faces":{"down":{"uv":[10.796875,0.0,10.203125,3.21875],"rotation":0,"texture":"#0","tintindex":0},"east":{"uv":[8.0,3.21875,9.609375,3.4375],"rotation":0,"texture":"#0","tintindex":0},"north":{"uv":[9.609375,3.21875,10.203125,3.4375],"rotation":0,"texture":"#0","tintindex":0},"south":{"uv":[11.8125,3.21875,12.40625,3.4375],"rotation":0,"texture":"#0","tintindex":0},"up":{"uv":[10.203125,3.21875,9.609375,0.0],"rotation":0,"texture":"#0","tintindex":0},"west":{"uv":[10.203125,3.21875,11.8125,3.4375],"rotation":0,"texture":"#0","tintindex":0}}},{"name":"cube","from":[-1.695013,12.4350605,15.995897],"to":[12.481115,15.419509,30.545082],"rotation":{"angle":0.0,"axis":"x","origin":[5.393051,14.300341,27.3368]},"faces":{"down":{"uv":[9.796875,3.4375,9.203125,4.65625],"rotation":0,"texture":"#0","tintindex":0},"east":{"uv":[8.0,4.65625,8.609375,4.90625],"rotation":0,"texture":"#0","tintindex":0},"north":{"uv":[8.609375,4.65625,9.203125,4.90625],"rotation":0,"texture":"#0","tintindex":0},"south":{"uv":[9.8125,4.65625,10.40625,4.90625],"rotation":0,"texture":"#0","tintindex":0},"up":{"uv":[9.203125,4.65625,8.609375,3.4375],"rotation":0,"texture":"#0","tintindex":0},"west":{"uv":[9.203125,4.65625,9.8125,4.90625],"rotation":0,"texture":"#0","tintindex":0}}},{"name":"cube","from":[12.070754,16.16562,4.580384],"to":[12.4438095,21.015348,23.233185],"rotation":{"angle":0.0,"axis":"x","origin":[5.393051,9.077557,11.295391]},"faces":{"down":{"uv":[9.9375,5.0,9.921875,6.5625],"rotation":0,"texture":"#0","tintindex":0},"east":{"uv":[9.125,6.5625,9.90625,6.96875],"rotation":0,"texture":"#0","tintindex":0},"north":{"uv":[9.90625,6.5625,9.921875,6.96875],"rotation":0,"texture":"#0","tintindex":0},"south":{"uv":[10.703125,6.5625,10.71875,6.96875],"rotation":0,"texture":"#0","tintindex":0},"up":{"uv":[9.921875,6.5625,9.90625,5.0],"rotation":0,"texture":"#0","tintindex":0},"west":{"uv":[9.921875,6.5625,10.703125,6.96875],"rotation":0,"texture":"#0","tintindex":0}}},{"name":"cube","from":[-2.4411244,11.315893,5.326496],"to":[-1.695013,16.16562,17.637344],"rotation":{"angle":0.0,"axis":"x","origin":[-2.0680695,13.740757,11.48192]},"faces":{"down":{"uv":[12.109375,5.0,12.078125,6.03125],"rotation":0,"texture":"#0","tintindex":0},"east":{"uv":[11.53125,6.03125,12.046875,6.4375],"rotation":0,"texture":"#0","tintindex":0},"north":{"uv":[12.046875,6.03125,12.078125,6.4375],"rotation":0,"texture":"#0","tintindex":0},"south":{"uv":[12.59375,6.03125,12.625,6.4375],"rotation":0,"texture":"#0","tintindex":0},"up":{"uv":[12.078125,6.03125,12.046875,5.0],"rotation":0,"texture":"#0","tintindex":0},"west":{"uv":[12.078125,6.03125,12.59375,6.4375],"rotation":0,"texture":"#0","tintindex":0}}},{"name":"cube","from":[-0.9489007,12.211227,14.503674],"to":[11.7350025,18.180122,15.995897],"rotation":{"angle":22.5,"axis":"x","origin":[5.393051,15.195675,15.249785]},"faces":{"down":{"uv":[13.15625,7.1875,12.625,7.3125],"rotation":0,"texture":"#0","tintindex":0},"east":{"uv":[12.03125,7.3125,12.09375,7.8125],"rotation":0,"texture":"#0","tintindex":0},"north":{"uv":[12.09375,7.3125,12.625,7.8125],"rotation":0,"texture":"#0","tintindex":0},"south":{"uv":[12.6875,7.3125,13.21875,7.8125],"rotation":0,"texture":"#0","tintindex":0},"up":{"uv":[12.625,7.3125,12.09375,7.1875],"rotation":0,"texture":"#0","tintindex":0},"west":{"uv":[12.625,7.3125,12.6875,7.8125],"rotation":0,"texture":"#0","tintindex":0}}},{"name":"cube","from":[-4.6421556,16.16562,3.0135484],"to":[-3.1499314,17.657845,3.3866043],"rotation":{"angle":22.5,"axis":"y","origin":[-3.9333496,16.911734,2.9016318]},"faces":{"down":{"uv":[8.890625,0.21875,8.953125,0.25],"rotation":0,"texture":"#0","tintindex":0},"east":{"uv":[8.90625,0.25,8.890625,0.375],"rotation":0,"texture":"#0","tintindex":0},"north":{"uv":[8.890625,0.25,8.828125,0.375],"rotation":0,"texture":"#0","tintindex":0},"south":{"uv":[8.96875,0.25,8.90625,0.375],"rotation":0,"texture":"#0","tintindex":0},"up":{"uv":[8.828125,0.25,8.890625,0.21875],"rotation":0,"texture":"#0","tintindex":0},"west":{"uv":[8.828125,0.25,8.8125,0.375],"rotation":0,"texture":"#0","tintindex":0}}},{"name":"cube","from":[0.916379,13.181173,-8.7750225],"to":[9.123611,16.538677,5.7741623],"rotation":{"angle":0.0,"axis":"x","origin":[5.019995,14.859925,-1.5004292]},"faces":{"down":{"uv":[9.296875,4.90625,8.953125,6.125],"rotation":0,"texture":"#0","tintindex":0},"east":{"uv":[8.0,6.125,8.609375,6.40625],"rotation":0,"texture":"#0","tintindex":0},"north":{"uv":[8.609375,6.125,8.953125,6.40625],"rotation":0,"texture":"#0","tintindex":0},"south":{"uv":[9.5625,6.125,9.90625,6.40625],"rotation":0,"texture":"#0","tintindex":0},"up":{"uv":[8.953125,6.125,8.609375,4.90625],"rotation":0,"texture":"#0","tintindex":0},"west":{"uv":[8.953125,6.125,9.5625,6.40625],"rotation":0,"texture":"#0","tintindex":0}}},{"name":"cube","from":[-2.8141809,10.56978,-8.02891],"to":[-2.0680695,13.181173,5.7741623],"rotation":{"angle":0.0,"axis":"x","origin":[5.019995,9.077557,11.743059]},"faces":{"down":{"uv":[11.4375,1.5,11.40625,2.65625],"rotation":0,"texture":"#0","tintindex":0},"east":{"uv":[10.796875,2.65625,11.375,2.875],"rotation":0,"texture":"#0","tintindex":0},"north":{"uv":[11.375,2.65625,11.40625,2.875],"rotation":0,"texture":"#0","tintindex":0},"south":{"uv":[11.984375,2.65625,12.015625,2.875],"rotation":0,"texture":"#0","tintindex":0},"up":{"uv":[11.40625,2.65625,11.375,1.5],"rotation":0,"texture":"#0","tintindex":0},"west":{"uv":[11.40625,2.65625,11.984375,2.875],"rotation":0,"texture":"#0","tintindex":0}}},{"name":"cube","from":[0.54332304,13.181173,-8.02891],"to":[0.916379,15.792564,5.7741623],"rotation":{"angle":0.0,"axis":"x","origin":[5.019995,9.077557,11.743059]},"faces":{"down":{"uv":[9.25,6.96875,9.234375,8.125],"rotation":0,"texture":"#0","tintindex":0},"east":{"uv":[8.640625,8.125,9.21875,8.34375],"rotation":0,"texture":"#0","tintindex":0},"north":{"uv":[9.21875,8.125,9.234375,8.34375],"rotation":0,"texture":"#0","tintindex":0},"south":{"uv":[9.8125,8.125,9.828125,8.34375],"rotation":0,"texture":"#0","tintindex":0},"up":{"uv":[9.234375,8.125,9.21875,6.96875],"rotation":0,"texture":"#0","tintindex":0},"west":{"uv":[9.234375,8.125,9.8125,8.34375],"rotation":0,"texture":"#0","tintindex":0}}},{"name":"cube","from":[-2.8141809,13.181173,-9.148077],"to":[0.54332304,16.16562,5.7741623],"rotation":{"angle":0.0,"axis":"x","origin":[-1.1354289,14.673397,-1.6869578]},"faces":{"down":{"uv":[10.84375,5.0,10.703125,6.25],"rotation":0,"texture":"#0","tintindex":0},"east":{"uv":[9.9375,6.25,10.5625,6.5],"rotation":0,"texture":"#0","tintindex":0},"north":{"uv":[10.5625,6.25,10.703125,6.5],"rotation":0,"texture":"#0","tintindex":0},"south":{"uv":[11.328125,6.25,11.46875,6.5],"rotation":0,"texture":"#0","tintindex":0},"up":{"uv":[10.703125,6.25,10.5625,5.0],"rotation":0,"texture":"#0","tintindex":0},"west":{"uv":[10.703125,6.25,11.328125,6.5],"rotation":0,"texture":"#0","tintindex":0}}},{"name":"cube","from":[9.123611,13.181173,-8.02891],"to":[9.496667,15.792564,5.7741623],"rotation":{"angle":0.0,"axis":"x","origin":[5.019995,9.077557,11.743059]},"faces":{"down":{"uv":[12.03125,6.875,12.015625,8.03125],"rotation":0,"texture":"#0","tintindex":0},"east":{"uv":[11.421875,8.03125,12.0,8.25],"rotation":0,"texture":"#0","tintindex":0},"north":{"uv":[12.0,8.03125,12.015625,8.25],"rotation":0,"texture":"#0","tintindex":0},"south":{"uv":[12.59375,8.03125,12.609375,8.25],"rotation":0,"texture":"#0","tintindex":0},"up":{"uv":[12.015625,8.03125,12.0,6.875],"rotation":0,"texture":"#0","tintindex":0},"west":{"uv":[12.015625,8.03125,12.59375,8.25],"rotation":0,"texture":"#0","tintindex":0}}},{"name":"cube","from":[-1.695013,15.860014,4.6490164],"to":[11.7350025,21.828909,5.3951283],"rotation":{"angle":22.5,"axis":"x","origin":[5.019995,18.84446,4.275961]},"faces":{"down":{"uv":[13.234375,2.03125,12.671875,2.09375],"rotation":0,"texture":"#0","tintindex":0},"east":{"uv":[12.078125,2.09375,12.109375,2.59375],"rotation":0,"texture":"#0","tintindex":0},"north":{"uv":[12.109375,2.09375,12.671875,2.59375],"rotation":0,"texture":"#0","tintindex":0},"south":{"uv":[12.703125,2.09375,13.265625,2.59375],"rotation":0,"texture":"#0","tintindex":0},"up":{"uv":[12.671875,2.09375,12.109375,2.03125],"rotation":0,"texture":"#0","tintindex":0},"west":{"uv":[12.671875,2.09375,12.703125,2.59375],"rotation":0,"texture":"#0","tintindex":0}}},{"name":"cube","from":[-2.0680695,15.860014,3.5298486],"to":[12.108059,16.979181,5.7681847],"rotation":{"angle":0.0,"axis":"x","origin":[4.6469393,8.398893,15.094585]},"faces":{"down":{"uv":[11.140625,8.03125,10.546875,8.21875],"rotation":0,"texture":"#0","tintindex":0},"east":{"uv":[9.859375,8.21875,9.953125,8.3125],"rotation":0,"texture":"#0","tintindex":0},"north":{"uv":[9.953125,8.21875,10.546875,8.3125],"rotation":0,"texture":"#0","tintindex":0},"south":{"uv":[10.640625,8.21875,11.234375,8.3125],"rotation":0,"texture":"#0","tintindex":0},"up":{"uv":[10.546875,8.21875,9.953125,8.03125],"rotation":0,"texture":"#0","tintindex":0},"west":{"uv":[10.546875,8.21875,10.640625,8.3125],"rotation":0,"texture":"#0","tintindex":0}}},{"name":"cube","from":[-2.0680695,16.56882,4.3878775],"to":[-1.3219571,21.791603,5.880101],"rotation":{"angle":22.5,"axis":"x","origin":[-1.695013,18.84446,5.0220723]},"faces":{"down":{"uv":[8.5,0.0,8.46875,0.125],"rotation":0,"texture":"#0","tintindex":0},"east":{"uv":[8.375,0.125,8.4375,0.5625],"rotation":0,"texture":"#0","tintindex":0},"north":{"uv":[8.4375,0.125,8.46875,0.5625],"rotation":0,"texture":"#0","tintindex":0},"south":{"uv":[8.53125,0.125,8.5625,0.5625],"rotation":0,"texture":"#0","tintindex":0},"up":{"uv":[8.46875,0.125,8.4375,0.0],"rotation":0,"texture":"#0","tintindex":0},"west":{"uv":[8.46875,0.125,8.53125,0.5625],"rotation":0,"texture":"#0","tintindex":0}}},{"name":"cube","from":[11.361948,16.56882,4.3878775],"to":[12.108059,21.791603,5.880101],"rotation":{"angle":22.5,"axis":"x","origin":[-1.695013,18.84446,5.0220723]},"faces":{"down":{"uv":[8.125,0.0,8.09375,0.125],"rotation":0,"texture":"#0","tintindex":0},"east":{"uv":[8.0,0.125,8.0625,0.5625],"rotation":0,"texture":"#0","tintindex":0},"north":{"uv":[8.0625,0.125,8.09375,0.5625],"rotation":0,"texture":"#0","tintindex":0},"south":{"uv":[8.15625,0.125,8.1875,0.5625],"rotation":0,"texture":"#0","tintindex":0},"up":{"uv":[8.09375,0.125,8.0625,0.0],"rotation":0,"texture":"#0","tintindex":0},"west":{"uv":[8.09375,0.125,8.15625,0.5625],"rotation":0,"texture":"#0","tintindex":0}}},{"name":"cube","from":[13.189921,16.16562,3.0135484],"to":[14.682145,17.657845,3.3866043],"rotation":{"angle":-22.5,"axis":"y","origin":[13.973339,16.911734,2.9016318]},"faces":{"down":{"uv":[8.953125,0.21875,8.890625,0.25],"rotation":0,"texture":"#0","tintindex":0},"east":{"uv":[8.8125,0.25,8.828125,0.375],"rotation":0,"texture":"#0","tintindex":0},"north":{"uv":[8.828125,0.25,8.890625,0.375],"rotation":0,"texture":"#0","tintindex":0},"south":{"uv":[8.90625,0.25,8.96875,0.375],"rotation":0,"texture":"#0","tintindex":0},"up":{"uv":[8.890625,0.25,8.828125,0.21875],"rotation":0,"texture":"#0","tintindex":0},"west":{"uv":[8.890625,0.25,8.90625,0.375],"rotation":0,"texture":"#0","tintindex":0}}},{"name":"cube","from":[12.481115,16.16562,2.4166589],"to":[13.600283,16.911734,2.789715],"rotation":{"angle":-22.5,"axis":"y","origin":[13.0407,16.538677,1.8570747]},"faces":{"down":{"uv":[8.734375,1.46875,8.6875,1.5],"rotation":0,"texture":"#0","tintindex":0},"east":{"uv":[8.625,1.5,8.640625,1.5625],"rotation":0,"texture":"#0","tintindex":0},"north":{"uv":[8.640625,1.5,8.6875,1.5625],"rotation":0,"texture":"#0","tintindex":0},"south":{"uv":[8.703125,1.5,8.75,1.5625],"rotation":0,"texture":"#0","tintindex":0},"up":{"uv":[8.6875,1.5,8.640625,1.46875],"rotation":0,"texture":"#0","tintindex":0},"west":{"uv":[8.6875,1.5,8.703125,1.5625],"rotation":0,"texture":"#0","tintindex":0}}},{"name":"cube","from":[-3.5602932,16.16562,2.4166589],"to":[-2.4411244,16.911734,2.789715],"rotation":{"angle":22.5,"axis":"y","origin":[-3.0007086,16.538677,1.8570747]},"faces":{"down":{"uv":[8.609375,0.0,8.5625,0.03125],"rotation":0,"texture":"#0","tintindex":0},"east":{"uv":[8.5,0.03125,8.515625,0.09375],"rotation":0,"texture":"#0","tintindex":0},"north":{"uv":[8.515625,0.03125,8.5625,0.09375],"rotation":0,"texture":"#0","tintindex":0},"south":{"uv":[8.578125,0.03125,8.625,0.09375],"rotation":0,"texture":"#0","tintindex":0},"up":{"uv":[8.5625,0.03125,8.515625,0.0],"rotation":0,"texture":"#0","tintindex":0},"west":{"uv":[8.5625,0.03125,8.578125,0.09375],"rotation":0,"texture":"#0","tintindex":0}}},{"name":"cube","from":[2.035547,9.450613,-9.521134],"to":[2.7816591,11.688949,-8.02891],"rotation":{"angle":0.0,"axis":"x","origin":[5.019995,9.077557,11.743059]},"faces":{"down":{"uv":[8.6875,1.0,8.65625,1.125],"rotation":0,"texture":"#0","tintindex":0},"east":{"uv":[8.5625,1.125,8.625,1.3125],"rotation":0,"texture":"#0","tintindex":0},"north":{"uv":[8.625,1.125,8.65625,1.3125],"rotation":0,"texture":"#0","tintindex":0},"south":{"uv":[8.71875,1.125,8.75,1.3125],"rotation":0,"texture":"#0","tintindex":0},"up":{"uv":[8.65625,1.125,8.625,1.0],"rotation":0,"texture":"#0","tintindex":0},"west":{"uv":[8.65625,1.125,8.71875,1.3125],"rotation":0,"texture":"#0","tintindex":0}}},{"name":"cube","from":[6.885275,9.450613,-9.521134],"to":[7.631387,11.688949,-8.02891],"rotation":{"angle":0.0,"axis":"x","origin":[5.019995,9.077557,11.743059]},"faces":{"down":{"uv":[8.125,0.65625,8.09375,0.78125],"rotation":0,"texture":"#0","tintindex":0},"east":{"uv":[8.0,0.78125,8.0625,0.96875],"rotation":0,"texture":"#0","tintindex":0},"north":{"uv":[8.0625,0.78125,8.09375,0.96875],"rotation":0,"texture":"#0","tintindex":0},"south":{"uv":[8.15625,0.78125,8.1875,0.96875],"rotation":0,"texture":"#0","tintindex":0},"up":{"uv":[8.09375,0.78125,8.0625,0.65625],"rotation":0,"texture":"#0","tintindex":0},"west":{"uv":[8.09375,0.78125,8.15625,0.96875],"rotation":0,"texture":"#0","tintindex":0}}},{"name":"cube","from":[-0.9489007,9.823669,-9.148077],"to":[10.988892,10.942837,-8.02891],"rotation":{"angle":0.0,"axis":"x","origin":[5.019995,9.077557,11.743059]},"faces":{"down":{"uv":[11.84375,3.03125,11.34375,3.125],"rotation":0,"texture":"#0","tintindex":0},"east":{"uv":[10.796875,3.125,10.84375,3.21875],"rotation":0,"texture":"#0","tintindex":0},"north":{"uv":[10.84375,3.125,11.34375,3.21875],"rotation":0,"texture":"#0","tintindex":0},"south":{"uv":[11.390625,3.125,11.890625,3.21875],"rotation":0,"texture":"#0","tintindex":0},"up":{"uv":[11.34375,3.125,10.84375,3.03125],"rotation":0,"texture":"#0","tintindex":0},"west":{"uv":[11.34375,3.125,11.390625,3.21875],"rotation":0,"texture":"#0","tintindex":0}}},{"name":"cube","from":[10.988892,9.823669,-9.148077],"to":[12.481115,10.56978,-8.02891],"rotation":{"angle":0.0,"axis":"x","origin":[5.019995,9.077557,11.743059]},"faces":{"down":{"uv":[9.359375,0.21875,9.296875,0.3125],"rotation":0,"texture":"#0","tintindex":0},"east":{"uv":[9.1875,0.3125,9.234375,0.375],"rotation":0,"texture":"#0","tintindex":0},"north":{"uv":[9.234375,0.3125,9.296875,0.375],"rotation":0,"texture":"#0","tintindex":0},"south":{"uv":[9.34375,0.3125,9.40625,0.375],"rotation":0,"texture":"#0","tintindex":0},"up":{"uv":[9.296875,0.3125,9.234375,0.21875],"rotation":0,"texture":"#0","tintindex":0},"west":{"uv":[9.296875,0.3125,9.34375,0.375],"rotation":0,"texture":"#0","tintindex":0}}},{"name":"cube","from":[-2.4411244,9.823669,-9.148077],"to":[-0.9489007,10.56978,-8.02891],"rotation":{"angle":0.0,"axis":"x","origin":[5.019995,9.077557,11.743059]},"faces":{"down":{"uv":[8.734375,0.375,8.671875,0.46875],"rotation":0,"texture":"#0","tintindex":0},"east":{"uv":[8.5625,0.46875,8.609375,0.53125],"rotation":0,"texture":"#0","tintindex":0},"north":{"uv":[8.609375,0.46875,8.671875,0.53125],"rotation":0,"texture":"#0","tintindex":0},"south":{"uv":[8.71875,0.46875,8.78125,0.53125],"rotation":0,"texture":"#0","tintindex":0},"up":{"uv":[8.671875,0.46875,8.609375,0.375],"rotation":0,"texture":"#0","tintindex":0},"west":{"uv":[8.671875,0.46875,8.71875,0.53125],"rotation":0,"texture":"#0","tintindex":0}}},{"name":"cube","from":[10.615835,10.196725,-9.521134],"to":[11.7350025,11.315893,-8.02891],"rotation":{"angle":0.0,"axis":"x","origin":[5.019995,9.077557,11.743059]},"faces":{"down":{"uv":[8.765625,2.1875,8.71875,2.3125],"rotation":0,"texture":"#0","tintindex":0},"east":{"uv":[8.609375,2.3125,8.671875,2.40625],"rotation":0,"texture":"#0","tintindex":0},"north":{"uv":[8.671875,2.3125,8.71875,2.40625],"rotation":0,"texture":"#0","tintindex":0},"south":{"uv":[8.78125,2.3125,8.828125,2.40625],"rotation":0,"texture":"#0","tintindex":0},"up":{"uv":[8.71875,2.3125,8.671875,2.1875],"rotation":0,"texture":"#0","tintindex":0},"west":{"uv":[8.71875,2.3125,8.78125,2.40625],"rotation":0,"texture":"#0","tintindex":0}}},{"name":"cube","from":[-1.695013,10.196725,-9.521134],"to":[-0.57584476,11.315893,-8.02891],"rotation":{"angle":0.0,"axis":"x","origin":[5.019995,9.077557,11.743059]},"faces":{"down":{"uv":[8.765625,1.96875,8.71875,2.09375],"rotation":0,"texture":"#0","tintindex":0},"east":{"uv":[8.609375,2.09375,8.671875,2.1875],"rotation":0,"texture":"#0","tintindex":0},"north":{"uv":[8.671875,2.09375,8.71875,2.1875],"rotation":0,"texture":"#0","tintindex":0},"south":{"uv":[8.78125,2.09375,8.828125,2.1875],"rotation":0,"texture":"#0","tintindex":0},"up":{"uv":[8.71875,2.09375,8.671875,1.96875],"rotation":0,"texture":"#0","tintindex":0},"west":{"uv":[8.71875,2.09375,8.78125,2.1875],"rotation":0,"texture":"#0","tintindex":0}}},{"name":"cube","from":[3.154715,10.196725,-9.334605],"to":[6.5122194,11.315893,-8.961548],"rotation":{"angle":0.0,"axis":"x","origin":[5.019995,9.077557,11.743059]},"faces":{"down":{"uv":[8.671875,0.875,8.53125,0.90625],"rotation":0,"texture":"#0","tintindex":0},"east":{"uv":[8.375,0.90625,8.390625,1.0],"rotation":0,"texture":"#0","tintindex":0},"north":{"uv":[8.390625,0.90625,8.53125,1.0],"rotation":0,"texture":"#0","tintindex":0},"south":{"uv":[8.546875,0.90625,8.6875,1.0],"rotation":0,"texture":"#0","tintindex":0},"up":{"uv":[8.53125,0.90625,8.390625,0.875],"rotation":0,"texture":"#0","tintindex":0},"west":{"uv":[8.53125,0.90625,8.546875,1.0],"rotation":0,"texture":"#0","tintindex":0}}},{"name":"cube","from":[12.108059,10.56978,-8.02891],"to":[12.854172,13.181173,5.7741623],"rotation":{"angle":0.0,"axis":"x","origin":[5.019995,9.077557,11.743059]},"faces":{"down":{"uv":[11.40625,1.5,11.4375,2.65625],"rotation":0,"texture":"#0","tintindex":0},"east":{"uv":[11.984375,2.65625,11.40625,2.875],"rotation":0,"texture":"#0","tintindex":0},"north":{"uv":[11.40625,2.65625,11.375,2.875],"rotation":0,"texture":"#0","tintindex":0},"south":{"uv":[12.015625,2.65625,11.984375,2.875],"rotation":0,"texture":"#0","tintindex":0},"up":{"uv":[11.375,2.65625,11.40625,1.5],"rotation":0,"texture":"#0","tintindex":0},"west":{"uv":[11.375,2.65625,10.796875,2.875],"rotation":0,"texture":"#0","tintindex":0}}},{"name":"cube","from":[9.496667,13.181173,-9.148077],"to":[12.854172,16.16562,5.7741623],"rotation":{"angle":0.0,"axis":"x","origin":[11.175419,14.673397,-1.6869578]},"faces":{"down":{"uv":[10.703125,5.0,10.84375,6.25],"rotation":0,"texture":"#0","tintindex":0},"east":{"uv":[11.328125,6.25,10.703125,6.5],"rotation":0,"texture":"#0","tintindex":0},"north":{"uv":[10.703125,6.25,10.5625,6.5],"rotation":0,"texture":"#0","tintindex":0},"south":{"uv":[11.46875,6.25,11.328125,6.5],"rotation":0,"texture":"#0","tintindex":0},"up":{"uv":[10.5625,6.25,10.703125,5.0],"rotation":0,"texture":"#0","tintindex":0},"west":{"uv":[10.5625,6.25,9.9375,6.5],"rotation":0,"texture":"#0","tintindex":0}}},{"name":"cube","from":[-0.9489007,12.211227,9.2808895],"to":[11.7350025,13.330396,14.503674],"rotation":{"angle":0.0,"axis":"x","origin":[5.393051,14.300341,27.3368]},"faces":{"down":{"uv":[12.984375,0.0,12.453125,0.4375],"rotation":0,"texture":"#0","tintindex":0},"east":{"uv":[11.703125,0.4375,11.921875,0.53125],"rotation":0,"texture":"#0","tintindex":0},"north":{"uv":[11.921875,0.4375,12.453125,0.53125],"rotation":0,"texture":"#0","tintindex":0},"south":{"uv":[12.671875,0.4375,13.203125,0.53125],"rotation":0,"texture":"#0","tintindex":0},"up":{"uv":[12.453125,0.4375,11.921875,0.0],"rotation":0,"texture":"#0","tintindex":0},"west":{"uv":[12.453125,0.4375,12.671875,0.53125],"rotation":0,"texture":"#0","tintindex":0}}},{"name":"cube","from":[0.916379,15.152932,3.881743],"to":[2.035547,16.2721,9.850639],"rotation":{"angle":-45.0,"axis":"x","origin":[1.4759634,15.712517,7.052719]},"faces":{"down":{"uv":[8.953125,1.96875,8.90625,2.46875],"rotation":0,"texture":"#0","tintindex":0},"east":{"uv":[8.609375,2.46875,8.859375,2.5625],"rotation":0,"texture":"#0","tintindex":0},"north":{"uv":[8.859375,2.46875,8.90625,2.5625],"rotation":0,"texture":"#0","tintindex":0},"south":{"uv":[9.15625,2.46875,9.203125,2.5625],"rotation":0,"texture":"#0","tintindex":0},"up":{"uv":[8.90625,2.46875,8.859375,1.96875],"rotation":0,"texture":"#0","tintindex":0},"west":{"uv":[8.90625,2.46875,9.15625,2.5625],"rotation":0,"texture":"#0","tintindex":0}}},{"name":"cube","from":[3.154715,14.033765,8.917999],"to":[3.5277712,17.39127,9.291056],"rotation":{"angle":-45.0,"axis":"x","origin":[1.4759634,15.712517,7.052719]},"faces":{"down":{"uv":[8.734375,0.53125,8.71875,0.5625],"rotation":0,"texture":"#0","tintindex":0},"east":{"uv":[8.6875,0.5625,8.703125,0.84375],"rotation":0,"texture":"#0","tintindex":0},"north":{"uv":[8.703125,0.5625,8.71875,0.84375],"rotation":0,"texture":"#0","tintindex":0},"south":{"uv":[8.734375,0.5625,8.75,0.84375],"rotation":0,"texture":"#0","tintindex":0},"up":{"uv":[8.71875,0.5625,8.703125,0.53125],"rotation":0,"texture":"#0","tintindex":0},"west":{"uv":[8.71875,0.5625,8.734375,0.84375],"rotation":0,"texture":"#0","tintindex":0}}},{"name":"cube","from":[-0.57584476,14.033765,8.917999],"to":[-0.20278835,17.39127,9.291056],"rotation":{"angle":-45.0,"axis":"x","origin":[1.4759634,15.712517,7.052719]},"faces":{"down":{"uv":[8.234375,0.0,8.21875,0.03125],"rotation":0,"texture":"#0","tintindex":0},"east":{"uv":[8.1875,0.03125,8.203125,0.3125],"rotation":0,"texture":"#0","tintindex":0},"north":{"uv":[8.203125,0.03125,8.21875,0.3125],"rotation":0,"texture":"#0","tintindex":0},"south":{"uv":[8.234375,0.03125,8.25,0.3125],"rotation":0,"texture":"#0","tintindex":0},"up":{"uv":[8.21875,0.03125,8.203125,0.0],"rotation":0,"texture":"#0","tintindex":0},"west":{"uv":[8.21875,0.03125,8.234375,0.3125],"rotation":0,"texture":"#0","tintindex":0}}},{"name":"cube","from":[-0.20278835,14.033765,8.917999],"to":[3.154715,14.406821,9.291056],"rotation":{"angle":-45.0,"axis":"x","origin":[1.4759634,15.712517,7.052719]},"faces":{"down":{"uv":[8.609375,1.46875,8.46875,1.5],"rotation":0,"texture":"#0","tintindex":0},"east":{"uv":[8.3125,1.5,8.328125,1.53125],"rotation":0,"texture":"#0","tintindex":0},"north":{"uv":[8.328125,1.5,8.46875,1.53125],"rotation":0,"texture":"#0","tintindex":0},"south":{"uv":[8.484375,1.5,8.625,1.53125],"rotation":0,"texture":"#0","tintindex":0},"up":{"uv":[8.46875,1.5,8.328125,1.46875],"rotation":0,"texture":"#0","tintindex":0},"west":{"uv":[8.46875,1.5,8.484375,1.53125],"rotation":0,"texture":"#0","tintindex":0}}},{"name":"cube","from":[-0.20278835,15.152932,8.731471],"to":[3.154715,16.2721,9.1045265],"rotation":{"angle":-45.0,"axis":"x","origin":[1.4759634,15.712517,7.052719]},"faces":{"down":{"uv":[8.296875,1.40625,8.15625,1.4375],"rotation":0,"texture":"#0","tintindex":0},"east":{"uv":[8.0,1.4375,8.015625,1.53125],"rotation":0,"texture":"#0","tintindex":0},"north":{"uv":[8.015625,1.4375,8.15625,1.53125],"rotation":0,"texture":"#0","tintindex":0},"south":{"uv":[8.171875,1.4375,8.3125,1.53125],"rotation":0,"texture":"#0","tintindex":0},"up":{"uv":[8.15625,1.4375,8.015625,1.40625],"rotation":0,"texture":"#0","tintindex":0},"west":{"uv":[8.15625,1.4375,8.171875,1.53125],"rotation":0,"texture":"#0","tintindex":0}}},{"name":"cube","from":[-1.6577072,16.16562,4.580384],"to":[-1.2846508,21.015348,23.233185],"rotation":{"angle":0.0,"axis":"x","origin":[-1.47118,18.590485,13.906784]},"faces":{"down":{"uv":[9.921875,5.0,9.9375,6.5625],"rotation":0,"texture":"#0","tintindex":0},"east":{"uv":[10.703125,6.5625,9.921875,6.96875],"rotation":0,"texture":"#0","tintindex":0},"north":{"uv":[9.921875,6.5625,9.90625,6.96875],"rotation":0,"texture":"#0","tintindex":0},"south":{"uv":[10.71875,6.5625,10.703125,6.96875],"rotation":0,"texture":"#0","tintindex":0},"up":{"uv":[9.90625,6.5625,9.921875,5.0],"rotation":0,"texture":"#0","tintindex":0},"west":{"uv":[9.90625,6.5625,9.125,6.96875],"rotation":0,"texture":"#0","tintindex":0}}},{"name":"cube","from":[12.481115,11.315893,5.326496],"to":[13.227227,16.16562,17.637344],"rotation":{"angle":0.0,"axis":"x","origin":[5.393051,9.077557,11.295391]},"faces":{"down":{"uv":[12.078125,5.0,12.109375,6.03125],"rotation":0,"texture":"#0","tintindex":0},"east":{"uv":[12.59375,6.03125,12.078125,6.4375],"rotation":0,"texture":"#0","tintindex":0},"north":{"uv":[12.078125,6.03125,12.046875,6.4375],"rotation":0,"texture":"#0","tintindex":0},"south":{"uv":[12.625,6.03125,12.59375,6.4375],"rotation":0,"texture":"#0","tintindex":0},"up":{"uv":[12.046875,6.03125,12.078125,5.0],"rotation":0,"texture":"#0","tintindex":0},"west":{"uv":[12.046875,6.03125,11.53125,6.4375],"rotation":0,"texture":"#0","tintindex":0}}},{"name":"cube","from":[-2.4411244,10.56978,5.326496],"to":[-1.695013,11.315893,17.637344],"rotation":{"angle":0.0,"axis":"x","origin":[5.393051,9.077557,11.295391]},"faces":{"down":{"uv":[8.546875,7.78125,8.578125,8.8125],"rotation":0,"texture":"#0","tintindex":0},"east":{"uv":[9.0625,8.8125,8.546875,8.875],"rotation":0,"texture":"#0","tintindex":0},"north":{"uv":[8.546875,8.8125,8.515625,8.875],"rotation":0,"texture":"#0","tintindex":0},"south":{"uv":[9.09375,8.8125,9.0625,8.875],"rotation":0,"texture":"#0","tintindex":0},"up":{"uv":[8.515625,8.8125,8.546875,7.78125],"rotation":0,"texture":"#0","tintindex":0},"west":{"uv":[8.515625,8.8125,8.0,8.875],"rotation":0,"texture":"#0","tintindex":0}}},{"name":"cube","from":[-2.4411244,10.619518,17.450815],"to":[-1.695013,13.230911,31.253887],"rotation":{"angle":0.0,"axis":"x","origin":[5.393051,-2.9970255,-4.7460155]},"faces":{"down":{"uv":[11.53125,5.34375,11.5,6.5],"rotation":0,"texture":"#0","tintindex":0},"east":{"uv":[10.890625,6.5,11.46875,6.71875],"rotation":0,"texture":"#0","tintindex":0},"north":{"uv":[11.46875,6.5,11.5,6.71875],"rotation":0,"texture":"#0","tintindex":0},"south":{"uv":[12.078125,6.5,12.109375,6.71875],"rotation":0,"texture":"#0","tintindex":0},"up":{"uv":[11.5,6.5,11.46875,5.34375],"rotation":0,"texture":"#0","tintindex":0},"west":{"uv":[11.5,6.5,12.078125,6.71875],"rotation":0,"texture":"#0","tintindex":0}}},{"name":"cube","from":[-1.695013,10.246463,29.388609],"to":[12.481115,12.484798,30.880833],"rotation":{"angle":0.0,"axis":"x","origin":[5.393051,-2.9970255,-4.7460155]},"faces":{"down":{"uv":[13.359375,5.0,12.765625,5.125],"rotation":0,"texture":"#0","tintindex":0},"east":{"uv":[12.109375,5.125,12.171875,5.3125],"rotation":0,"texture":"#0","tintindex":0},"north":{"uv":[12.171875,5.125,12.765625,5.3125],"rotation":0,"texture":"#0","tintindex":0},"south":{"uv":[12.828125,5.125,13.421875,5.3125],"rotation":0,"texture":"#0","tintindex":0},"up":{"uv":[12.765625,5.125,12.171875,5.0],"rotation":0,"texture":"#0","tintindex":0},"west":{"uv":[12.765625,5.125,12.828125,5.3125],"rotation":0,"texture":"#0","tintindex":0}}},{"name":"cube","from":[-2.8141809,11.365631,30.13472],"to":[1.2894351,12.111742,31.626945],"rotation":{"angle":0.0,"axis":"x","origin":[5.393051,-2.9970255,-4.7460155]},"faces":{"down":{"uv":[9.546875,2.4375,9.375,2.5625],"rotation":0,"texture":"#0","tintindex":0},"east":{"uv":[9.140625,2.5625,9.203125,2.625],"rotation":0,"texture":"#0","tintindex":0},"north":{"uv":[9.203125,2.5625,9.375,2.625],"rotation":0,"texture":"#0","tintindex":0},"south":{"uv":[9.4375,2.5625,9.609375,2.625],"rotation":0,"texture":"#0","tintindex":0},"up":{"uv":[9.375,2.5625,9.203125,2.4375],"rotation":0,"texture":"#0","tintindex":0},"west":{"uv":[9.375,2.5625,9.4375,2.625],"rotation":0,"texture":"#0","tintindex":0}}},{"name":"cube","from":[9.496667,11.365631,30.13472],"to":[13.600283,12.111742,31.626945],"rotation":{"angle":0.0,"axis":"x","origin":[5.393051,-2.9970255,-4.7460155]},"faces":{"down":{"uv":[9.359375,2.21875,9.1875,2.34375],"rotation":0,"texture":"#0","tintindex":0},"east":{"uv":[8.953125,2.34375,9.015625,2.40625],"rotation":0,"texture":"#0","tintindex":0},"north":{"uv":[9.015625,2.34375,9.1875,2.40625],"rotation":0,"texture":"#0","tintindex":0},"south":{"uv":[9.25,2.34375,9.421875,2.40625],"rotation":0,"texture":"#0","tintindex":0},"up":{"uv":[9.1875,2.34375,9.015625,2.21875],"rotation":0,"texture":"#0","tintindex":0},"west":{"uv":[9.1875,2.34375,9.25,2.40625],"rotation":0,"texture":"#0","tintindex":0}}},{"name":"cube","from":[12.481115,13.230911,17.450815],"to":[12.854172,14.350079,31.253887],"rotation":{"angle":0.0,"axis":"x","origin":[5.393051,-2.9970255,-4.7460155]},"faces":{"down":{"uv":[8.59375,1.96875,8.609375,3.125],"rotation":0,"texture":"#0","tintindex":0},"east":{"uv":[9.171875,3.125,8.59375,3.21875],"rotation":0,"texture":"#0","tintindex":0},"north":{"uv":[8.59375,3.125,8.578125,3.21875],"rotation":0,"texture":"#0","tintindex":0},"south":{"uv":[9.1875,3.125,9.171875,3.21875],"rotation":0,"texture":"#0","tintindex":0},"up":{"uv":[8.578125,3.125,8.59375,1.96875],"rotation":0,"texture":"#0","tintindex":0},"west":{"uv":[8.578125,3.125,8.0,3.21875],"rotation":0,"texture":"#0","tintindex":0}}},{"name":"cube","from":[12.481115,14.350079,17.450815],"to":[13.227227,16.215359,31.253887],"rotation":{"angle":0.0,"axis":"x","origin":[5.393051,-2.9970255,-4.7460155]},"faces":{"down":{"uv":[11.390625,6.71875,11.421875,7.875],"rotation":0,"texture":"#0","tintindex":0},"east":{"uv":[11.96875,7.875,11.390625,8.03125],"rotation":0,"texture":"#0","tintindex":0},"north":{"uv":[11.390625,7.875,11.359375,8.03125],"rotation":0,"texture":"#0","tintindex":0},"south":{"uv":[12.0,7.875,11.96875,8.03125],"rotation":0,"texture":"#0","tintindex":0},"up":{"uv":[11.359375,7.875,11.390625,6.71875],"rotation":0,"texture":"#0","tintindex":0},"west":{"uv":[11.359375,7.875,10.78125,8.03125],"rotation":0,"texture":"#0","tintindex":0}}},{"name":"cube","from":[9.496667,9.873406,25.284992],"to":[10.615835,10.992575,32.0],"rotation":{"angle":0.0,"axis":"x","origin":[5.393051,-2.9970255,-4.7460155]},"faces":{"down":{"uv":[8.328125,0.0,8.375,0.5625],"rotation":0,"texture":"#0","tintindex":0},"east":{"uv":[8.609375,0.5625,8.328125,0.65625],"rotation":0,"texture":"#0","tintindex":0},"north":{"uv":[8.328125,0.5625,8.28125,0.65625],"rotation":0,"texture":"#0","tintindex":0},"south":{"uv":[8.65625,0.5625,8.609375,0.65625],"rotation":0,"texture":"#0","tintindex":0},"up":{"uv":[8.28125,0.5625,8.328125,0.0],"rotation":0,"texture":"#0","tintindex":0},"west":{"uv":[8.28125,0.5625,8.0,0.65625],"rotation":0,"texture":"#0","tintindex":0}}},{"name":"cube","from":[-1.3219571,21.045492,4.3878775],"to":[11.361948,21.791603,5.880101],"rotation":{"angle":22.5,"axis":"x","origin":[-1.695013,18.84446,5.0220723]},"faces":{"down":{"uv":[10.921875,3.4375,10.390625,3.5625],"rotation":0,"texture":"#0","tintindex":0},"east":{"uv":[9.796875,3.5625,9.859375,3.625],"rotation":0,"texture":"#0","tintindex":0},"north":{"uv":[9.859375,3.5625,10.390625,3.625],"rotation":0,"texture":"#0","tintindex":0},"south":{"uv":[10.453125,3.5625,10.984375,3.625],"rotation":0,"texture":"#0","tintindex":0},"up":{"uv":[10.390625,3.5625,9.859375,3.4375],"rotation":0,"texture":"#0","tintindex":0},"west":{"uv":[10.390625,3.5625,10.453125,3.625],"rotation":0,"texture":"#0","tintindex":0}}},{"name":"cube","from":[12.481115,14.723135,31.253887],"to":[13.227227,16.215359,31.626945],"rotation":{"angle":0.0,"axis":"x","origin":[5.393051,-2.9970255,-4.7460155]},"faces":{"down":{"uv":[8.765625,0.0,8.734375,0.03125],"rotation":0,"texture":"#0","tintindex":0},"east":{"uv":[8.6875,0.03125,8.703125,0.15625],"rotation":0,"texture":"#0","tintindex":0},"north":{"uv":[8.703125,0.03125,8.734375,0.15625],"rotation":0,"texture":"#0","tintindex":0},"south":{"uv":[8.75,0.03125,8.78125,0.15625],"rotation":0,"texture":"#0","tintindex":0},"up":{"uv":[8.734375,0.03125,8.703125,0.0],"rotation":0,"texture":"#0","tintindex":0},"west":{"uv":[8.734375,0.03125,8.75,0.15625],"rotation":0,"texture":"#0","tintindex":0}}},{"name":"cube","from":[-2.0680695,13.230911,17.450815],"to":[-1.695013,14.350079,31.253887],"rotation":{"angle":0.0,"axis":"x","origin":[5.393051,-2.9970255,-4.7460155]},"faces":{"down":{"uv":[8.609375,1.96875,8.59375,3.125],"rotation":0,"texture":"#0","tintindex":0},"east":{"uv":[8.0,3.125,8.578125,3.21875],"rotation":0,"texture":"#0","tintindex":0},"north":{"uv":[8.578125,3.125,8.59375,3.21875],"rotation":0,"texture":"#0","tintindex":0},"south":{"uv":[9.171875,3.125,9.1875,3.21875],"rotation":0,"texture":"#0","tintindex":0},"up":{"uv":[8.59375,3.125,8.578125,1.96875],"rotation":0,"texture":"#0","tintindex":0},"west":{"uv":[8.59375,3.125,9.171875,3.21875],"rotation":0,"texture":"#0","tintindex":0}}},{"name":"cube","from":[-2.4411244,14.350079,17.450815],"to":[-1.695013,16.215359,31.253887],"rotation":{"angle":0.0,"axis":"x","origin":[5.393051,-2.9970255,-4.7460155]},"faces":{"down":{"uv":[11.421875,6.71875,11.390625,7.875],"rotation":0,"texture":"#0","tintindex":0},"east":{"uv":[10.78125,7.875,11.359375,8.03125],"rotation":0,"texture":"#0","tintindex":0},"north":{"uv":[11.359375,7.875,11.390625,8.03125],"rotation":0,"texture":"#0","tintindex":0},"south":{"uv":[11.96875,7.875,12.0,8.03125],"rotation":0,"texture":"#0","tintindex":0},"up":{"uv":[11.390625,7.875,11.359375,6.71875],"rotation":0,"texture":"#0","tintindex":0},"west":{"uv":[11.390625,7.875,11.96875,8.03125],"rotation":0,"texture":"#0","tintindex":0}}},{"name":"cube","from":[-2.4411244,14.723135,31.253887],"to":[-1.695013,16.215359,31.626945],"rotation":{"angle":0.0,"axis":"x","origin":[5.393051,-2.9970255,-4.7460155]},"faces":{"down":{"uv":[8.265625,0.3125,8.234375,0.34375],"rotation":0,"texture":"#0","tintindex":0},"east":{"uv":[8.1875,0.34375,8.203125,0.46875],"rotation":0,"texture":"#0","tintindex":0},"north":{"uv":[8.203125,0.34375,8.234375,0.46875],"rotation":0,"texture":"#0","tintindex":0},"south":{"uv":[8.25,0.34375,8.28125,0.46875],"rotation":0,"texture":"#0","tintindex":0},"up":{"uv":[8.234375,0.34375,8.203125,0.3125],"rotation":0,"texture":"#0","tintindex":0},"west":{"uv":[8.234375,0.34375,8.25,0.46875],"rotation":0,"texture":"#0","tintindex":0}}},{"name":"cube","from":[0.17026758,9.873406,25.284992],"to":[1.2894351,10.992575,32.0],"rotation":{"angle":0.0,"axis":"x","origin":[5.393051,-2.9970255,-4.7460155]},"faces":{"down":{"uv":[8.375,0.0,8.328125,0.5625],"rotation":0,"texture":"#0","tintindex":0},"east":{"uv":[8.0,0.5625,8.28125,0.65625],"rotation":0,"texture":"#0","tintindex":0},"north":{"uv":[8.28125,0.5625,8.328125,0.65625],"rotation":0,"texture":"#0","tintindex":0},"south":{"uv":[8.609375,0.5625,8.65625,0.65625],"rotation":0,"texture":"#0","tintindex":0},"up":{"uv":[8.328125,0.5625,8.28125,0.0],"rotation":0,"texture":"#0","tintindex":0},"west":{"uv":[8.328125,0.5625,8.609375,0.65625],"rotation":0,"texture":"#0","tintindex":0}}},{"name":"cube","from":[12.481115,10.619518,17.450815],"to":[13.227227,13.230911,31.253887],"rotation":{"angle":0.0,"axis":"x","origin":[5.393051,-2.9970255,-4.7460155]},"faces":{"down":{"uv":[11.5,5.34375,11.53125,6.5],"rotation":0,"texture":"#0","tintindex":0},"east":{"uv":[12.078125,6.5,11.5,6.71875],"rotation":0,"texture":"#0","tintindex":0},"north":{"uv":[11.5,6.5,11.46875,6.71875],"rotation":0,"texture":"#0","tintindex":0},"south":{"uv":[12.109375,6.5,12.078125,6.71875],"rotation":0,"texture":"#0","tintindex":0},"up":{"uv":[11.46875,6.5,11.5,5.34375],"rotation":0,"texture":"#0","tintindex":0},"west":{"uv":[11.46875,6.5,10.890625,6.71875],"rotation":0,"texture":"#0","tintindex":0}}},{"name":"cube","from":[-0.20278835,17.018211,8.917999],"to":[3.154715,17.39127,9.291056],"rotation":{"angle":-45.0,"axis":"x","origin":[1.4759634,15.712517,7.052719]},"faces":{"down":{"uv":[8.609375,1.40625,8.46875,1.4375],"rotation":0,"texture":"#0","tintindex":0},"east":{"uv":[8.3125,1.4375,8.328125,1.46875],"rotation":0,"texture":"#0","tintindex":0},"north":{"uv":[8.328125,1.4375,8.46875,1.46875],"rotation":0,"texture":"#0","tintindex":0},"south":{"uv":[8.484375,1.4375,8.625,1.46875],"rotation":0,"texture":"#0","tintindex":0},"up":{"uv":[8.46875,1.4375,8.328125,1.40625],"rotation":0,"texture":"#0","tintindex":0},"west":{"uv":[8.46875,1.4375,8.484375,1.46875],"rotation":0,"texture":"#0","tintindex":0}}},{"name":"cube","from":[-1.3219571,14.740847,4.5744057],"to":[12.108059,17.352238,5.693573],"rotation":{"angle":0.0,"axis":"x","origin":[5.393051,16.606125,6.439686]},"faces":{"down":{"uv":[13.28125,5.3125,12.71875,5.40625],"rotation":0,"texture":"#0","tintindex":0},"east":{"uv":[12.109375,5.40625,12.15625,5.625],"rotation":0,"texture":"#0","tintindex":0},"north":{"uv":[12.15625,5.40625,12.71875,5.625],"rotation":0,"texture":"#0","tintindex":0},"south":{"uv":[12.765625,5.40625,13.328125,5.625],"rotation":0,"texture":"#0","tintindex":0},"up":{"uv":[12.71875,5.40625,12.15625,5.3125],"rotation":0,"texture":"#0","tintindex":0},"west":{"uv":[12.71875,5.40625,12.765625,5.625],"rotation":0,"texture":"#0","tintindex":0}}}],"display":{"head":{"translation":[0.0,-6.4,2.3018453],"rotation":[0.0,0.0,0.0],"scale":[3.7333333,3.7333333,3.7333333]}}}