{"textures":{"0":"modelengine:entity/car02"},"elements":[{"name":"cube","from":[5.0394554,6.232998,6.0593224],"to":[6.969978,12.024564,11.850889],"rotation":{"angle":0.0,"axis":"x","origin":[13.244173,6.232998,1.233019]},"faces":{"down":{"uv":[0.625,7.40625,0.5,7.78125],"rotation":0,"texture":"#0","tintindex":0},"east":{"uv":[0.0,7.0,0.375,7.375],"rotation":0,"texture":"#0","tintindex":0},"north":{"uv":[2.125,7.375,2.25,7.75],"rotation":0,"texture":"#0","tintindex":0},"south":{"uv":[7.40625,0.28125,7.53125,0.65625],"rotation":0,"texture":"#0","tintindex":0},"up":{"uv":[0.46875,7.78125,0.34375,7.40625],"rotation":0,"texture":"#0","tintindex":0},"west":{"uv":[7.0,0.34375,7.375,0.71875],"rotation":0,"texture":"#0","tintindex":0}}}],"display":{"head":{"translation":[0.0,-6.4,0.0],"rotation":[0.0,0.0,0.0],"scale":[3.8095,3.8095,3.8095]}}}