{"textures":{"0":"modelengine:entity/car02"},"elements":[{"name":"cube","from":[5.0394554,6.232998,6.0593224],"to":[6.9699774,12.024564,11.850886],"rotation":{"angle":0.0,"axis":"x","origin":[-1.2347398,6.232998,24.39928]},"faces":{"down":{"uv":[3.59375,7.40625,3.46875,7.78125],"rotation":0,"texture":"#0","tintindex":0},"east":{"uv":[2.84375,7.0,3.21875,7.375],"rotation":0,"texture":"#0","tintindex":0},"north":{"uv":[3.0,7.40625,3.125,7.78125],"rotation":0,"texture":"#0","tintindex":0},"south":{"uv":[3.15625,7.40625,3.28125,7.78125],"rotation":0,"texture":"#0","tintindex":0},"up":{"uv":[3.4375,7.78125,3.3125,7.40625],"rotation":0,"texture":"#0","tintindex":0},"west":{"uv":[3.25,7.0,3.625,7.375],"rotation":0,"texture":"#0","tintindex":0}}}],"display":{"head":{"translation":[0.0,-6.4,0.0],"rotation":[0.0,0.0,0.0],"scale":[3.8095,3.8095,3.8095]}}}