{"textures":{"0":"modelengine:entity/car02"},"elements":[{"name":"cube","from":[6.6219177,8.821396,20.190935],"to":[21.099108,10.20034,23.98303],"rotation":{"angle":22.5,"axis":"x","origin":[8.000861,8.821396,23.29356]},"faces":{"down":{"uv":[6.1875,1.96875,4.875,2.3125],"rotation":0,"texture":"#0","tintindex":0},"east":{"uv":[4.90625,5.875,5.25,6.0],"rotation":0,"texture":"#0","tintindex":0},"north":{"uv":[6.8125,1.8125,8.125,1.9375],"rotation":0,"texture":"#0","tintindex":0},"south":{"uv":[6.90625,5.40625,8.21875,5.53125],"rotation":0,"texture":"#0","tintindex":0},"up":{"uv":[6.125,3.125,4.8125,2.78125],"rotation":0,"texture":"#0","tintindex":0},"west":{"uv":[7.125,7.40625,7.46875,7.53125],"rotation":0,"texture":"#0","tintindex":0}}},{"name":"cube","from":[6.6219177,5.7187724,17.560658],"to":[21.099108,8.821396,18.594866],"rotation":{"angle":0.0,"axis":"x","origin":[8.000861,5.3740363,18.939602]},"faces":{"down":{"uv":[8.40625,6.5,7.09375,6.59375],"rotation":0,"texture":"#0","tintindex":0},"east":{"uv":[2.71875,4.96875,2.8125,5.25],"rotation":0,"texture":"#0","tintindex":0},"north":{"uv":[5.625,4.9375,6.9375,5.21875],"rotation":0,"texture":"#0","tintindex":0},"south":{"uv":[1.5,5.65625,2.8125,5.9375],"rotation":0,"texture":"#0","tintindex":0},"up":{"uv":[8.40625,6.46875,7.09375,6.375],"rotation":0,"texture":"#0","tintindex":0},"west":{"uv":[7.78125,0.28125,7.875,0.5625],"rotation":0,"texture":"#0","tintindex":0}}},{"name":"cube","from":[19.031551,7.0977163,-9.328751],"to":[21.099968,9.166132,-7.605072],"rotation":{"angle":0.0,"axis":"x","origin":[20.755232,5.3740363,9.286995]},"faces":{"down":{"uv":[7.875,7.40625,7.6875,7.5625],"rotation":0,"texture":"#0","tintindex":0},"east":{"uv":[4.59375,7.65625,4.75,7.84375],"rotation":0,"texture":"#0","tintindex":0},"north":{"uv":[1.5,5.40625,1.6875,5.59375],"rotation":0,"texture":"#0","tintindex":0},"south":{"uv":[6.59375,7.4375,6.78125,7.625],"rotation":0,"texture":"#0","tintindex":0},"up":{"uv":[6.75,7.8125,6.5625,7.65625],"rotation":0,"texture":"#0","tintindex":0},"west":{"uv":[4.78125,7.65625,4.9375,7.84375],"rotation":0,"texture":"#0","tintindex":0}}},{"name":"cube","from":[19.031551,-5.560749,-16.0],"to":[21.098244,-4.3419228,-14.781176],"rotation":{"angle":45.0,"axis":"x","origin":[20.755232,-7.2844286,2.6157432]},"faces":{"down":{"uv":[3.46875,7.8125,3.28125,7.9375],"rotation":0,"texture":"#0","tintindex":0},"east":{"uv":[4.59375,7.875,4.71875,8.0],"rotation":0,"texture":"#0","tintindex":0},"north":{"uv":[1.90625,7.8125,2.09375,7.9375],"rotation":0,"texture":"#0","tintindex":0},"south":{"uv":[2.84375,7.8125,3.03125,7.9375],"rotation":0,"texture":"#0","tintindex":0},"up":{"uv":[3.25,7.9375,3.0625,7.8125],"rotation":0,"texture":"#0","tintindex":0},"west":{"uv":[4.75,7.875,4.875,8.0],"rotation":0,"texture":"#0","tintindex":0}}},{"name":"cube","from":[6.6227794,-5.560749,-16.0],"to":[8.689472,-4.3419228,-14.781176],"rotation":{"angle":45.0,"axis":"x","origin":[6.9675155,-7.2844286,2.6157432]},"faces":{"down":{"uv":[1.0625,7.8125,0.875,7.9375],"rotation":0,"texture":"#0","tintindex":0},"east":{"uv":[7.875,2.0625,8.0,2.1875],"rotation":0,"texture":"#0","tintindex":0},"north":{"uv":[5.96875,6.9375,6.15625,7.0625],"rotation":0,"texture":"#0","tintindex":0},"south":{"uv":[0.4375,7.8125,0.625,7.9375],"rotation":0,"texture":"#0","tintindex":0},"up":{"uv":[0.84375,7.9375,0.65625,7.8125],"rotation":0,"texture":"#0","tintindex":0},"west":{"uv":[7.875,3.0625,8.0,3.1875],"rotation":0,"texture":"#0","tintindex":0}}},{"name":"cube","from":[6.6210556,7.0977163,-9.328751],"to":[8.689472,9.166132,-7.605072],"rotation":{"angle":0.0,"axis":"x","origin":[6.9657917,5.3740363,9.286995]},"faces":{"down":{"uv":[7.84375,3.0625,7.65625,3.21875],"rotation":0,"texture":"#0","tintindex":0},"east":{"uv":[5.03125,6.71875,5.1875,6.90625],"rotation":0,"texture":"#0","tintindex":0},"north":{"uv":[1.875,3.0625,2.0625,3.25],"rotation":0,"texture":"#0","tintindex":0},"south":{"uv":[4.21875,0.75,4.40625,0.9375],"rotation":0,"texture":"#0","tintindex":0},"up":{"uv":[7.84375,2.21875,7.65625,2.0625],"rotation":0,"texture":"#0","tintindex":0},"west":{"uv":[2.375,7.625,2.53125,7.8125],"rotation":0,"texture":"#0","tintindex":0}}},{"name":"cube","from":[6.6219177,4.6518464,-0.60247517],"to":[21.099108,6.248357,3.8790832],"rotation":{"angle":22.5,"axis":"x","origin":[8.000861,5.3740363,11.700147]},"faces":{"down":{"uv":[5.5,3.8125,4.1875,4.21875],"rotation":0,"texture":"#0","tintindex":0},"east":{"uv":[5.15625,4.625,5.5625,4.78125],"rotation":0,"texture":"#0","tintindex":0},"north":{"uv":[6.1875,6.71875,7.5,6.875],"rotation":0,"texture":"#0","tintindex":0},"south":{"uv":[6.75,0.75,8.0625,0.90625],"rotation":0,"texture":"#0","tintindex":0},"up":{"uv":[4.78125,3.1875,3.46875,2.78125],"rotation":0,"texture":"#0","tintindex":0},"west":{"uv":[7.21875,2.0625,7.625,2.21875],"rotation":0,"texture":"#0","tintindex":0}}},{"name":"cube","from":[6.6227794,8.331026,5.4621806],"to":[21.098244,11.515971,6.7814274],"rotation":{"angle":-22.5,"axis":"x","origin":[8.001724,5.3740363,11.700147]},"faces":{"down":{"uv":[8.125,1.65625,6.8125,1.78125],"rotation":0,"texture":"#0","tintindex":0},"east":{"uv":[2.84375,5.65625,2.96875,5.9375],"rotation":0,"texture":"#0","tintindex":0},"north":{"uv":[5.5625,5.40625,6.875,5.6875],"rotation":0,"texture":"#0","tintindex":0},"south":{"uv":[5.625,4.625,6.9375,4.90625],"rotation":0,"texture":"#0","tintindex":0},"up":{"uv":[6.9375,5.375,5.625,5.25],"rotation":0,"texture":"#0","tintindex":0},"west":{"uv":[3.0,5.65625,3.125,5.9375],"rotation":0,"texture":"#0","tintindex":0}}},{"name":"cube","from":[6.6210556,5.7187724,-2.7787657],"to":[21.099968,9.166132,4.805426],"rotation":{"angle":0.0,"axis":"x","origin":[8.0,5.3740363,9.286995]},"faces":{"down":{"uv":[4.40625,1.0,3.09375,1.6875],"rotation":0,"texture":"#0","tintindex":0},"east":{"uv":[0.0,6.65625,0.6875,6.96875],"rotation":0,"texture":"#0","tintindex":0},"north":{"uv":[4.5,0.40625,5.8125,0.71875],"rotation":0,"texture":"#0","tintindex":0},"south":{"uv":[1.8125,5.3125,3.125,5.625],"rotation":0,"texture":"#0","tintindex":0},"up":{"uv":[3.4375,3.25,2.125,2.5625],"rotation":0,"texture":"#0","tintindex":0},"west":{"uv":[0.71875,6.65625,1.40625,6.96875],"rotation":0,"texture":"#0","tintindex":0}}},{"name":"cube","from":[6.6210556,9.166132,-9.328751],"to":[8.689472,10.889812,0.6685939],"rotation":{"angle":0.0,"axis":"x","origin":[18.686817,5.3740363,9.286995]},"faces":{"down":{"uv":[2.8125,6.8125,2.625,7.71875],"rotation":0,"texture":"#0","tintindex":0},"east":{"uv":[1.4375,6.9375,2.34375,7.09375],"rotation":0,"texture":"#0","tintindex":0},"north":{"uv":[7.5625,0.46875,7.75,0.625],"rotation":0,"texture":"#0","tintindex":0},"south":{"uv":[1.90625,7.625,2.09375,7.78125],"rotation":0,"texture":"#0","tintindex":0},"up":{"uv":[5.0,7.625,4.8125,6.71875],"rotation":0,"texture":"#0","tintindex":0},"west":{"uv":[5.03125,6.9375,5.9375,7.09375],"rotation":0,"texture":"#0","tintindex":0}}},{"name":"cube","from":[8.689472,9.166132,-8.294542],"to":[19.031551,12.958229,2.3922744],"rotation":{"angle":0.0,"axis":"x","origin":[17.652607,10.20034,-8.294542]},"faces":{"down":{"uv":[3.5,0.0,2.5625,0.96875],"rotation":0,"texture":"#0","tintindex":0},"east":{"uv":[6.15625,2.71875,7.125,3.0625],"rotation":0,"texture":"#0","tintindex":0},"north":{"uv":[6.21875,2.34375,7.15625,2.6875],"rotation":0,"texture":"#0","tintindex":0},"south":{"uv":[5.21875,6.3125,6.15625,6.65625],"rotation":0,"texture":"#0","tintindex":0},"up":{"uv":[3.0625,2.53125,2.125,1.5625],"rotation":0,"texture":"#0","tintindex":0},"west":{"uv":[6.21875,1.96875,7.1875,2.3125],"rotation":0,"texture":"#0","tintindex":0}}},{"name":"cube","from":[8.290828,10.136043,-8.294542],"to":[8.635564,10.889812,2.3922744],"rotation":{"angle":-22.5,"axis":"z","origin":[15.584191,10.545076,-8.294542]},"faces":{"down":{"uv":[0.3125,7.59375,0.28125,8.5625],"rotation":0,"texture":"#0","tintindex":0},"east":{"uv":[7.21875,6.125,8.1875,6.1875],"rotation":0,"texture":"#0","tintindex":0},"north":{"uv":[3.03125,1.34375,3.0625,1.40625],"rotation":0,"texture":"#0","tintindex":0},"south":{"uv":[0.90625,3.25,0.9375,3.3125],"rotation":0,"texture":"#0","tintindex":0},"up":{"uv":[4.5625,8.15625,4.53125,7.1875],"rotation":0,"texture":"#0","tintindex":0},"west":{"uv":[7.21875,6.21875,8.1875,6.28125],"rotation":0,"texture":"#0","tintindex":0}}},{"name":"cube","from":[19.08546,10.136043,-8.294542],"to":[19.430195,10.889812,2.3922744],"rotation":{"angle":22.5,"axis":"z","origin":[12.136831,10.545076,-8.294542]},"faces":{"down":{"uv":[1.875,7.625,1.84375,8.59375],"rotation":0,"texture":"#0","tintindex":0},"east":{"uv":[7.0,7.21875,7.96875,7.28125],"rotation":0,"texture":"#0","tintindex":0},"north":{"uv":[0.90625,3.34375,0.9375,3.40625],"rotation":0,"texture":"#0","tintindex":0},"south":{"uv":[0.90625,3.4375,0.9375,3.5],"rotation":0,"texture":"#0","tintindex":0},"up":{"uv":[1.8125,8.59375,1.78125,7.625],"rotation":0,"texture":"#0","tintindex":0},"west":{"uv":[5.90625,7.25,6.875,7.3125],"rotation":0,"texture":"#0","tintindex":0}}},{"name":"cube","from":[8.977926,12.965149,-8.294542],"to":[18.743097,13.65462,2.3922744],"rotation":{"angle":0.0,"axis":"x","origin":[16.265648,6.3612566,-8.294542]},"faces":{"down":{"uv":[0.875,3.25,0.0,4.21875],"rotation":0,"texture":"#0","tintindex":0},"east":{"uv":[7.28125,3.6875,8.25,3.75],"rotation":0,"texture":"#0","tintindex":0},"north":{"uv":[7.375,1.40625,8.25,1.46875],"rotation":0,"texture":"#0","tintindex":0},"south":{"uv":[7.375,1.5,8.25,1.5625],"rotation":0,"texture":"#0","tintindex":0},"up":{"uv":[1.84375,3.65625,0.96875,2.6875],"rotation":0,"texture":"#0","tintindex":0},"west":{"uv":[7.28125,3.78125,8.25,3.84375],"rotation":0,"texture":"#0","tintindex":0}}},{"name":"cube","from":[8.5012665,11.095343,2.3922744],"to":[9.190738,13.767046,17.560658],"rotation":{"angle":-22.5,"axis":"z","origin":[8.5012665,12.301918,2.3922744]},"faces":{"down":{"uv":[5.78125,7.125,5.71875,8.5],"rotation":0,"texture":"#0","tintindex":0},"east":{"uv":[5.65625,3.46875,7.03125,3.71875],"rotation":0,"texture":"#0","tintindex":0},"north":{"uv":[2.375,7.84375,2.4375,8.09375],"rotation":0,"texture":"#0","tintindex":0},"south":{"uv":[2.46875,7.84375,2.53125,8.09375],"rotation":0,"texture":"#0","tintindex":0},"up":{"uv":[2.34375,8.5,2.28125,7.125],"rotation":0,"texture":"#0","tintindex":0},"west":{"uv":[0.59375,5.96875,1.96875,6.21875],"rotation":0,"texture":"#0","tintindex":0}}},{"name":"cube","from":[8.03953,5.7187724,2.3922744],"to":[8.729002,11.187187,17.560658],"rotation":{"angle":0.0,"axis":"x","origin":[8.079059,10.842451,2.3922744]},"faces":{"down":{"uv":[4.125,7.1875,4.0625,8.5625],"rotation":0,"texture":"#0","tintindex":0},"east":{"uv":[3.09375,1.71875,4.46875,2.21875],"rotation":0,"texture":"#0","tintindex":0},"north":{"uv":[0.0,7.59375,0.0625,8.09375],"rotation":0,"texture":"#0","tintindex":0},"south":{"uv":[0.09375,7.59375,0.15625,8.09375],"rotation":0,"texture":"#0","tintindex":0},"up":{"uv":[5.875,8.5,5.8125,7.125],"rotation":0,"texture":"#0","tintindex":0},"west":{"uv":[1.875,3.28125,3.25,3.78125],"rotation":0,"texture":"#0","tintindex":0}}},{"name":"cube","from":[18.530285,11.095343,2.3922744],"to":[19.219757,13.767046,17.560658],"rotation":{"angle":22.5,"axis":"z","origin":[19.219757,12.301918,2.3922744]},"faces":{"down":{"uv":[4.3125,7.1875,4.25,8.5625],"rotation":0,"texture":"#0","tintindex":0},"east":{"uv":[4.90625,6.03125,6.28125,6.28125],"rotation":0,"texture":"#0","tintindex":0},"north":{"uv":[6.5625,7.84375,6.625,8.09375],"rotation":0,"texture":"#0","tintindex":0},"south":{"uv":[6.65625,7.84375,6.71875,8.09375],"rotation":0,"texture":"#0","tintindex":0},"up":{"uv":[4.21875,8.5625,4.15625,7.1875],"rotation":0,"texture":"#0","tintindex":0},"west":{"uv":[2.0,6.0625,3.375,6.3125],"rotation":0,"texture":"#0","tintindex":0}}},{"name":"cube","from":[18.992023,5.7187724,2.3922744],"to":[19.681496,11.187187,17.560658],"rotation":{"angle":0.0,"axis":"x","origin":[19.641964,10.842451,2.3922744]},"faces":{"down":{"uv":[4.5,7.1875,4.4375,8.5625],"rotation":0,"texture":"#0","tintindex":0},"east":{"uv":[3.28125,3.28125,4.65625,3.78125],"rotation":0,"texture":"#0","tintindex":0},"north":{"uv":[0.1875,7.59375,0.25,8.09375],"rotation":0,"texture":"#0","tintindex":0},"south":{"uv":[7.59375,7.40625,7.65625,7.90625],"rotation":0,"texture":"#0","tintindex":0},"up":{"uv":[4.40625,8.5625,4.34375,7.1875],"rotation":0,"texture":"#0","tintindex":0},"west":{"uv":[3.46875,2.25,4.84375,2.75],"rotation":0,"texture":"#0","tintindex":0}}},{"name":"cube","from":[19.031551,9.166132,-9.328751],"to":[21.099968,10.889812,0.6685939],"rotation":{"angle":0.0,"axis":"x","origin":[9.034208,5.3740363,9.286995]},"faces":{"down":{"uv":[4.78125,6.71875,4.59375,7.625],"rotation":0,"texture":"#0","tintindex":0},"east":{"uv":[2.84375,6.8125,3.75,6.96875],"rotation":0,"texture":"#0","tintindex":0},"north":{"uv":[7.53125,6.71875,7.71875,6.875],"rotation":0,"texture":"#0","tintindex":0},"south":{"uv":[7.5625,0.28125,7.75,0.4375],"rotation":0,"texture":"#0","tintindex":0},"up":{"uv":[2.59375,7.59375,2.40625,6.6875],"rotation":0,"texture":"#0","tintindex":0},"west":{"uv":[6.1875,6.90625,7.09375,7.0625],"rotation":0,"texture":"#0","tintindex":0}}},{"name":"cube","from":[18.34208,11.632484,2.1248178],"to":[18.962605,16.458788,2.81429],"rotation":{"angle":22.5,"axis":"x","origin":[18.708622,13.011429,2.469554]},"faces":{"down":{"uv":[5.15625,7.96875,5.09375,8.03125],"rotation":0,"texture":"#0","tintindex":0},"east":{"uv":[5.375,7.71875,5.4375,8.15625],"rotation":0,"texture":"#0","tintindex":0},"north":{"uv":[5.28125,7.71875,5.34375,8.15625],"rotation":0,"texture":"#0","tintindex":0},"south":{"uv":[5.46875,7.71875,5.53125,8.15625],"rotation":0,"texture":"#0","tintindex":0},"up":{"uv":[8.03125,5.0625,7.96875,5.0],"rotation":0,"texture":"#0","tintindex":0},"west":{"uv":[2.5625,7.75,2.625,8.1875],"rotation":0,"texture":"#0","tintindex":0}}},{"name":"cube","from":[8.741182,18.076479,5.9079585],"to":[18.979841,18.765951,17.973719],"rotation":{"angle":0.0,"axis":"x","origin":[10.408582,19.455423,6.252694]},"faces":{"down":{"uv":[0.9375,2.125,0.0,3.21875],"rotation":0,"texture":"#0","tintindex":0},"east":{"uv":[2.0,5.96875,3.09375,6.03125],"rotation":0,"texture":"#0","tintindex":0},"north":{"uv":[7.28125,3.875,8.21875,3.9375],"rotation":0,"texture":"#0","tintindex":0},"south":{"uv":[7.28125,3.96875,8.21875,4.03125],"rotation":0,"texture":"#0","tintindex":0},"up":{"uv":[2.09375,2.65625,1.15625,1.5625],"rotation":0,"texture":"#0","tintindex":0},"west":{"uv":[7.1875,2.53125,8.28125,2.59375],"rotation":0,"texture":"#0","tintindex":0}}},{"name":"cube","from":[18.34208,12.640144,16.64942],"to":[18.962605,18.15592,17.338892],"rotation":{"angle":-22.5,"axis":"x","origin":[17.329678,18.845392,16.994156]},"faces":{"down":{"uv":[8.03125,7.96875,7.96875,8.03125],"rotation":0,"texture":"#0","tintindex":0},"east":{"uv":[7.21875,7.5625,7.28125,8.0625],"rotation":0,"texture":"#0","tintindex":0},"north":{"uv":[7.125,7.5625,7.1875,8.0625],"rotation":0,"texture":"#0","tintindex":0},"south":{"uv":[7.3125,7.5625,7.375,8.0625],"rotation":0,"texture":"#0","tintindex":0},"up":{"uv":[8.03125,7.9375,7.96875,7.875],"rotation":0,"texture":"#0","tintindex":0},"west":{"uv":[7.40625,7.5625,7.46875,8.0625],"rotation":0,"texture":"#0","tintindex":0}}},{"name":"cube","from":[18.34208,12.62965,9.700054],"to":[18.962605,18.076479,10.389526],"rotation":{"angle":0.0,"axis":"x","origin":[17.329678,18.765951,10.04479]},"faces":{"down":{"uv":[8.03125,7.96875,7.96875,8.03125],"rotation":0,"texture":"#0","tintindex":0},"east":{"uv":[7.21875,7.5625,7.28125,8.0625],"rotation":0,"texture":"#0","tintindex":0},"north":{"uv":[7.125,7.5625,7.1875,8.0625],"rotation":0,"texture":"#0","tintindex":0},"south":{"uv":[7.3125,7.5625,7.375,8.0625],"rotation":0,"texture":"#0","tintindex":0},"up":{"uv":[8.03125,7.9375,7.96875,7.875],"rotation":0,"texture":"#0","tintindex":0},"west":{"uv":[7.40625,7.5625,7.46875,8.0625],"rotation":0,"texture":"#0","tintindex":0}}},{"name":"cube","from":[8.758419,12.640144,16.64942],"to":[9.378944,18.15592,17.338892],"rotation":{"angle":-22.5,"axis":"x","origin":[10.391345,18.845392,16.994156]},"faces":{"down":{"uv":[7.96875,7.96875,8.03125,8.03125],"rotation":0,"texture":"#0","tintindex":0},"east":{"uv":[7.46875,7.5625,7.40625,8.0625],"rotation":0,"texture":"#0","tintindex":0},"north":{"uv":[7.1875,7.5625,7.125,8.0625],"rotation":0,"texture":"#0","tintindex":0},"south":{"uv":[7.375,7.5625,7.3125,8.0625],"rotation":0,"texture":"#0","tintindex":0},"up":{"uv":[7.96875,7.9375,8.03125,7.875],"rotation":0,"texture":"#0","tintindex":0},"west":{"uv":[7.28125,7.5625,7.21875,8.0625],"rotation":0,"texture":"#0","tintindex":0}}},{"name":"cube","from":[8.758419,12.62965,9.700054],"to":[9.378944,18.076479,10.389526],"rotation":{"angle":0.0,"axis":"x","origin":[10.391345,18.765951,10.04479]},"faces":{"down":{"uv":[7.96875,7.96875,8.03125,8.03125],"rotation":0,"texture":"#0","tintindex":0},"east":{"uv":[7.46875,7.5625,7.40625,8.0625],"rotation":0,"texture":"#0","tintindex":0},"north":{"uv":[7.1875,7.5625,7.125,8.0625],"rotation":0,"texture":"#0","tintindex":0},"south":{"uv":[7.375,7.5625,7.3125,8.0625],"rotation":0,"texture":"#0","tintindex":0},"up":{"uv":[7.96875,7.9375,8.03125,7.875],"rotation":0,"texture":"#0","tintindex":0},"west":{"uv":[7.28125,7.5625,7.21875,8.0625],"rotation":0,"texture":"#0","tintindex":0}}},{"name":"cube","from":[8.741182,17.89207,18.211327],"to":[18.979841,18.581543,22.348158],"rotation":{"angle":22.5,"axis":"x","origin":[10.408582,19.271015,18.556063]},"faces":{"down":{"uv":[6.71875,1.15625,5.78125,1.53125],"rotation":0,"texture":"#0","tintindex":0},"east":{"uv":[7.75,6.8125,8.125,6.875],"rotation":0,"texture":"#0","tintindex":0},"north":{"uv":[6.90625,7.3125,7.84375,7.375],"rotation":0,"texture":"#0","tintindex":0},"south":{"uv":[7.34375,4.0625,8.28125,4.125],"rotation":0,"texture":"#0","tintindex":0},"up":{"uv":[6.71875,1.125,5.78125,0.75],"rotation":0,"texture":"#0","tintindex":0},"west":{"uv":[7.78125,0.59375,8.15625,0.65625],"rotation":0,"texture":"#0","tintindex":0}}},{"name":"cube","from":[8.741182,13.336113,21.185621],"to":[18.979841,17.472944,21.875093],"rotation":{"angle":-22.5,"axis":"x","origin":[10.408582,17.128208,22.564566]},"faces":{"down":{"uv":[8.28125,4.25,7.34375,4.3125],"rotation":0,"texture":"#0","tintindex":0},"east":{"uv":[7.78125,7.75,7.84375,8.125],"rotation":0,"texture":"#0","tintindex":0},"north":{"uv":[5.84375,0.0,6.78125,0.375],"rotation":0,"texture":"#0","tintindex":0},"south":{"uv":[5.84375,1.5625,6.78125,1.9375],"rotation":0,"texture":"#0","tintindex":0},"up":{"uv":[8.28125,4.21875,7.34375,4.15625],"rotation":0,"texture":"#0","tintindex":0},"west":{"uv":[0.34375,7.8125,0.40625,8.1875],"rotation":0,"texture":"#0","tintindex":0}}},{"name":"cube","from":[9.378944,18.438538,4.3443966],"to":[18.34208,19.12801,5.033869],"rotation":{"angle":45.0,"axis":"x","origin":[10.391345,17.059593,4.689132]},"faces":{"down":{"uv":[8.1875,4.90625,7.375,4.96875],"rotation":0,"texture":"#0","tintindex":0},"east":{"uv":[8.0,7.3125,8.0625,7.375],"rotation":0,"texture":"#0","tintindex":0},"north":{"uv":[7.375,4.625,8.1875,4.6875],"rotation":0,"texture":"#0","tintindex":0},"south":{"uv":[7.375,4.71875,8.1875,4.78125],"rotation":0,"texture":"#0","tintindex":0},"up":{"uv":[8.1875,4.875,7.375,4.8125],"rotation":0,"texture":"#0","tintindex":0},"west":{"uv":[8.0,7.40625,8.0625,7.46875],"rotation":0,"texture":"#0","tintindex":0}}},{"name":"cube","from":[9.378944,17.513113,2.2624416],"to":[18.34208,17.513113,5.7098017],"rotation":{"angle":-22.5,"axis":"x","origin":[10.391345,17.168377,3.641386]},"faces":{"down":{"uv":[7.3125,4.09375,6.5,4.40625],"rotation":0,"texture":"#0","tintindex":0},"east":{"uv":[5.15625,4.8125,5.46875,4.8125],"rotation":0,"texture":"#0","tintindex":0},"north":{"uv":[5.53125,4.21875,6.34375,4.21875],"rotation":0,"texture":"#0","tintindex":0},"south":{"uv":[7.875,5.375,8.6875,5.375],"rotation":0,"texture":"#0","tintindex":0},"up":{"uv":[7.25,4.0625,6.4375,3.75],"rotation":0,"texture":"#0","tintindex":0},"west":{"uv":[2.71875,6.59375,3.03125,6.59375],"rotation":0,"texture":"#0","tintindex":0}}},{"name":"cube","from":[18.34208,15.680651,4.3443966],"to":[18.962605,19.12801,5.033869],"rotation":{"angle":45.0,"axis":"x","origin":[17.329678,17.059593,4.689132]},"faces":{"down":{"uv":[8.09375,2.0625,8.03125,2.125],"rotation":0,"texture":"#0","tintindex":0},"east":{"uv":[3.96875,7.8125,4.03125,8.125],"rotation":0,"texture":"#0","tintindex":0},"north":{"uv":[3.875,7.8125,3.9375,8.125],"rotation":0,"texture":"#0","tintindex":0},"south":{"uv":[6.78125,7.8125,6.84375,8.125],"rotation":0,"texture":"#0","tintindex":0},"up":{"uv":[7.9375,8.0625,7.875,8.0],"rotation":0,"texture":"#0","tintindex":0},"west":{"uv":[6.875,7.8125,6.9375,8.125],"rotation":0,"texture":"#0","tintindex":0}}},{"name":"cube","from":[8.758419,15.680651,4.3443966],"to":[9.378944,19.12801,5.033869],"rotation":{"angle":45.0,"axis":"x","origin":[10.391345,17.059593,4.689132]},"faces":{"down":{"uv":[8.03125,2.0625,8.09375,2.125],"rotation":0,"texture":"#0","tintindex":0},"east":{"uv":[6.9375,7.8125,6.875,8.125],"rotation":0,"texture":"#0","tintindex":0},"north":{"uv":[3.9375,7.8125,3.875,8.125],"rotation":0,"texture":"#0","tintindex":0},"south":{"uv":[6.84375,7.8125,6.78125,8.125],"rotation":0,"texture":"#0","tintindex":0},"up":{"uv":[7.875,8.0625,7.9375,8.0],"rotation":0,"texture":"#0","tintindex":0},"west":{"uv":[4.03125,7.8125,3.96875,8.125],"rotation":0,"texture":"#0","tintindex":0}}},{"name":"cube","from":[8.758419,11.632484,2.1248178],"to":[9.378944,16.458788,2.81429],"rotation":{"angle":22.5,"axis":"x","origin":[9.012402,13.011429,2.469554]},"faces":{"down":{"uv":[5.09375,7.96875,5.15625,8.03125],"rotation":0,"texture":"#0","tintindex":0},"east":{"uv":[2.625,7.75,2.5625,8.1875],"rotation":0,"texture":"#0","tintindex":0},"north":{"uv":[5.34375,7.71875,5.28125,8.15625],"rotation":0,"texture":"#0","tintindex":0},"south":{"uv":[5.53125,7.71875,5.46875,8.15625],"rotation":0,"texture":"#0","tintindex":0},"up":{"uv":[7.96875,5.0625,8.03125,5.0],"rotation":0,"texture":"#0","tintindex":0},"west":{"uv":[5.4375,7.71875,5.375,8.15625],"rotation":0,"texture":"#0","tintindex":0}}},{"name":"cube","from":[6.6210556,5.7187724,23.421171],"to":[21.099968,9.831526,27.57811],"rotation":{"angle":0.0,"axis":"x","origin":[8.0,5.3740363,18.939602]},"faces":{"down":{"uv":[5.75,1.15625,4.4375,1.53125],"rotation":0,"texture":"#0","tintindex":0},"east":{"uv":[1.34375,4.4375,1.71875,4.8125],"rotation":0,"texture":"#0","tintindex":0},"north":{"uv":[2.84375,4.375,4.15625,4.75],"rotation":0,"texture":"#0","tintindex":0},"south":{"uv":[0.0,4.4375,1.3125,4.8125],"rotation":0,"texture":"#0","tintindex":0},"up":{"uv":[5.75,1.125,4.4375,0.75],"rotation":0,"texture":"#0","tintindex":0},"west":{"uv":[6.96875,4.625,7.34375,5.0],"rotation":0,"texture":"#0","tintindex":0}}},{"name":"cube","from":[7.655264,5.7187724,-8.639278],"to":[20.065762,9.166132,-2.7787657],"rotation":{"angle":0.0,"axis":"x","origin":[10.068417,5.7187724,-7.949806]},"faces":{"down":{"uv":[4.15625,3.8125,3.03125,4.34375],"rotation":0,"texture":"#0","tintindex":0},"east":{"uv":[6.8125,0.0,7.34375,0.3125],"rotation":0,"texture":"#0","tintindex":0},"north":{"uv":[5.84375,0.40625,6.96875,0.71875],"rotation":0,"texture":"#0","tintindex":0},"south":{"uv":[3.75,5.875,4.875,6.1875],"rotation":0,"texture":"#0","tintindex":0},"up":{"uv":[3.0,4.34375,1.875,3.8125],"rotation":0,"texture":"#0","tintindex":0},"west":{"uv":[6.8125,1.3125,7.34375,1.625],"rotation":0,"texture":"#0","tintindex":0}}},{"name":"cube","from":[8.690333,7.9033813,17.602482],"to":[19.03069,10.488901,22.996561],"rotation":{"angle":45.0,"axis":"x","origin":[10.069278,4.6283894,24.497202]},"faces":{"down":{"uv":[3.78125,4.78125,2.84375,5.28125],"rotation":0,"texture":"#0","tintindex":0},"east":{"uv":[1.21875,7.125,1.71875,7.34375],"rotation":0,"texture":"#0","tintindex":0},"north":{"uv":[1.4375,6.6875,2.375,6.90625],"rotation":0,"texture":"#0","tintindex":0},"south":{"uv":[5.21875,6.6875,6.15625,6.90625],"rotation":0,"texture":"#0","tintindex":0},"up":{"uv":[5.625,3.71875,4.6875,3.21875],"rotation":0,"texture":"#0","tintindex":0},"west":{"uv":[1.75,7.125,2.25,7.34375],"rotation":0,"texture":"#0","tintindex":0}}},{"name":"cube","from":[8.689472,5.7187724,17.560658],"to":[19.031551,13.6477,23.765905],"rotation":{"angle":0.0,"axis":"x","origin":[10.068417,5.7187724,17.560658]},"faces":{"down":{"uv":[2.8125,4.375,1.875,4.9375],"rotation":0,"texture":"#0","tintindex":0},"east":{"uv":[3.15625,5.3125,3.71875,6.03125],"rotation":0,"texture":"#0","tintindex":0},"north":{"uv":[3.53125,0.0,4.46875,0.71875],"rotation":0,"texture":"#0","tintindex":0},"south":{"uv":[0.90625,3.6875,1.84375,4.40625],"rotation":0,"texture":"#0","tintindex":0},"up":{"uv":[5.125,4.8125,4.1875,4.25],"rotation":0,"texture":"#0","tintindex":0},"west":{"uv":[0.0,5.40625,0.5625,6.125],"rotation":0,"texture":"#0","tintindex":0}}},{"name":"cube","from":[6.6219177,4.1619167,28.024931],"to":[21.099108,7.961605,29.598814],"rotation":{"angle":-22.5,"axis":"x","origin":[8.000861,3.8171809,23.888098]},"faces":{"down":{"uv":[8.0625,1.125,6.75,1.28125],"rotation":0,"texture":"#0","tintindex":0},"east":{"uv":[0.96875,2.125,1.125,2.46875],"rotation":0,"texture":"#0","tintindex":0},"north":{"uv":[4.875,2.34375,6.1875,2.6875],"rotation":0,"texture":"#0","tintindex":0},"south":{"uv":[5.15625,4.25,6.46875,4.59375],"rotation":0,"texture":"#0","tintindex":0},"up":{"uv":[8.0625,1.09375,6.75,0.9375],"rotation":0,"texture":"#0","tintindex":0},"west":{"uv":[1.875,2.6875,2.03125,3.03125],"rotation":0,"texture":"#0","tintindex":0}}},{"name":"cube","from":[8.0,6.0635085,-9.673487],"to":[19.721024,7.0977163,-8.9840145],"rotation":{"angle":0.0,"axis":"x","origin":[7.655264,6.75298,-9.328751]},"faces":{"down":{"uv":[8.28125,1.96875,7.21875,2.03125],"rotation":0,"texture":"#0","tintindex":0},"east":{"uv":[7.96875,3.5625,8.03125,3.65625],"rotation":0,"texture":"#0","tintindex":0},"north":{"uv":[7.15625,2.71875,8.21875,2.8125],"rotation":0,"texture":"#0","tintindex":0},"south":{"uv":[7.15625,2.84375,8.21875,2.9375],"rotation":0,"texture":"#0","tintindex":0},"up":{"uv":[8.25,2.6875,7.1875,2.625],"rotation":0,"texture":"#0","tintindex":0},"west":{"uv":[4.90625,7.96875,4.96875,8.0625],"rotation":0,"texture":"#0","tintindex":0}}},{"name":"cube","from":[13.515776,5.8788905,-10.362959],"to":[14.205248,6.9549217,-9.286928],"rotation":{"angle":45.0,"axis":"x","origin":[13.515776,6.610186,-9.673487]},"faces":{"down":{"uv":[8.03125,3.4375,7.96875,3.53125],"rotation":0,"texture":"#0","tintindex":0},"east":{"uv":[3.09375,7.96875,3.1875,8.0625],"rotation":0,"texture":"#0","tintindex":0},"north":{"uv":[2.625,6.6875,2.6875,6.78125],"rotation":0,"texture":"#0","tintindex":0},"south":{"uv":[2.03125,7.96875,2.09375,8.0625],"rotation":0,"texture":"#0","tintindex":0},"up":{"uv":[3.40625,8.0625,3.34375,7.96875],"rotation":0,"texture":"#0","tintindex":0},"west":{"uv":[3.21875,7.96875,3.3125,8.0625],"rotation":0,"texture":"#0","tintindex":0}}},{"name":"cube","from":[6.6210556,6.2236266,-10.018223],"to":[21.099968,6.9549217,-9.286928],"rotation":{"angle":45.0,"axis":"x","origin":[7.655264,6.610186,-9.673487]},"faces":{"down":{"uv":[8.5,2.4375,7.1875,2.5],"rotation":0,"texture":"#0","tintindex":0},"east":{"uv":[8.03125,2.15625,8.09375,2.21875],"rotation":0,"texture":"#0","tintindex":0},"north":{"uv":[7.09375,6.625,8.40625,6.6875],"rotation":0,"texture":"#0","tintindex":0},"south":{"uv":[7.15625,2.96875,8.46875,3.03125],"rotation":0,"texture":"#0","tintindex":0},"up":{"uv":[8.5,2.40625,7.1875,2.34375],"rotation":0,"texture":"#0","tintindex":0},"west":{"uv":[8.03125,3.0625,8.09375,3.125],"rotation":0,"texture":"#0","tintindex":0}}},{"name":"cube","from":[19.462471,9.370611,-9.688274],"to":[20.669048,10.503252,-8.555632],"rotation":{"angle":45.0,"axis":"x","origin":[21.099968,10.158518,-9.084986]},"faces":{"down":{"uv":[0.90625,7.96875,0.78125,8.0625],"rotation":0,"texture":"#0","tintindex":0},"east":{"uv":[2.84375,7.96875,2.9375,8.0625],"rotation":0,"texture":"#0","tintindex":0},"north":{"uv":[7.9375,5.875,8.0625,5.96875],"rotation":0,"texture":"#0","tintindex":0},"south":{"uv":[7.9375,7.5625,8.0625,7.65625],"rotation":0,"texture":"#0","tintindex":0},"up":{"uv":[0.75,8.0625,0.625,7.96875],"rotation":0,"texture":"#0","tintindex":0},"west":{"uv":[2.96875,7.96875,3.0625,8.0625],"rotation":0,"texture":"#0","tintindex":0}}},{"name":"cube","from":[8.344736,9.510868,-9.673487],"to":[19.376287,10.20034,-8.294542],"rotation":{"angle":0.0,"axis":"x","origin":[7.655264,9.855604,-8.9840145]},"faces":{"down":{"uv":[6.96875,7.09375,5.96875,7.21875],"rotation":0,"texture":"#0","tintindex":0},"east":{"uv":[4.71875,2.15625,4.84375,2.21875],"rotation":0,"texture":"#0","tintindex":0},"north":{"uv":[7.21875,2.25,8.21875,2.3125],"rotation":0,"texture":"#0","tintindex":0},"south":{"uv":[7.21875,6.03125,8.21875,6.09375],"rotation":0,"texture":"#0","tintindex":0},"up":{"uv":[7.90625,6.0,6.90625,5.875],"rotation":0,"texture":"#0","tintindex":0},"west":{"uv":[7.875,3.21875,8.0,3.28125],"rotation":0,"texture":"#0","tintindex":0}}},{"name":"cube","from":[10.281944,7.0977163,-9.333376],"to":[17.43908,9.510868,-8.643904],"rotation":{"angle":0.0,"axis":"x","origin":[16.404871,7.4424524,-8.98864]},"faces":{"down":{"uv":[1.78125,7.46875,1.125,7.53125],"rotation":0,"texture":"#0","tintindex":0},"east":{"uv":[7.90625,7.3125,7.96875,7.53125],"rotation":0,"texture":"#0","tintindex":0},"north":{"uv":[3.53125,0.75,4.1875,0.96875],"rotation":0,"texture":"#0","tintindex":0},"south":{"uv":[2.71875,6.34375,3.375,6.5625],"rotation":0,"texture":"#0","tintindex":0},"up":{"uv":[6.5625,7.5,5.90625,7.4375],"rotation":0,"texture":"#0","tintindex":0},"west":{"uv":[7.59375,7.9375,7.65625,8.15625],"rotation":0,"texture":"#0","tintindex":0}}},{"name":"cube","from":[17.175947,7.0977163,-8.699993],"to":[18.899628,9.510868,-8.010523],"rotation":{"angle":-22.5,"axis":"y","origin":[18.899628,7.4424524,-8.355257]},"faces":{"down":{"uv":[4.28125,6.625,4.125,6.6875],"rotation":0,"texture":"#0","tintindex":0},"east":{"uv":[7.875,7.75,7.9375,7.96875],"rotation":0,"texture":"#0","tintindex":0},"north":{"uv":[5.21875,7.46875,5.375,7.6875],"rotation":0,"texture":"#0","tintindex":0},"south":{"uv":[5.40625,7.46875,5.5625,7.6875],"rotation":0,"texture":"#0","tintindex":0},"up":{"uv":[1.96875,6.3125,1.8125,6.25],"rotation":0,"texture":"#0","tintindex":0},"west":{"uv":[7.90625,0.28125,7.96875,0.5],"rotation":0,"texture":"#0","tintindex":0}}},{"name":"cube","from":[9.034208,8.929287,2.1485095],"to":[18.686817,13.755591,6.9748135],"rotation":{"angle":45.0,"axis":"x","origin":[18.34208,13.410855,2.1485095]},"faces":{"down":{"uv":[6.40625,3.75,5.53125,4.1875],"rotation":0,"texture":"#0","tintindex":0},"east":{"uv":[2.5625,1.0,3.0,1.4375],"rotation":0,"texture":"#0","tintindex":0},"north":{"uv":[0.59375,5.40625,1.46875,5.84375],"rotation":0,"texture":"#0","tintindex":0},"south":{"uv":[3.75,5.40625,4.625,5.84375],"rotation":0,"texture":"#0","tintindex":0},"up":{"uv":[5.53125,5.84375,4.65625,5.40625],"rotation":0,"texture":"#0","tintindex":0},"west":{"uv":[4.125,6.71875,4.5625,7.15625],"rotation":0,"texture":"#0","tintindex":0}}},{"name":"cube","from":[9.034208,5.7187724,6.8738422],"to":[18.686817,7.4424524,10.321202],"rotation":{"angle":0.0,"axis":"x","origin":[18.34208,10.20034,12.044882]},"faces":{"down":{"uv":[7.1875,6.03125,6.3125,6.34375],"rotation":0,"texture":"#0","tintindex":0},"east":{"uv":[3.09375,2.25,3.40625,2.40625],"rotation":0,"texture":"#0","tintindex":0},"north":{"uv":[0.0,4.25,0.875,4.40625],"rotation":0,"texture":"#0","tintindex":0},"south":{"uv":[6.96875,5.03125,7.84375,5.1875],"rotation":0,"texture":"#0","tintindex":0},"up":{"uv":[2.6875,5.28125,1.8125,4.96875],"rotation":0,"texture":"#0","tintindex":0},"west":{"uv":[4.5,1.96875,4.8125,2.125],"rotation":0,"texture":"#0","tintindex":0}}},{"name":"cube","from":[9.034208,7.4424524,6.529106],"to":[18.686817,8.131925,10.665938],"rotation":{"angle":0.0,"axis":"x","origin":[18.34208,10.20034,12.044882]},"faces":{"down":{"uv":[0.875,6.25,0.0,6.625],"rotation":0,"texture":"#0","tintindex":0},"east":{"uv":[2.5625,1.46875,2.9375,1.53125],"rotation":0,"texture":"#0","tintindex":0},"north":{"uv":[0.59375,5.875,1.46875,5.9375],"rotation":0,"texture":"#0","tintindex":0},"south":{"uv":[7.34375,4.34375,8.21875,4.40625],"rotation":0,"texture":"#0","tintindex":0},"up":{"uv":[4.28125,6.59375,3.40625,6.21875],"rotation":0,"texture":"#0","tintindex":0},"west":{"uv":[0.0,6.15625,0.375,6.21875],"rotation":0,"texture":"#0","tintindex":0}}},{"name":"cube","from":[9.034208,8.077988,12.297194],"to":[18.686817,13.938499,12.986666],"rotation":{"angle":22.5,"axis":"x","origin":[18.34208,13.593763,10.228778]},"faces":{"down":{"uv":[8.25,0.0,7.375,0.0625],"rotation":0,"texture":"#0","tintindex":0},"east":{"uv":[5.59375,7.46875,5.65625,8.0],"rotation":0,"texture":"#0","tintindex":0},"north":{"uv":[0.0,4.84375,0.875,5.375],"rotation":0,"texture":"#0","tintindex":0},"south":{"uv":[0.90625,4.84375,1.78125,5.375],"rotation":0,"texture":"#0","tintindex":0},"up":{"uv":[6.78125,7.40625,5.90625,7.34375],"rotation":0,"texture":"#0","tintindex":0},"west":{"uv":[7.5,7.40625,7.5625,7.9375],"rotation":0,"texture":"#0","tintindex":0}}},{"name":"cube","from":[9.034208,8.077988,17.640602],"to":[18.686817,13.938499,18.330074],"rotation":{"angle":22.5,"axis":"x","origin":[18.34208,13.593763,15.5721855]},"faces":{"down":{"uv":[8.25,0.1875,7.375,0.25],"rotation":0,"texture":"#0","tintindex":0},"east":{"uv":[5.90625,7.53125,5.96875,8.0625],"rotation":0,"texture":"#0","tintindex":0},"north":{"uv":[3.8125,4.84375,4.6875,5.375],"rotation":0,"texture":"#0","tintindex":0},"south":{"uv":[4.71875,4.84375,5.59375,5.375],"rotation":0,"texture":"#0","tintindex":0},"up":{"uv":[8.25,0.15625,7.375,0.09375],"rotation":0,"texture":"#0","tintindex":0},"west":{"uv":[6.0,7.53125,6.0625,8.0625],"rotation":0,"texture":"#0","tintindex":0}}},{"name":"cube","from":[9.034208,7.4424524,11.872515],"to":[18.686817,8.131925,16.009346],"rotation":{"angle":0.0,"axis":"x","origin":[18.34208,10.20034,17.38829]},"faces":{"down":{"uv":[5.1875,6.3125,4.3125,6.6875],"rotation":0,"texture":"#0","tintindex":0},"east":{"uv":[4.3125,6.21875,4.6875,6.28125],"rotation":0,"texture":"#0","tintindex":0},"north":{"uv":[1.21875,7.375,2.09375,7.4375],"rotation":0,"texture":"#0","tintindex":0},"south":{"uv":[7.375,1.3125,8.25,1.375],"rotation":0,"texture":"#0","tintindex":0},"up":{"uv":[1.78125,6.625,0.90625,6.25],"rotation":0,"texture":"#0","tintindex":0},"west":{"uv":[7.75,6.71875,8.125,6.78125],"rotation":0,"texture":"#0","tintindex":0}}},{"name":"cube","from":[9.034208,5.7187724,12.217251],"to":[18.686817,7.4424524,15.66461],"rotation":{"angle":0.0,"axis":"x","origin":[18.34208,10.20034,17.38829]},"faces":{"down":{"uv":[7.0625,6.375,6.1875,6.6875],"rotation":0,"texture":"#0","tintindex":0},"east":{"uv":[3.78125,6.8125,4.09375,6.96875],"rotation":0,"texture":"#0","tintindex":0},"north":{"uv":[6.96875,5.21875,7.84375,5.375],"rotation":0,"texture":"#0","tintindex":0},"south":{"uv":[7.0625,3.5,7.9375,3.65625],"rotation":0,"texture":"#0","tintindex":0},"up":{"uv":[2.6875,6.65625,1.8125,6.34375],"rotation":0,"texture":"#0","tintindex":0},"west":{"uv":[0.0,7.40625,0.3125,7.5625],"rotation":0,"texture":"#0","tintindex":0}}},{"name":"cube","from":[11.102624,11.073229,6.7457914],"to":[12.481568,12.452172,9.158943],"rotation":{"angle":-22.5,"axis":"x","origin":[9.034208,3.144301,6.7457914]},"faces":{"down":{"uv":[5.25,7.71875,5.125,7.9375],"rotation":0,"texture":"#0","tintindex":0},"east":{"uv":[5.28125,5.875,5.5,6.0],"rotation":0,"texture":"#0","tintindex":0},"north":{"uv":[0.96875,2.5,1.09375,2.625],"rotation":0,"texture":"#0","tintindex":0},"south":{"uv":[6.96875,7.8125,7.09375,7.9375],"rotation":0,"texture":"#0","tintindex":0},"up":{"uv":[5.09375,7.9375,4.96875,7.71875],"rotation":0,"texture":"#0","tintindex":0},"west":{"uv":[7.6875,7.59375,7.90625,7.71875],"rotation":0,"texture":"#0","tintindex":0}}},{"name":"cube","from":[11.44736,11.417965,9.158943],"to":[12.136831,12.107436,11.227359],"rotation":{"angle":-22.5,"axis":"x","origin":[9.034208,3.144301,6.7457914]},"faces":{"down":{"uv":[0.59375,7.96875,0.53125,8.15625],"rotation":0,"texture":"#0","tintindex":0},"east":{"uv":[3.09375,2.4375,3.28125,2.5],"rotation":0,"texture":"#0","tintindex":0},"north":{"uv":[2.96875,1.46875,3.03125,1.53125],"rotation":0,"texture":"#0","tintindex":0},"south":{"uv":[5.0,7.96875,5.0625,8.03125],"rotation":0,"texture":"#0","tintindex":0},"up":{"uv":[0.5,8.15625,0.4375,7.96875],"rotation":0,"texture":"#0","tintindex":0},"west":{"uv":[4.5,2.15625,4.6875,2.21875],"rotation":0,"texture":"#0","tintindex":0}}},{"name":"cube","from":[10.068417,10.039021,10.537888],"to":[13.515776,13.486381,10.882624],"rotation":{"angle":-22.5,"axis":"x","origin":[9.034208,3.144301,6.7457914]},"faces":{"down":{"uv":[6.46875,3.09375,6.15625,3.125],"rotation":0,"texture":"#0","tintindex":0},"east":{"uv":[2.0625,2.6875,2.09375,3.0],"rotation":0,"texture":"#0","tintindex":0},"north":{"uv":[5.03125,7.125,5.34375,7.4375],"rotation":0,"texture":"#0","tintindex":0},"south":{"uv":[5.375,7.125,5.6875,7.4375],"rotation":0,"texture":"#0","tintindex":0},"up":{"uv":[4.125,4.8125,3.8125,4.78125],"rotation":0,"texture":"#0","tintindex":0},"west":{"uv":[3.03125,1.0,3.0625,1.3125],"rotation":0,"texture":"#0","tintindex":0}}},{"name":"cube","from":[8.821397,7.0977163,-8.699993],"to":[10.545076,9.510868,-8.010523],"rotation":{"angle":22.5,"axis":"y","origin":[8.821397,7.4424524,-8.355257]},"faces":{"down":{"uv":[4.875,6.21875,4.71875,6.28125],"rotation":0,"texture":"#0","tintindex":0},"east":{"uv":[1.71875,5.40625,1.78125,5.625],"rotation":0,"texture":"#0","tintindex":0},"north":{"uv":[7.46875,3.0625,7.625,3.28125],"rotation":0,"texture":"#0","tintindex":0},"south":{"uv":[5.03125,7.46875,5.1875,7.6875],"rotation":0,"texture":"#0","tintindex":0},"up":{"uv":[0.5625,6.21875,0.40625,6.15625],"rotation":0,"texture":"#0","tintindex":0},"west":{"uv":[7.875,5.0,7.9375,5.21875],"rotation":0,"texture":"#0","tintindex":0}}},{"name":"cube","from":[7.051976,9.370611,-9.688274],"to":[8.258553,10.503252,-8.555632],"rotation":{"angle":45.0,"axis":"x","origin":[6.6210556,10.158518,-9.084986]},"faces":{"down":{"uv":[8.03125,4.4375,7.90625,4.53125],"rotation":0,"texture":"#0","tintindex":0},"east":{"uv":[0.9375,7.96875,1.03125,8.0625],"rotation":0,"texture":"#0","tintindex":0},"north":{"uv":[3.3125,2.4375,3.4375,2.53125],"rotation":0,"texture":"#0","tintindex":0},"south":{"uv":[1.21875,7.0,1.34375,7.09375],"rotation":0,"texture":"#0","tintindex":0},"up":{"uv":[8.0,5.34375,7.875,5.25],"rotation":0,"texture":"#0","tintindex":0},"west":{"uv":[1.90625,7.96875,2.0,8.0625],"rotation":0,"texture":"#0","tintindex":0}}},{"name":"cube","from":[6.27632,5.3740363,-2.7787657],"to":[21.444704,5.7187724,5.4948983],"rotation":{"angle":0.0,"axis":"x","origin":[8.344736,5.3740363,5.839634]},"faces":{"down":{"uv":[2.53125,0.78125,1.15625,1.53125],"rotation":0,"texture":"#0","tintindex":0},"east":{"uv":[4.6875,3.75,5.4375,3.78125],"rotation":0,"texture":"#0","tintindex":0},"north":{"uv":[7.125,7.03125,8.5,7.0625],"rotation":0,"texture":"#0","tintindex":0},"south":{"uv":[7.21875,6.3125,8.59375,6.34375],"rotation":0,"texture":"#0","tintindex":0},"up":{"uv":[2.53125,0.75,1.15625,0.0],"rotation":0,"texture":"#0","tintindex":0},"west":{"uv":[4.8125,3.15625,5.5625,3.1875],"rotation":0,"texture":"#0","tintindex":0}}},{"name":"cube","from":[6.27632,5.3740363,16.871185],"to":[21.444704,5.7187724,18.594866],"rotation":{"angle":0.0,"axis":"x","origin":[8.344736,5.3740363,25.489586]},"faces":{"down":{"uv":[4.09375,6.625,2.71875,6.78125],"rotation":0,"texture":"#0","tintindex":0},"east":{"uv":[6.5,3.09375,6.65625,3.125],"rotation":0,"texture":"#0","tintindex":0},"north":{"uv":[7.375,1.59375,8.75,1.625],"rotation":0,"texture":"#0","tintindex":0},"south":{"uv":[7.40625,0.6875,8.78125,0.71875],"rotation":0,"texture":"#0","tintindex":0},"up":{"uv":[7.875,4.59375,6.5,4.4375],"rotation":0,"texture":"#0","tintindex":0},"west":{"uv":[6.6875,3.09375,6.84375,3.125],"rotation":0,"texture":"#0","tintindex":0}}},{"name":"cube","from":[7.655264,5.3740363,5.4948983],"to":[20.065762,5.7187724,16.871185],"rotation":{"angle":0.0,"axis":"x","origin":[10.068417,5.3740363,5.839634]},"faces":{"down":{"uv":[1.125,1.0625,0.0,2.09375],"rotation":0,"texture":"#0","tintindex":0},"east":{"uv":[7.46875,3.3125,8.5,3.34375],"rotation":0,"texture":"#0","tintindex":0},"north":{"uv":[3.46875,3.21875,4.59375,3.25],"rotation":0,"texture":"#0","tintindex":0},"south":{"uv":[4.875,2.71875,6.0,2.75],"rotation":0,"texture":"#0","tintindex":0},"up":{"uv":[1.125,1.03125,0.0,0.0],"rotation":0,"texture":"#0","tintindex":0},"west":{"uv":[7.46875,3.375,8.5,3.40625],"rotation":0,"texture":"#0","tintindex":0}}},{"name":"cube","from":[6.6210556,5.453488,17.323769],"to":[21.099968,9.698883,18.51109],"rotation":{"angle":22.5,"axis":"x","origin":[8.0,7.9752026,18.702713]},"faces":{"down":{"uv":[8.4375,6.90625,7.125,7.0],"rotation":0,"texture":"#0","tintindex":0},"east":{"uv":[1.75,4.4375,1.84375,4.8125],"rotation":0,"texture":"#0","tintindex":0},"north":{"uv":[4.5,0.0,5.8125,0.375],"rotation":0,"texture":"#0","tintindex":0},"south":{"uv":[4.5,1.5625,5.8125,1.9375],"rotation":0,"texture":"#0","tintindex":0},"up":{"uv":[8.3125,7.1875,7.0,7.09375],"rotation":0,"texture":"#0","tintindex":0},"west":{"uv":[3.9375,7.40625,4.03125,7.78125],"rotation":0,"texture":"#0","tintindex":0}}},{"name":"cube","from":[6.6210556,8.689472,18.642296],"to":[21.099968,10.068416,21.74492],"rotation":{"angle":-22.5,"axis":"x","origin":[8.0,8.689472,18.297562]},"faces":{"down":{"uv":[6.875,5.71875,5.5625,6.0],"rotation":0,"texture":"#0","tintindex":0},"east":{"uv":[3.40625,6.0625,3.6875,6.1875],"rotation":0,"texture":"#0","tintindex":0},"north":{"uv":[6.90625,5.5625,8.21875,5.6875],"rotation":0,"texture":"#0","tintindex":0},"south":{"uv":[6.90625,5.71875,8.21875,5.84375],"rotation":0,"texture":"#0","tintindex":0},"up":{"uv":[6.96875,3.4375,5.65625,3.15625],"rotation":0,"texture":"#0","tintindex":0},"west":{"uv":[1.8125,7.46875,2.09375,7.59375],"rotation":0,"texture":"#0","tintindex":0}}}],"display":{"head":{"translation":[0.0,-6.4,-15.277971],"rotation":[0.0,0.0,0.0],"scale":[3.7333333,3.7333333,3.7333333]}}}