{"textures":{"0":"modelengine:entity/car02"},"elements":[{"name":"cube","from":[5.0394554,6.232998,6.0593224],"to":[6.969978,12.024564,11.850886],"rotation":{"angle":0.0,"axis":"x","origin":[13.244173,6.232998,24.39928]},"faces":{"down":{"uv":[7.09375,7.40625,6.96875,7.78125],"rotation":0,"texture":"#0","tintindex":0},"east":{"uv":[3.65625,7.0,4.03125,7.375],"rotation":0,"texture":"#0","tintindex":0},"north":{"uv":[3.625,7.40625,3.75,7.78125],"rotation":0,"texture":"#0","tintindex":0},"south":{"uv":[3.78125,7.40625,3.90625,7.78125],"rotation":0,"texture":"#0","tintindex":0},"up":{"uv":[6.9375,7.78125,6.8125,7.40625],"rotation":0,"texture":"#0","tintindex":0},"west":{"uv":[7.0625,3.09375,7.4375,3.46875],"rotation":0,"texture":"#0","tintindex":0}}}],"display":{"head":{"translation":[0.0,-6.4,0.0],"rotation":[0.0,0.0,0.0],"scale":[3.8095,3.8095,3.8095]}}}