{"textures":{"0":"modelengine:entity/car02"},"elements":[{"name":"cube","from":[5.0394554,6.232998,6.0593224],"to":[6.9699774,12.024564,11.850889],"rotation":{"angle":0.0,"axis":"x","origin":[-1.2347398,6.232998,1.233019]},"faces":{"down":{"uv":[2.96875,7.40625,2.84375,7.78125],"rotation":0,"texture":"#0","tintindex":0},"east":{"uv":[0.40625,7.0,0.78125,7.375],"rotation":0,"texture":"#0","tintindex":0},"north":{"uv":[0.65625,7.40625,0.78125,7.78125],"rotation":0,"texture":"#0","tintindex":0},"south":{"uv":[0.8125,7.40625,0.9375,7.78125],"rotation":0,"texture":"#0","tintindex":0},"up":{"uv":[1.09375,7.78125,0.96875,7.40625],"rotation":0,"texture":"#0","tintindex":0},"west":{"uv":[0.8125,7.0,1.1875,7.375],"rotation":0,"texture":"#0","tintindex":0}}}],"display":{"head":{"translation":[0.0,-6.4,0.0],"rotation":[0.0,0.0,0.0],"scale":[3.8095,3.8095,3.8095]}}}