{"textures":{"0":"modelengine:entity/statue3"},"elements":[{"name":"cube","from":[7.4963565,5.3180118,8.9],"to":[9.896357,10.718014,10.700001],"rotation":{"angle":-22.5,"axis":"z","origin":[11.096356,10.118013,8.6]},"faces":{"down":{"uv":[8.75,11.0,8.25,11.375],"rotation":0,"texture":"#0","tintindex":0},"east":{"uv":[4.0,9.25,4.375,10.375],"rotation":0,"texture":"#0","tintindex":0},"north":{"uv":[8.625,2.375,9.125,3.5],"rotation":0,"texture":"#0","tintindex":0},"south":{"uv":[8.625,3.625,9.125,4.75],"rotation":0,"texture":"#0","tintindex":0},"up":{"uv":[8.125,11.375,7.625,11.0],"rotation":0,"texture":"#0","tintindex":0},"west":{"uv":[9.625,3.75,10.0,4.875],"rotation":0,"texture":"#0","tintindex":0}}},{"name":"cube","from":[4.3999996,11.45,8.6],"to":[8.0,12.05,10.700001],"rotation":{"angle":0.0,"axis":"x","origin":[8.0,11.45,8.6]},"faces":{"down":{"uv":[10.5,6.5,9.75,7.0],"rotation":0,"texture":"#0","tintindex":0},"east":{"uv":[0.25,12.0,0.75,12.125],"rotation":0,"texture":"#0","tintindex":0},"north":{"uv":[8.875,6.5,9.625,6.625],"rotation":0,"texture":"#0","tintindex":0},"south":{"uv":[11.625,1.25,12.375,1.375],"rotation":0,"texture":"#0","tintindex":0},"up":{"uv":[6.75,10.25,6.0,9.75],"rotation":0,"texture":"#0","tintindex":0},"west":{"uv":[0.875,12.0,1.375,12.125],"rotation":0,"texture":"#0","tintindex":0}}},{"name":"cube","from":[2.5036435,4.718012,8.9],"to":[4.9036436,10.718014,10.700001],"rotation":{"angle":22.5,"axis":"z","origin":[1.3036433,10.118013,8.6]},"faces":{"down":{"uv":[11.5,8.75,11.0,9.125],"rotation":0,"texture":"#0","tintindex":0},"east":{"uv":[3.5,5.25,3.875,6.5],"rotation":0,"texture":"#0","tintindex":0},"north":{"uv":[4.0,7.875,4.5,9.125],"rotation":0,"texture":"#0","tintindex":0},"south":{"uv":[1.875,8.375,2.375,9.625],"rotation":0,"texture":"#0","tintindex":0},"up":{"uv":[11.5,8.625,11.0,8.25],"rotation":0,"texture":"#0","tintindex":0},"west":{"uv":[0.0,8.75,0.375,10.0],"rotation":0,"texture":"#0","tintindex":0}}},{"name":"cube","from":[4.3999996,3.0499997,10.703],"to":[8.0,12.05,10.703],"rotation":{"angle":0.0,"axis":"x","origin":[8.0,11.45,8.6]},"faces":{"down":{"uv":[8.625,1.5,7.875,1.5],"rotation":0,"texture":"#0","tintindex":0},"east":{"uv":[11.125,12.125,11.125,14.0],"rotation":0,"texture":"#0","tintindex":0},"north":{"uv":[4.25,0.0,5.0,1.875],"rotation":0,"texture":"#0","tintindex":0},"south":{"uv":[4.25,2.0,5.0,3.875],"rotation":0,"texture":"#0","tintindex":0},"up":{"uv":[8.5,2.375,7.75,2.375],"rotation":0,"texture":"#0","tintindex":0},"west":{"uv":[6.375,12.25,6.375,14.125],"rotation":0,"texture":"#0","tintindex":0}}}],"display":{"head":{"translation":[0.0,-6.4,0.0],"rotation":[0.0,0.0,0.0],"scale":[3.8095,3.8095,3.8095]}}}