{"textures":{"0":"modelengine:entity/statue3"},"elements":[{"name":"1","from":[6.8,11.45,9.2],"to":[8.6,12.05,11.6],"rotation":{"angle":0.0,"axis":"x","origin":[8.0,11.45,11.0]},"faces":{"down":{"uv":[1.375,10.75,1.0,11.25],"rotation":0,"texture":"#0","tintindex":0},"east":{"uv":[11.625,8.25,12.125,8.375],"rotation":0,"texture":"#0","tintindex":0},"north":{"uv":[2.0,4.25,2.375,4.375],"rotation":0,"texture":"#0","tintindex":0},"south":{"uv":[9.875,7.875,10.25,8.0],"rotation":0,"texture":"#0","tintindex":0},"up":{"uv":[3.875,11.125,3.5,10.625],"rotation":0,"texture":"#0","tintindex":0},"west":{"uv":[11.625,8.5,12.125,8.625],"rotation":0,"texture":"#0","tintindex":0}}},{"name":"1","from":[7.1,11.45,8.0],"to":[8.3,11.900001,9.2],"rotation":{"angle":0.0,"axis":"x","origin":[8.0,11.45,8.6]},"faces":{"down":{"uv":[8.5,10.25,8.25,10.5],"rotation":0,"texture":"#0","tintindex":0},"east":{"uv":[8.375,12.0,8.625,12.125],"rotation":0,"texture":"#0","tintindex":0},"north":{"uv":[9.25,9.875,9.5,10.0],"rotation":0,"texture":"#0","tintindex":0},"south":{"uv":[12.0,9.25,12.25,9.375],"rotation":0,"texture":"#0","tintindex":0},"up":{"uv":[9.5,4.75,9.25,4.5],"rotation":0,"texture":"#0","tintindex":0},"west":{"uv":[12.0,11.375,12.25,11.5],"rotation":0,"texture":"#0","tintindex":0}}},{"name":"2","from":[9.8,11.45,9.2],"to":[11.6,12.05,11.6],"rotation":{"angle":0.0,"axis":"x","origin":[10.4,11.45,11.0]},"faces":{"down":{"uv":[11.125,9.5,10.75,10.0],"rotation":0,"texture":"#0","tintindex":0},"east":{"uv":[11.625,8.75,12.125,8.875],"rotation":0,"texture":"#0","tintindex":0},"north":{"uv":[2.25,12.0,2.625,12.125],"rotation":0,"texture":"#0","tintindex":0},"south":{"uv":[12.0,2.5,12.375,2.625],"rotation":0,"texture":"#0","tintindex":0},"up":{"uv":[11.125,4.5,10.75,4.0],"rotation":0,"texture":"#0","tintindex":0},"west":{"uv":[11.625,9.0,12.125,9.125],"rotation":0,"texture":"#0","tintindex":0}}},{"name":"2","from":[10.1,11.45,8.0],"to":[11.3,11.900001,9.2],"rotation":{"angle":0.0,"axis":"x","origin":[10.4,11.45,8.6]},"faces":{"down":{"uv":[11.875,9.25,11.625,9.5],"rotation":0,"texture":"#0","tintindex":0},"east":{"uv":[12.0,11.875,12.25,12.0],"rotation":0,"texture":"#0","tintindex":0},"north":{"uv":[12.0,11.625,12.25,11.75],"rotation":0,"texture":"#0","tintindex":0},"south":{"uv":[12.125,1.5,12.375,1.625],"rotation":0,"texture":"#0","tintindex":0},"up":{"uv":[6.75,11.875,6.5,11.625],"rotation":0,"texture":"#0","tintindex":0},"west":{"uv":[12.125,2.125,12.375,2.25],"rotation":0,"texture":"#0","tintindex":0}}}],"display":{"head":{"translation":[0.0,-6.4,0.0],"rotation":[0.0,0.0,0.0],"scale":[3.8095,3.8095,3.8095]}}}