{"textures":{"0":"modelengine:entity/statue3"},"elements":[{"name":"cube","from":[9.3123,12.622767,7.7],"to":[10.512299,14.422768,8.9],"rotation":{"angle":-22.5,"axis":"z","origin":[8.112299,13.222768,7.1]},"faces":{"down":{"uv":[4.0,11.875,3.75,12.125],"rotation":0,"texture":"#0","tintindex":0},"east":{"uv":[11.375,1.625,11.625,2.0],"rotation":0,"texture":"#0","tintindex":0},"north":{"uv":[1.5,11.375,1.75,11.75],"rotation":0,"texture":"#0","tintindex":0},"south":{"uv":[1.875,11.375,2.125,11.75],"rotation":0,"texture":"#0","tintindex":0},"up":{"uv":[3.625,12.125,3.375,11.875],"rotation":0,"texture":"#0","tintindex":0},"west":{"uv":[11.375,2.125,11.625,2.5],"rotation":0,"texture":"#0","tintindex":0}}},{"name":"cube","from":[8.6,12.05,9.2],"to":[9.8,13.85,10.4],"rotation":{"angle":0.0,"axis":"x","origin":[8.0,12.650001,11.6]},"faces":{"down":{"uv":[12.125,4.625,11.875,4.875],"rotation":0,"texture":"#0","tintindex":0},"east":{"uv":[6.125,11.375,6.375,11.75],"rotation":0,"texture":"#0","tintindex":0},"north":{"uv":[5.75,11.375,6.0,11.75],"rotation":0,"texture":"#0","tintindex":0},"south":{"uv":[6.875,11.375,7.125,11.75],"rotation":0,"texture":"#0","tintindex":0},"up":{"uv":[12.125,4.125,11.875,3.875],"rotation":0,"texture":"#0","tintindex":0},"west":{"uv":[7.25,11.375,7.5,11.75],"rotation":0,"texture":"#0","tintindex":0}}},{"name":"cube","from":[5.6,12.05,9.2],"to":[6.8,13.85,10.4],"rotation":{"angle":0.0,"axis":"x","origin":[5.0,12.650001,11.6]},"faces":{"down":{"uv":[6.0,11.875,5.75,12.125],"rotation":0,"texture":"#0","tintindex":0},"east":{"uv":[9.625,11.375,9.875,11.75],"rotation":0,"texture":"#0","tintindex":0},"north":{"uv":[9.25,11.375,9.5,11.75],"rotation":0,"texture":"#0","tintindex":0},"south":{"uv":[10.0,11.375,10.25,11.75],"rotation":0,"texture":"#0","tintindex":0},"up":{"uv":[12.125,5.25,11.875,5.0],"rotation":0,"texture":"#0","tintindex":0},"west":{"uv":[10.875,11.375,11.125,11.75],"rotation":0,"texture":"#0","tintindex":0}}},{"name":"cube","from":[4.8877006,12.622767,7.7],"to":[6.087701,14.422768,8.9],"rotation":{"angle":22.5,"axis":"z","origin":[7.2877007,13.222768,7.1]},"faces":{"down":{"uv":[7.125,11.875,6.875,12.125],"rotation":0,"texture":"#0","tintindex":0},"east":{"uv":[0.0,11.5,0.25,11.875],"rotation":0,"texture":"#0","tintindex":0},"north":{"uv":[11.25,11.375,11.5,11.75],"rotation":0,"texture":"#0","tintindex":0},"south":{"uv":[11.5,0.0,11.75,0.375],"rotation":0,"texture":"#0","tintindex":0},"up":{"uv":[6.375,12.125,6.125,11.875],"rotation":0,"texture":"#0","tintindex":0},"west":{"uv":[0.375,11.5,0.625,11.875],"rotation":0,"texture":"#0","tintindex":0}}},{"name":"cube","from":[5.6,12.05,6.2],"to":[6.8,13.85,7.4],"rotation":{"angle":0.0,"axis":"x","origin":[5.0,12.650001,8.6]},"faces":{"down":{"uv":[12.125,7.75,11.875,8.0],"rotation":0,"texture":"#0","tintindex":0},"east":{"uv":[2.625,11.5,2.875,11.875],"rotation":0,"texture":"#0","tintindex":0},"north":{"uv":[2.25,11.5,2.5,11.875],"rotation":0,"texture":"#0","tintindex":0},"south":{"uv":[4.25,11.5,4.5,11.875],"rotation":0,"texture":"#0","tintindex":0},"up":{"uv":[7.5,12.125,7.25,11.875],"rotation":0,"texture":"#0","tintindex":0},"west":{"uv":[4.625,11.5,4.875,11.875],"rotation":0,"texture":"#0","tintindex":0}}},{"name":"cube","from":[7.1,12.622767,5.7877007],"to":[8.3,14.422768,6.9877005],"rotation":{"angle":-22.5,"axis":"x","origin":[6.5,13.222768,8.1877]},"faces":{"down":{"uv":[9.75,11.875,9.5,12.125],"rotation":0,"texture":"#0","tintindex":0},"east":{"uv":[5.375,11.5,5.625,11.875],"rotation":0,"texture":"#0","tintindex":0},"north":{"uv":[5.0,11.5,5.25,11.875],"rotation":0,"texture":"#0","tintindex":0},"south":{"uv":[7.625,11.5,7.875,11.875],"rotation":0,"texture":"#0","tintindex":0},"up":{"uv":[9.375,12.125,9.125,11.875],"rotation":0,"texture":"#0","tintindex":0},"west":{"uv":[11.5,7.75,11.75,8.125],"rotation":0,"texture":"#0","tintindex":0}}},{"name":"cube","from":[8.6,12.05,6.2],"to":[9.8,13.85,7.4],"rotation":{"angle":0.0,"axis":"x","origin":[8.0,12.650001,8.6]},"faces":{"down":{"uv":[12.125,9.875,11.875,10.125],"rotation":0,"texture":"#0","tintindex":0},"east":{"uv":[8.375,11.5,8.625,11.875],"rotation":0,"texture":"#0","tintindex":0},"north":{"uv":[8.0,11.5,8.25,11.875],"rotation":0,"texture":"#0","tintindex":0},"south":{"uv":[11.5,9.875,11.75,10.25],"rotation":0,"texture":"#0","tintindex":0},"up":{"uv":[10.125,12.125,9.875,11.875],"rotation":0,"texture":"#0","tintindex":0},"west":{"uv":[11.5,10.375,11.75,10.75],"rotation":0,"texture":"#0","tintindex":0}}},{"name":"cube","from":[7.1,12.622767,10.212299],"to":[8.3,14.422768,11.412299],"rotation":{"angle":22.5,"axis":"x","origin":[6.5,13.222768,9.012299]},"faces":{"down":{"uv":[12.125,10.25,11.875,10.5],"rotation":0,"texture":"#0","tintindex":0},"east":{"uv":[11.625,2.625,11.875,3.0],"rotation":0,"texture":"#0","tintindex":0},"north":{"uv":[11.5,10.875,11.75,11.25],"rotation":0,"texture":"#0","tintindex":0},"south":{"uv":[11.625,5.875,11.875,6.25],"rotation":0,"texture":"#0","tintindex":0},"up":{"uv":[10.5,12.125,10.25,11.875],"rotation":0,"texture":"#0","tintindex":0},"west":{"uv":[11.625,6.375,11.875,6.75],"rotation":0,"texture":"#0","tintindex":0}}},{"name":"cube","from":[6.2,11.15,6.8],"to":[9.2,12.05,9.8],"rotation":{"angle":0.0,"axis":"x","origin":[8.0,11.45,8.6]},"faces":{"down":{"uv":[10.25,5.75,9.625,6.375],"rotation":0,"texture":"#0","tintindex":0},"east":{"uv":[11.125,0.875,11.75,1.125],"rotation":0,"texture":"#0","tintindex":0},"north":{"uv":[11.125,0.5,11.75,0.75],"rotation":0,"texture":"#0","tintindex":0},"south":{"uv":[11.125,4.625,11.75,4.875],"rotation":0,"texture":"#0","tintindex":0},"up":{"uv":[5.875,10.25,5.25,9.625],"rotation":0,"texture":"#0","tintindex":0},"west":{"uv":[11.125,5.0,11.75,5.25],"rotation":0,"texture":"#0","tintindex":0}}}],"display":{"head":{"translation":[0.0,-6.4,0.0],"rotation":[0.0,0.0,0.0],"scale":[3.8095,3.8095,3.8095]}}}