{"textures":{"0":"modelengine:entity/statue3"},"elements":[{"name":"cube","from":[8.9,10.25,8.0],"to":[10.1,11.45,9.2],"rotation":{"angle":0.0,"axis":"x","origin":[9.5,10.25,8.6]},"faces":{"down":{"uv":[2.125,11.875,1.875,12.125],"rotation":0,"texture":"#0","tintindex":0},"east":{"uv":[11.875,0.0,12.125,0.25],"rotation":0,"texture":"#0","tintindex":0},"north":{"uv":[11.625,11.75,11.875,12.0],"rotation":0,"texture":"#0","tintindex":0},"south":{"uv":[11.875,0.375,12.125,0.625],"rotation":0,"texture":"#0","tintindex":0},"up":{"uv":[1.75,12.125,1.5,11.875],"rotation":0,"texture":"#0","tintindex":0},"west":{"uv":[11.875,0.75,12.125,1.0],"rotation":0,"texture":"#0","tintindex":0}}},{"name":"cube","from":[8.0,11.45,6.8],"to":[11.0,13.85,9.8],"rotation":{"angle":0.0,"axis":"x","origin":[8.0,11.45,8.6]},"faces":{"down":{"uv":[10.25,5.0,9.625,5.625],"rotation":0,"texture":"#0","tintindex":0},"east":{"uv":[3.25,10.0,3.875,10.5],"rotation":0,"texture":"#0","tintindex":0},"north":{"uv":[2.5,10.0,3.125,10.5],"rotation":0,"texture":"#0","tintindex":0},"south":{"uv":[0.0,10.125,0.625,10.625],"rotation":0,"texture":"#0","tintindex":0},"up":{"uv":[5.125,10.25,4.5,9.625],"rotation":0,"texture":"#0","tintindex":0},"west":{"uv":[0.75,10.125,1.375,10.625],"rotation":0,"texture":"#0","tintindex":0}}},{"name":"cube","from":[9.2,10.94386,6.3445425],"to":[9.8,12.14386,6.944543],"rotation":{"angle":22.5,"axis":"x","origin":[9.2,10.94386,8.144543]},"faces":{"down":{"uv":[12.375,9.75,12.25,9.875],"rotation":0,"texture":"#0","tintindex":0},"east":{"uv":[12.25,5.125,12.375,5.375],"rotation":0,"texture":"#0","tintindex":0},"north":{"uv":[5.125,12.25,5.25,12.5],"rotation":0,"texture":"#0","tintindex":0},"south":{"uv":[5.375,12.25,5.5,12.5],"rotation":0,"texture":"#0","tintindex":0},"up":{"uv":[9.875,12.375,9.75,12.25],"rotation":0,"texture":"#0","tintindex":0},"west":{"uv":[12.25,5.5,12.375,5.75],"rotation":0,"texture":"#0","tintindex":0}}},{"name":"cube","from":[8.0,9.32868,6.8015003],"to":[10.121321,11.45,8.5985],"rotation":{"angle":45.0,"axis":"z","origin":[8.0,11.45,8.6015005]},"faces":{"down":{"uv":[6.375,10.875,5.875,11.25],"rotation":0,"texture":"#0","tintindex":0},"east":{"uv":[10.875,1.625,11.25,2.125],"rotation":0,"texture":"#0","tintindex":0},"north":{"uv":[10.375,8.25,10.875,8.75],"rotation":0,"texture":"#0","tintindex":0},"south":{"uv":[10.375,8.875,10.875,9.375],"rotation":0,"texture":"#0","tintindex":0},"up":{"uv":[11.375,0.375,10.875,0.0],"rotation":0,"texture":"#0","tintindex":0},"west":{"uv":[10.875,2.25,11.25,2.75],"rotation":0,"texture":"#0","tintindex":0}}}],"display":{"head":{"translation":[0.0,-6.4,0.0],"rotation":[0.0,0.0,0.0],"scale":[3.8095,3.8095,3.8095]}}}