{"textures":{"0":"modelengine:entity/statue3"},"elements":[{"name":"cube","from":[7.1,16.994545,5.145808],"to":[11.900001,19.766182,6.293859],"rotation":{"angle":22.5,"axis":"x","origin":[7.1,16.25,9.2]},"faces":{"down":{"uv":[11.375,7.875,10.375,8.125],"rotation":0,"texture":"#0","tintindex":0},"east":{"uv":[9.25,3.75,9.5,4.375],"rotation":0,"texture":"#0","tintindex":0},"north":{"uv":[7.875,0.0,8.875,0.625],"rotation":0,"texture":"#0","tintindex":0},"south":{"uv":[7.875,0.75,8.875,1.375],"rotation":0,"texture":"#0","tintindex":0},"up":{"uv":[11.375,6.125,10.375,5.875],"rotation":0,"texture":"#0","tintindex":0},"west":{"uv":[6.5,10.875,6.75,11.5],"rotation":0,"texture":"#0","tintindex":0}}},{"name":"cube","from":[8.0,17.536827,6.7763176],"to":[11.0,20.308464,7.924368],"rotation":{"angle":-22.5,"axis":"x","origin":[7.4,16.792282,10.830509]},"faces":{"down":{"uv":[0.625,11.125,0.0,11.375],"rotation":0,"texture":"#0","tintindex":0},"east":{"uv":[3.125,11.0,3.375,11.625],"rotation":0,"texture":"#0","tintindex":0},"north":{"uv":[5.125,3.25,5.75,3.875],"rotation":0,"texture":"#0","tintindex":0},"south":{"uv":[6.125,2.5,6.75,3.125],"rotation":0,"texture":"#0","tintindex":0},"up":{"uv":[11.5,3.125,10.875,2.875],"rotation":0,"texture":"#0","tintindex":0},"west":{"uv":[8.875,11.0,9.125,11.625],"rotation":0,"texture":"#0","tintindex":0}}},{"name":"cube","from":[7.1,18.05,6.8],"to":[11.900001,21.05,8.6],"rotation":{"angle":0.0,"axis":"x","origin":[7.1,16.25,9.2]},"faces":{"down":{"uv":[10.75,0.0,9.75,0.375],"rotation":0,"texture":"#0","tintindex":0},"east":{"uv":[4.0,10.5,4.375,11.125],"rotation":0,"texture":"#0","tintindex":0},"north":{"uv":[5.5,8.125,6.5,8.75],"rotation":0,"texture":"#0","tintindex":0},"south":{"uv":[6.625,8.125,7.625,8.75],"rotation":0,"texture":"#0","tintindex":0},"up":{"uv":[10.625,10.0,9.625,9.625],"rotation":0,"texture":"#0","tintindex":0},"west":{"uv":[10.625,0.5,11.0,1.125],"rotation":0,"texture":"#0","tintindex":0}}},{"name":"cube","from":[7.7,16.25,6.5],"to":[11.3,18.05,8.6],"rotation":{"angle":0.0,"axis":"x","origin":[8.0,14.45,8.6]},"faces":{"down":{"uv":[10.5,1.125,9.75,1.625],"rotation":0,"texture":"#0","tintindex":0},"east":{"uv":[7.0,6.0,7.5,6.375],"rotation":0,"texture":"#0","tintindex":0},"north":{"uv":[10.375,5.375,11.125,5.75],"rotation":0,"texture":"#0","tintindex":0},"south":{"uv":[5.875,10.375,6.625,10.75],"rotation":0,"texture":"#0","tintindex":0},"up":{"uv":[10.5,1.0,9.75,0.5],"rotation":0,"texture":"#0","tintindex":0},"west":{"uv":[10.5,10.75,11.0,11.125],"rotation":0,"texture":"#0","tintindex":0}}},{"name":"cube","from":[7.1,13.25,6.8],"to":[11.900001,16.25,9.2],"rotation":{"angle":0.0,"axis":"x","origin":[8.0,11.45,8.6]},"faces":{"down":{"uv":[9.75,7.5,8.75,8.0],"rotation":0,"texture":"#0","tintindex":0},"east":{"uv":[9.875,7.125,10.375,7.75],"rotation":0,"texture":"#0","tintindex":0},"north":{"uv":[7.75,8.125,8.75,8.75],"rotation":0,"texture":"#0","tintindex":0},"south":{"uv":[0.75,8.375,1.75,9.0],"rotation":0,"texture":"#0","tintindex":0},"up":{"uv":[8.625,7.25,7.625,6.75],"rotation":0,"texture":"#0","tintindex":0},"west":{"uv":[8.625,9.875,9.125,10.5],"rotation":0,"texture":"#0","tintindex":0}}},{"name":"cube","from":[6.8,1.2499998,6.5],"to":[12.2,13.25,9.5],"rotation":{"angle":0.0,"axis":"x","origin":[8.0,11.45,8.6]},"faces":{"down":{"uv":[8.875,1.625,7.75,2.25],"rotation":0,"texture":"#0","tintindex":0},"east":{"uv":[3.5,0.0,4.125,2.5],"rotation":0,"texture":"#0","tintindex":0},"north":{"uv":[0.0,0.0,1.125,2.5],"rotation":0,"texture":"#0","tintindex":0},"south":{"uv":[1.25,0.0,2.375,2.5],"rotation":0,"texture":"#0","tintindex":0},"up":{"uv":[8.75,6.625,7.625,6.0],"rotation":0,"texture":"#0","tintindex":0},"west":{"uv":[3.5,2.625,4.125,5.125],"rotation":0,"texture":"#0","tintindex":0}}}],"display":{"head":{"translation":[0.0,-6.4,0.0],"rotation":[0.0,0.0,0.0],"scale":[3.8095,3.8095,3.8095]}}}