{"textures":{"0":"modelengine:entity/statue3"},"elements":[{"name":"cube","from":[2.9288726,-0.03886485,8.2985],"to":[7.128873,10.161136,10.9985],"rotation":{"angle":22.5,"axis":"z","origin":[7.128873,6.5611353,8.1484995]},"faces":{"down":{"uv":[9.625,6.75,8.75,7.375],"rotation":0,"texture":"#0","tintindex":0},"east":{"uv":[4.25,4.0,4.875,6.125],"rotation":0,"texture":"#0","tintindex":0},"north":{"uv":[2.5,0.0,3.375,2.125],"rotation":0,"texture":"#0","tintindex":0},"south":{"uv":[2.5,2.25,3.375,4.375],"rotation":0,"texture":"#0","tintindex":0},"up":{"uv":[9.5,5.5,8.625,4.875],"rotation":0,"texture":"#0","tintindex":0},"west":{"uv":[2.0,4.5,2.625,6.625],"rotation":0,"texture":"#0","tintindex":0}}},{"name":"cube","from":[-1.8514214,4.85,8.6],"to":[2.348579,12.05,10.097],"rotation":{"angle":22.5,"axis":"z","origin":[-1.8514214,11.45,8.6]},"faces":{"down":{"uv":[0.875,10.75,0.0,11.0],"rotation":0,"texture":"#0","tintindex":0},"east":{"uv":[1.75,9.75,2.0,11.25],"rotation":0,"texture":"#0","tintindex":0},"north":{"uv":[5.0,5.625,5.875,7.125],"rotation":0,"texture":"#0","tintindex":0},"south":{"uv":[6.0,3.25,6.875,4.75],"rotation":0,"texture":"#0","tintindex":0},"up":{"uv":[9.125,10.875,8.25,10.625],"rotation":0,"texture":"#0","tintindex":0},"west":{"uv":[2.125,9.75,2.375,11.25],"rotation":0,"texture":"#0","tintindex":0}}},{"name":"cube","from":[-0.9802942,-0.03886485,8.2985],"to":[3.219706,10.161136,10.9985],"rotation":{"angle":-22.5,"axis":"z","origin":[-0.9802942,6.5611353,8.1484995]},"faces":{"down":{"uv":[6.5,8.875,5.625,9.5],"rotation":0,"texture":"#0","tintindex":0},"east":{"uv":[2.75,4.5,3.375,6.625],"rotation":0,"texture":"#0","tintindex":0},"north":{"uv":[0.0,2.625,0.875,4.75],"rotation":0,"texture":"#0","tintindex":0},"south":{"uv":[1.0,2.625,1.875,4.75],"rotation":0,"texture":"#0","tintindex":0},"up":{"uv":[5.5,9.5,4.625,8.875],"rotation":0,"texture":"#0","tintindex":0},"west":{"uv":[0.0,4.875,0.625,7.0],"rotation":0,"texture":"#0","tintindex":0}}},{"name":"cube","from":[3.7999997,4.85,8.6],"to":[8.0,12.05,10.097],"rotation":{"angle":-22.5,"axis":"z","origin":[8.0,11.45,8.6]},"faces":{"down":{"uv":[11.625,3.625,10.75,3.875],"rotation":0,"texture":"#0","tintindex":0},"east":{"uv":[6.875,9.75,7.125,11.25],"rotation":0,"texture":"#0","tintindex":0},"north":{"uv":[6.0,4.875,6.875,6.375],"rotation":0,"texture":"#0","tintindex":0},"south":{"uv":[6.125,0.0,7.0,1.5],"rotation":0,"texture":"#0","tintindex":0},"up":{"uv":[11.625,3.5,10.75,3.25],"rotation":0,"texture":"#0","tintindex":0},"west":{"uv":[7.25,9.75,7.5,11.25],"rotation":0,"texture":"#0","tintindex":0}}}],"display":{"head":{"translation":[0.0,-6.4,0.0],"rotation":[0.0,0.0,0.0],"scale":[3.8095,3.8095,3.8095]}}}