{"textures":{"0":"modelengine:entity/statue3"},"elements":[{"name":"1","from":[4.9862175,13.65727,8.20438],"to":[6.1862173,14.55727,10.60438],"rotation":{"angle":-22.5,"axis":"x","origin":[4.9862175,13.65727,10.004379]},"faces":{"down":{"uv":[11.375,10.75,11.125,11.25],"rotation":0,"texture":"#0","tintindex":0},"east":{"uv":[4.5,11.125,5.0,11.375],"rotation":0,"texture":"#0","tintindex":0},"north":{"uv":[11.625,11.375,11.875,11.625],"rotation":0,"texture":"#0","tintindex":0},"south":{"uv":[11.75,1.5,12.0,1.75],"rotation":0,"texture":"#0","tintindex":0},"up":{"uv":[11.375,10.625,11.125,10.125],"rotation":0,"texture":"#0","tintindex":0},"west":{"uv":[11.125,7.0,11.625,7.25],"rotation":0,"texture":"#0","tintindex":0}}},{"name":"1","from":[5.1362176,13.65727,5.8043795],"to":[6.0362177,14.25727,8.20438],"rotation":{"angle":-22.5,"axis":"x","origin":[4.9862175,13.65727,10.004379]},"faces":{"down":{"uv":[4.125,11.25,3.875,11.75],"rotation":0,"texture":"#0","tintindex":0},"east":{"uv":[11.625,9.625,12.125,9.75],"rotation":0,"texture":"#0","tintindex":0},"north":{"uv":[3.0,12.125,3.25,12.25],"rotation":0,"texture":"#0","tintindex":0},"south":{"uv":[12.125,3.0,12.375,3.125],"rotation":0,"texture":"#0","tintindex":0},"up":{"uv":[3.75,11.75,3.5,11.25],"rotation":0,"texture":"#0","tintindex":0},"west":{"uv":[11.75,1.875,12.25,2.0],"rotation":0,"texture":"#0","tintindex":0}}},{"name":"1","from":[5.1362176,12.05,4.9240856],"to":[5.7362175,13.25,6.1240854],"rotation":{"angle":0.0,"axis":"x","origin":[4.9862175,12.05,10.324085]},"faces":{"down":{"uv":[12.25,7.375,12.125,7.625],"rotation":0,"texture":"#0","tintindex":0},"east":{"uv":[11.75,2.125,12.0,2.375],"rotation":0,"texture":"#0","tintindex":0},"north":{"uv":[8.625,5.625,8.75,5.875],"rotation":0,"texture":"#0","tintindex":0},"south":{"uv":[0.5,8.75,0.625,9.0],"rotation":0,"texture":"#0","tintindex":0},"up":{"uv":[12.25,3.5,12.125,3.25],"rotation":0,"texture":"#0","tintindex":0},"west":{"uv":[3.0,11.75,3.25,12.0],"rotation":0,"texture":"#0","tintindex":0}}},{"name":"1","from":[5.1362176,13.25,5.6740856],"to":[5.5862174,14.3,6.1240854],"rotation":{"angle":0.0,"axis":"x","origin":[4.9862175,12.05,10.324085]},"faces":{"down":{"uv":[10.25,4.75,10.125,4.875],"rotation":0,"texture":"#0","tintindex":0},"east":{"uv":[10.625,12.125,10.75,12.375],"rotation":0,"texture":"#0","tintindex":0},"north":{"uv":[8.75,12.125,8.875,12.375],"rotation":0,"texture":"#0","tintindex":0},"south":{"uv":[10.875,12.125,11.0,12.375],"rotation":0,"texture":"#0","tintindex":0},"up":{"uv":[1.875,6.625,1.75,6.5],"rotation":0,"texture":"#0","tintindex":0},"west":{"uv":[11.5,12.125,11.625,12.375],"rotation":0,"texture":"#0","tintindex":0}}},{"name":"1","from":[3.1959498,12.650001,3.4154851],"to":[3.49595,13.25,4.315485],"rotation":{"angle":-22.5,"axis":"y","origin":[3.0459497,12.05,8.515486]},"faces":{"down":{"uv":[12.375,0.0,12.25,0.25],"rotation":0,"texture":"#0","tintindex":0},"east":{"uv":[12.125,3.625,12.375,3.75],"rotation":0,"texture":"#0","tintindex":0},"north":{"uv":[10.375,6.25,10.5,6.375],"rotation":0,"texture":"#0","tintindex":0},"south":{"uv":[11.0,9.25,11.125,9.375],"rotation":0,"texture":"#0","tintindex":0},"up":{"uv":[12.25,12.375,12.125,12.125],"rotation":0,"texture":"#0","tintindex":0},"west":{"uv":[11.75,12.125,12.0,12.25],"rotation":0,"texture":"#0","tintindex":0}}},{"name":"1","from":[6.7549057,12.650001,4.3617816],"to":[7.054906,13.25,5.261782],"rotation":{"angle":22.5,"axis":"y","origin":[6.604906,12.05,9.461782]},"faces":{"down":{"uv":[12.375,0.625,12.25,0.875],"rotation":0,"texture":"#0","tintindex":0},"east":{"uv":[0.25,12.25,0.5,12.375],"rotation":0,"texture":"#0","tintindex":0},"north":{"uv":[0.75,11.125,0.875,11.25],"rotation":0,"texture":"#0","tintindex":0},"south":{"uv":[1.5,11.125,1.625,11.25],"rotation":0,"texture":"#0","tintindex":0},"up":{"uv":[0.75,12.5,0.625,12.25],"rotation":0,"texture":"#0","tintindex":0},"west":{"uv":[12.25,0.375,12.5,0.5],"rotation":0,"texture":"#0","tintindex":0}}},{"name":"1","from":[6.0119286,11.584485,9.058707],"to":[10.211927,18.784487,10.558707],"rotation":{"angle":-22.5,"axis":"z","origin":[6.0119286,18.184486,9.058707]},"faces":{"down":{"uv":[10.75,1.75,9.875,2.125],"rotation":0,"texture":"#0","tintindex":0},"east":{"uv":[2.0,2.625,2.375,4.125],"rotation":0,"texture":"#0","tintindex":0},"north":{"uv":[0.75,4.875,1.625,6.375],"rotation":0,"texture":"#0","tintindex":0},"south":{"uv":[5.0,4.0,5.875,5.5],"rotation":0,"texture":"#0","tintindex":0},"up":{"uv":[8.5,10.125,7.625,9.75],"rotation":0,"texture":"#0","tintindex":0},"west":{"uv":[2.5,8.375,2.875,9.875],"rotation":0,"texture":"#0","tintindex":0}}},{"name":"2","from":[11.096859,13.65727,8.20438],"to":[12.29686,14.55727,10.60438],"rotation":{"angle":-22.5,"axis":"x","origin":[12.29686,13.65727,10.004379]},"faces":{"down":{"uv":[10.75,11.25,10.5,11.75],"rotation":0,"texture":"#0","tintindex":0},"east":{"uv":[11.125,7.375,11.625,7.625],"rotation":0,"texture":"#0","tintindex":0},"north":{"uv":[11.75,3.125,12.0,3.375],"rotation":0,"texture":"#0","tintindex":0},"south":{"uv":[11.75,3.5,12.0,3.75],"rotation":0,"texture":"#0","tintindex":0},"up":{"uv":[11.5,9.75,11.25,9.25],"rotation":0,"texture":"#0","tintindex":0},"west":{"uv":[11.25,4.0,11.75,4.25],"rotation":0,"texture":"#0","tintindex":0}}},{"name":"2","from":[11.24686,13.65727,5.8043795],"to":[12.146859,14.25727,8.20438],"rotation":{"angle":-22.5,"axis":"x","origin":[12.29686,13.65727,10.004379]},"faces":{"down":{"uv":[1.375,11.375,1.125,11.875],"rotation":0,"texture":"#0","tintindex":0},"east":{"uv":[11.75,6.875,12.25,7.0],"rotation":0,"texture":"#0","tintindex":0},"north":{"uv":[0.875,12.25,1.125,12.375],"rotation":0,"texture":"#0","tintindex":0},"south":{"uv":[12.25,1.0,12.5,1.125],"rotation":0,"texture":"#0","tintindex":0},"up":{"uv":[1.0,11.875,0.75,11.375],"rotation":0,"texture":"#0","tintindex":0},"west":{"uv":[11.75,7.125,12.25,7.25],"rotation":0,"texture":"#0","tintindex":0}}},{"name":"2","from":[11.54686,12.05,4.9240856],"to":[12.146859,13.25,6.1240854],"rotation":{"angle":0.0,"axis":"x","origin":[12.29686,12.05,10.324085]},"faces":{"down":{"uv":[2.125,12.25,2.0,12.5],"rotation":0,"texture":"#0","tintindex":0},"east":{"uv":[11.75,7.375,12.0,7.625],"rotation":0,"texture":"#0","tintindex":0},"north":{"uv":[1.25,12.25,1.375,12.5],"rotation":0,"texture":"#0","tintindex":0},"south":{"uv":[1.5,12.25,1.625,12.5],"rotation":0,"texture":"#0","tintindex":0},"up":{"uv":[1.875,12.5,1.75,12.25],"rotation":0,"texture":"#0","tintindex":0},"west":{"uv":[8.75,11.75,9.0,12.0],"rotation":0,"texture":"#0","tintindex":0}}},{"name":"2","from":[11.696859,13.25,5.6740856],"to":[12.146859,14.3,6.1240854],"rotation":{"angle":0.0,"axis":"x","origin":[12.29686,12.05,10.324085]},"faces":{"down":{"uv":[11.375,9.875,11.25,10.0],"rotation":0,"texture":"#0","tintindex":0},"east":{"uv":[2.5,12.25,2.625,12.5],"rotation":0,"texture":"#0","tintindex":0},"north":{"uv":[2.25,12.25,2.375,12.5],"rotation":0,"texture":"#0","tintindex":0},"south":{"uv":[3.375,12.25,3.5,12.5],"rotation":0,"texture":"#0","tintindex":0},"up":{"uv":[4.375,11.375,4.25,11.25],"rotation":0,"texture":"#0","tintindex":0},"west":{"uv":[3.625,12.25,3.75,12.5],"rotation":0,"texture":"#0","tintindex":0}}},{"name":"2","from":[13.787127,12.650001,3.4154851],"to":[14.087127,13.25,4.315485],"rotation":{"angle":22.5,"axis":"y","origin":[14.237126,12.05,8.515486]},"faces":{"down":{"uv":[4.375,12.25,4.25,12.5],"rotation":0,"texture":"#0","tintindex":0},"east":{"uv":[3.875,12.25,4.125,12.375],"rotation":0,"texture":"#0","tintindex":0},"north":{"uv":[11.375,2.625,11.5,2.75],"rotation":0,"texture":"#0","tintindex":0},"south":{"uv":[12.25,8.375,12.375,8.5],"rotation":0,"texture":"#0","tintindex":0},"up":{"uv":[12.375,4.375,12.25,4.125],"rotation":0,"texture":"#0","tintindex":0},"west":{"uv":[12.25,3.875,12.5,4.0],"rotation":0,"texture":"#0","tintindex":0}}},{"name":"2","from":[11.84686,12.05,3.4240854],"to":[12.146859,12.650001,4.9240856],"rotation":{"angle":0.0,"axis":"x","origin":[12.29686,11.45,9.124085]},"faces":{"down":{"uv":[2.875,12.0,2.75,12.375],"rotation":0,"texture":"#0","tintindex":0},"east":{"uv":[12.0,2.75,12.375,2.875],"rotation":0,"texture":"#0","tintindex":0},"north":{"uv":[12.25,8.625,12.375,8.75],"rotation":0,"texture":"#0","tintindex":0},"south":{"uv":[12.25,8.875,12.375,9.0],"rotation":0,"texture":"#0","tintindex":0},"up":{"uv":[10.0,3.625,9.875,3.25],"rotation":0,"texture":"#0","tintindex":0},"west":{"uv":[4.125,12.0,4.5,12.125],"rotation":0,"texture":"#0","tintindex":0}}},{"name":"3","from":[5.1362176,12.05,3.4240854],"to":[5.4362173,12.650001,4.9240856],"rotation":{"angle":0.0,"axis":"x","origin":[5.5862174,11.45,9.124085]},"faces":{"down":{"uv":[12.125,6.375,12.0,6.75],"rotation":0,"texture":"#0","tintindex":0},"east":{"uv":[4.625,12.0,5.0,12.125],"rotation":0,"texture":"#0","tintindex":0},"north":{"uv":[9.0,12.25,9.125,12.375],"rotation":0,"texture":"#0","tintindex":0},"south":{"uv":[9.25,12.25,9.375,12.375],"rotation":0,"texture":"#0","tintindex":0},"up":{"uv":[12.125,6.25,12.0,5.875],"rotation":0,"texture":"#0","tintindex":0},"west":{"uv":[5.125,12.0,5.5,12.125],"rotation":0,"texture":"#0","tintindex":0}}},{"name":"2","from":[10.22817,12.650001,4.3617816],"to":[10.528171,13.25,5.261782],"rotation":{"angle":-22.5,"axis":"y","origin":[10.678171,12.05,9.461782]},"faces":{"down":{"uv":[5.0,12.25,4.875,12.5],"rotation":0,"texture":"#0","tintindex":0},"east":{"uv":[4.5,12.25,4.75,12.375],"rotation":0,"texture":"#0","tintindex":0},"north":{"uv":[9.5,12.25,9.625,12.375],"rotation":0,"texture":"#0","tintindex":0},"south":{"uv":[12.25,9.5,12.375,9.625],"rotation":0,"texture":"#0","tintindex":0},"up":{"uv":[12.375,5.0,12.25,4.75],"rotation":0,"texture":"#0","tintindex":0},"west":{"uv":[12.25,4.5,12.5,4.625],"rotation":0,"texture":"#0","tintindex":0}}},{"name":"2","from":[7.071148,11.584485,9.058707],"to":[11.271149,18.784487,10.558707],"rotation":{"angle":22.5,"axis":"z","origin":[11.271149,18.184486,9.058707]},"faces":{"down":{"uv":[10.75,2.75,9.875,3.125],"rotation":0,"texture":"#0","tintindex":0},"east":{"uv":[3.0,8.375,3.375,9.875],"rotation":0,"texture":"#0","tintindex":0},"north":{"uv":[5.125,0.0,6.0,1.5],"rotation":0,"texture":"#0","tintindex":0},"south":{"uv":[5.125,1.625,6.0,3.125],"rotation":0,"texture":"#0","tintindex":0},"up":{"uv":[10.75,2.625,9.875,2.25],"rotation":0,"texture":"#0","tintindex":0},"west":{"uv":[3.5,8.375,3.875,9.875],"rotation":0,"texture":"#0","tintindex":0}}}],"display":{"head":{"translation":[0.0,-6.4,0.0],"rotation":[0.0,0.0,0.0],"scale":[3.8095,3.8095,3.8095]}}}