{"textures":{"0":"modelengine:entity/statue3"},"elements":[{"name":"cube","from":[4.7197056,13.2045145,7.821074],"to":[5.319706,14.404514,12.021074],"rotation":{"angle":0.0,"axis":"x","origin":[5.319706,12.604514,7.821074]},"faces":{"down":{"uv":[4.125,5.25,4.0,6.125],"rotation":0,"texture":"#0","tintindex":0},"east":{"uv":[10.625,1.25,11.5,1.5],"rotation":0,"texture":"#0","tintindex":0},"north":{"uv":[5.625,12.25,5.75,12.5],"rotation":0,"texture":"#0","tintindex":0},"south":{"uv":[5.875,12.25,6.0,12.5],"rotation":0,"texture":"#0","tintindex":0},"up":{"uv":[1.875,5.75,1.75,4.875],"rotation":0,"texture":"#0","tintindex":0},"west":{"uv":[2.5,10.625,3.375,10.875],"rotation":0,"texture":"#0","tintindex":0}}},{"name":"cube","from":[4.9264793,13.964993,7.821074],"to":[7.0264797,14.564993,12.021074],"rotation":{"angle":22.5,"axis":"z","origin":[5.2264795,13.964993,7.821074]},"faces":{"down":{"uv":[1.625,9.125,1.125,10.0],"rotation":0,"texture":"#0","tintindex":0},"east":{"uv":[0.75,6.5,1.625,6.625],"rotation":0,"texture":"#0","tintindex":0},"north":{"uv":[10.625,11.875,11.125,12.0],"rotation":0,"texture":"#0","tintindex":0},"south":{"uv":[11.875,10.625,12.375,10.75],"rotation":0,"texture":"#0","tintindex":0},"up":{"uv":[1.0,10.0,0.5,9.125],"rotation":0,"texture":"#0","tintindex":0},"west":{"uv":[11.25,4.375,12.125,4.5],"rotation":0,"texture":"#0","tintindex":0}}},{"name":"cube","from":[6.293226,13.964993,7.821074],"to":[8.393226,14.564993,12.021074],"rotation":{"angle":-22.5,"axis":"z","origin":[8.0932255,13.964993,7.821074]},"faces":{"down":{"uv":[9.75,2.75,9.25,3.625],"rotation":0,"texture":"#0","tintindex":0},"east":{"uv":[11.25,5.375,12.125,5.5],"rotation":0,"texture":"#0","tintindex":0},"north":{"uv":[11.875,10.875,12.375,11.0],"rotation":0,"texture":"#0","tintindex":0},"south":{"uv":[11.875,11.125,12.375,11.25],"rotation":0,"texture":"#0","tintindex":0},"up":{"uv":[9.75,2.625,9.25,1.75],"rotation":0,"texture":"#0","tintindex":0},"west":{"uv":[11.25,5.625,12.125,5.75],"rotation":0,"texture":"#0","tintindex":0}}},{"name":"cube","from":[8.0,13.2045145,7.821074],"to":[8.6,14.404514,12.021074],"rotation":{"angle":0.0,"axis":"x","origin":[8.0,12.604514,7.821074]},"faces":{"down":{"uv":[1.625,10.125,1.5,11.0],"rotation":0,"texture":"#0","tintindex":0},"east":{"uv":[10.625,6.25,11.5,6.5],"rotation":0,"texture":"#0","tintindex":0},"north":{"uv":[12.25,5.875,12.375,6.125],"rotation":0,"texture":"#0","tintindex":0},"south":{"uv":[6.125,12.25,6.25,12.5],"rotation":0,"texture":"#0","tintindex":0},"up":{"uv":[4.875,7.125,4.75,6.25],"rotation":0,"texture":"#0","tintindex":0},"west":{"uv":[10.625,6.625,11.5,6.875],"rotation":0,"texture":"#0","tintindex":0}}},{"name":"cube","from":[7.9399996,13.250188,8.791464],"to":[8.54,14.857458,11.471758],"rotation":{"angle":22.5,"axis":"x","origin":[7.9399996,12.6501875,7.5914636]},"faces":{"down":{"uv":[9.125,1.75,9.0,2.25],"rotation":0,"texture":"#0","tintindex":0},"east":{"uv":[9.25,10.875,9.75,11.25],"rotation":0,"texture":"#0","tintindex":0},"north":{"uv":[6.5,12.0,6.625,12.375],"rotation":0,"texture":"#0","tintindex":0},"south":{"uv":[7.625,12.0,7.75,12.375],"rotation":0,"texture":"#0","tintindex":0},"up":{"uv":[1.875,6.375,1.75,5.875],"rotation":0,"texture":"#0","tintindex":0},"west":{"uv":[9.875,10.875,10.375,11.25],"rotation":0,"texture":"#0","tintindex":0}}},{"name":"cube","from":[7.9399996,13.250188,7.5914636],"to":[8.54,13.807458,8.791464],"rotation":{"angle":22.5,"axis":"x","origin":[7.9399996,12.6501875,7.5914636]},"faces":{"down":{"uv":[7.125,12.25,7.0,12.5],"rotation":0,"texture":"#0","tintindex":0},"east":{"uv":[12.25,6.25,12.5,6.375],"rotation":0,"texture":"#0","tintindex":0},"north":{"uv":[10.0,12.25,10.125,12.375],"rotation":0,"texture":"#0","tintindex":0},"south":{"uv":[12.25,10.0,12.375,10.125],"rotation":0,"texture":"#0","tintindex":0},"up":{"uv":[6.875,12.5,6.75,12.25],"rotation":0,"texture":"#0","tintindex":0},"west":{"uv":[12.25,6.5,12.5,6.625],"rotation":0,"texture":"#0","tintindex":0}}},{"name":"cube","from":[4.7797055,13.250188,7.5914636],"to":[5.3797054,13.807458,8.791464],"rotation":{"angle":22.5,"axis":"x","origin":[5.3797054,12.6501875,7.5914636]},"faces":{"down":{"uv":[8.5,12.25,8.375,12.5],"rotation":0,"texture":"#0","tintindex":0},"east":{"uv":[7.25,12.25,7.5,12.375],"rotation":0,"texture":"#0","tintindex":0},"north":{"uv":[10.25,12.25,10.375,12.375],"rotation":0,"texture":"#0","tintindex":0},"south":{"uv":[12.25,10.25,12.375,10.375],"rotation":0,"texture":"#0","tintindex":0},"up":{"uv":[12.375,8.25,12.25,8.0],"rotation":0,"texture":"#0","tintindex":0},"west":{"uv":[12.25,7.75,12.5,7.875],"rotation":0,"texture":"#0","tintindex":0}}},{"name":"cube","from":[4.7797055,13.250188,8.791464],"to":[5.3797054,14.857458,11.471758],"rotation":{"angle":22.5,"axis":"x","origin":[5.3797054,12.6501875,7.5914636]},"faces":{"down":{"uv":[0.125,12.0,0.0,12.5],"rotation":0,"texture":"#0","tintindex":0},"east":{"uv":[2.5,11.0,3.0,11.375],"rotation":0,"texture":"#0","tintindex":0},"north":{"uv":[7.875,12.0,8.0,12.375],"rotation":0,"texture":"#0","tintindex":0},"south":{"uv":[8.125,12.0,8.25,12.375],"rotation":0,"texture":"#0","tintindex":0},"up":{"uv":[11.375,12.375,11.25,11.875],"rotation":0,"texture":"#0","tintindex":0},"west":{"uv":[5.125,11.0,5.625,11.375],"rotation":0,"texture":"#0","tintindex":0}}},{"name":"cube","from":[5.319706,9.945679,10.687013],"to":[8.0,13.095679,13.087013],"rotation":{"angle":-22.5,"axis":"x","origin":[8.0,11.145679,8.8870125]},"faces":{"down":{"uv":[11.0,10.125,10.5,10.625],"rotation":0,"texture":"#0","tintindex":0},"east":{"uv":[10.125,4.0,10.625,4.625],"rotation":0,"texture":"#0","tintindex":0},"north":{"uv":[10.125,3.25,10.625,3.875],"rotation":0,"texture":"#0","tintindex":0},"south":{"uv":[9.25,10.125,9.75,10.75],"rotation":0,"texture":"#0","tintindex":0},"up":{"uv":[11.0,7.625,10.5,7.125],"rotation":0,"texture":"#0","tintindex":0},"west":{"uv":[9.875,10.125,10.375,10.75],"rotation":0,"texture":"#0","tintindex":0}}},{"name":"cube","from":[5.019706,10.25,10.4],"to":[8.3,13.400001,12.8],"rotation":{"angle":22.5,"axis":"x","origin":[8.0,11.45,8.6]},"faces":{"down":{"uv":[5.75,10.375,5.125,10.875],"rotation":0,"texture":"#0","tintindex":0},"east":{"uv":[7.625,10.25,8.125,10.875],"rotation":0,"texture":"#0","tintindex":0},"north":{"uv":[9.625,8.125,10.25,8.75],"rotation":0,"texture":"#0","tintindex":0},"south":{"uv":[9.625,8.875,10.25,9.5],"rotation":0,"texture":"#0","tintindex":0},"up":{"uv":[11.0,5.25,10.375,4.75],"rotation":0,"texture":"#0","tintindex":0},"west":{"uv":[4.5,10.375,5.0,11.0],"rotation":0,"texture":"#0","tintindex":0}}}],"display":{"head":{"translation":[0.0,-6.4,0.0],"rotation":[0.0,0.0,0.0],"scale":[3.8095,3.8095,3.8095]}}}