{"textures":{"0":"modelengine:entity/statue3"},"elements":[{"name":"octagon","from":[6.508831,8.4125,4.3999996],"to":[9.491169,12.0125,11.6],"rotation":{"angle":45.0,"axis":"y","origin":[8.0,11.900001,8.0]},"faces":{"down":{"uv":[0.625,7.125,0.0,8.625],"rotation":0,"texture":"#0","tintindex":0},"east":{"uv":[6.125,1.625,7.625,2.375],"rotation":0,"texture":"#0","tintindex":0},"north":{"uv":[8.875,5.625,9.5,6.375],"rotation":0,"texture":"#0","tintindex":0},"south":{"uv":[6.625,8.875,7.25,9.625],"rotation":0,"texture":"#0","tintindex":0},"up":{"uv":[4.625,7.75,4.0,6.25],"rotation":0,"texture":"#0","tintindex":0},"west":{"uv":[6.0,6.5,7.5,7.25],"rotation":0,"texture":"#0","tintindex":0}}},{"name":"octagon","from":[6.508831,8.4125,4.3999996],"to":[9.491169,12.0125,11.6],"rotation":{"angle":0.0,"axis":"x","origin":[8.0,11.900001,8.0]},"faces":{"down":{"uv":[5.375,7.25,4.75,8.75],"rotation":0,"texture":"#0","tintindex":0},"east":{"uv":[0.75,6.75,2.25,7.5],"rotation":0,"texture":"#0","tintindex":0},"north":{"uv":[7.375,8.875,8.0,9.625],"rotation":0,"texture":"#0","tintindex":0},"south":{"uv":[8.125,8.875,8.75,9.625],"rotation":0,"texture":"#0","tintindex":0},"up":{"uv":[7.75,1.5,7.125,0.0],"rotation":0,"texture":"#0","tintindex":0},"west":{"uv":[2.375,6.75,3.875,7.5],"rotation":0,"texture":"#0","tintindex":0}}},{"name":"octagon","from":[4.3999996,8.4125,6.508831],"to":[11.6,12.0125,9.491169],"rotation":{"angle":45.0,"axis":"y","origin":[8.0,11.900001,8.0]},"faces":{"down":{"uv":[8.625,7.375,7.125,8.0],"rotation":0,"texture":"#0","tintindex":0},"east":{"uv":[8.875,8.125,9.5,8.875],"rotation":0,"texture":"#0","tintindex":0},"north":{"uv":[7.0,2.5,8.5,3.25],"rotation":0,"texture":"#0","tintindex":0},"south":{"uv":[7.0,3.375,8.5,4.125],"rotation":0,"texture":"#0","tintindex":0},"up":{"uv":[7.0,8.0,5.5,7.375],"rotation":0,"texture":"#0","tintindex":0},"west":{"uv":[9.0,0.0,9.625,0.75],"rotation":0,"texture":"#0","tintindex":0}}},{"name":"octagon","from":[4.3999996,8.4125,6.508831],"to":[11.6,12.0125,9.491169],"rotation":{"angle":0.0,"axis":"x","origin":[8.0,11.900001,8.0]},"faces":{"down":{"uv":[3.875,7.625,2.375,8.25],"rotation":0,"texture":"#0","tintindex":0},"east":{"uv":[9.0,0.875,9.625,1.625],"rotation":0,"texture":"#0","tintindex":0},"north":{"uv":[7.0,4.25,8.5,5.0],"rotation":0,"texture":"#0","tintindex":0},"south":{"uv":[7.0,5.125,8.5,5.875],"rotation":0,"texture":"#0","tintindex":0},"up":{"uv":[2.25,8.25,0.75,7.625],"rotation":0,"texture":"#0","tintindex":0},"west":{"uv":[8.875,9.0,9.5,9.75],"rotation":0,"texture":"#0","tintindex":0}}}],"display":{"head":{"translation":[0.0,-6.4,0.0],"rotation":[0.0,0.0,0.0],"scale":[3.8095,3.8095,3.8095]}}}