{"textures":{"0":"modelengine:entity/chica"},"elements":[{"name":"cube","from":[4.7,7.5199995,7.64],"to":[7.88,8.48,8.6],"rotation":{"angle":0.0,"axis":"x","origin":[13.640001,-6.460001,7.7]},"faces":{"down":{"uv":[4.0,7.875,4.6875,8.0625],"rotation":0,"texture":"#0","tintindex":0},"east":{"uv":[4.0,7.875,4.6875,8.0625],"rotation":0,"texture":"#0","tintindex":0},"north":{"uv":[4.0,7.875,4.6875,8.0625],"rotation":0,"texture":"#0","tintindex":0},"south":{"uv":[4.0,7.875,4.6875,8.0625],"rotation":0,"texture":"#0","tintindex":0},"up":{"uv":[4.0,7.875,4.6875,8.0625],"rotation":0,"texture":"#0","tintindex":0},"west":{"uv":[4.0,7.875,4.6875,8.0625],"rotation":0,"texture":"#0","tintindex":0}}},{"name":"cube","from":[5.2400002,7.4,7.52],"to":[5.96,8.6,8.719999],"rotation":{"angle":0.0,"axis":"x","origin":[13.640001,-6.460001,7.7]},"faces":{"down":{"uv":[12.6875,6.5,13.0,7.0625],"rotation":0,"texture":"#0","tintindex":0},"east":{"uv":[12.6875,6.5,13.0,7.0625],"rotation":0,"texture":"#0","tintindex":0},"north":{"uv":[12.6875,6.5,13.0,7.0625],"rotation":0,"texture":"#0","tintindex":0},"south":{"uv":[12.6875,6.5,13.0,7.0625],"rotation":0,"texture":"#0","tintindex":0},"up":{"uv":[12.6875,6.5,13.0,7.0625],"rotation":0,"texture":"#0","tintindex":0},"west":{"uv":[12.6875,6.5,13.0,7.0625],"rotation":0,"texture":"#0","tintindex":0}}},{"name":"cube","from":[4.3999996,7.819999,7.94],"to":[4.88,8.179999,8.3],"rotation":{"angle":0.0,"axis":"x","origin":[13.820001,-6.460001,7.7]},"faces":{"down":{"uv":[10.5,11.125,10.625,11.1875],"rotation":0,"texture":"#0","tintindex":0},"east":{"uv":[10.5,11.125,10.625,11.1875],"rotation":0,"texture":"#0","tintindex":0},"north":{"uv":[10.5,11.125,10.625,11.1875],"rotation":0,"texture":"#0","tintindex":0},"south":{"uv":[10.5,11.125,10.625,11.1875],"rotation":0,"texture":"#0","tintindex":0},"up":{"uv":[10.5,11.125,10.625,11.1875],"rotation":0,"texture":"#0","tintindex":0},"west":{"uv":[10.5,11.125,10.625,11.1875],"rotation":0,"texture":"#0","tintindex":0}}},{"name":"cube","from":[3.26,7.7599993,7.58],"to":[4.4000006,8.24,8.66],"rotation":{"angle":0.0,"axis":"x","origin":[14.3,-6.460001,7.7]},"faces":{"down":{"uv":[9.75,5.875,9.5,5.625],"rotation":0,"texture":"#0","tintindex":0},"east":{"uv":[9.75,5.875,9.5,5.625],"rotation":0,"texture":"#0","tintindex":0},"north":{"uv":[9.7375,5.725,9.5,5.625],"rotation":0,"texture":"#0","tintindex":0},"south":{"uv":[9.7375,5.725,9.5,5.625],"rotation":0,"texture":"#0","tintindex":0},"up":{"uv":[9.75,5.875,9.5,5.625],"rotation":0,"texture":"#0","tintindex":0},"west":{"uv":[9.75,5.875,9.5,5.625],"rotation":0,"texture":"#0","tintindex":0}}},{"name":"cube","from":[2.6,7.819999,7.22],"to":[3.1999998,8.179999,7.58],"rotation":{"angle":0.0,"axis":"x","origin":[14.3,-6.460001,7.8199997]},"faces":{"down":{"uv":[7.25,11.3125,7.125,11.25],"rotation":0,"texture":"#0","tintindex":0},"east":{"uv":[7.25,11.3125,7.125,11.25],"rotation":0,"texture":"#0","tintindex":0},"north":{"uv":[7.25,11.3125,7.125,11.25],"rotation":0,"texture":"#0","tintindex":0},"south":{"uv":[7.25,11.3125,7.125,11.25],"rotation":0,"texture":"#0","tintindex":0},"up":{"uv":[7.25,11.3125,7.125,11.25],"rotation":0,"texture":"#0","tintindex":0},"west":{"uv":[7.25,11.3125,7.125,11.25],"rotation":0,"texture":"#0","tintindex":0}}},{"name":"cube","from":[3.1999998,7.819999,7.22],"to":[3.7999997,8.179999,7.58],"rotation":{"angle":0.0,"axis":"x","origin":[22.7,8.0,7.4]},"faces":{"down":{"uv":[11.375,8.0625,11.25,8.0],"rotation":0,"texture":"#0","tintindex":0},"east":{"uv":[11.375,8.0625,11.25,8.0],"rotation":0,"texture":"#0","tintindex":0},"north":{"uv":[11.375,8.0625,11.25,8.0],"rotation":0,"texture":"#0","tintindex":0},"south":{"uv":[11.375,8.0625,11.25,8.0],"rotation":0,"texture":"#0","tintindex":0},"up":{"uv":[11.375,8.0625,11.25,8.0],"rotation":0,"texture":"#0","tintindex":0},"west":{"uv":[11.375,8.0625,11.25,8.0],"rotation":0,"texture":"#0","tintindex":0}}},{"name":"cube","from":[2.66,7.819999,8.360001],"to":[3.26,8.179999,8.6],"rotation":{"angle":0.0,"axis":"x","origin":[22.7,8.0,7.4]},"faces":{"down":{"uv":[6.75,11.3125,6.625,11.25],"rotation":0,"texture":"#0","tintindex":0},"east":{"uv":[6.75,11.3125,6.625,11.25],"rotation":0,"texture":"#0","tintindex":0},"north":{"uv":[6.75,11.3125,6.625,11.25],"rotation":0,"texture":"#0","tintindex":0},"south":{"uv":[6.75,11.3125,6.625,11.25],"rotation":0,"texture":"#0","tintindex":0},"up":{"uv":[6.75,11.3125,6.625,11.25],"rotation":0,"texture":"#0","tintindex":0},"west":{"uv":[6.75,11.3125,6.625,11.25],"rotation":0,"texture":"#0","tintindex":0}}},{"name":"cube","from":[2.06,7.819999,8.360001],"to":[2.66,8.179999,8.6],"rotation":{"angle":0.0,"axis":"x","origin":[14.3,-6.460001,7.8199997]},"faces":{"down":{"uv":[6.25,11.3125,6.125,11.25],"rotation":0,"texture":"#0","tintindex":0},"east":{"uv":[6.25,11.3125,6.125,11.25],"rotation":0,"texture":"#0","tintindex":0},"north":{"uv":[6.25,11.3125,6.125,11.25],"rotation":0,"texture":"#0","tintindex":0},"south":{"uv":[6.25,11.3125,6.125,11.25],"rotation":0,"texture":"#0","tintindex":0},"up":{"uv":[6.25,11.3125,6.125,11.25],"rotation":0,"texture":"#0","tintindex":0},"west":{"uv":[6.25,11.3125,6.125,11.25],"rotation":0,"texture":"#0","tintindex":0}}},{"name":"cube","from":[2.66,7.819999,8.0],"to":[3.26,8.179999,8.24],"rotation":{"angle":0.0,"axis":"x","origin":[22.7,8.0,7.4]},"faces":{"down":{"uv":[6.75,11.3125,6.625,11.25],"rotation":0,"texture":"#0","tintindex":0},"east":{"uv":[6.75,11.3125,6.625,11.25],"rotation":0,"texture":"#0","tintindex":0},"north":{"uv":[6.75,11.3125,6.625,11.25],"rotation":0,"texture":"#0","tintindex":0},"south":{"uv":[6.75,11.3125,6.625,11.25],"rotation":0,"texture":"#0","tintindex":0},"up":{"uv":[6.75,11.3125,6.625,11.25],"rotation":0,"texture":"#0","tintindex":0},"west":{"uv":[6.75,11.3125,6.625,11.25],"rotation":0,"texture":"#0","tintindex":0}}},{"name":"cube","from":[2.06,7.819999,8.0],"to":[2.66,8.179999,8.24],"rotation":{"angle":0.0,"axis":"x","origin":[14.3,-6.460001,7.8199997]},"faces":{"down":{"uv":[6.25,11.3125,6.125,11.25],"rotation":0,"texture":"#0","tintindex":0},"east":{"uv":[6.25,11.3125,6.125,11.25],"rotation":0,"texture":"#0","tintindex":0},"north":{"uv":[6.25,11.3125,6.125,11.25],"rotation":0,"texture":"#0","tintindex":0},"south":{"uv":[6.25,11.3125,6.125,11.25],"rotation":0,"texture":"#0","tintindex":0},"up":{"uv":[6.25,11.3125,6.125,11.25],"rotation":0,"texture":"#0","tintindex":0},"west":{"uv":[6.25,11.3125,6.125,11.25],"rotation":0,"texture":"#0","tintindex":0}}},{"name":"cube","from":[2.66,7.819999,7.64],"to":[3.26,8.179999,7.88],"rotation":{"angle":0.0,"axis":"x","origin":[22.7,8.0,7.4]},"faces":{"down":{"uv":[6.75,11.3125,6.625,11.25],"rotation":0,"texture":"#0","tintindex":0},"east":{"uv":[6.75,11.3125,6.625,11.25],"rotation":0,"texture":"#0","tintindex":0},"north":{"uv":[6.75,11.3125,6.625,11.25],"rotation":0,"texture":"#0","tintindex":0},"south":{"uv":[6.75,11.3125,6.625,11.25],"rotation":0,"texture":"#0","tintindex":0},"up":{"uv":[6.75,11.3125,6.625,11.25],"rotation":0,"texture":"#0","tintindex":0},"west":{"uv":[6.75,11.3125,6.625,11.25],"rotation":0,"texture":"#0","tintindex":0}}},{"name":"cube","from":[2.06,7.819999,7.64],"to":[2.66,8.179999,7.88],"rotation":{"angle":0.0,"axis":"x","origin":[14.3,-6.460001,7.8199997]},"faces":{"down":{"uv":[6.25,11.3125,6.125,11.25],"rotation":0,"texture":"#0","tintindex":0},"east":{"uv":[6.25,11.3125,6.125,11.25],"rotation":0,"texture":"#0","tintindex":0},"north":{"uv":[6.25,11.3125,6.125,11.25],"rotation":0,"texture":"#0","tintindex":0},"south":{"uv":[6.25,11.3125,6.125,11.25],"rotation":0,"texture":"#0","tintindex":0},"up":{"uv":[6.25,11.3125,6.125,11.25],"rotation":0,"texture":"#0","tintindex":0},"west":{"uv":[6.25,11.3125,6.125,11.25],"rotation":0,"texture":"#0","tintindex":0}}}],"display":{"head":{"translation":[0.0,-6.4,0.0],"rotation":[0.0,0.0,0.0],"scale":[3.8095,3.8095,3.8095]}}}