{"textures":{"0":"modelengine:entity/chica"},"elements":[{"name":"cube","from":[7.0904436,2.9099996,7.900877],"to":[8.830444,5.67,9.700877],"rotation":{"angle":0.0,"axis":"x","origin":[8.050444,10.9800005,8.800877]},"faces":{"down":{"uv":[5.0,5.875,5.375,6.4375],"rotation":0,"texture":"#0","tintindex":0},"east":{"uv":[5.0,5.875,5.375,6.4375],"rotation":0,"texture":"#0","tintindex":0},"north":{"uv":[5.0,5.875,5.375,6.4375],"rotation":0,"texture":"#0","tintindex":0},"south":{"uv":[5.0,5.875,5.375,6.4375],"rotation":0,"texture":"#0","tintindex":0},"up":{"uv":[5.0,5.875,5.375,6.4375],"rotation":0,"texture":"#0","tintindex":0},"west":{"uv":[5.0,5.875,5.375,6.4375],"rotation":0,"texture":"#0","tintindex":0}}},{"name":"cube","from":[6.7935057,2.9099996,5.2989216],"to":[7.933506,3.9899998,7.0989213],"rotation":{"angle":22.5,"axis":"y","origin":[7.589428,3.4499998,6.148056]},"faces":{"down":{"uv":[9.25,4.5,9.0,4.875],"rotation":0,"texture":"#0","tintindex":0},"east":{"uv":[9.0,3.0,9.375,3.25],"rotation":0,"texture":"#0","tintindex":0},"north":{"uv":[9.5,9.0,9.75,9.25],"rotation":0,"texture":"#0","tintindex":0},"south":{"uv":[9.5,9.375,9.75,9.625],"rotation":0,"texture":"#0","tintindex":0},"up":{"uv":[4.5,9.375,4.25,9.0],"rotation":0,"texture":"#0","tintindex":0},"west":{"uv":[9.0,4.125,9.375,4.375],"rotation":0,"texture":"#0","tintindex":0}}},{"name":"cube","from":[6.9704437,2.9099996,6.2208767],"to":[8.950443,4.1099997,8.020877],"rotation":{"angle":0.0,"axis":"x","origin":[8.050444,10.9800005,7.000877]},"faces":{"down":{"uv":[6.9375,2.75,6.5,3.125],"rotation":0,"texture":"#0","tintindex":0},"east":{"uv":[8.75,6.5,9.125,6.75],"rotation":0,"texture":"#0","tintindex":0},"north":{"uv":[5.5,8.125,5.9375,8.375],"rotation":0,"texture":"#0","tintindex":0},"south":{"uv":[6.125,8.125,6.5625,8.375],"rotation":0,"texture":"#0","tintindex":0},"up":{"uv":[6.6875,1.125,6.25,0.75],"rotation":0,"texture":"#0","tintindex":0},"west":{"uv":[8.75,6.875,9.125,7.125],"rotation":0,"texture":"#0","tintindex":0}}},{"name":"cube","from":[6.38457,2.9099996,4.328535],"to":[7.28457,3.7499998,5.408535],"rotation":{"angle":22.5,"axis":"y","origin":[8.140492,3.33,4.8176694]},"faces":{"down":{"uv":[10.0625,7.5,9.875,7.75],"rotation":0,"texture":"#0","tintindex":0},"east":{"uv":[6.5,9.875,6.75,10.0625],"rotation":0,"texture":"#0","tintindex":0},"north":{"uv":[3.75,10.5,3.9375,10.6875],"rotation":0,"texture":"#0","tintindex":0},"south":{"uv":[10.5,3.875,10.6875,4.0625],"rotation":0,"texture":"#0","tintindex":0},"up":{"uv":[7.0625,10.125,6.875,9.875],"rotation":0,"texture":"#0","tintindex":0},"west":{"uv":[9.875,6.75,10.125,6.9375],"rotation":0,"texture":"#0","tintindex":0}}},{"name":"cube","from":[7.856366,2.9099996,5.611742],"to":[8.9963665,3.9899998,7.4117427],"rotation":{"angle":-22.5,"axis":"y","origin":[8.080444,3.5099998,7.000877]},"faces":{"down":{"uv":[4.125,9.0,3.875,9.375],"rotation":0,"texture":"#0","tintindex":0},"east":{"uv":[9.0,1.625,9.375,1.875],"rotation":0,"texture":"#0","tintindex":0},"north":{"uv":[9.5,7.5,9.75,7.75],"rotation":0,"texture":"#0","tintindex":0},"south":{"uv":[9.5,7.875,9.75,8.125],"rotation":0,"texture":"#0","tintindex":0},"up":{"uv":[3.75,9.375,3.5,9.0],"rotation":0,"texture":"#0","tintindex":0},"west":{"uv":[2.5,9.0,2.875,9.25],"rotation":0,"texture":"#0","tintindex":0}}},{"name":"cube","from":[7.746756,2.9099996,4.48607],"to":[8.646756,3.7499998,5.56607],"rotation":{"angle":-22.5,"axis":"y","origin":[7.850834,3.5099998,7.5552044]},"faces":{"down":{"uv":[10.0625,6.375,9.875,6.625],"rotation":0,"texture":"#0","tintindex":0},"east":{"uv":[9.875,5.25,10.125,5.4375],"rotation":0,"texture":"#0","tintindex":0},"north":{"uv":[3.375,10.5,3.5625,10.6875],"rotation":0,"texture":"#0","tintindex":0},"south":{"uv":[10.5,3.5,10.6875,3.6875],"rotation":0,"texture":"#0","tintindex":0},"up":{"uv":[6.3125,10.125,6.125,9.875],"rotation":0,"texture":"#0","tintindex":0},"west":{"uv":[9.875,5.625,10.125,5.8125],"rotation":0,"texture":"#0","tintindex":0}}}],"display":{"head":{"translation":[0.0,-6.4,0.0],"rotation":[0.0,0.0,0.0],"scale":[3.8095,3.8095,3.8095]}}}