{"textures":{"0":"modelengine:entity/chica"},"elements":[{"name":"cube","from":[7.4300003,5.5699997,7.16],"to":[8.57,10.43,8.84],"rotation":{"angle":0.0,"axis":"x","origin":[7.79,8.719999,8.0]},"faces":{"down":{"uv":[4.25,4.875,4.5,5.875],"rotation":0,"texture":"#0","tintindex":0},"east":{"uv":[4.25,4.875,4.5,5.875],"rotation":0,"texture":"#0","tintindex":0},"north":{"uv":[4.25,4.875,4.5,5.875],"rotation":0,"texture":"#0","tintindex":0},"south":{"uv":[4.25,4.875,4.5,5.875],"rotation":0,"texture":"#0","tintindex":0},"up":{"uv":[4.25,4.875,4.5,5.875],"rotation":0,"texture":"#0","tintindex":0},"west":{"uv":[4.25,4.875,4.5,5.875],"rotation":0,"texture":"#0","tintindex":0}}}],"display":{"head":{"translation":[0.0,-6.4,0.0],"rotation":[0.0,0.0,0.0],"scale":[3.8095,3.8095,3.8095]}}}