{"textures":{"0":"modelengine:entity/chica"},"elements":[{"name":"cube","from":[6.650444,2.8325002,7.270877],"to":[8.390444,7.2125006,8.950877],"rotation":{"angle":0.0,"axis":"x","origin":[7.610444,5.9825,8.110876]},"faces":{"down":{"uv":[2.75,3.0,3.125,3.9375],"rotation":0,"texture":"#0","tintindex":0},"east":{"uv":[2.75,3.0,3.125,3.9375],"rotation":0,"texture":"#0","tintindex":0},"north":{"uv":[2.75,3.0,3.125,3.9375],"rotation":0,"texture":"#0","tintindex":0},"south":{"uv":[2.75,3.0,3.125,3.9375],"rotation":0,"texture":"#0","tintindex":0},"up":{"uv":[2.75,3.0,3.125,3.9375],"rotation":0,"texture":"#0","tintindex":0},"west":{"uv":[2.75,3.0,3.125,3.9375],"rotation":0,"texture":"#0","tintindex":0}}},{"name":"cube","from":[6.770444,2.8325002,7.390877],"to":[8.270444,7.8725004,8.830877],"rotation":{"angle":0.0,"axis":"x","origin":[7.610444,5.9825,8.110876]},"faces":{"down":{"uv":[1.9375,8.625,1.625,8.9375],"rotation":0,"texture":"#0","tintindex":0},"east":{"uv":[3.0,4.125,3.3125,5.1875],"rotation":0,"texture":"#0","tintindex":0},"north":{"uv":[2.5,4.125,2.8125,5.1875],"rotation":0,"texture":"#0","tintindex":0},"south":{"uv":[0.0,4.25,0.3125,5.3125],"rotation":0,"texture":"#0","tintindex":0},"up":{"uv":[1.4375,8.9375,1.125,8.625],"rotation":0,"texture":"#0","tintindex":0},"west":{"uv":[0.5,4.25,0.8125,5.3125],"rotation":0,"texture":"#0","tintindex":0}}}],"display":{"head":{"translation":[0.0,-6.4,0.0],"rotation":[0.0,0.0,0.0],"scale":[3.8095,3.8095,3.8095]}}}