{"textures":{"0":"modelengine:entity/chica"},"elements":[{"name":"cube","from":[4.7942853,6.894285,7.52],"to":[8.394285,7.8542857,8.48],"rotation":{"angle":0.0,"axis":"x","origin":[10.554286,-7.0857143,7.58]},"faces":{"down":{"uv":[7.375,1.875,8.125,2.0625],"rotation":0,"texture":"#0","tintindex":0},"east":{"uv":[7.375,1.875,8.125,2.0625],"rotation":0,"texture":"#0","tintindex":0},"north":{"uv":[7.375,1.875,8.125,2.0625],"rotation":0,"texture":"#0","tintindex":0},"south":{"uv":[7.375,1.875,8.125,2.0625],"rotation":0,"texture":"#0","tintindex":0},"up":{"uv":[7.375,1.875,8.125,2.0625],"rotation":0,"texture":"#0","tintindex":0},"west":{"uv":[7.375,1.875,8.125,2.0625],"rotation":0,"texture":"#0","tintindex":0}}},{"name":"cube","from":[7.3142853,6.9542856,7.4],"to":[8.5742855,8.154285,8.6],"rotation":{"angle":0.0,"axis":"x","origin":[10.554286,-7.0857143,7.58]},"faces":{"down":{"uv":[2.75,2.25,3.3125,2.875],"rotation":0,"texture":"#0","tintindex":0},"east":{"uv":[2.75,2.25,3.3125,2.875],"rotation":0,"texture":"#0","tintindex":0},"north":{"uv":[2.75,2.25,3.3125,2.875],"rotation":0,"texture":"#0","tintindex":0},"south":{"uv":[2.75,2.25,3.3125,2.875],"rotation":0,"texture":"#0","tintindex":0},"up":{"uv":[2.75,2.25,3.3125,2.875],"rotation":0,"texture":"#0","tintindex":0},"west":{"uv":[2.75,2.25,3.3125,2.875],"rotation":0,"texture":"#0","tintindex":0}}},{"name":"cube","from":[4.434285,7.1942854,7.8199997],"to":[4.914285,7.554286,8.18],"rotation":{"angle":0.0,"axis":"x","origin":[10.554286,-7.0857143,7.58]},"faces":{"down":{"uv":[2.75,11.125,2.875,11.1875],"rotation":0,"texture":"#0","tintindex":0},"east":{"uv":[2.75,11.125,2.875,11.1875],"rotation":0,"texture":"#0","tintindex":0},"north":{"uv":[2.75,11.125,2.875,11.1875],"rotation":0,"texture":"#0","tintindex":0},"south":{"uv":[2.75,11.125,2.875,11.1875],"rotation":0,"texture":"#0","tintindex":0},"up":{"uv":[2.75,11.125,2.875,11.1875],"rotation":0,"texture":"#0","tintindex":0},"west":{"uv":[2.75,11.125,2.875,11.1875],"rotation":0,"texture":"#0","tintindex":0}}}],"display":{"head":{"translation":[0.0,-6.4,0.0],"rotation":[0.0,0.0,0.0],"scale":[3.8095,3.8095,3.8095]}}}