{"textures":{"0":"modelengine:entity/chica"},"elements":[{"name":"cube","from":[7.73,2.8174994,7.25],"to":[9.469999,7.1974993,8.93],"rotation":{"angle":0.0,"axis":"x","origin":[8.69,5.9674997,8.09]},"faces":{"down":{"uv":[3.25,3.0,3.625,3.9375],"rotation":0,"texture":"#0","tintindex":0},"east":{"uv":[3.25,3.0,3.625,3.9375],"rotation":0,"texture":"#0","tintindex":0},"north":{"uv":[3.25,3.0,3.625,3.9375],"rotation":0,"texture":"#0","tintindex":0},"south":{"uv":[3.25,3.0,3.625,3.9375],"rotation":0,"texture":"#0","tintindex":0},"up":{"uv":[3.25,3.0,3.625,3.9375],"rotation":0,"texture":"#0","tintindex":0},"west":{"uv":[3.25,3.0,3.625,3.9375],"rotation":0,"texture":"#0","tintindex":0}}},{"name":"cube","from":[7.85,2.8174994,7.37],"to":[9.35,7.857499,8.81],"rotation":{"angle":0.0,"axis":"x","origin":[8.69,5.9674997,8.09]},"faces":{"down":{"uv":[7.8125,8.5,7.5,8.8125],"rotation":0,"texture":"#0","tintindex":0},"east":{"uv":[3.75,2.25,4.0625,3.3125],"rotation":0,"texture":"#0","tintindex":0},"north":{"uv":[2.0,3.75,2.3125,4.8125],"rotation":0,"texture":"#0","tintindex":0},"south":{"uv":[3.75,3.5,4.0625,4.5625],"rotation":0,"texture":"#0","tintindex":0},"up":{"uv":[7.3125,8.8125,7.0,8.5],"rotation":0,"texture":"#0","tintindex":0},"west":{"uv":[4.0,0.0,4.3125,1.0625],"rotation":0,"texture":"#0","tintindex":0}}}],"display":{"head":{"translation":[0.0,-6.4,0.0],"rotation":[0.0,0.0,0.0],"scale":[3.8095,3.8095,3.8095]}}}