{"textures":{"0":"modelengine:entity/chica"},"elements":[{"name":"cube","from":[7.170444,2.9699998,7.8408766],"to":[8.910444,5.73,9.640877],"rotation":{"angle":0.0,"axis":"x","origin":[8.130445,11.04,8.740877]},"faces":{"down":{"uv":[1.5,5.625,1.875,6.1875],"rotation":0,"texture":"#0","tintindex":0},"east":{"uv":[1.5,5.625,1.875,6.1875],"rotation":0,"texture":"#0","tintindex":0},"north":{"uv":[1.5,5.625,1.875,6.1875],"rotation":0,"texture":"#0","tintindex":0},"south":{"uv":[1.5,5.625,1.875,6.1875],"rotation":0,"texture":"#0","tintindex":0},"up":{"uv":[1.5,5.625,1.875,6.1875],"rotation":0,"texture":"#0","tintindex":0},"west":{"uv":[1.5,5.625,1.875,6.1875],"rotation":0,"texture":"#0","tintindex":0}}},{"name":"cube","from":[7.050444,2.9699998,6.1608768],"to":[9.030444,4.1699996,7.960877],"rotation":{"angle":0.0,"axis":"x","origin":[8.130445,11.04,6.940877]},"faces":{"down":{"uv":[3.5625,6.625,3.125,7.0],"rotation":0,"texture":"#0","tintindex":0},"east":{"uv":[8.75,7.875,9.125,8.125],"rotation":0,"texture":"#0","tintindex":0},"north":{"uv":[6.75,8.125,7.1875,8.375],"rotation":0,"texture":"#0","tintindex":0},"south":{"uv":[7.375,8.125,7.8125,8.375],"rotation":0,"texture":"#0","tintindex":0},"up":{"uv":[7.0625,1.625,6.625,1.25],"rotation":0,"texture":"#0","tintindex":0},"west":{"uv":[8.75,8.25,9.125,8.5],"rotation":0,"texture":"#0","tintindex":0}}},{"name":"cube","from":[7.816366,2.9699998,5.5517426],"to":[8.956366,4.0499997,7.3517427],"rotation":{"angle":-22.5,"axis":"y","origin":[8.040443,3.5699997,6.940877]},"faces":{"down":{"uv":[1.0,8.875,0.75,9.25],"rotation":0,"texture":"#0","tintindex":0},"east":{"uv":[8.75,8.625,9.125,8.875],"rotation":0,"texture":"#0","tintindex":0},"north":{"uv":[9.5,6.375,9.75,6.625],"rotation":0,"texture":"#0","tintindex":0},"south":{"uv":[6.75,9.5,7.0,9.75],"rotation":0,"texture":"#0","tintindex":0},"up":{"uv":[0.625,9.25,0.375,8.875],"rotation":0,"texture":"#0","tintindex":0},"west":{"uv":[8.875,0.0,9.25,0.25],"rotation":0,"texture":"#0","tintindex":0}}},{"name":"cube","from":[7.706756,2.9699998,4.42607],"to":[8.606756,3.8099997,5.50607],"rotation":{"angle":-22.5,"axis":"y","origin":[7.810834,3.5699997,7.4952044]},"faces":{"down":{"uv":[10.0625,3.5,9.875,3.75],"rotation":0,"texture":"#0","tintindex":0},"east":{"uv":[3.125,9.875,3.375,10.0625],"rotation":0,"texture":"#0","tintindex":0},"north":{"uv":[2.25,10.5,2.4375,10.6875],"rotation":0,"texture":"#0","tintindex":0},"south":{"uv":[10.5,2.5,10.6875,2.6875],"rotation":0,"texture":"#0","tintindex":0},"up":{"uv":[3.6875,10.125,3.5,9.875],"rotation":0,"texture":"#0","tintindex":0},"west":{"uv":[9.875,3.125,10.125,3.3125],"rotation":0,"texture":"#0","tintindex":0}}},{"name":"cube","from":[6.7535057,2.9699998,5.2389216],"to":[7.893506,4.0499997,7.0389214],"rotation":{"angle":22.5,"axis":"y","origin":[7.549428,3.5099998,6.088056]},"faces":{"down":{"uv":[9.25,1.125,9.0,1.5],"rotation":0,"texture":"#0","tintindex":0},"east":{"uv":[8.0,8.875,8.375,9.125],"rotation":0,"texture":"#0","tintindex":0},"north":{"uv":[9.5,6.75,9.75,7.0],"rotation":0,"texture":"#0","tintindex":0},"south":{"uv":[7.125,9.5,7.375,9.75],"rotation":0,"texture":"#0","tintindex":0},"up":{"uv":[0.25,9.375,0.0,9.0],"rotation":0,"texture":"#0","tintindex":0},"west":{"uv":[9.0,0.75,9.375,1.0],"rotation":0,"texture":"#0","tintindex":0}}},{"name":"cube","from":[6.34457,2.9699998,4.2685347],"to":[7.2445703,3.8099997,5.3485346],"rotation":{"angle":22.5,"axis":"y","origin":[8.1004925,3.3899999,4.7576694]},"faces":{"down":{"uv":[10.0625,4.875,9.875,5.125],"rotation":0,"texture":"#0","tintindex":0},"east":{"uv":[3.875,9.875,4.125,10.0625],"rotation":0,"texture":"#0","tintindex":0},"north":{"uv":[2.625,10.5,2.8125,10.6875],"rotation":0,"texture":"#0","tintindex":0},"south":{"uv":[10.5,2.875,10.6875,3.0625],"rotation":0,"texture":"#0","tintindex":0},"up":{"uv":[4.4375,10.125,4.25,9.875],"rotation":0,"texture":"#0","tintindex":0},"west":{"uv":[9.875,3.875,10.125,4.0625],"rotation":0,"texture":"#0","tintindex":0}}}],"display":{"head":{"translation":[0.0,-6.4,0.0],"rotation":[0.0,0.0,0.0],"scale":[3.8095,3.8095,3.8095]}}}