{"textures":{"0":"modelengine:entity/chica"},"elements":[{"name":"cube","from":[8.652004,7.416079,7.4160786],"to":[8.652004,9.036078,9.036079],"rotation":{"angle":-45.0,"axis":"x","origin":[8.18,8.0,8.0]},"faces":{"down":{"uv":[1.25,11.625,1.25,11.9375],"rotation":0,"texture":"#0","tintindex":0},"east":{"uv":[9.75,5.875,9.5,5.625],"rotation":0,"texture":"#0","tintindex":0},"north":{"uv":[7.25,1.125,7.25,1.4375],"rotation":0,"texture":"#0","tintindex":0},"south":{"uv":[3.0,10.5,3.0,10.8125],"rotation":0,"texture":"#0","tintindex":0},"up":{"uv":[5.0,11.8125,5.0,11.5],"rotation":0,"texture":"#0","tintindex":0},"west":{"uv":[6.5,8.5,6.8125,8.8125],"rotation":0,"texture":"#0","tintindex":0}}}],"display":{"head":{"translation":[0.0,-6.4,0.0],"rotation":[0.0,0.0,0.0],"scale":[3.8095,3.8095,3.8095]}}}