{"textures":{"0":"modelengine:entity/chica"},"elements":[{"name":"cube","from":[7.5214534,7.7295327,6.704932],"to":[7.895853,8.057133,7.2197323],"rotation":{"angle":-22.5,"axis":"y","origin":[7.708653,7.893333,6.9623327]},"faces":{"down":{"uv":[1.5625,11.125,1.5,11.25],"rotation":0,"texture":"#0","tintindex":0},"east":{"uv":[0.5,11.125,0.625,11.1875],"rotation":0,"texture":"#0","tintindex":0},"north":{"uv":[11.5,3.375,11.5625,3.4375],"rotation":0,"texture":"#0","tintindex":0},"south":{"uv":[11.5,3.625,11.5625,3.6875],"rotation":0,"texture":"#0","tintindex":0},"up":{"uv":[1.3125,11.25,1.25,11.125],"rotation":0,"texture":"#0","tintindex":0},"west":{"uv":[1.0,11.125,1.125,11.1875],"rotation":0,"texture":"#0","tintindex":0}}},{"name":"cube","from":[7.4086533,7.9233327,6.6323323],"to":[7.8886533,8.343333,7.292332],"rotation":{"angle":-22.5,"axis":"y","origin":[7.648653,8.133333,6.9623327]},"faces":{"down":{"uv":[8.125,0.875,8.0,1.0],"rotation":0,"texture":"#0","tintindex":0},"east":{"uv":[7.375,11.0,7.5,11.0625],"rotation":0,"texture":"#0","tintindex":0},"north":{"uv":[11.0,7.25,11.125,7.3125],"rotation":0,"texture":"#0","tintindex":0},"south":{"uv":[11.0,7.5,11.125,7.5625],"rotation":0,"texture":"#0","tintindex":0},"up":{"uv":[1.75,8.0,1.625,7.875],"rotation":0,"texture":"#0","tintindex":0},"west":{"uv":[8.25,11.0,8.375,11.0625],"rotation":0,"texture":"#0","tintindex":0}}},{"name":"cube","from":[7.5214534,7.7295327,6.704932],"to":[7.895853,8.057133,7.2197323],"rotation":{"angle":-22.5,"axis":"y","origin":[7.708653,7.893333,6.9623327]},"faces":{"down":{"uv":[1.5625,11.125,1.5,11.25],"rotation":0,"texture":"#0","tintindex":0},"east":{"uv":[0.5,11.125,0.625,11.1875],"rotation":0,"texture":"#0","tintindex":0},"north":{"uv":[11.5,3.375,11.5625,3.4375],"rotation":0,"texture":"#0","tintindex":0},"south":{"uv":[11.5,3.625,11.5625,3.6875],"rotation":0,"texture":"#0","tintindex":0},"up":{"uv":[1.3125,11.25,1.25,11.125],"rotation":0,"texture":"#0","tintindex":0},"west":{"uv":[1.0,11.125,1.125,11.1875],"rotation":0,"texture":"#0","tintindex":0}}},{"name":"cube","from":[7.6244,7.7295327,6.6605005],"to":[8.42,8.057133,7.1753006],"rotation":{"angle":0.0,"axis":"x","origin":[7.2968,7.7295327,8.9069]},"faces":{"down":{"uv":[10.9375,10.0,10.75,10.125],"rotation":0,"texture":"#0","tintindex":0},"east":{"uv":[0.25,11.125,0.375,11.1875],"rotation":0,"texture":"#0","tintindex":0},"north":{"uv":[10.5,10.875,10.6875,10.9375],"rotation":0,"texture":"#0","tintindex":0},"south":{"uv":[10.875,10.5,11.0625,10.5625],"rotation":0,"texture":"#0","tintindex":0},"up":{"uv":[10.9375,9.875,10.75,9.75],"rotation":0,"texture":"#0","tintindex":0},"west":{"uv":[11.125,0.25,11.25,0.3125],"rotation":0,"texture":"#0","tintindex":0}}},{"name":"cube","from":[7.4372,7.7295327,7.128501],"to":[8.607201,8.057133,7.9709005],"rotation":{"angle":0.0,"axis":"x","origin":[7.2968,7.7295327,8.9069]},"faces":{"down":{"uv":[2.0,9.875,1.75,10.0625],"rotation":0,"texture":"#0","tintindex":0},"east":{"uv":[10.875,8.5,11.0625,8.5625],"rotation":0,"texture":"#0","tintindex":0},"north":{"uv":[10.875,3.75,11.125,3.8125],"rotation":0,"texture":"#0","tintindex":0},"south":{"uv":[10.875,4.0,11.125,4.0625],"rotation":0,"texture":"#0","tintindex":0},"up":{"uv":[10.125,1.8125,9.875,1.625],"rotation":0,"texture":"#0","tintindex":0},"west":{"uv":[10.875,10.25,11.0625,10.3125],"rotation":0,"texture":"#0","tintindex":0}}},{"name":"cube","from":[8.151964,7.7295327,6.8625073],"to":[8.526363,8.057133,7.3773074],"rotation":{"angle":22.5,"axis":"y","origin":[7.941364,7.893333,7.0497074]},"faces":{"down":{"uv":[10.9375,11.0,10.875,11.125],"rotation":0,"texture":"#0","tintindex":0},"east":{"uv":[9.75,11.0,9.875,11.0625],"rotation":0,"texture":"#0","tintindex":0},"north":{"uv":[3.0,11.5,3.0625,11.5625],"rotation":0,"texture":"#0","tintindex":0},"south":{"uv":[11.5,3.125,11.5625,3.1875],"rotation":0,"texture":"#0","tintindex":0},"up":{"uv":[10.3125,11.125,10.25,11.0],"rotation":0,"texture":"#0","tintindex":0},"west":{"uv":[10.0,11.0,10.125,11.0625],"rotation":0,"texture":"#0","tintindex":0}}},{"name":"cube","from":[7.300637,7.9233327,7.1753683],"to":[8.800636,8.343333,8.255369],"rotation":{"angle":0.0,"axis":"x","origin":[7.1206365,7.9233327,9.455368]},"faces":{"down":{"uv":[5.8125,9.0,5.5,9.25],"rotation":0,"texture":"#0","tintindex":0},"east":{"uv":[10.875,3.5,11.125,3.5625],"rotation":0,"texture":"#0","tintindex":0},"north":{"uv":[1.0,10.875,1.3125,10.9375],"rotation":0,"texture":"#0","tintindex":0},"south":{"uv":[1.5,10.875,1.8125,10.9375],"rotation":0,"texture":"#0","tintindex":0},"up":{"uv":[9.3125,5.625,9.0,5.375],"rotation":0,"texture":"#0","tintindex":0},"west":{"uv":[3.75,10.875,4.0,10.9375],"rotation":0,"texture":"#0","tintindex":0}}},{"name":"cube","from":[7.4086533,8.343333,6.6323323],"to":[7.4086533,8.463332,7.292332],"rotation":{"angle":-22.5,"axis":"y","origin":[7.648653,8.133333,6.9623327]},"faces":{"down":{"uv":[8.38125,13.1875,9.5,13.5625],"rotation":0,"texture":"#0","tintindex":0},"east":{"uv":[8.38125,13.1875,9.5,13.5625],"rotation":0,"texture":"#0","tintindex":0},"north":{"uv":[8.38125,13.1875,9.5,13.5625],"rotation":0,"texture":"#0","tintindex":0},"south":{"uv":[8.38125,13.1875,9.5,13.5625],"rotation":0,"texture":"#0","tintindex":0},"up":{"uv":[8.38125,13.1875,9.5,13.5625],"rotation":0,"texture":"#0","tintindex":0},"west":{"uv":[8.4375,12.375,9.25,12.75],"rotation":0,"texture":"#0","tintindex":0}}},{"name":"cube","from":[7.300637,8.343333,7.1753683],"to":[7.300637,8.463332,8.255369],"rotation":{"angle":0.0,"axis":"x","origin":[7.1206365,7.9233327,9.455368]},"faces":{"down":{"uv":[8.38125,13.1875,9.5,13.5625],"rotation":0,"texture":"#0","tintindex":0},"east":{"uv":[8.38125,13.1875,9.5,13.5625],"rotation":0,"texture":"#0","tintindex":0},"north":{"uv":[8.38125,13.1875,9.5,13.5625],"rotation":0,"texture":"#0","tintindex":0},"south":{"uv":[8.38125,13.1875,9.5,13.5625],"rotation":0,"texture":"#0","tintindex":0},"up":{"uv":[8.38125,13.1875,9.5,13.5625],"rotation":0,"texture":"#0","tintindex":0},"west":{"uv":[8.4375,12.375,9.25,12.75],"rotation":0,"texture":"#0","tintindex":0}}},{"name":"cube","from":[8.800636,8.343333,7.1753683],"to":[8.800636,8.463332,8.255369],"rotation":{"angle":0.0,"axis":"x","origin":[7.1206365,7.9233327,9.455368]},"faces":{"down":{"uv":[9.125,12.9375,9.9375,13.3125],"rotation":0,"texture":"#0","tintindex":0},"east":{"uv":[8.4375,12.375,9.25,12.75],"rotation":0,"texture":"#0","tintindex":0},"north":{"uv":[9.125,12.9375,9.9375,13.3125],"rotation":0,"texture":"#0","tintindex":0},"south":{"uv":[9.125,12.9375,9.9375,13.3125],"rotation":0,"texture":"#0","tintindex":0},"up":{"uv":[9.125,12.9375,9.9375,13.3125],"rotation":0,"texture":"#0","tintindex":0},"west":{"uv":[9.125,12.9375,9.9375,13.3125],"rotation":0,"texture":"#0","tintindex":0}}},{"name":"cube","from":[8.217,7.9233327,6.8343515],"to":[8.6970005,8.343333,7.494352],"rotation":{"angle":22.5,"axis":"y","origin":[7.947,8.133333,7.074352]},"faces":{"down":{"uv":[4.5,8.625,4.375,8.75],"rotation":0,"texture":"#0","tintindex":0},"east":{"uv":[8.75,11.0,8.875,11.0625],"rotation":0,"texture":"#0","tintindex":0},"north":{"uv":[8.5,11.0,8.625,11.0625],"rotation":0,"texture":"#0","tintindex":0},"south":{"uv":[9.0,11.0,9.125,11.0625],"rotation":0,"texture":"#0","tintindex":0},"up":{"uv":[4.75,8.375,4.625,8.25],"rotation":0,"texture":"#0","tintindex":0},"west":{"uv":[11.0,9.125,11.125,9.1875],"rotation":0,"texture":"#0","tintindex":0}}},{"name":"cube","from":[8.6970005,8.343333,6.8343515],"to":[8.6970005,8.463332,7.494352],"rotation":{"angle":22.5,"axis":"y","origin":[7.947,8.133333,7.074352]},"faces":{"down":{"uv":[9.06875,13.0,10.1875,13.375],"rotation":0,"texture":"#0","tintindex":0},"east":{"uv":[8.4375,12.375,9.25,12.75],"rotation":0,"texture":"#0","tintindex":0},"north":{"uv":[9.06875,13.0,10.1875,13.375],"rotation":0,"texture":"#0","tintindex":0},"south":{"uv":[9.06875,13.0,10.1875,13.375],"rotation":0,"texture":"#0","tintindex":0},"up":{"uv":[9.06875,13.0,10.1875,13.375],"rotation":0,"texture":"#0","tintindex":0},"west":{"uv":[9.06875,13.0,10.1875,13.375],"rotation":0,"texture":"#0","tintindex":0}}},{"name":"cube","from":[7.5406365,8.343333,6.5753684],"to":[8.5606365,8.523333,6.5753684],"rotation":{"angle":0.0,"axis":"x","origin":[7.1206365,7.9233327,9.455368]},"faces":{"down":{"uv":[8.3125,12.375,9.4,12.7125],"rotation":0,"texture":"#0","tintindex":0},"east":{"uv":[8.3125,12.375,9.4,12.7125],"rotation":0,"texture":"#0","tintindex":0},"north":{"uv":[8.31875,12.375,9.4375,12.75],"rotation":0,"texture":"#0","tintindex":0},"south":{"uv":[3.5,12.0625,4.5875,12.4],"rotation":0,"texture":"#0","tintindex":0},"up":{"uv":[8.3125,12.375,9.4,12.7125],"rotation":0,"texture":"#0","tintindex":0},"west":{"uv":[8.3125,12.375,9.4,12.7125],"rotation":0,"texture":"#0","tintindex":0}}},{"name":"cube","from":[7.5406365,7.9233327,6.5753684],"to":[8.5606365,8.343333,7.2353683],"rotation":{"angle":0.0,"axis":"x","origin":[7.1206365,7.9233327,9.455368]},"faces":{"down":{"uv":[9.9375,10.75,9.75,10.875],"rotation":0,"texture":"#0","tintindex":0},"east":{"uv":[9.25,11.0,9.375,11.0625],"rotation":0,"texture":"#0","tintindex":0},"north":{"uv":[13.625,12.3125,14.6875,12.75],"rotation":0,"texture":"#0","tintindex":0},"south":{"uv":[10.875,8.25,11.0625,8.3125],"rotation":0,"texture":"#0","tintindex":0},"up":{"uv":[10.9375,9.625,10.75,9.5],"rotation":0,"texture":"#0","tintindex":0},"west":{"uv":[9.5,11.0,9.625,11.0625],"rotation":0,"texture":"#0","tintindex":0}}}],"display":{"head":{"translation":[0.0,-6.4,0.0],"rotation":[0.0,0.0,0.0],"scale":[3.8095,3.8095,3.8095]}}}