{"textures":{"0":"modelengine:entity/chica"},"elements":[{"name":"cube","from":[7.73,5.5699997,7.16],"to":[8.87,10.43,8.84],"rotation":{"angle":0.0,"axis":"x","origin":[8.09,8.719999,8.0]},"faces":{"down":{"uv":[3.875,4.75,4.125,5.75],"rotation":0,"texture":"#0","tintindex":0},"east":{"uv":[3.875,4.75,4.125,5.75],"rotation":0,"texture":"#0","tintindex":0},"north":{"uv":[3.875,4.75,4.125,5.75],"rotation":0,"texture":"#0","tintindex":0},"south":{"uv":[3.875,4.75,4.125,5.75],"rotation":0,"texture":"#0","tintindex":0},"up":{"uv":[3.875,4.75,4.125,5.75],"rotation":0,"texture":"#0","tintindex":0},"west":{"uv":[3.875,4.75,4.125,5.75],"rotation":0,"texture":"#0","tintindex":0}}}],"display":{"head":{"translation":[0.0,-6.4,0.0],"rotation":[0.0,0.0,0.0],"scale":[3.8095,3.8095,3.8095]}}}