{"textures":{"0":"modelengine:entity/chica"},"elements":[{"name":"cube","from":[8.05,7.5199995,7.64],"to":[11.2300005,8.48,8.6],"rotation":{"angle":0.0,"axis":"x","origin":[1.4500002,-6.460001,7.7]},"faces":{"down":{"uv":[6.875,7.75,7.5625,7.9375],"rotation":0,"texture":"#0","tintindex":0},"east":{"uv":[6.875,7.75,7.5625,7.9375],"rotation":0,"texture":"#0","tintindex":0},"north":{"uv":[6.875,7.75,7.5625,7.9375],"rotation":0,"texture":"#0","tintindex":0},"south":{"uv":[6.875,7.75,7.5625,7.9375],"rotation":0,"texture":"#0","tintindex":0},"up":{"uv":[6.875,7.75,7.5625,7.9375],"rotation":0,"texture":"#0","tintindex":0},"west":{"uv":[6.875,7.75,7.5625,7.9375],"rotation":0,"texture":"#0","tintindex":0}}},{"name":"cube","from":[9.97,7.4,7.52],"to":[10.690001,8.6,8.719999],"rotation":{"angle":0.0,"axis":"x","origin":[1.4500002,-6.460001,7.7]},"faces":{"down":{"uv":[12.6875,6.5,13.0,7.0625],"rotation":0,"texture":"#0","tintindex":0},"east":{"uv":[12.6875,6.5,13.0,7.0625],"rotation":0,"texture":"#0","tintindex":0},"north":{"uv":[12.6875,6.5,13.0,7.0625],"rotation":0,"texture":"#0","tintindex":0},"south":{"uv":[12.6875,6.5,13.0,7.0625],"rotation":0,"texture":"#0","tintindex":0},"up":{"uv":[12.6875,6.5,13.0,7.0625],"rotation":0,"texture":"#0","tintindex":0},"west":{"uv":[12.6875,6.5,13.0,7.0625],"rotation":0,"texture":"#0","tintindex":0}}},{"name":"cube","from":[11.050001,7.819999,7.94],"to":[11.53,8.179999,8.3],"rotation":{"angle":0.0,"axis":"x","origin":[2.65,-6.460001,7.7]},"faces":{"down":{"uv":[11.125,8.75,11.25,8.8125],"rotation":0,"texture":"#0","tintindex":0},"east":{"uv":[11.125,8.75,11.25,8.8125],"rotation":0,"texture":"#0","tintindex":0},"north":{"uv":[11.125,8.75,11.25,8.8125],"rotation":0,"texture":"#0","tintindex":0},"south":{"uv":[11.125,8.75,11.25,8.8125],"rotation":0,"texture":"#0","tintindex":0},"up":{"uv":[11.125,8.75,11.25,8.8125],"rotation":0,"texture":"#0","tintindex":0},"west":{"uv":[11.125,8.75,11.25,8.8125],"rotation":0,"texture":"#0","tintindex":0}}},{"name":"cube","from":[11.530001,7.7599993,7.58],"to":[12.67,8.24,8.66],"rotation":{"angle":0.0,"axis":"x","origin":[3.1299996,-6.460001,7.7]},"faces":{"down":{"uv":[9.75,5.875,9.5,5.625],"rotation":0,"texture":"#0","tintindex":0},"east":{"uv":[9.75,5.875,9.5,5.625],"rotation":0,"texture":"#0","tintindex":0},"north":{"uv":[9.7375,5.725,9.5,5.625],"rotation":0,"texture":"#0","tintindex":0},"south":{"uv":[9.7375,5.725,9.5,5.625],"rotation":0,"texture":"#0","tintindex":0},"up":{"uv":[9.75,5.875,9.5,5.625],"rotation":0,"texture":"#0","tintindex":0},"west":{"uv":[9.75,5.875,9.5,5.625],"rotation":0,"texture":"#0","tintindex":0}}},{"name":"cube","from":[13.03,7.819999,8.360001],"to":[13.63,8.179999,8.6],"rotation":{"angle":0.0,"axis":"x","origin":[11.530001,8.0,7.4]},"faces":{"down":{"uv":[11.375,3.5625,11.25,3.5],"rotation":0,"texture":"#0","tintindex":0},"east":{"uv":[11.375,3.5625,11.25,3.5],"rotation":0,"texture":"#0","tintindex":0},"north":{"uv":[11.375,3.5625,11.25,3.5],"rotation":0,"texture":"#0","tintindex":0},"south":{"uv":[11.375,3.5625,11.25,3.5],"rotation":0,"texture":"#0","tintindex":0},"up":{"uv":[11.375,3.5625,11.25,3.5],"rotation":0,"texture":"#0","tintindex":0},"west":{"uv":[11.375,3.5625,11.25,3.5],"rotation":0,"texture":"#0","tintindex":0}}},{"name":"cube","from":[12.43,7.819999,8.360001],"to":[13.03,8.179999,8.6],"rotation":{"angle":0.0,"axis":"x","origin":[3.1299996,-6.460001,7.8199997]},"faces":{"down":{"uv":[4.375,11.3125,4.25,11.25],"rotation":0,"texture":"#0","tintindex":0},"east":{"uv":[4.375,11.3125,4.25,11.25],"rotation":0,"texture":"#0","tintindex":0},"north":{"uv":[4.375,11.3125,4.25,11.25],"rotation":0,"texture":"#0","tintindex":0},"south":{"uv":[4.375,11.3125,4.25,11.25],"rotation":0,"texture":"#0","tintindex":0},"up":{"uv":[4.375,11.3125,4.25,11.25],"rotation":0,"texture":"#0","tintindex":0},"west":{"uv":[4.375,11.3125,4.25,11.25],"rotation":0,"texture":"#0","tintindex":0}}},{"name":"cube","from":[13.03,7.819999,8.0],"to":[13.63,8.179999,8.24],"rotation":{"angle":0.0,"axis":"x","origin":[11.530001,8.0,7.4]},"faces":{"down":{"uv":[11.375,5.0625,11.25,5.0],"rotation":0,"texture":"#0","tintindex":0},"east":{"uv":[11.375,5.0625,11.25,5.0],"rotation":0,"texture":"#0","tintindex":0},"north":{"uv":[11.375,5.0625,11.25,5.0],"rotation":0,"texture":"#0","tintindex":0},"south":{"uv":[11.375,5.0625,11.25,5.0],"rotation":0,"texture":"#0","tintindex":0},"up":{"uv":[11.375,5.0625,11.25,5.0],"rotation":0,"texture":"#0","tintindex":0},"west":{"uv":[11.375,5.0625,11.25,5.0],"rotation":0,"texture":"#0","tintindex":0}}},{"name":"cube","from":[12.43,7.819999,8.0],"to":[13.03,8.179999,8.24],"rotation":{"angle":0.0,"axis":"x","origin":[3.1299996,-6.460001,7.8199997]},"faces":{"down":{"uv":[5.75,11.3125,5.625,11.25],"rotation":0,"texture":"#0","tintindex":0},"east":{"uv":[5.75,11.3125,5.625,11.25],"rotation":0,"texture":"#0","tintindex":0},"north":{"uv":[5.75,11.3125,5.625,11.25],"rotation":0,"texture":"#0","tintindex":0},"south":{"uv":[5.75,11.3125,5.625,11.25],"rotation":0,"texture":"#0","tintindex":0},"up":{"uv":[5.75,11.3125,5.625,11.25],"rotation":0,"texture":"#0","tintindex":0},"west":{"uv":[5.75,11.3125,5.625,11.25],"rotation":0,"texture":"#0","tintindex":0}}},{"name":"cube","from":[13.03,7.819999,7.64],"to":[13.63,8.179999,7.88],"rotation":{"angle":0.0,"axis":"x","origin":[11.530001,8.0,7.4]},"faces":{"down":{"uv":[6.25,11.3125,6.125,11.25],"rotation":0,"texture":"#0","tintindex":0},"east":{"uv":[6.25,11.3125,6.125,11.25],"rotation":0,"texture":"#0","tintindex":0},"north":{"uv":[6.25,11.3125,6.125,11.25],"rotation":0,"texture":"#0","tintindex":0},"south":{"uv":[6.25,11.3125,6.125,11.25],"rotation":0,"texture":"#0","tintindex":0},"up":{"uv":[6.25,11.3125,6.125,11.25],"rotation":0,"texture":"#0","tintindex":0},"west":{"uv":[6.25,11.3125,6.125,11.25],"rotation":0,"texture":"#0","tintindex":0}}},{"name":"cube","from":[12.43,7.819999,7.64],"to":[13.03,8.179999,7.88],"rotation":{"angle":0.0,"axis":"x","origin":[3.1299996,-6.460001,7.8199997]},"faces":{"down":{"uv":[6.75,11.3125,6.625,11.25],"rotation":0,"texture":"#0","tintindex":0},"east":{"uv":[6.75,11.3125,6.625,11.25],"rotation":0,"texture":"#0","tintindex":0},"north":{"uv":[6.75,11.3125,6.625,11.25],"rotation":0,"texture":"#0","tintindex":0},"south":{"uv":[6.75,11.3125,6.625,11.25],"rotation":0,"texture":"#0","tintindex":0},"up":{"uv":[6.75,11.3125,6.625,11.25],"rotation":0,"texture":"#0","tintindex":0},"west":{"uv":[6.75,11.3125,6.625,11.25],"rotation":0,"texture":"#0","tintindex":0}}},{"name":"cube","from":[12.43,7.819999,7.22],"to":[13.03,8.179999,7.58],"rotation":{"angle":0.0,"axis":"x","origin":[11.530001,8.0,7.4]},"faces":{"down":{"uv":[7.25,11.3125,7.125,11.25],"rotation":0,"texture":"#0","tintindex":0},"east":{"uv":[7.25,11.3125,7.125,11.25],"rotation":0,"texture":"#0","tintindex":0},"north":{"uv":[7.25,11.3125,7.125,11.25],"rotation":0,"texture":"#0","tintindex":0},"south":{"uv":[7.25,11.3125,7.125,11.25],"rotation":0,"texture":"#0","tintindex":0},"up":{"uv":[7.25,11.3125,7.125,11.25],"rotation":0,"texture":"#0","tintindex":0},"west":{"uv":[7.25,11.3125,7.125,11.25],"rotation":0,"texture":"#0","tintindex":0}}},{"name":"cube","from":[11.830001,7.819999,7.22],"to":[12.43,8.179999,7.58],"rotation":{"angle":0.0,"axis":"x","origin":[3.1299996,-6.460001,7.8199997]},"faces":{"down":{"uv":[11.375,8.0625,11.25,8.0],"rotation":0,"texture":"#0","tintindex":0},"east":{"uv":[11.375,8.0625,11.25,8.0],"rotation":0,"texture":"#0","tintindex":0},"north":{"uv":[11.375,8.0625,11.25,8.0],"rotation":0,"texture":"#0","tintindex":0},"south":{"uv":[11.375,8.0625,11.25,8.0],"rotation":0,"texture":"#0","tintindex":0},"up":{"uv":[11.375,8.0625,11.25,8.0],"rotation":0,"texture":"#0","tintindex":0},"west":{"uv":[11.375,8.0625,11.25,8.0],"rotation":0,"texture":"#0","tintindex":0}}}],"display":{"head":{"translation":[0.0,-6.4,0.0],"rotation":[0.0,0.0,0.0],"scale":[3.8095,3.8095,3.8095]}}}