{"textures":{"0":"modelengine:entity/chica"},"elements":[{"name":"cube","from":[6.907433,8.842653,7.1],"to":[8.467434,11.542654,8.9],"rotation":{"angle":0.0,"axis":"x","origin":[8.0,8.0,8.0]},"faces":{"down":{"uv":[0.5,6.25,0.8125,6.8125],"rotation":0,"texture":"#0","tintindex":0},"east":{"uv":[0.5,6.25,0.8125,6.8125],"rotation":0,"texture":"#0","tintindex":0},"north":{"uv":[0.5,6.25,0.8125,6.8125],"rotation":0,"texture":"#0","tintindex":0},"south":{"uv":[0.5,6.25,0.8125,6.8125],"rotation":0,"texture":"#0","tintindex":0},"up":{"uv":[0.5,6.25,0.8125,6.8125],"rotation":0,"texture":"#0","tintindex":0},"west":{"uv":[0.5,6.25,0.8125,6.8125],"rotation":0,"texture":"#0","tintindex":0}}},{"name":"cube","from":[7.0274334,8.842653,7.22],"to":[8.347433,11.962654,8.780001],"rotation":{"angle":0.0,"axis":"x","origin":[8.0,8.0,8.0]},"faces":{"down":{"uv":[9.25,7.25,9.0,7.5625],"rotation":0,"texture":"#0","tintindex":0},"east":{"uv":[6.125,4.375,6.4375,5.0],"rotation":0,"texture":"#0","tintindex":0},"north":{"uv":[6.625,4.0,6.875,4.625],"rotation":0,"texture":"#0","tintindex":0},"south":{"uv":[4.75,6.625,5.0,7.25],"rotation":0,"texture":"#0","tintindex":0},"up":{"uv":[7.5,9.3125,7.25,9.0],"rotation":0,"texture":"#0","tintindex":0},"west":{"uv":[6.125,5.125,6.4375,5.75],"rotation":0,"texture":"#0","tintindex":0}}}],"display":{"head":{"translation":[0.0,-6.4,0.0],"rotation":[0.0,0.0,0.0],"scale":[3.8095,3.8095,3.8095]}}}