{"textures":{"0":"modelengine:entity/chica"},"elements":[{"name":"cube","from":[6.907433,8.842654,7.1],"to":[8.467434,11.542654,8.9],"rotation":{"angle":0.0,"axis":"x","origin":[8.0,8.0,8.0]},"faces":{"down":{"uv":[1.5,6.375,1.8125,6.9375],"rotation":0,"texture":"#0","tintindex":0},"east":{"uv":[1.5,6.375,1.8125,6.9375],"rotation":0,"texture":"#0","tintindex":0},"north":{"uv":[1.5,6.375,1.8125,6.9375],"rotation":0,"texture":"#0","tintindex":0},"south":{"uv":[1.5,6.375,1.8125,6.9375],"rotation":0,"texture":"#0","tintindex":0},"up":{"uv":[1.5,6.375,1.8125,6.9375],"rotation":0,"texture":"#0","tintindex":0},"west":{"uv":[1.5,6.375,1.8125,6.9375],"rotation":0,"texture":"#0","tintindex":0}}},{"name":"cube","from":[7.0274334,8.842654,7.22],"to":[8.347433,11.962654,8.780001],"rotation":{"angle":0.0,"axis":"x","origin":[8.0,8.0,8.0]},"faces":{"down":{"uv":[7.125,9.0,6.875,9.3125],"rotation":0,"texture":"#0","tintindex":0},"east":{"uv":[6.125,1.25,6.4375,1.875],"rotation":0,"texture":"#0","tintindex":0},"north":{"uv":[2.0,6.625,2.25,7.25],"rotation":0,"texture":"#0","tintindex":0},"south":{"uv":[6.625,3.25,6.875,3.875],"rotation":0,"texture":"#0","tintindex":0},"up":{"uv":[6.75,9.3125,6.5,9.0],"rotation":0,"texture":"#0","tintindex":0},"west":{"uv":[6.125,3.625,6.4375,4.25],"rotation":0,"texture":"#0","tintindex":0}}}],"display":{"head":{"translation":[0.0,-6.4,0.0],"rotation":[0.0,0.0,0.0],"scale":[3.8095,3.8095,3.8095]}}}