{"textures":{"0":"modelengine:entity/chica"},"elements":[{"name":"cube","from":[7.67,8.006413,6.59],"to":[8.33,8.126413,9.41],"rotation":{"angle":0.0,"axis":"x","origin":[6.59,6.086414,8.09]},"faces":{"down":{"uv":[11.0,6.25,11.125,6.3125],"rotation":0,"texture":"#0","tintindex":0},"east":{"uv":[11.0,6.25,11.125,6.3125],"rotation":0,"texture":"#0","tintindex":0},"north":{"uv":[11.0,6.25,11.125,6.3125],"rotation":0,"texture":"#0","tintindex":0},"south":{"uv":[11.0,6.25,11.125,6.3125],"rotation":0,"texture":"#0","tintindex":0},"up":{"uv":[11.0,6.25,11.125,6.3125],"rotation":0,"texture":"#0","tintindex":0},"west":{"uv":[11.0,6.25,11.125,6.3125],"rotation":0,"texture":"#0","tintindex":0}}},{"name":"cube","from":[7.586663,7.9420977,6.59],"to":[7.7666626,8.062098,9.41],"rotation":{"angle":22.5,"axis":"z","origin":[7.586663,8.002099,8.0]},"faces":{"down":{"uv":[11.375,9.5,11.4375,9.5625],"rotation":0,"texture":"#0","tintindex":0},"east":{"uv":[11.375,9.5,11.4375,9.5625],"rotation":0,"texture":"#0","tintindex":0},"north":{"uv":[11.375,9.5,11.4375,9.5625],"rotation":0,"texture":"#0","tintindex":0},"south":{"uv":[11.375,9.5,11.4375,9.5625],"rotation":0,"texture":"#0","tintindex":0},"up":{"uv":[11.375,9.5,11.4375,9.5625],"rotation":0,"texture":"#0","tintindex":0},"west":{"uv":[11.375,9.5,11.4375,9.5625],"rotation":0,"texture":"#0","tintindex":0}}},{"name":"cube","from":[7.4737015,7.900251,6.59],"to":[7.653702,7.9602523,9.41],"rotation":{"angle":45.0,"axis":"z","origin":[7.5637016,7.9302506,8.0]},"faces":{"down":{"uv":[11.375,10.875,11.4375,10.9375],"rotation":0,"texture":"#0","tintindex":0},"east":{"uv":[11.375,10.875,11.4375,10.9375],"rotation":0,"texture":"#0","tintindex":0},"north":{"uv":[11.375,10.875,11.4375,10.9375],"rotation":0,"texture":"#0","tintindex":0},"south":{"uv":[11.375,10.875,11.4375,10.9375],"rotation":0,"texture":"#0","tintindex":0},"up":{"uv":[11.375,10.875,11.4375,10.9375],"rotation":0,"texture":"#0","tintindex":0},"west":{"uv":[11.375,10.875,11.4375,10.9375],"rotation":0,"texture":"#0","tintindex":0}}},{"name":"cube","from":[8.215006,7.90994,6.59],"to":[8.395006,8.02994,9.41],"rotation":{"angle":-22.5,"axis":"z","origin":[8.485006,7.939939,8.0]},"faces":{"down":{"uv":[11.375,8.75,11.4375,8.8125],"rotation":0,"texture":"#0","tintindex":0},"east":{"uv":[11.375,8.75,11.4375,8.8125],"rotation":0,"texture":"#0","tintindex":0},"north":{"uv":[11.375,8.75,11.4375,8.8125],"rotation":0,"texture":"#0","tintindex":0},"south":{"uv":[11.375,8.75,11.4375,8.8125],"rotation":0,"texture":"#0","tintindex":0},"up":{"uv":[11.375,8.75,11.4375,8.8125],"rotation":0,"texture":"#0","tintindex":0},"west":{"uv":[11.375,8.75,11.4375,8.8125],"rotation":0,"texture":"#0","tintindex":0}}},{"name":"cube","from":[8.346298,7.900251,6.59],"to":[8.5262985,7.9602523,9.41],"rotation":{"angle":-45.0,"axis":"z","origin":[8.436298,7.9302506,8.0]},"faces":{"down":{"uv":[10.375,11.375,10.4375,11.4375],"rotation":0,"texture":"#0","tintindex":0},"east":{"uv":[10.375,11.375,10.4375,11.4375],"rotation":0,"texture":"#0","tintindex":0},"north":{"uv":[10.375,11.375,10.4375,11.4375],"rotation":0,"texture":"#0","tintindex":0},"south":{"uv":[10.375,11.375,10.4375,11.4375],"rotation":0,"texture":"#0","tintindex":0},"up":{"uv":[10.375,11.375,10.4375,11.4375],"rotation":0,"texture":"#0","tintindex":0},"west":{"uv":[10.375,11.375,10.4375,11.4375],"rotation":0,"texture":"#0","tintindex":0}}}],"display":{"head":{"translation":[0.0,-6.4,0.0],"rotation":[0.0,0.0,0.0],"scale":[3.8095,3.8095,3.8095]}}}