{"textures":{"0":"modelengine:entity/chica"},"elements":[{"name":"cube","from":[8.125534,7.4035616,8.0],"to":[10.945534,9.203562,8.0],"rotation":{"angle":-22.5,"axis":"z","origin":[8.815534,8.723562,8.0]},"faces":{"down":{"uv":[12.0625,4.125,11.5,4.125],"rotation":0,"texture":"#0","tintindex":0},"east":{"uv":[1.375,11.625,1.375,12.0],"rotation":0,"texture":"#0","tintindex":0},"north":{"uv":[4.5,14.375,6.1875,15.4375],"rotation":0,"texture":"#0","tintindex":0},"south":{"uv":[7.125,14.375,8.8125,15.4375],"rotation":0,"texture":"#0","tintindex":0},"up":{"uv":[12.0625,2.25,11.5,2.25],"rotation":0,"texture":"#0","tintindex":0},"west":{"uv":[1.5,11.625,1.5,12.0],"rotation":0,"texture":"#0","tintindex":0}}}],"display":{"head":{"translation":[0.0,-6.4,0.0],"rotation":[0.0,0.0,0.0],"scale":[3.8095,3.8095,3.8095]}}}