{"textures":{"0":"modelengine:entity/chica"},"elements":[{"name":"cube","from":[7.392,7.0279994,7.496],"to":[8.651999,8.228,8.696],"rotation":{"angle":0.0,"axis":"x","origin":[5.9519997,-7.012001,7.676]},"faces":{"down":{"uv":[2.75,2.25,3.3125,2.875],"rotation":0,"texture":"#0","tintindex":0},"east":{"uv":[2.75,2.25,3.3125,2.875],"rotation":0,"texture":"#0","tintindex":0},"north":{"uv":[2.75,2.25,3.3125,2.875],"rotation":0,"texture":"#0","tintindex":0},"south":{"uv":[2.75,2.25,3.3125,2.875],"rotation":0,"texture":"#0","tintindex":0},"up":{"uv":[2.75,2.25,3.3125,2.875],"rotation":0,"texture":"#0","tintindex":0},"west":{"uv":[2.75,2.25,3.3125,2.875],"rotation":0,"texture":"#0","tintindex":0}}},{"name":"cube","from":[7.572,6.9679995,7.616],"to":[11.172001,7.9279995,8.576],"rotation":{"angle":0.0,"axis":"x","origin":[5.9519997,-7.012001,7.676]},"faces":{"down":{"uv":[7.375,4.375,8.125,4.5625],"rotation":0,"texture":"#0","tintindex":0},"east":{"uv":[7.375,4.375,8.125,4.5625],"rotation":0,"texture":"#0","tintindex":0},"north":{"uv":[7.375,4.375,8.125,4.5625],"rotation":0,"texture":"#0","tintindex":0},"south":{"uv":[7.375,4.375,8.125,4.5625],"rotation":0,"texture":"#0","tintindex":0},"up":{"uv":[7.375,4.375,8.125,4.5625],"rotation":0,"texture":"#0","tintindex":0},"west":{"uv":[7.375,4.375,8.125,4.5625],"rotation":0,"texture":"#0","tintindex":0}}},{"name":"cube","from":[10.931999,7.267999,7.916],"to":[11.412,7.6279993,8.276],"rotation":{"angle":0.0,"axis":"x","origin":[5.9519997,-7.012001,7.676]},"faces":{"down":{"uv":[11.125,4.25,11.25,4.3125],"rotation":0,"texture":"#0","tintindex":0},"east":{"uv":[11.125,4.25,11.25,4.3125],"rotation":0,"texture":"#0","tintindex":0},"north":{"uv":[11.125,4.25,11.25,4.3125],"rotation":0,"texture":"#0","tintindex":0},"south":{"uv":[11.125,4.25,11.25,4.3125],"rotation":0,"texture":"#0","tintindex":0},"up":{"uv":[11.125,4.25,11.25,4.3125],"rotation":0,"texture":"#0","tintindex":0},"west":{"uv":[11.125,4.25,11.25,4.3125],"rotation":0,"texture":"#0","tintindex":0}}}],"display":{"head":{"translation":[0.0,-6.4,0.0],"rotation":[0.0,0.0,0.0],"scale":[3.8095,3.8095,3.8095]}}}