{"textures":{"0":"modelengine:entity/chica"},"elements":[{"name":"cube","from":[7.4079957,7.416079,7.4160786],"to":[7.4079957,9.036078,9.036079],"rotation":{"angle":-45.0,"axis":"x","origin":[7.88,8.0,8.0]},"faces":{"down":{"uv":[5.875,6.875,5.875,7.1875],"rotation":0,"texture":"#0","tintindex":0},"east":{"uv":[5.0,8.5,5.3125,8.8125],"rotation":0,"texture":"#0","tintindex":0},"north":{"uv":[3.375,5.375,3.375,5.6875],"rotation":0,"texture":"#0","tintindex":0},"south":{"uv":[6.0,6.125,6.0,6.4375],"rotation":0,"texture":"#0","tintindex":0},"up":{"uv":[6.75,0.3125,6.75,0.0],"rotation":0,"texture":"#0","tintindex":0},"west":{"uv":[9.75,5.875,9.5,5.625],"rotation":0,"texture":"#0","tintindex":0}}}],"display":{"head":{"translation":[0.0,-6.4,0.0],"rotation":[0.0,0.0,0.0],"scale":[3.8095,3.8095,3.8095]}}}