{"textures":{"0":"modelengine:entity/chica"},"elements":[{"name":"cube","from":[7.2254157,8.371469,8.4252],"to":[8.845415,8.971468,9.6252],"rotation":{"angle":0.0,"axis":"x","origin":[8.125416,-7.648532,7.7052007]},"faces":{"down":{"uv":[9.9375,8.625,9.625,8.8125],"rotation":0,"texture":"#0","tintindex":0},"east":{"uv":[10.625,0.0,10.8125,0.125],"rotation":0,"texture":"#0","tintindex":0},"north":{"uv":[7.375,2.25,7.6875,2.375],"rotation":0,"texture":"#0","tintindex":0},"south":{"uv":[7.75,1.625,8.0625,1.75],"rotation":0,"texture":"#0","tintindex":0},"up":{"uv":[9.9375,8.4375,9.625,8.25],"rotation":0,"texture":"#0","tintindex":0},"west":{"uv":[10.625,1.25,10.8125,1.375],"rotation":0,"texture":"#0","tintindex":0}}},{"name":"cube","from":[6.3306074,8.624166,6.6252003],"to":[7.4106073,9.224165,9.6252],"rotation":{"angle":-22.5,"axis":"z","origin":[6.690607,8.924166,8.005201]},"faces":{"down":{"uv":[1.0,5.375,1.25,5.5],"rotation":0,"texture":"#0","tintindex":0},"east":{"uv":[1.0,5.375,1.25,5.5],"rotation":0,"texture":"#0","tintindex":0},"north":{"uv":[1.0,5.375,1.25,5.5],"rotation":0,"texture":"#0","tintindex":0},"south":{"uv":[1.0,5.375,1.25,5.5],"rotation":0,"texture":"#0","tintindex":0},"up":{"uv":[1.0,5.375,1.25,5.5],"rotation":0,"texture":"#0","tintindex":0},"west":{"uv":[1.0,5.375,1.25,5.5],"rotation":0,"texture":"#0","tintindex":0}}},{"name":"cube","from":[8.682655,8.589724,6.6252003],"to":[9.762655,9.189723,9.6252],"rotation":{"angle":22.5,"axis":"z","origin":[9.3126545,8.889723,8.005201]},"faces":{"down":{"uv":[6.625,1.75,6.875,1.875],"rotation":0,"texture":"#0","tintindex":0},"east":{"uv":[6.625,1.75,6.875,1.875],"rotation":0,"texture":"#0","tintindex":0},"north":{"uv":[6.625,1.75,6.875,1.875],"rotation":0,"texture":"#0","tintindex":0},"south":{"uv":[6.625,1.75,6.875,1.875],"rotation":0,"texture":"#0","tintindex":0},"up":{"uv":[6.625,1.75,6.875,1.875],"rotation":0,"texture":"#0","tintindex":0},"west":{"uv":[6.625,1.75,6.875,1.875],"rotation":0,"texture":"#0","tintindex":0}}},{"name":"cube","from":[9.243206,8.784767,6.6252003],"to":[9.843205,11.844768,9.685202],"rotation":{"angle":0.0,"axis":"x","origin":[7.0232058,9.264767,8.065201]},"faces":{"down":{"uv":[2.75,7.5,2.9375,8.125],"rotation":0,"texture":"#0","tintindex":0},"east":{"uv":[8.25,2.0,8.5625,2.125],"rotation":0,"texture":"#0","tintindex":0},"north":{"uv":[2.75,7.5,2.9375,8.125],"rotation":0,"texture":"#0","tintindex":0},"south":{"uv":[8.25,2.0,8.5625,2.125],"rotation":0,"texture":"#0","tintindex":0},"up":{"uv":[2.75,7.5,2.9375,8.125],"rotation":0,"texture":"#0","tintindex":0},"west":{"uv":[2.75,7.5,2.9375,8.125],"rotation":0,"texture":"#0","tintindex":0}}},{"name":"cube","from":[9.843205,9.144768,6.8052006],"to":[10.023206,11.484766,9.505201],"rotation":{"angle":0.0,"axis":"x","origin":[7.0232058,9.264767,8.065201]},"faces":{"down":{"uv":[8.25,2.0,8.5625,2.125],"rotation":0,"texture":"#0","tintindex":0},"east":{"uv":[8.25,2.0,8.5625,2.125],"rotation":0,"texture":"#0","tintindex":0},"north":{"uv":[8.25,2.0,8.5625,2.125],"rotation":0,"texture":"#0","tintindex":0},"south":{"uv":[8.25,2.0,8.5625,2.125],"rotation":0,"texture":"#0","tintindex":0},"up":{"uv":[8.25,2.0,8.5625,2.125],"rotation":0,"texture":"#0","tintindex":0},"west":{"uv":[8.25,2.0,8.5625,2.125],"rotation":0,"texture":"#0","tintindex":0}}},{"name":"cube","from":[6.0632052,9.144768,6.8052006],"to":[6.243205,11.484766,9.505201],"rotation":{"angle":0.0,"axis":"x","origin":[7.0232058,9.264767,8.065201]},"faces":{"down":{"uv":[8.25,2.0,8.5625,2.125],"rotation":0,"texture":"#0","tintindex":0},"east":{"uv":[8.25,2.0,8.5625,2.125],"rotation":0,"texture":"#0","tintindex":0},"north":{"uv":[8.25,2.0,8.5625,2.125],"rotation":0,"texture":"#0","tintindex":0},"south":{"uv":[8.25,2.0,8.5625,2.125],"rotation":0,"texture":"#0","tintindex":0},"up":{"uv":[8.25,2.0,8.5625,2.125],"rotation":0,"texture":"#0","tintindex":0},"west":{"uv":[8.25,2.0,8.5625,2.125],"rotation":0,"texture":"#0","tintindex":0}}},{"name":"cube","from":[7.2409954,11.658064,6.6252003],"to":[8.860996,12.258064,9.6252],"rotation":{"angle":0.0,"axis":"x","origin":[7.960995,-7.961936,7.7052007]},"faces":{"down":{"uv":[8.25,2.0,8.5625,2.125],"rotation":0,"texture":"#0","tintindex":0},"east":{"uv":[8.25,2.0,8.5625,2.125],"rotation":0,"texture":"#0","tintindex":0},"north":{"uv":[8.25,2.0,8.5625,2.125],"rotation":0,"texture":"#0","tintindex":0},"south":{"uv":[8.25,2.0,8.5625,2.125],"rotation":0,"texture":"#0","tintindex":0},"up":{"uv":[8.25,2.0,8.5625,2.125],"rotation":0,"texture":"#0","tintindex":0},"west":{"uv":[8.25,2.0,8.5625,2.125],"rotation":0,"texture":"#0","tintindex":0}}},{"name":"cube","from":[8.689506,11.474254,6.6252003],"to":[9.7695055,12.074254,9.6252],"rotation":{"angle":-22.5,"axis":"z","origin":[9.229506,11.774254,8.005201]},"faces":{"down":{"uv":[7.875,3.0,8.125,3.125],"rotation":0,"texture":"#0","tintindex":0},"east":{"uv":[7.875,3.0,8.125,3.125],"rotation":0,"texture":"#0","tintindex":0},"north":{"uv":[7.875,3.0,8.125,3.125],"rotation":0,"texture":"#0","tintindex":0},"south":{"uv":[7.875,3.0,8.125,3.125],"rotation":0,"texture":"#0","tintindex":0},"up":{"uv":[7.875,3.0,8.125,3.125],"rotation":0,"texture":"#0","tintindex":0},"west":{"uv":[7.875,3.0,8.125,3.125],"rotation":0,"texture":"#0","tintindex":0}}},{"name":"cube","from":[6.316905,11.474254,6.6252003],"to":[7.3969054,12.074254,9.6252],"rotation":{"angle":22.5,"axis":"z","origin":[6.856906,11.774254,8.005201]},"faces":{"down":{"uv":[5.125,10.5,5.375,10.625],"rotation":0,"texture":"#0","tintindex":0},"east":{"uv":[5.125,10.5,5.375,10.625],"rotation":0,"texture":"#0","tintindex":0},"north":{"uv":[5.125,10.5,5.375,10.625],"rotation":0,"texture":"#0","tintindex":0},"south":{"uv":[5.125,10.5,5.375,10.625],"rotation":0,"texture":"#0","tintindex":0},"up":{"uv":[5.125,10.5,5.375,10.625],"rotation":0,"texture":"#0","tintindex":0},"west":{"uv":[5.125,10.5,5.375,10.625],"rotation":0,"texture":"#0","tintindex":0}}},{"name":"cube","from":[6.243205,8.784767,6.6252003],"to":[6.663205,11.844768,9.685202],"rotation":{"angle":0.0,"axis":"x","origin":[7.0232058,9.264767,8.065201]},"faces":{"down":{"uv":[3.5,2.25,3.625,2.875],"rotation":0,"texture":"#0","tintindex":0},"east":{"uv":[3.5,2.25,3.625,2.875],"rotation":0,"texture":"#0","tintindex":0},"north":{"uv":[3.5,2.25,3.625,2.875],"rotation":0,"texture":"#0","tintindex":0},"south":{"uv":[3.5,2.25,3.625,2.875],"rotation":0,"texture":"#0","tintindex":0},"up":{"uv":[3.5,2.25,3.625,2.875],"rotation":0,"texture":"#0","tintindex":0},"west":{"uv":[3.5,2.25,3.625,2.875],"rotation":0,"texture":"#0","tintindex":0}}},{"name":"cube","from":[7.6832056,8.9647665,6.6252003],"to":[8.223206,11.664768,9.685202],"rotation":{"angle":0.0,"axis":"x","origin":[7.0232058,9.264767,8.065201]},"faces":{"down":{"uv":[3.0,9.125,3.125,9.6875],"rotation":0,"texture":"#0","tintindex":0},"east":{"uv":[3.0,9.125,3.125,9.6875],"rotation":0,"texture":"#0","tintindex":0},"north":{"uv":[3.0,9.125,3.125,9.6875],"rotation":0,"texture":"#0","tintindex":0},"south":{"uv":[8.25,2.0,8.5625,2.125],"rotation":0,"texture":"#0","tintindex":0},"up":{"uv":[3.0,9.125,3.125,9.6875],"rotation":0,"texture":"#0","tintindex":0},"west":{"uv":[3.0,9.125,3.125,9.6875],"rotation":0,"texture":"#0","tintindex":0}}},{"name":"cube","from":[6.663205,8.9647665,6.6252003],"to":[7.7432055,9.864767,9.685202],"rotation":{"angle":0.0,"axis":"x","origin":[7.0232058,9.264767,8.065201]},"faces":{"down":{"uv":[9.875,9.25,10.0625,9.4375],"rotation":0,"texture":"#0","tintindex":0},"east":{"uv":[9.875,9.25,10.0625,9.4375],"rotation":0,"texture":"#0","tintindex":0},"north":{"uv":[9.875,9.25,10.0625,9.4375],"rotation":0,"texture":"#0","tintindex":0},"south":{"uv":[9.875,9.25,10.0625,9.4375],"rotation":0,"texture":"#0","tintindex":0},"up":{"uv":[9.875,9.25,10.0625,9.4375],"rotation":0,"texture":"#0","tintindex":0},"west":{"uv":[9.875,9.25,10.0625,9.4375],"rotation":0,"texture":"#0","tintindex":0}}},{"name":"cube","from":[8.163205,8.9647665,6.6252003],"to":[9.243206,9.864767,9.685202],"rotation":{"angle":0.0,"axis":"x","origin":[7.0232058,9.264767,8.065201]},"faces":{"down":{"uv":[3.6875,8.25,3.5,8.8125],"rotation":0,"texture":"#0","tintindex":0},"east":{"uv":[8.25,1.625,8.8125,1.8125],"rotation":0,"texture":"#0","tintindex":0},"north":{"uv":[10.0,9.625,10.1875,9.8125],"rotation":0,"texture":"#0","tintindex":0},"south":{"uv":[10.0,10.0,10.1875,10.1875],"rotation":0,"texture":"#0","tintindex":0},"up":{"uv":[8.4375,3.9375,8.25,3.375],"rotation":0,"texture":"#0","tintindex":0},"west":{"uv":[8.25,3.0,8.8125,3.1875],"rotation":0,"texture":"#0","tintindex":0}}},{"name":"cube","from":[8.223206,10.764769,6.6252003],"to":[9.243206,11.844768,9.685202],"rotation":{"angle":0.0,"axis":"x","origin":[7.0232058,9.264767,8.065201]},"faces":{"down":{"uv":[8.5625,8.125,8.375,8.6875],"rotation":0,"texture":"#0","tintindex":0},"east":{"uv":[3.875,8.25,4.4375,8.4375],"rotation":0,"texture":"#0","tintindex":0},"north":{"uv":[0.375,10.125,0.5625,10.3125],"rotation":0,"texture":"#0","tintindex":0},"south":{"uv":[8.25,2.0,8.5625,2.125],"rotation":0,"texture":"#0","tintindex":0},"up":{"uv":[8.4375,5.0625,8.25,4.5],"rotation":0,"texture":"#0","tintindex":0},"west":{"uv":[8.25,4.125,8.8125,4.3125],"rotation":0,"texture":"#0","tintindex":0}}},{"name":"cube","from":[6.663205,10.764769,6.6252003],"to":[7.6832056,11.844768,9.685202],"rotation":{"angle":0.0,"axis":"x","origin":[7.0232058,9.264767,8.065201]},"faces":{"down":{"uv":[4.8125,8.5,4.625,9.0625],"rotation":0,"texture":"#0","tintindex":0},"east":{"uv":[0.375,8.5,0.9375,8.6875],"rotation":0,"texture":"#0","tintindex":0},"north":{"uv":[5.25,10.125,5.4375,10.3125],"rotation":0,"texture":"#0","tintindex":0},"south":{"uv":[8.25,2.0,8.5625,2.125],"rotation":0,"texture":"#0","tintindex":0},"up":{"uv":[2.3125,9.0625,2.125,8.5],"rotation":0,"texture":"#0","tintindex":0},"west":{"uv":[8.5,0.375,9.0625,0.5625],"rotation":0,"texture":"#0","tintindex":0}}},{"name":"cube","from":[6.663205,9.864767,7.9452004],"to":[7.7432055,10.824767,9.685202],"rotation":{"angle":0.0,"axis":"x","origin":[7.0232058,9.264767,8.065201]},"faces":{"down":{"uv":[1.0625,9.75,0.875,10.0625],"rotation":0,"texture":"#0","tintindex":0},"east":{"uv":[9.75,0.0,10.0625,0.1875],"rotation":0,"texture":"#0","tintindex":0},"north":{"uv":[8.25,10.125,8.4375,10.3125],"rotation":0,"texture":"#0","tintindex":0},"south":{"uv":[8.25,2.0,8.5625,2.125],"rotation":0,"texture":"#0","tintindex":0},"up":{"uv":[8.5625,9.9375,8.375,9.625],"rotation":0,"texture":"#0","tintindex":0},"west":{"uv":[0.375,9.75,0.6875,9.9375],"rotation":0,"texture":"#0","tintindex":0}}},{"name":"cube","from":[8.163205,9.864767,7.9452004],"to":[9.243206,10.824767,9.685202],"rotation":{"angle":0.0,"axis":"x","origin":[7.0232058,9.264767,8.065201]},"faces":{"down":{"uv":[5.0625,9.75,4.875,10.0625],"rotation":0,"texture":"#0","tintindex":0},"east":{"uv":[9.75,0.875,10.0625,1.0625],"rotation":0,"texture":"#0","tintindex":0},"north":{"uv":[9.5,10.125,9.6875,10.3125],"rotation":0,"texture":"#0","tintindex":0},"south":{"uv":[8.25,2.0,8.5625,2.125],"rotation":0,"texture":"#0","tintindex":0},"up":{"uv":[2.5625,10.0625,2.375,9.75],"rotation":0,"texture":"#0","tintindex":0},"west":{"uv":[1.25,9.75,1.5625,9.9375],"rotation":0,"texture":"#0","tintindex":0}}},{"name":"cube","from":[8.343205,9.924767,6.6852007],"to":[9.183206,10.764769,8.185201],"rotation":{"angle":0.0,"axis":"x","origin":[7.0232058,9.264767,8.065201]},"faces":{"down":{"uv":[7.6875,9.75,7.5,10.0625],"rotation":0,"texture":"#0","tintindex":0},"east":{"uv":[9.75,4.5,10.0625,4.6875],"rotation":0,"texture":"#0","tintindex":0},"north":{"uv":[12.8125,2.0,13.1875,2.375],"rotation":0,"texture":"#0","tintindex":0},"south":{"uv":[2.5,11.1875,2.875,11.5625],"rotation":0,"texture":"#0","tintindex":0},"up":{"uv":[5.9375,10.0625,5.75,9.75],"rotation":0,"texture":"#0","tintindex":0},"west":{"uv":[5.25,9.75,5.5625,9.9375],"rotation":0,"texture":"#0","tintindex":0}}},{"name":"cube","from":[6.7232056,9.924767,6.6852007],"to":[7.5632057,10.764769,8.185201],"rotation":{"angle":0.0,"axis":"x","origin":[7.0232058,9.264767,8.065201]},"faces":{"down":{"uv":[12.0,2.0625,12.375,2.4375],"rotation":0,"texture":"#0","tintindex":0},"east":{"uv":[4.0,1.25,4.5625,1.8125],"rotation":0,"texture":"#0","tintindex":0},"north":{"uv":[12.0,2.0625,12.375,2.4375],"rotation":0,"texture":"#0","tintindex":0},"south":{"uv":[12.0,2.0625,12.375,2.4375],"rotation":0,"texture":"#0","tintindex":0},"up":{"uv":[12.0,2.0625,12.375,2.4375],"rotation":0,"texture":"#0","tintindex":0},"west":{"uv":[5.25,9.75,5.5625,9.9375],"rotation":0,"texture":"#0","tintindex":0}}},{"name":"cube","from":[7.1432056,10.164768,6.6252003],"to":[7.3232055,10.344768,8.1252],"rotation":{"angle":0.0,"axis":"x","origin":[7.0232058,9.264767,8.065201]},"faces":{"down":{"uv":[2.5625,8.5,2.5,8.8125],"rotation":0,"texture":"#0","tintindex":0},"east":{"uv":[2.0,10.875,2.3125,10.9375],"rotation":0,"texture":"#0","tintindex":0},"north":{"uv":[8.875,11.5,8.9375,11.5625],"rotation":0,"texture":"#0","tintindex":0},"south":{"uv":[11.5,9.0,11.5625,9.0625],"rotation":0,"texture":"#0","tintindex":0},"up":{"uv":[1.0625,8.3125,1.0,8.0],"rotation":0,"texture":"#0","tintindex":0},"west":{"uv":[2.5,10.875,2.8125,10.9375],"rotation":0,"texture":"#0","tintindex":0}}},{"name":"cube","from":[8.583206,10.164768,6.6252003],"to":[8.763206,10.344768,8.1252],"rotation":{"angle":0.0,"axis":"x","origin":[7.0232058,9.264767,8.065201]},"faces":{"down":{"uv":[8.875,11.5,8.9375,11.5625],"rotation":0,"texture":"#0","tintindex":0},"east":{"uv":[8.875,11.5,8.9375,11.5625],"rotation":0,"texture":"#0","tintindex":0},"north":{"uv":[8.875,11.5,8.9375,11.5625],"rotation":0,"texture":"#0","tintindex":0},"south":{"uv":[8.875,11.5,8.9375,11.5625],"rotation":0,"texture":"#0","tintindex":0},"up":{"uv":[8.875,11.5,8.9375,11.5625],"rotation":0,"texture":"#0","tintindex":0},"west":{"uv":[8.875,11.5,8.9375,11.5625],"rotation":0,"texture":"#0","tintindex":0}}},{"name":"cube","from":[7.5409956,12.258064,7.8252006],"to":[10.360996,14.058064,7.8252006],"rotation":{"angle":0.0,"axis":"x","origin":[8.260996,-7.841935,7.7052007]},"faces":{"down":{"uv":[12.0625,4.125,11.5,4.125],"rotation":0,"texture":"#0","tintindex":0},"east":{"uv":[1.375,11.625,1.375,12.0],"rotation":0,"texture":"#0","tintindex":0},"north":{"uv":[4.5,14.375,6.1875,15.4375],"rotation":0,"texture":"#0","tintindex":0},"south":{"uv":[7.125,14.375,8.8125,15.4375],"rotation":0,"texture":"#0","tintindex":0},"up":{"uv":[12.0625,2.25,11.5,2.25],"rotation":0,"texture":"#0","tintindex":0},"west":{"uv":[1.5,11.625,1.5,12.0],"rotation":0,"texture":"#0","tintindex":0}}},{"name":"cube","from":[6.357607,11.958066,7.607071],"to":[9.177607,13.758066,7.607071],"rotation":{"angle":22.5,"axis":"y","origin":[7.7676067,12.858067,7.607071]},"faces":{"down":{"uv":[12.0625,11.375,11.5,11.375],"rotation":0,"texture":"#0","tintindex":0},"east":{"uv":[1.625,11.625,1.625,12.0],"rotation":0,"texture":"#0","tintindex":0},"north":{"uv":[10.3125,14.3125,11.6875,15.25],"rotation":0,"texture":"#0","tintindex":0},"south":{"uv":[12.75,14.3125,14.125,15.25],"rotation":0,"texture":"#0","tintindex":0},"up":{"uv":[12.0625,10.5,11.5,10.5],"rotation":0,"texture":"#0","tintindex":0},"west":{"uv":[1.75,11.625,1.75,12.0],"rotation":0,"texture":"#0","tintindex":0}}},{"name":"cube","from":[7.4432054,8.9647665,5.3652005],"to":[8.463205,9.384768,5.605201],"rotation":{"angle":0.0,"axis":"x","origin":[7.0232058,8.9647665,8.245201]},"faces":{"down":{"uv":[11.0625,6.5,10.875,6.5625],"rotation":0,"texture":"#0","tintindex":0},"east":{"uv":[1.75,11.375,1.8125,11.4375],"rotation":0,"texture":"#0","tintindex":0},"north":{"uv":[13.625,12.3125,14.6875,12.75],"rotation":180,"texture":"#0","tintindex":0},"south":{"uv":[10.875,5.75,11.0625,5.8125],"rotation":0,"texture":"#0","tintindex":0},"up":{"uv":[11.0625,6.0625,10.875,6.0],"rotation":0,"texture":"#0","tintindex":0},"west":{"uv":[2.0,11.375,2.0625,11.4375],"rotation":0,"texture":"#0","tintindex":0}}},{"name":"cube","from":[7.083205,8.9647665,5.9652004],"to":[8.823206,9.384768,7.0452003],"rotation":{"angle":0.0,"axis":"x","origin":[7.0232058,8.9647665,8.245201]},"faces":{"down":{"uv":[9.3125,5.0,9.0,5.25],"rotation":0,"texture":"#0","tintindex":0},"east":{"uv":[10.875,3.0,11.125,3.0625],"rotation":0,"texture":"#0","tintindex":0},"north":{"uv":[10.875,0.625,11.1875,0.6875],"rotation":0,"texture":"#0","tintindex":0},"south":{"uv":[10.875,0.875,11.1875,0.9375],"rotation":0,"texture":"#0","tintindex":0},"up":{"uv":[5.3125,9.25,5.0,9.0],"rotation":0,"texture":"#0","tintindex":0},"west":{"uv":[3.375,10.875,3.625,10.9375],"rotation":0,"texture":"#0","tintindex":0}}},{"name":"cube","from":[8.119569,8.9647665,5.6241837],"to":[8.599569,9.384768,6.2841835],"rotation":{"angle":22.5,"axis":"y","origin":[7.849569,9.174767,5.864184]},"faces":{"down":{"uv":[4.125,2.0,4.0,2.125],"rotation":0,"texture":"#0","tintindex":0},"east":{"uv":[9.5,0.875,9.625,0.9375],"rotation":0,"texture":"#0","tintindex":0},"north":{"uv":[9.25,0.5,9.375,0.5625],"rotation":0,"texture":"#0","tintindex":0},"south":{"uv":[2.125,10.0,2.25,10.0625],"rotation":0,"texture":"#0","tintindex":0},"up":{"uv":[1.625,2.125,1.5,2.0],"rotation":0,"texture":"#0","tintindex":0},"west":{"uv":[10.875,10.75,11.0,10.8125],"rotation":0,"texture":"#0","tintindex":0}}},{"name":"cube","from":[7.311222,8.9647665,5.4221644],"to":[7.791222,9.384768,6.0821643],"rotation":{"angle":-22.5,"axis":"y","origin":[7.5512223,9.174767,5.752165]},"faces":{"down":{"uv":[3.625,4.5,3.5,4.625],"rotation":0,"texture":"#0","tintindex":0},"east":{"uv":[11.0,1.125,11.125,1.1875],"rotation":0,"texture":"#0","tintindex":0},"north":{"uv":[11.0,0.0,11.125,0.0625],"rotation":0,"texture":"#0","tintindex":0},"south":{"uv":[11.0,1.375,11.125,1.4375],"rotation":0,"texture":"#0","tintindex":0},"up":{"uv":[4.625,1.125,4.5,1.0],"rotation":0,"texture":"#0","tintindex":0},"west":{"uv":[11.0,1.625,11.125,1.6875],"rotation":0,"texture":"#0","tintindex":0}}},{"name":"cube","from":[7.278206,9.037367,5.933606],"to":[8.628206,9.552167,6.795206],"rotation":{"angle":0.0,"axis":"x","origin":[7.2650056,9.019367,7.620806]},"faces":{"down":{"uv":[10.125,1.25,9.875,1.4375],"rotation":0,"texture":"#0","tintindex":0},"east":{"uv":[5.875,10.75,6.0625,10.875],"rotation":0,"texture":"#0","tintindex":0},"north":{"uv":[10.5,5.75,10.75,5.875],"rotation":0,"texture":"#0","tintindex":0},"south":{"uv":[5.875,10.5,6.125,10.625],"rotation":0,"texture":"#0","tintindex":0},"up":{"uv":[0.25,10.0625,0.0,9.875],"rotation":0,"texture":"#0","tintindex":0},"west":{"uv":[6.25,10.75,6.4375,10.875],"rotation":0,"texture":"#0","tintindex":0}}},{"name":"cube","from":[8.076315,9.037367,5.6812534],"to":[8.431515,9.552167,6.169654],"rotation":{"angle":22.5,"axis":"y","origin":[7.8765144,9.174767,5.8588533]},"faces":{"down":{"uv":[11.0625,3.25,11.0,3.375],"rotation":0,"texture":"#0","tintindex":0},"east":{"uv":[4.75,1.75,4.875,1.875],"rotation":0,"texture":"#0","tintindex":0},"north":{"uv":[11.0,1.875,11.0625,2.0],"rotation":0,"texture":"#0","tintindex":0},"south":{"uv":[11.0,2.125,11.0625,2.25],"rotation":0,"texture":"#0","tintindex":0},"up":{"uv":[3.0625,11.125,3.0,11.0],"rotation":0,"texture":"#0","tintindex":0},"west":{"uv":[4.75,6.375,4.875,6.5],"rotation":0,"texture":"#0","tintindex":0}}},{"name":"cube","from":[7.478138,9.037367,5.5317593],"to":[7.833338,9.552167,6.0201592],"rotation":{"angle":-22.5,"axis":"y","origin":[7.655738,9.174767,5.775959]},"faces":{"down":{"uv":[11.0625,4.75,11.0,4.875],"rotation":0,"texture":"#0","tintindex":0},"east":{"uv":[4.125,6.75,4.25,6.875],"rotation":0,"texture":"#0","tintindex":0},"north":{"uv":[4.125,11.0,4.1875,11.125],"rotation":0,"texture":"#0","tintindex":0},"south":{"uv":[4.375,11.0,4.4375,11.125],"rotation":0,"texture":"#0","tintindex":0},"up":{"uv":[11.0625,4.625,11.0,4.5],"rotation":0,"texture":"#0","tintindex":0},"west":{"uv":[4.5,7.0,4.625,7.125],"rotation":0,"texture":"#0","tintindex":0}}},{"name":"cube","from":[7.5758057,9.037367,5.489606],"to":[8.3306055,9.552167,5.967206],"rotation":{"angle":0.0,"axis":"x","origin":[7.2650056,9.019367,7.620806]},"faces":{"down":{"uv":[10.9375,8.875,10.75,9.0],"rotation":0,"texture":"#0","tintindex":0},"east":{"uv":[1.25,7.5,1.375,7.625],"rotation":0,"texture":"#0","tintindex":0},"north":{"uv":[10.75,7.75,10.9375,7.875],"rotation":0,"texture":"#0","tintindex":0},"south":{"uv":[8.25,10.75,8.4375,10.875],"rotation":0,"texture":"#0","tintindex":0},"up":{"uv":[8.8125,10.875,8.625,10.75],"rotation":0,"texture":"#0","tintindex":0},"west":{"uv":[0.5,7.75,0.625,7.875],"rotation":0,"texture":"#0","tintindex":0}}},{"name":"cube","from":[7.5498457,9.302099,5.5906363],"to":[7.8411098,9.724236,5.991124],"rotation":{"angle":-22.5,"axis":"y","origin":[7.6954775,9.414766,5.79088]},"faces":{"down":{"uv":[3.3125,11.375,3.25,11.4375],"rotation":0,"texture":"#0","tintindex":0},"east":{"uv":[11.375,2.375,11.4375,2.4375],"rotation":0,"texture":"#0","tintindex":0},"north":{"uv":[2.25,11.375,2.3125,11.4375],"rotation":0,"texture":"#0","tintindex":0},"south":{"uv":[2.5,11.375,2.5625,11.4375],"rotation":0,"texture":"#0","tintindex":0},"up":{"uv":[2.8125,11.4375,2.75,11.375],"rotation":0,"texture":"#0","tintindex":0},"west":{"uv":[11.375,2.625,11.4375,2.6875],"rotation":0,"texture":"#0","tintindex":0}}},{"name":"cube","from":[7.6299334,9.302099,5.5560703],"to":[8.248869,9.724236,5.9477024],"rotation":{"angle":0.0,"axis":"x","origin":[7.3750772,9.287339,7.3036547]},"faces":{"down":{"uv":[5.75,11.0,5.625,11.0625],"rotation":0,"texture":"#0","tintindex":0},"east":{"uv":[3.5,11.375,3.5625,11.4375],"rotation":0,"texture":"#0","tintindex":0},"north":{"uv":[4.875,11.0,5.0,11.0625],"rotation":0,"texture":"#0","tintindex":0},"south":{"uv":[11.0,5.0,11.125,5.0625],"rotation":0,"texture":"#0","tintindex":0},"up":{"uv":[11.125,5.3125,11.0,5.25],"rotation":0,"texture":"#0","tintindex":0},"west":{"uv":[3.75,11.375,3.8125,11.4375],"rotation":0,"texture":"#0","tintindex":0}}},{"name":"cube","from":[7.424301,9.302099,5.9201503],"to":[8.454501,9.724236,6.6698623],"rotation":{"angle":0.0,"axis":"x","origin":[7.3750772,9.287339,7.3036547]},"faces":{"down":{"uv":[9.5625,10.75,9.375,10.875],"rotation":0,"texture":"#0","tintindex":0},"east":{"uv":[5.875,11.0,6.0,11.0625],"rotation":0,"texture":"#0","tintindex":0},"north":{"uv":[10.875,6.75,11.0625,6.8125],"rotation":0,"texture":"#0","tintindex":0},"south":{"uv":[10.875,7.0,11.0625,7.0625],"rotation":0,"texture":"#0","tintindex":0},"up":{"uv":[9.1875,10.875,9.0,10.75],"rotation":0,"texture":"#0","tintindex":0},"west":{"uv":[6.125,11.0,6.25,11.0625],"rotation":0,"texture":"#0","tintindex":0}}},{"name":"cube","from":[8.04035,9.302099,5.7132215],"to":[8.3316145,9.724236,6.1137094],"rotation":{"angle":22.5,"axis":"y","origin":[7.8765144,9.414766,5.8588533]},"faces":{"down":{"uv":[7.9375,11.375,7.875,11.4375],"rotation":0,"texture":"#0","tintindex":0},"east":{"uv":[4.5,11.375,4.5625,11.4375],"rotation":0,"texture":"#0","tintindex":0},"north":{"uv":[11.375,4.25,11.4375,4.3125],"rotation":0,"texture":"#0","tintindex":0},"south":{"uv":[5.125,11.375,5.1875,11.4375],"rotation":0,"texture":"#0","tintindex":0},"up":{"uv":[11.4375,7.8125,11.375,7.75],"rotation":0,"texture":"#0","tintindex":0},"west":{"uv":[7.625,11.375,7.6875,11.4375],"rotation":0,"texture":"#0","tintindex":0}}},{"name":"cube","from":[7.2254157,8.371469,6.5652003],"to":[8.845415,8.971468,7.585201],"rotation":{"angle":0.0,"axis":"x","origin":[8.125416,-7.648532,7.7052007]},"faces":{"down":{"uv":[10.1875,0.375,9.875,0.5625],"rotation":0,"texture":"#0","tintindex":0},"east":{"uv":[10.125,10.75,10.3125,10.875],"rotation":0,"texture":"#0","tintindex":0},"north":{"uv":[11.5625,12.4375,12.25,13.0],"rotation":0,"texture":"#0","tintindex":0},"south":{"uv":[9.875,9.0,10.1875,9.125],"rotation":0,"texture":"#0","tintindex":0},"up":{"uv":[9.8125,9.9375,9.5,9.75],"rotation":0,"texture":"#0","tintindex":0},"west":{"uv":[0.25,10.875,0.4375,11.0],"rotation":0,"texture":"#0","tintindex":0}}},{"name":"cube","from":[7.5254154,7.1714683,7.585201],"to":[8.545416,8.971468,8.4252],"rotation":{"angle":0.0,"axis":"x","origin":[8.125416,-7.648532,7.7052007]},"faces":{"down":{"uv":[10.5625,8.875,10.375,9.0625],"rotation":0,"texture":"#0","tintindex":0},"east":{"uv":[8.75,9.25,8.9375,9.625],"rotation":0,"texture":"#0","tintindex":0},"north":{"uv":[9.25,8.5,9.4375,8.875],"rotation":0,"texture":"#0","tintindex":0},"south":{"uv":[9.125,9.25,9.3125,9.625],"rotation":0,"texture":"#0","tintindex":0},"up":{"uv":[10.5625,7.9375,10.375,7.75],"rotation":0,"texture":"#0","tintindex":0},"west":{"uv":[9.375,0.0,9.5625,0.375],"rotation":0,"texture":"#0","tintindex":0}}},{"name":"cube","from":[8.283206,10.644768,6.7452],"to":[9.543205,10.944767,6.7452],"rotation":{"angle":-22.5,"axis":"x","origin":[7.9532056,10.404766,6.3852005]},"faces":{"down":{"uv":[6.375,2.0,6.125,2.0],"rotation":0,"texture":"#0","tintindex":0},"east":{"uv":[2.375,5.0,2.375,5.125],"rotation":0,"texture":"#0","tintindex":0},"north":{"uv":[0.0,12.625,2.0625,13.5625],"rotation":0,"texture":"#0","tintindex":0},"south":{"uv":[15.25,15.0625,15.9375,15.5625],"rotation":0,"texture":"#0","tintindex":0},"up":{"uv":[4.125,5.875,3.875,5.875],"rotation":0,"texture":"#0","tintindex":0},"west":{"uv":[5.5,5.875,5.5,6.0],"rotation":0,"texture":"#0","tintindex":0}}},{"name":"cube","from":[6.663205,10.644768,6.7452],"to":[7.9232054,10.944767,6.7452],"rotation":{"angle":-22.5,"axis":"x","origin":[7.9532056,10.404766,6.3852005]},"faces":{"down":{"uv":[5.25,13.4375,5.375,13.75],"rotation":0,"texture":"#0","tintindex":0},"east":{"uv":[5.25,13.4375,5.375,13.75],"rotation":0,"texture":"#0","tintindex":0},"north":{"uv":[2.75,12.5625,5.375,13.75],"rotation":0,"texture":"#0","tintindex":0},"south":{"uv":[5.25,13.4375,5.375,13.75],"rotation":0,"texture":"#0","tintindex":0},"up":{"uv":[5.25,13.4375,5.375,13.75],"rotation":0,"texture":"#0","tintindex":0},"west":{"uv":[5.25,13.4375,5.375,13.75],"rotation":0,"texture":"#0","tintindex":0}}}],"display":{"head":{"translation":[0.0,-6.4,0.0],"rotation":[0.0,0.0,0.0],"scale":[3.8095,3.8095,3.8095]}}}