{"textures":{"0":"modelengine:entity/chica"},"elements":[{"name":"cube","from":[7.610567,8.027929,6.6800003],"to":[9.830567,9.88793,9.440001],"rotation":{"angle":0.0,"axis":"x","origin":[8.810567,0.16792941,7.7599998]},"faces":{"down":{"uv":[8.0,7.375,8.4375,7.625],"rotation":0,"texture":"#0","tintindex":0},"east":{"uv":[8.0,7.375,8.4375,7.625],"rotation":0,"texture":"#0","tintindex":0},"north":{"uv":[8.0,7.375,8.4375,7.625],"rotation":0,"texture":"#0","tintindex":0},"south":{"uv":[8.0,7.375,8.4375,7.625],"rotation":0,"texture":"#0","tintindex":0},"up":{"uv":[8.0,7.375,8.4375,7.625],"rotation":0,"texture":"#0","tintindex":0},"west":{"uv":[8.0,7.375,8.4375,7.625],"rotation":0,"texture":"#0","tintindex":0}}},{"name":"cube","from":[9.504983,8.404753,6.74],"to":[10.704983,10.264753,9.440001],"rotation":{"angle":22.5,"axis":"z","origin":[10.614983,9.034752,8.06]},"faces":{"down":{"uv":[9.375,4.5,9.625,4.75],"rotation":0,"texture":"#0","tintindex":0},"east":{"uv":[9.375,4.5,9.625,4.75],"rotation":0,"texture":"#0","tintindex":0},"north":{"uv":[9.375,4.5,9.625,4.75],"rotation":0,"texture":"#0","tintindex":0},"south":{"uv":[9.375,4.5,9.625,4.75],"rotation":0,"texture":"#0","tintindex":0},"up":{"uv":[9.375,4.5,9.625,4.75],"rotation":0,"texture":"#0","tintindex":0},"west":{"uv":[9.375,4.5,9.625,4.75],"rotation":0,"texture":"#0","tintindex":0}}},{"name":"cube","from":[6.690479,8.175142,6.74],"to":[7.890479,10.035142,9.440001],"rotation":{"angle":-22.5,"axis":"z","origin":[7.380479,8.805142,8.06]},"faces":{"down":{"uv":[5.25,9.375,5.5,9.625],"rotation":0,"texture":"#0","tintindex":0},"east":{"uv":[5.25,9.375,5.5,9.625],"rotation":0,"texture":"#0","tintindex":0},"north":{"uv":[5.25,9.375,5.5,9.625],"rotation":0,"texture":"#0","tintindex":0},"south":{"uv":[5.25,9.375,5.5,9.625],"rotation":0,"texture":"#0","tintindex":0},"up":{"uv":[5.25,9.375,5.5,9.625],"rotation":0,"texture":"#0","tintindex":0},"west":{"uv":[5.25,9.375,5.5,9.625],"rotation":0,"texture":"#0","tintindex":0}}},{"name":"cube","from":[9.299643,7.025585,6.8],"to":[11.039642,8.285585,9.38],"rotation":{"angle":22.5,"axis":"z","origin":[8.609643,7.655585,8.06]},"faces":{"down":{"uv":[5.125,1.375,5.5,1.625],"rotation":0,"texture":"#0","tintindex":0},"east":{"uv":[5.125,1.375,5.5,1.625],"rotation":0,"texture":"#0","tintindex":0},"north":{"uv":[5.125,1.375,5.5,1.625],"rotation":0,"texture":"#0","tintindex":0},"south":{"uv":[5.125,1.375,5.5,1.625],"rotation":0,"texture":"#0","tintindex":0},"up":{"uv":[5.125,1.375,5.5,1.625],"rotation":0,"texture":"#0","tintindex":0},"west":{"uv":[5.125,1.375,5.5,1.625],"rotation":0,"texture":"#0","tintindex":0}}},{"name":"cube","from":[7.9529243,7.3375926,6.74],"to":[9.512924,8.597592,9.38],"rotation":{"angle":0.0,"axis":"x","origin":[8.462925,7.9675927,8.06]},"faces":{"down":{"uv":[9.0,5.75,9.3125,6.0],"rotation":0,"texture":"#0","tintindex":0},"east":{"uv":[9.0,5.75,9.3125,6.0],"rotation":0,"texture":"#0","tintindex":0},"north":{"uv":[9.0,5.75,9.3125,6.0],"rotation":0,"texture":"#0","tintindex":0},"south":{"uv":[9.0,5.75,9.3125,6.0],"rotation":0,"texture":"#0","tintindex":0},"up":{"uv":[9.0,5.75,9.3125,6.0],"rotation":0,"texture":"#0","tintindex":0},"west":{"uv":[9.0,5.75,9.3125,6.0],"rotation":0,"texture":"#0","tintindex":0}}},{"name":"cube","from":[6.47,7.37,6.8],"to":[8.21,8.630001,9.38],"rotation":{"angle":-22.5,"axis":"z","origin":[8.0,8.0,8.0]},"faces":{"down":{"uv":[8.625,3.75,9.0,4.0],"rotation":0,"texture":"#0","tintindex":0},"east":{"uv":[8.625,3.75,9.0,4.0],"rotation":0,"texture":"#0","tintindex":0},"north":{"uv":[8.625,3.75,9.0,4.0],"rotation":0,"texture":"#0","tintindex":0},"south":{"uv":[8.625,3.75,9.0,4.0],"rotation":0,"texture":"#0","tintindex":0},"up":{"uv":[8.625,3.75,9.0,4.0],"rotation":0,"texture":"#0","tintindex":0},"west":{"uv":[8.625,3.75,9.0,4.0],"rotation":0,"texture":"#0","tintindex":0}}}],"display":{"head":{"translation":[0.0,-6.4,0.0],"rotation":[0.0,0.0,0.0],"scale":[3.8095,3.8095,3.8095]}}}