{"textures":{"0":"modelengine:entity/chica"},"elements":[{"name":"cube","from":[6.29,10.639999,8.6],"to":[9.710001,13.759999,9.38],"rotation":{"angle":0.0,"axis":"x","origin":[8.09,-1.3600006,7.7]},"faces":{"down":{"uv":[8.4375,5.875,7.75,6.0625],"rotation":0,"texture":"#0","tintindex":0},"east":{"uv":[0.875,0.0,1.0375,0.65],"rotation":0,"texture":"#0","tintindex":0},"north":{"uv":[0.0,0.0,0.6875,0.8125],"rotation":0,"texture":"#0","tintindex":0},"south":{"uv":[0.875,0.0,1.5625,0.8125],"rotation":0,"texture":"#0","tintindex":0},"up":{"uv":[0.875,0.5625,1.5875,0.725],"rotation":0,"texture":"#0","tintindex":0},"west":{"uv":[15.3125,10.0625,15.475,10.7125],"rotation":0,"texture":"#0","tintindex":0}}},{"name":"cube","from":[6.29,10.639999,6.62],"to":[9.710001,13.759999,7.4],"rotation":{"angle":0.0,"axis":"x","origin":[8.09,-1.3600006,7.7]},"faces":{"down":{"uv":[8.4375,6.25,7.75,6.4375],"rotation":0,"texture":"#0","tintindex":0},"east":{"uv":[15.3125,10.0625,15.475,10.7125],"rotation":0,"texture":"#0","tintindex":0},"north":{"uv":[15.3125,10.0625,16.0,10.875],"rotation":0,"texture":"#0","tintindex":0},"south":{"uv":[0.875,1.0,1.5625,1.8125],"rotation":0,"texture":"#0","tintindex":0},"up":{"uv":[0.875,0.5625,1.5625,0.725],"rotation":0,"texture":"#0","tintindex":0},"west":{"uv":[0.875,0.0,1.0375,0.65],"rotation":0,"texture":"#0","tintindex":0}}},{"name":"cube","from":[8.69,10.639999,7.4],"to":[9.710001,13.759999,8.6],"rotation":{"angle":0.0,"axis":"x","origin":[8.09,-1.3600006,7.46]},"faces":{"down":{"uv":[10.0625,2.375,9.875,2.625],"rotation":0,"texture":"#0","tintindex":0},"east":{"uv":[0.875,0.5625,1.5625,0.725],"rotation":0,"texture":"#0","tintindex":0},"north":{"uv":[3.75,6.75,3.9375,7.5625],"rotation":0,"texture":"#0","tintindex":0},"south":{"uv":[6.375,6.75,6.5625,7.5625],"rotation":0,"texture":"#0","tintindex":0},"up":{"uv":[10.0625,2.25,9.875,2.0],"rotation":0,"texture":"#0","tintindex":0},"west":{"uv":[4.375,6.0,4.625,6.8125],"rotation":0,"texture":"#0","tintindex":0}}},{"name":"cube","from":[6.29,10.639999,7.4],"to":[7.31,13.759999,8.6],"rotation":{"angle":0.0,"axis":"x","origin":[8.09,-1.3600006,7.46]},"faces":{"down":{"uv":[10.0625,2.75,9.875,3.0],"rotation":0,"texture":"#0","tintindex":0},"east":{"uv":[2.375,6.125,2.625,6.9375],"rotation":0,"texture":"#0","tintindex":0},"north":{"uv":[6.75,6.75,6.9375,7.5625],"rotation":0,"texture":"#0","tintindex":0},"south":{"uv":[6.875,0.0,7.0625,0.8125],"rotation":0,"texture":"#0","tintindex":0},"up":{"uv":[2.9375,10.125,2.75,9.875],"rotation":0,"texture":"#0","tintindex":0},"west":{"uv":[0.875,0.0,1.125,0.65],"rotation":0,"texture":"#0","tintindex":0}}},{"name":"cube","from":[6.6499996,7.64,6.74],"to":[9.35,10.759999,9.26],"rotation":{"angle":0.0,"axis":"x","origin":[8.09,-1.3600006,7.7]},"faces":{"down":{"uv":[2.75,2.25,3.3125,2.875],"rotation":0,"texture":"#0","tintindex":0},"east":{"uv":[2.75,2.25,3.3125,2.875],"rotation":0,"texture":"#0","tintindex":0},"north":{"uv":[2.75,2.25,3.3125,2.875],"rotation":0,"texture":"#0","tintindex":0},"south":{"uv":[2.75,2.25,3.3125,2.875],"rotation":0,"texture":"#0","tintindex":0},"up":{"uv":[2.75,2.25,3.3125,2.875],"rotation":0,"texture":"#0","tintindex":0},"west":{"uv":[2.75,2.25,3.3125,2.875],"rotation":0,"texture":"#0","tintindex":0}}},{"name":"cube","from":[5.87,12.919999,7.94],"to":[6.29,13.28,8.3],"rotation":{"angle":0.0,"axis":"x","origin":[8.27,-1.3600006,7.7]},"faces":{"down":{"uv":[11.5625,4.75,11.5,4.8125],"rotation":0,"texture":"#0","tintindex":0},"east":{"uv":[4.0,11.5,4.0625,11.5625],"rotation":0,"texture":"#0","tintindex":0},"north":{"uv":[11.5,3.875,11.5625,3.9375],"rotation":0,"texture":"#0","tintindex":0},"south":{"uv":[4.25,11.5,4.3125,11.5625],"rotation":0,"texture":"#0","tintindex":0},"up":{"uv":[4.8125,11.5625,4.75,11.5],"rotation":0,"texture":"#0","tintindex":0},"west":{"uv":[11.5,4.5,11.5625,4.5625],"rotation":0,"texture":"#0","tintindex":0}}},{"name":"cube","from":[9.530001,12.919999,7.94],"to":[10.01,13.28,8.3],"rotation":{"angle":0.0,"axis":"x","origin":[8.27,-1.3600006,7.7]},"faces":{"down":{"uv":[2.625,11.125,2.5,11.1875],"rotation":0,"texture":"#0","tintindex":0},"east":{"uv":[11.5,5.0,11.5625,5.0625],"rotation":0,"texture":"#0","tintindex":0},"north":{"uv":[1.75,11.125,1.875,11.1875],"rotation":0,"texture":"#0","tintindex":0},"south":{"uv":[2.0,11.125,2.125,11.1875],"rotation":0,"texture":"#0","tintindex":0},"up":{"uv":[2.375,11.1875,2.25,11.125],"rotation":0,"texture":"#0","tintindex":0},"west":{"uv":[11.5,5.25,11.5625,5.3125],"rotation":0,"texture":"#0","tintindex":0}}}],"display":{"head":{"translation":[0.0,-6.4,0.0],"rotation":[0.0,0.0,0.0],"scale":[3.8095,3.8095,3.8095]}}}