{"textures":{"0":"modelengine:entity/freddy"},"elements":[{"name":"cube","from":[7.5817847,7.704056,7.25],"to":[8.721785,9.144056,8.75],"rotation":{"angle":-22.5,"axis":"z","origin":[8.061785,8.124056,8.0]},"faces":{"down":{"uv":[12.90625,12.125,12.625,12.4375],"rotation":0,"texture":"#0","tintindex":0},"east":{"uv":[12.375,9.875,12.6875,10.1875],"rotation":0,"texture":"#0","tintindex":0},"north":{"uv":[12.5,6.75,12.78125,7.0625],"rotation":0,"texture":"#0","tintindex":0},"south":{"uv":[12.5,9.375,12.78125,9.6875],"rotation":0,"texture":"#0","tintindex":0},"up":{"uv":[12.78125,10.6875,12.5,10.375],"rotation":0,"texture":"#0","tintindex":0},"west":{"uv":[12.5,0.0,12.8125,0.3125],"rotation":0,"texture":"#0","tintindex":0}}},{"name":"cube","from":[7.521785,7.5240564,7.0699997],"to":[9.081785,9.324057,8.93],"rotation":{"angle":-22.5,"axis":"z","origin":[8.061785,8.124056,8.0]},"faces":{"down":{"uv":[12.59375,1.25,12.25,1.625],"rotation":0,"texture":"#0","tintindex":0},"east":{"uv":[8.5,9.75,8.875,10.125],"rotation":0,"texture":"#0","tintindex":0},"north":{"uv":[9.5,12.125,9.84375,12.5],"rotation":0,"texture":"#0","tintindex":0},"south":{"uv":[11.0,12.125,11.34375,12.5],"rotation":0,"texture":"#0","tintindex":0},"up":{"uv":[0.96875,12.625,0.625,12.25],"rotation":0,"texture":"#0","tintindex":0},"west":{"uv":[9.0,11.875,9.375,12.25],"rotation":0,"texture":"#0","tintindex":0}}},{"name":"cube","from":[8.361784,8.124056,7.4900002],"to":[11.781785,9.084055,8.51],"rotation":{"angle":-22.5,"axis":"z","origin":[8.061785,8.124056,8.0]},"faces":{"down":{"uv":[7.96875,11.5,7.25,11.71875],"rotation":0,"texture":"#0","tintindex":0},"east":{"uv":[13.375,1.125,13.59375,1.3125],"rotation":0,"texture":"#0","tintindex":0},"north":{"uv":[12.0,3.0,12.71875,3.1875],"rotation":0,"texture":"#0","tintindex":0},"south":{"uv":[12.0,3.375,12.71875,3.5625],"rotation":0,"texture":"#0","tintindex":0},"up":{"uv":[12.21875,6.59375,11.5,6.375],"rotation":0,"texture":"#0","tintindex":0},"west":{"uv":[1.375,13.375,1.59375,13.5625],"rotation":0,"texture":"#0","tintindex":0}}},{"name":"cube","from":[9.081785,7.704056,6.71],"to":[13.161784,10.104055,9.29],"rotation":{"angle":-22.5,"axis":"z","origin":[8.061785,8.124056,8.0]},"faces":{"down":{"uv":[3.21875,8.0,2.375,8.53125],"rotation":0,"texture":"#0","tintindex":0},"east":{"uv":[8.375,11.0,8.90625,11.375],"rotation":0,"texture":"#0","tintindex":0},"north":{"uv":[9.75,8.375,10.59375,8.75],"rotation":0,"texture":"#0","tintindex":0},"south":{"uv":[9.875,1.375,10.71875,1.75],"rotation":0,"texture":"#0","tintindex":0},"up":{"uv":[2.21875,8.40625,1.375,7.875],"rotation":0,"texture":"#0","tintindex":0},"west":{"uv":[11.125,0.75,11.65625,1.125],"rotation":0,"texture":"#0","tintindex":0}}},{"name":"cube","from":[13.161784,8.4840555,7.73],"to":[14.721786,8.964055,8.27],"rotation":{"angle":-22.5,"axis":"z","origin":[8.061785,8.124056,8.0]},"faces":{"down":{"uv":[8.90625,2.75,9.1,3.09375],"rotation":0,"texture":"#0","tintindex":0},"east":{"uv":[8.90625,2.75,9.1,3.09375],"rotation":0,"texture":"#0","tintindex":0},"north":{"uv":[8.90625,2.75,9.1,3.09375],"rotation":0,"texture":"#0","tintindex":0},"south":{"uv":[8.90625,2.75,9.1,3.09375],"rotation":0,"texture":"#0","tintindex":0},"up":{"uv":[8.90625,2.75,9.1,3.09375],"rotation":0,"texture":"#0","tintindex":0},"west":{"uv":[8.90625,2.75,9.1,3.09375],"rotation":0,"texture":"#0","tintindex":0}}},{"name":"cube","from":[12.2617855,9.684055,7.79],"to":[13.821785,10.044057,8.21],"rotation":{"angle":-22.5,"axis":"z","origin":[8.061785,8.124056,8.0]},"faces":{"down":{"uv":[8.90625,2.75,9.1,3.09375],"rotation":0,"texture":"#0","tintindex":0},"east":{"uv":[8.90625,2.75,9.1,3.09375],"rotation":0,"texture":"#0","tintindex":0},"north":{"uv":[8.90625,2.75,9.1,3.09375],"rotation":0,"texture":"#0","tintindex":0},"south":{"uv":[8.90625,2.75,9.1,3.09375],"rotation":0,"texture":"#0","tintindex":0},"up":{"uv":[8.90625,2.75,9.1,3.09375],"rotation":0,"texture":"#0","tintindex":0},"west":{"uv":[8.90625,2.75,9.1,3.09375],"rotation":0,"texture":"#0","tintindex":0}}},{"name":"cube","from":[12.861785,7.824056,7.79],"to":[14.421784,8.304056,8.27],"rotation":{"angle":-22.5,"axis":"z","origin":[8.061785,8.124056,8.0]},"faces":{"down":{"uv":[6.665625,14.884375,6.721875,14.9125],"rotation":0,"texture":"#0","tintindex":0},"east":{"uv":[6.665625,14.884375,6.721875,14.9125],"rotation":0,"texture":"#0","tintindex":0},"north":{"uv":[6.665625,14.884375,6.721875,14.9125],"rotation":0,"texture":"#0","tintindex":0},"south":{"uv":[6.665625,14.884375,6.721875,14.9125],"rotation":0,"texture":"#0","tintindex":0},"up":{"uv":[6.665625,14.884375,6.721875,14.9125],"rotation":0,"texture":"#0","tintindex":0},"west":{"uv":[6.665625,14.884375,6.721875,14.9125],"rotation":0,"texture":"#0","tintindex":0}}},{"name":"cube","from":[12.621785,9.144056,7.97],"to":[14.181785,9.624056,8.51],"rotation":{"angle":-22.5,"axis":"z","origin":[8.061785,8.124056,8.0]},"faces":{"down":{"uv":[6.665625,14.884375,6.721875,14.9125],"rotation":0,"texture":"#0","tintindex":0},"east":{"uv":[6.665625,14.884375,6.721875,14.9125],"rotation":0,"texture":"#0","tintindex":0},"north":{"uv":[6.665625,14.884375,6.721875,14.9125],"rotation":0,"texture":"#0","tintindex":0},"south":{"uv":[6.665625,14.884375,6.721875,14.9125],"rotation":0,"texture":"#0","tintindex":0},"up":{"uv":[6.665625,14.884375,6.721875,14.9125],"rotation":0,"texture":"#0","tintindex":0},"west":{"uv":[6.665625,14.884375,6.721875,14.9125],"rotation":0,"texture":"#0","tintindex":0}}},{"name":"cube","from":[11.767457,8.233665,7.37],"to":[12.967457,9.433666,8.63],"rotation":{"angle":-22.5,"axis":"z","origin":[7.5074573,8.353666,8.0]},"faces":{"down":{"uv":[8.125,13.0,7.875,13.25],"rotation":0,"texture":"#0","tintindex":0},"east":{"uv":[13.0,6.375,13.25,6.625],"rotation":0,"texture":"#0","tintindex":0},"north":{"uv":[13.0,6.0,13.25,6.25],"rotation":0,"texture":"#0","tintindex":0},"south":{"uv":[13.0,6.75,13.25,7.0],"rotation":0,"texture":"#0","tintindex":0},"up":{"uv":[7.75,13.25,7.5,13.0],"rotation":0,"texture":"#0","tintindex":0},"west":{"uv":[7.125,13.0,7.375,13.25],"rotation":0,"texture":"#0","tintindex":0}}}],"display":{"head":{"translation":[0.0,-6.4,0.0],"rotation":[0.0,0.0,0.0],"scale":[3.8095,3.8095,3.8095]}}}