{"textures":{"0":"modelengine:entity/freddy"},"elements":[{"name":"cube","from":[7.5229616,9.889429,7.8199997],"to":[8.662962,10.069431,8.18],"rotation":{"angle":-45.0,"axis":"z","origin":[6.695388,8.731856,8.42]},"faces":{"down":{"uv":[14.125,8.625,13.875,8.6875],"rotation":0,"texture":"#0","tintindex":0},"east":{"uv":[14.25,0.75,14.3125,0.78125],"rotation":0,"texture":"#0","tintindex":0},"north":{"uv":[10.625,14.0,10.875,14.03125],"rotation":0,"texture":"#0","tintindex":0},"south":{"uv":[14.0,10.625,14.25,10.65625],"rotation":0,"texture":"#0","tintindex":0},"up":{"uv":[14.125,7.4375,13.875,7.375],"rotation":0,"texture":"#0","tintindex":0},"west":{"uv":[0.875,14.25,0.9375,14.28125],"rotation":0,"texture":"#0","tintindex":0}}},{"name":"cube","from":[7.702962,9.229429,8.0],"to":[8.542961,9.889429,8.360001],"rotation":{"angle":-45.0,"axis":"z","origin":[6.695388,8.731856,8.42]},"faces":{"down":{"uv":[8.5625,14.0,8.375,14.0625],"rotation":0,"texture":"#0","tintindex":0},"east":{"uv":[11.375,14.0,11.4375,14.125],"rotation":0,"texture":"#0","tintindex":0},"north":{"uv":[13.25,11.75,13.5,11.9375],"rotation":0,"texture":"#0","tintindex":0},"south":{"uv":[13.75,9.5,13.9375,9.625],"rotation":0,"texture":"#0","tintindex":0},"up":{"uv":[14.1875,8.3125,14.0,8.25],"rotation":0,"texture":"#0","tintindex":0},"west":{"uv":[14.0,11.5,14.0625,11.625],"rotation":0,"texture":"#0","tintindex":0}}},{"name":"cube","from":[7.5229616,9.229429,7.8199997],"to":[7.702962,9.889429,8.18],"rotation":{"angle":-45.0,"axis":"z","origin":[6.695388,8.731856,8.42]},"faces":{"down":{"uv":[5.53125,14.25,5.5,14.3125],"rotation":0,"texture":"#0","tintindex":0},"east":{"uv":[14.0,13.25,14.0625,13.375],"rotation":0,"texture":"#0","tintindex":0},"north":{"uv":[14.125,8.875,14.15625,9.0],"rotation":0,"texture":"#0","tintindex":0},"south":{"uv":[9.0,14.125,9.03125,14.25],"rotation":0,"texture":"#0","tintindex":0},"up":{"uv":[14.28125,5.3125,14.25,5.25],"rotation":0,"texture":"#0","tintindex":0},"west":{"uv":[14.0,13.5,14.0625,13.625],"rotation":0,"texture":"#0","tintindex":0}}},{"name":"cube","from":[8.542961,9.229429,7.8199997],"to":[8.662962,9.889429,8.18],"rotation":{"angle":-45.0,"axis":"z","origin":[6.695388,8.731856,8.42]},"faces":{"down":{"uv":[5.03125,14.25,5.0,14.3125],"rotation":0,"texture":"#0","tintindex":0},"east":{"uv":[14.0,12.25,14.0625,12.375],"rotation":0,"texture":"#0","tintindex":0},"north":{"uv":[14.125,7.875,14.15625,8.0],"rotation":0,"texture":"#0","tintindex":0},"south":{"uv":[8.75,14.125,8.78125,14.25],"rotation":0,"texture":"#0","tintindex":0},"up":{"uv":[14.28125,4.8125,14.25,4.75],"rotation":0,"texture":"#0","tintindex":0},"west":{"uv":[14.0,12.5,14.0625,12.625],"rotation":0,"texture":"#0","tintindex":0}}},{"name":"cube","from":[7.5229616,9.04943,7.8199997],"to":[8.662962,9.229429,8.18],"rotation":{"angle":-45.0,"axis":"z","origin":[6.695388,8.731856,8.42]},"faces":{"down":{"uv":[13.125,13.875,12.875,13.9375],"rotation":0,"texture":"#0","tintindex":0},"east":{"uv":[14.25,3.75,14.3125,3.78125],"rotation":0,"texture":"#0","tintindex":0},"north":{"uv":[11.0,14.0,11.25,14.03125],"rotation":0,"texture":"#0","tintindex":0},"south":{"uv":[14.0,11.25,14.25,11.28125],"rotation":0,"texture":"#0","tintindex":0},"up":{"uv":[12.75,13.9375,12.5,13.875],"rotation":0,"texture":"#0","tintindex":0},"west":{"uv":[4.0,14.25,4.0625,14.28125],"rotation":0,"texture":"#0","tintindex":0}}},{"name":"cube","from":[7.925388,8.191855,7.8199997],"to":[8.345388,9.031857,8.18],"rotation":{"angle":-45.0,"axis":"z","origin":[6.7378144,8.774282,8.42]},"faces":{"down":{"uv":[14.21875,0.0,14.125,0.0625],"rotation":0,"texture":"#0","tintindex":0},"east":{"uv":[7.125,14.0,7.1875,14.1875],"rotation":0,"texture":"#0","tintindex":0},"north":{"uv":[4.875,13.875,4.96875,14.0625],"rotation":0,"texture":"#0","tintindex":0},"south":{"uv":[5.125,13.875,5.21875,14.0625],"rotation":0,"texture":"#0","tintindex":0},"up":{"uv":[13.96875,14.0625,13.875,14.0],"rotation":0,"texture":"#0","tintindex":0},"west":{"uv":[7.375,14.0,7.4375,14.1875],"rotation":0,"texture":"#0","tintindex":0}}}],"display":{"head":{"translation":[0.0,-6.4,0.0],"rotation":[0.0,0.0,0.0],"scale":[3.8095,3.8095,3.8095]}}}