{"textures":{"0":"modelengine:entity/freddy"},"elements":[{"name":"cube","from":[9.2425,-1.8096871,2.819489],"to":[9.2425,-0.18968654,4.619489],"rotation":{"angle":0.0,"axis":"x","origin":[9.8125,-0.64968634,3.749489]},"faces":{"down":{"uv":[8.375,14.25,8.375,14.6875],"rotation":0,"texture":"#0","tintindex":0},"east":{"uv":[8.03125,14.75,9.125,15.375],"rotation":0,"texture":"#0","tintindex":0},"north":{"uv":[14.25,7.125,14.25,7.46875],"rotation":0,"texture":"#0","tintindex":0},"south":{"uv":[7.625,14.25,7.625,14.59375],"rotation":0,"texture":"#0","tintindex":0},"up":{"uv":[7.75,14.6875,7.75,14.25],"rotation":0,"texture":"#0","tintindex":0},"west":{"uv":[9.40625,14.71875,10.5,15.34375],"rotation":0,"texture":"#0","tintindex":0}}}],"display":{"head":{"translation":[0.0,-6.4,0.0],"rotation":[0.0,0.0,0.0],"scale":[3.8095,3.8095,3.8095]}}}