{"textures":{"0":"modelengine:entity/freddy"},"elements":[{"name":"cube","from":[6.8,3.3124998,6.8599997],"to":[9.2,8.6525,9.139999],"rotation":{"angle":0.0,"axis":"x","origin":[6.35,14.6225,7.8199997]},"faces":{"down":{"uv":[11.375,1.25,10.875,1.71875],"rotation":0,"texture":"#0","tintindex":0},"east":{"uv":[7.375,6.75,7.84375,7.875],"rotation":0,"texture":"#0","tintindex":0},"north":{"uv":[7.125,2.5,7.625,3.625],"rotation":0,"texture":"#0","tintindex":0},"south":{"uv":[7.125,3.75,7.625,4.875],"rotation":0,"texture":"#0","tintindex":0},"up":{"uv":[11.25,11.09375,10.75,10.625],"rotation":0,"texture":"#0","tintindex":0},"west":{"uv":[0.0,7.75,0.46875,8.875],"rotation":0,"texture":"#0","tintindex":0}}},{"name":"cube","from":[6.5600004,2.9525,7.22],"to":[9.440001,8.2325,8.780001],"rotation":{"angle":0.0,"axis":"x","origin":[6.35,14.262502,7.8199997]},"faces":{"down":{"uv":[11.84375,3.375,11.25,3.6875],"rotation":0,"texture":"#0","tintindex":0},"east":{"uv":[9.375,1.375,9.6875,2.46875],"rotation":0,"texture":"#0","tintindex":0},"north":{"uv":[6.375,2.5,6.96875,3.59375],"rotation":0,"texture":"#0","tintindex":0},"south":{"uv":[6.375,3.75,6.96875,4.84375],"rotation":0,"texture":"#0","tintindex":0},"up":{"uv":[11.84375,3.1875,11.25,2.875],"rotation":0,"texture":"#0","tintindex":0},"west":{"uv":[1.375,9.5,1.6875,10.59375],"rotation":0,"texture":"#0","tintindex":0}}}],"display":{"head":{"translation":[0.0,-6.4,0.0],"rotation":[0.0,0.0,0.0],"scale":[3.8095,3.8095,3.8095]}}}