{"textures":{"0":"modelengine:entity/blcar"},"elements":[{"name":"cube","from":[6.4331646,4.866329,4.8663306],"to":[9.566835,11.133671,11.133672],"rotation":{"angle":0.0,"axis":"x","origin":[-0.87873316,5.9108863,27.324303]},"faces":{"down":{"uv":[8.28125,1.96875,8.375,2.34375],"rotation":0,"texture":"#0","tintindex":0},"east":{"uv":[8.46875,2.34375,8.28125,2.71875],"rotation":0,"texture":"#0","tintindex":0},"north":{"uv":[8.28125,2.34375,8.1875,2.71875],"rotation":0,"texture":"#0","tintindex":0},"south":{"uv":[8.5625,2.34375,8.46875,2.71875],"rotation":0,"texture":"#0","tintindex":0},"up":{"uv":[8.1875,2.34375,8.28125,1.96875],"rotation":0,"texture":"#0","tintindex":0},"west":{"uv":[8.1875,2.34375,8.0,2.71875],"rotation":0,"texture":"#0","tintindex":0}}}],"display":{"head":{"translation":[0.0,-6.4,0.0],"rotation":[0.0,0.0,0.0],"scale":[3.8095,3.8095,3.8095]}}}