{"textures":{"0":"modelengine:entity/blcar"},"elements":[{"name":"cube","from":[16.470566,3.4151049,2.1894157],"to":[17.216679,4.1612167,14.500263],"rotation":{"angle":0.0,"axis":"x","origin":[9.382502,1.9228809,8.158312]},"faces":{"down":{"uv":[8.578125,7.78125,8.546875,8.8125],"rotation":0,"texture":"#0","tintindex":0},"east":{"uv":[8.0,8.8125,8.515625,8.875],"rotation":0,"texture":"#0","tintindex":0},"north":{"uv":[8.515625,8.8125,8.546875,8.875],"rotation":0,"texture":"#0","tintindex":0},"south":{"uv":[9.0625,8.8125,9.09375,8.875],"rotation":0,"texture":"#0","tintindex":0},"up":{"uv":[8.546875,8.8125,8.515625,7.78125],"rotation":0,"texture":"#0","tintindex":0},"west":{"uv":[8.546875,8.8125,9.0625,8.875],"rotation":0,"texture":"#0","tintindex":0}}},{"name":"cube","from":[2.2944374,3.4151049,-11.613657],"to":[16.470566,6.026497,26.811111],"rotation":{"angle":0.0,"axis":"x","origin":[9.382502,1.9228809,8.158312]},"faces":{"down":{"uv":[10.796875,0.0,10.203125,3.21875],"rotation":0,"texture":"#0","tintindex":0},"east":{"uv":[8.0,3.21875,9.609375,3.4375],"rotation":0,"texture":"#0","tintindex":0},"north":{"uv":[9.609375,3.21875,10.203125,3.4375],"rotation":0,"texture":"#0","tintindex":0},"south":{"uv":[11.8125,3.21875,12.40625,3.4375],"rotation":0,"texture":"#0","tintindex":0},"up":{"uv":[10.203125,3.21875,9.609375,0.0],"rotation":0,"texture":"#0","tintindex":0},"west":{"uv":[10.203125,3.21875,11.8125,3.4375],"rotation":0,"texture":"#0","tintindex":0}}},{"name":"cube","from":[2.2944374,5.280385,12.858817],"to":[16.470566,8.2648325,27.408],"rotation":{"angle":0.0,"axis":"x","origin":[9.382502,7.1456647,24.199718]},"faces":{"down":{"uv":[9.796875,3.4375,9.203125,4.65625],"rotation":0,"texture":"#0","tintindex":0},"east":{"uv":[8.0,4.65625,8.609375,4.90625],"rotation":0,"texture":"#0","tintindex":0},"north":{"uv":[8.609375,4.65625,9.203125,4.90625],"rotation":0,"texture":"#0","tintindex":0},"south":{"uv":[9.8125,4.65625,10.40625,4.90625],"rotation":0,"texture":"#0","tintindex":0},"up":{"uv":[9.203125,4.65625,8.609375,3.4375],"rotation":0,"texture":"#0","tintindex":0},"west":{"uv":[9.203125,4.65625,9.8125,4.90625],"rotation":0,"texture":"#0","tintindex":0}}},{"name":"cube","from":[16.060204,9.010944,1.4433036],"to":[16.43326,13.860673,20.096104],"rotation":{"angle":0.0,"axis":"x","origin":[9.382502,1.9228809,8.158312]},"faces":{"down":{"uv":[9.9375,5.0,9.921875,6.5625],"rotation":0,"texture":"#0","tintindex":0},"east":{"uv":[9.125,6.5625,9.90625,6.96875],"rotation":0,"texture":"#0","tintindex":0},"north":{"uv":[9.90625,6.5625,9.921875,6.96875],"rotation":0,"texture":"#0","tintindex":0},"south":{"uv":[10.703125,6.5625,10.71875,6.96875],"rotation":0,"texture":"#0","tintindex":0},"up":{"uv":[9.921875,6.5625,9.90625,5.0],"rotation":0,"texture":"#0","tintindex":0},"west":{"uv":[9.921875,6.5625,10.703125,6.96875],"rotation":0,"texture":"#0","tintindex":0}}},{"name":"cube","from":[1.548326,4.1612167,2.1894157],"to":[2.2944374,9.010944,14.500263],"rotation":{"angle":0.0,"axis":"x","origin":[9.382502,1.9228809,8.158312]},"faces":{"down":{"uv":[12.109375,5.0,12.078125,6.03125],"rotation":0,"texture":"#0","tintindex":0},"east":{"uv":[11.53125,6.03125,12.046875,6.4375],"rotation":0,"texture":"#0","tintindex":0},"north":{"uv":[12.046875,6.03125,12.078125,6.4375],"rotation":0,"texture":"#0","tintindex":0},"south":{"uv":[12.59375,6.03125,12.625,6.4375],"rotation":0,"texture":"#0","tintindex":0},"up":{"uv":[12.078125,6.03125,12.046875,5.0],"rotation":0,"texture":"#0","tintindex":0},"west":{"uv":[12.078125,6.03125,12.59375,6.4375],"rotation":0,"texture":"#0","tintindex":0}}},{"name":"cube","from":[3.0405498,5.056551,11.366592],"to":[15.724454,11.025448,12.858817],"rotation":{"angle":22.5,"axis":"x","origin":[9.382502,8.040999,12.112705]},"faces":{"down":{"uv":[13.15625,7.1875,12.625,7.3125],"rotation":0,"texture":"#0","tintindex":0},"east":{"uv":[12.03125,7.3125,12.09375,7.8125],"rotation":0,"texture":"#0","tintindex":0},"north":{"uv":[12.09375,7.3125,12.625,7.8125],"rotation":0,"texture":"#0","tintindex":0},"south":{"uv":[12.6875,7.3125,13.21875,7.8125],"rotation":0,"texture":"#0","tintindex":0},"up":{"uv":[12.625,7.3125,12.09375,7.1875],"rotation":0,"texture":"#0","tintindex":0},"west":{"uv":[12.625,7.3125,12.6875,7.8125],"rotation":0,"texture":"#0","tintindex":0}}},{"name":"cube","from":[3.0405498,5.056551,6.1438093],"to":[15.724454,6.1757193,11.366592],"rotation":{"angle":0.0,"axis":"x","origin":[9.382502,7.1456647,24.199718]},"faces":{"down":{"uv":[12.984375,0.0,12.453125,0.4375],"rotation":0,"texture":"#0","tintindex":0},"east":{"uv":[11.703125,0.4375,11.921875,0.53125],"rotation":0,"texture":"#0","tintindex":0},"north":{"uv":[11.921875,0.4375,12.453125,0.53125],"rotation":0,"texture":"#0","tintindex":0},"south":{"uv":[12.671875,0.4375,13.203125,0.53125],"rotation":0,"texture":"#0","tintindex":0},"up":{"uv":[12.453125,0.4375,11.921875,0.0],"rotation":0,"texture":"#0","tintindex":0},"west":{"uv":[12.453125,0.4375,12.671875,0.53125],"rotation":0,"texture":"#0","tintindex":0}}},{"name":"cube","from":[4.9058294,7.998256,0.744663],"to":[6.024997,9.117424,6.713559],"rotation":{"angle":-45.0,"axis":"x","origin":[5.4654136,8.55784,3.9156384]},"faces":{"down":{"uv":[8.953125,1.96875,8.90625,2.46875],"rotation":0,"texture":"#0","tintindex":0},"east":{"uv":[8.609375,2.46875,8.859375,2.5625],"rotation":0,"texture":"#0","tintindex":0},"north":{"uv":[8.859375,2.46875,8.90625,2.5625],"rotation":0,"texture":"#0","tintindex":0},"south":{"uv":[9.15625,2.46875,9.203125,2.5625],"rotation":0,"texture":"#0","tintindex":0},"up":{"uv":[8.90625,2.46875,8.859375,1.96875],"rotation":0,"texture":"#0","tintindex":0},"west":{"uv":[8.90625,2.46875,9.15625,2.5625],"rotation":0,"texture":"#0","tintindex":0}}},{"name":"cube","from":[7.1441655,6.8790884,5.7809186],"to":[7.5172215,10.236592,6.1539745],"rotation":{"angle":-45.0,"axis":"x","origin":[5.4654136,8.55784,3.9156384]},"faces":{"down":{"uv":[8.734375,0.53125,8.71875,0.5625],"rotation":0,"texture":"#0","tintindex":0},"east":{"uv":[8.6875,0.5625,8.703125,0.84375],"rotation":0,"texture":"#0","tintindex":0},"north":{"uv":[8.703125,0.5625,8.71875,0.84375],"rotation":0,"texture":"#0","tintindex":0},"south":{"uv":[8.734375,0.5625,8.75,0.84375],"rotation":0,"texture":"#0","tintindex":0},"up":{"uv":[8.71875,0.5625,8.703125,0.53125],"rotation":0,"texture":"#0","tintindex":0},"west":{"uv":[8.71875,0.5625,8.734375,0.84375],"rotation":0,"texture":"#0","tintindex":0}}},{"name":"cube","from":[4.9058294,6.026497,-11.912102],"to":[13.113062,9.384001,2.6370826],"rotation":{"angle":0.0,"axis":"x","origin":[9.009445,1.9228809,8.605979]},"faces":{"down":{"uv":[9.296875,4.90625,8.953125,6.125],"rotation":0,"texture":"#0","tintindex":0},"east":{"uv":[8.0,6.125,8.609375,6.40625],"rotation":0,"texture":"#0","tintindex":0},"north":{"uv":[8.609375,6.125,8.953125,6.40625],"rotation":0,"texture":"#0","tintindex":0},"south":{"uv":[9.5625,6.125,9.90625,6.40625],"rotation":0,"texture":"#0","tintindex":0},"up":{"uv":[8.953125,6.125,8.609375,4.90625],"rotation":0,"texture":"#0","tintindex":0},"west":{"uv":[8.953125,6.125,9.5625,6.40625],"rotation":0,"texture":"#0","tintindex":0}}},{"name":"cube","from":[1.1752698,3.4151049,-11.16599],"to":[1.9213812,6.026497,2.6370826],"rotation":{"angle":0.0,"axis":"x","origin":[9.009445,1.9228809,8.605979]},"faces":{"down":{"uv":[11.4375,1.5,11.40625,2.65625],"rotation":0,"texture":"#0","tintindex":0},"east":{"uv":[10.796875,2.65625,11.375,2.875],"rotation":0,"texture":"#0","tintindex":0},"north":{"uv":[11.375,2.65625,11.40625,2.875],"rotation":0,"texture":"#0","tintindex":0},"south":{"uv":[11.984375,2.65625,12.015625,2.875],"rotation":0,"texture":"#0","tintindex":0},"up":{"uv":[11.40625,2.65625,11.375,1.5],"rotation":0,"texture":"#0","tintindex":0},"west":{"uv":[11.40625,2.65625,11.984375,2.875],"rotation":0,"texture":"#0","tintindex":0}}},{"name":"cube","from":[4.5327735,6.026497,-11.16599],"to":[4.9058294,8.637889,2.6370826],"rotation":{"angle":0.0,"axis":"x","origin":[9.009445,1.9228809,8.605979]},"faces":{"down":{"uv":[9.25,6.96875,9.234375,8.125],"rotation":0,"texture":"#0","tintindex":0},"east":{"uv":[8.640625,8.125,9.21875,8.34375],"rotation":0,"texture":"#0","tintindex":0},"north":{"uv":[9.21875,8.125,9.234375,8.34375],"rotation":0,"texture":"#0","tintindex":0},"south":{"uv":[9.8125,8.125,9.828125,8.34375],"rotation":0,"texture":"#0","tintindex":0},"up":{"uv":[9.234375,8.125,9.21875,6.96875],"rotation":0,"texture":"#0","tintindex":0},"west":{"uv":[9.234375,8.125,9.8125,8.34375],"rotation":0,"texture":"#0","tintindex":0}}},{"name":"cube","from":[1.1752698,6.026497,-12.285158],"to":[4.5327735,9.010944,2.6370826],"rotation":{"angle":0.0,"axis":"x","origin":[9.009445,1.9228809,8.605979]},"faces":{"down":{"uv":[10.84375,5.0,10.703125,6.25],"rotation":0,"texture":"#0","tintindex":0},"east":{"uv":[9.9375,6.25,10.5625,6.5],"rotation":0,"texture":"#0","tintindex":0},"north":{"uv":[10.5625,6.25,10.703125,6.5],"rotation":0,"texture":"#0","tintindex":0},"south":{"uv":[11.328125,6.25,11.46875,6.5],"rotation":0,"texture":"#0","tintindex":0},"up":{"uv":[10.703125,6.25,10.5625,5.0],"rotation":0,"texture":"#0","tintindex":0},"west":{"uv":[10.703125,6.25,11.328125,6.5],"rotation":0,"texture":"#0","tintindex":0}}},{"name":"cube","from":[13.113062,6.026497,-11.16599],"to":[13.486117,8.637889,2.6370826],"rotation":{"angle":0.0,"axis":"x","origin":[9.009445,1.9228809,8.605979]},"faces":{"down":{"uv":[12.03125,6.875,12.015625,8.03125],"rotation":0,"texture":"#0","tintindex":0},"east":{"uv":[11.421875,8.03125,12.0,8.25],"rotation":0,"texture":"#0","tintindex":0},"north":{"uv":[12.0,8.03125,12.015625,8.25],"rotation":0,"texture":"#0","tintindex":0},"south":{"uv":[12.59375,8.03125,12.609375,8.25],"rotation":0,"texture":"#0","tintindex":0},"up":{"uv":[12.015625,8.03125,12.0,6.875],"rotation":0,"texture":"#0","tintindex":0},"west":{"uv":[12.015625,8.03125,12.59375,8.25],"rotation":0,"texture":"#0","tintindex":0}}},{"name":"cube","from":[2.2944374,8.705338,1.5119362],"to":[15.724454,14.674233,2.2580485],"rotation":{"angle":22.5,"axis":"x","origin":[9.009445,11.689785,1.1388807]},"faces":{"down":{"uv":[13.234375,2.03125,12.671875,2.09375],"rotation":0,"texture":"#0","tintindex":0},"east":{"uv":[12.078125,2.09375,12.109375,2.59375],"rotation":0,"texture":"#0","tintindex":0},"north":{"uv":[12.109375,2.09375,12.671875,2.59375],"rotation":0,"texture":"#0","tintindex":0},"south":{"uv":[12.703125,2.09375,13.265625,2.59375],"rotation":0,"texture":"#0","tintindex":0},"up":{"uv":[12.671875,2.09375,12.109375,2.03125],"rotation":0,"texture":"#0","tintindex":0},"west":{"uv":[12.671875,2.09375,12.703125,2.59375],"rotation":0,"texture":"#0","tintindex":0}}},{"name":"cube","from":[1.9213812,8.705338,0.39276838],"to":[16.09751,9.824505,2.6311045],"rotation":{"angle":0.0,"axis":"x","origin":[8.636389,1.2442172,11.957504]},"faces":{"down":{"uv":[11.140625,8.03125,10.546875,8.21875],"rotation":0,"texture":"#0","tintindex":0},"east":{"uv":[9.859375,8.21875,9.953125,8.3125],"rotation":0,"texture":"#0","tintindex":0},"north":{"uv":[9.953125,8.21875,10.546875,8.3125],"rotation":0,"texture":"#0","tintindex":0},"south":{"uv":[10.640625,8.21875,11.234375,8.3125],"rotation":0,"texture":"#0","tintindex":0},"up":{"uv":[10.546875,8.21875,9.953125,8.03125],"rotation":0,"texture":"#0","tintindex":0},"west":{"uv":[10.546875,8.21875,10.640625,8.3125],"rotation":0,"texture":"#0","tintindex":0}}},{"name":"cube","from":[1.9213812,9.414144,1.2507975],"to":[2.6674936,14.636929,2.7430212],"rotation":{"angle":22.5,"axis":"x","origin":[2.2944374,11.689785,1.8849924]},"faces":{"down":{"uv":[8.5,0.0,8.46875,0.125],"rotation":0,"texture":"#0","tintindex":0},"east":{"uv":[8.375,0.125,8.4375,0.5625],"rotation":0,"texture":"#0","tintindex":0},"north":{"uv":[8.4375,0.125,8.46875,0.5625],"rotation":0,"texture":"#0","tintindex":0},"south":{"uv":[8.53125,0.125,8.5625,0.5625],"rotation":0,"texture":"#0","tintindex":0},"up":{"uv":[8.46875,0.125,8.4375,0.0],"rotation":0,"texture":"#0","tintindex":0},"west":{"uv":[8.46875,0.125,8.53125,0.5625],"rotation":0,"texture":"#0","tintindex":0}}},{"name":"cube","from":[15.3513975,9.414144,1.2507975],"to":[16.09751,14.636929,2.7430212],"rotation":{"angle":22.5,"axis":"x","origin":[2.2944374,11.689785,1.8849924]},"faces":{"down":{"uv":[8.125,0.0,8.09375,0.125],"rotation":0,"texture":"#0","tintindex":0},"east":{"uv":[8.0,0.125,8.0625,0.5625],"rotation":0,"texture":"#0","tintindex":0},"north":{"uv":[8.0625,0.125,8.09375,0.5625],"rotation":0,"texture":"#0","tintindex":0},"south":{"uv":[8.15625,0.125,8.1875,0.5625],"rotation":0,"texture":"#0","tintindex":0},"up":{"uv":[8.09375,0.125,8.0625,0.0],"rotation":0,"texture":"#0","tintindex":0},"west":{"uv":[8.09375,0.125,8.15625,0.5625],"rotation":0,"texture":"#0","tintindex":0}}},{"name":"cube","from":[17.17937,9.010944,-0.12353182],"to":[18.671597,10.503169,0.2495246],"rotation":{"angle":-22.5,"axis":"y","origin":[17.96279,9.757057,-0.23544836]},"faces":{"down":{"uv":[8.953125,0.21875,8.890625,0.25],"rotation":0,"texture":"#0","tintindex":0},"east":{"uv":[8.8125,0.25,8.828125,0.375],"rotation":0,"texture":"#0","tintindex":0},"north":{"uv":[8.828125,0.25,8.890625,0.375],"rotation":0,"texture":"#0","tintindex":0},"south":{"uv":[8.90625,0.25,8.96875,0.375],"rotation":0,"texture":"#0","tintindex":0},"up":{"uv":[8.890625,0.25,8.828125,0.21875],"rotation":0,"texture":"#0","tintindex":0},"west":{"uv":[8.890625,0.25,8.90625,0.375],"rotation":0,"texture":"#0","tintindex":0}}},{"name":"cube","from":[16.470566,9.010944,-0.7204213],"to":[17.589733,9.757057,-0.3473649],"rotation":{"angle":-22.5,"axis":"y","origin":[17.030151,9.384001,-1.2800055]},"faces":{"down":{"uv":[8.734375,1.46875,8.6875,1.5],"rotation":0,"texture":"#0","tintindex":0},"east":{"uv":[8.625,1.5,8.640625,1.5625],"rotation":0,"texture":"#0","tintindex":0},"north":{"uv":[8.640625,1.5,8.6875,1.5625],"rotation":0,"texture":"#0","tintindex":0},"south":{"uv":[8.703125,1.5,8.75,1.5625],"rotation":0,"texture":"#0","tintindex":0},"up":{"uv":[8.6875,1.5,8.640625,1.46875],"rotation":0,"texture":"#0","tintindex":0},"west":{"uv":[8.6875,1.5,8.703125,1.5625],"rotation":0,"texture":"#0","tintindex":0}}},{"name":"cube","from":[0.42915726,9.010944,-0.7204213],"to":[1.548326,9.757057,-0.3473649],"rotation":{"angle":22.5,"axis":"y","origin":[0.98874164,9.384001,-1.2800055]},"faces":{"down":{"uv":[8.609375,0.0,8.5625,0.03125],"rotation":0,"texture":"#0","tintindex":0},"east":{"uv":[8.5,0.03125,8.515625,0.09375],"rotation":0,"texture":"#0","tintindex":0},"north":{"uv":[8.515625,0.03125,8.5625,0.09375],"rotation":0,"texture":"#0","tintindex":0},"south":{"uv":[8.578125,0.03125,8.625,0.09375],"rotation":0,"texture":"#0","tintindex":0},"up":{"uv":[8.5625,0.03125,8.515625,0.0],"rotation":0,"texture":"#0","tintindex":0},"west":{"uv":[8.5625,0.03125,8.578125,0.09375],"rotation":0,"texture":"#0","tintindex":0}}},{"name":"cube","from":[6.024997,2.295937,-12.658215],"to":[6.7711096,4.5342727,-11.16599],"rotation":{"angle":0.0,"axis":"x","origin":[9.009445,1.9228809,8.605979]},"faces":{"down":{"uv":[8.6875,1.0,8.65625,1.125],"rotation":0,"texture":"#0","tintindex":0},"east":{"uv":[8.5625,1.125,8.625,1.3125],"rotation":0,"texture":"#0","tintindex":0},"north":{"uv":[8.625,1.125,8.65625,1.3125],"rotation":0,"texture":"#0","tintindex":0},"south":{"uv":[8.71875,1.125,8.75,1.3125],"rotation":0,"texture":"#0","tintindex":0},"up":{"uv":[8.65625,1.125,8.625,1.0],"rotation":0,"texture":"#0","tintindex":0},"west":{"uv":[8.65625,1.125,8.71875,1.3125],"rotation":0,"texture":"#0","tintindex":0}}},{"name":"cube","from":[10.874725,2.295937,-12.658215],"to":[11.620838,4.5342727,-11.16599],"rotation":{"angle":0.0,"axis":"x","origin":[9.009445,1.9228809,8.605979]},"faces":{"down":{"uv":[8.125,0.65625,8.09375,0.78125],"rotation":0,"texture":"#0","tintindex":0},"east":{"uv":[8.0,0.78125,8.0625,0.96875],"rotation":0,"texture":"#0","tintindex":0},"north":{"uv":[8.0625,0.78125,8.09375,0.96875],"rotation":0,"texture":"#0","tintindex":0},"south":{"uv":[8.15625,0.78125,8.1875,0.96875],"rotation":0,"texture":"#0","tintindex":0},"up":{"uv":[8.09375,0.78125,8.0625,0.65625],"rotation":0,"texture":"#0","tintindex":0},"west":{"uv":[8.09375,0.78125,8.15625,0.96875],"rotation":0,"texture":"#0","tintindex":0}}},{"name":"cube","from":[3.0405498,2.6689928,-12.285158],"to":[14.978341,3.7881608,-11.16599],"rotation":{"angle":0.0,"axis":"x","origin":[9.009445,1.9228809,8.605979]},"faces":{"down":{"uv":[11.84375,3.03125,11.34375,3.125],"rotation":0,"texture":"#0","tintindex":0},"east":{"uv":[10.796875,3.125,10.84375,3.21875],"rotation":0,"texture":"#0","tintindex":0},"north":{"uv":[10.84375,3.125,11.34375,3.21875],"rotation":0,"texture":"#0","tintindex":0},"south":{"uv":[11.390625,3.125,11.890625,3.21875],"rotation":0,"texture":"#0","tintindex":0},"up":{"uv":[11.34375,3.125,10.84375,3.03125],"rotation":0,"texture":"#0","tintindex":0},"west":{"uv":[11.34375,3.125,11.390625,3.21875],"rotation":0,"texture":"#0","tintindex":0}}},{"name":"cube","from":[14.978341,2.6689928,-12.285158],"to":[16.470566,3.4151049,-11.16599],"rotation":{"angle":0.0,"axis":"x","origin":[9.009445,1.9228809,8.605979]},"faces":{"down":{"uv":[9.359375,0.21875,9.296875,0.3125],"rotation":0,"texture":"#0","tintindex":0},"east":{"uv":[9.1875,0.3125,9.234375,0.375],"rotation":0,"texture":"#0","tintindex":0},"north":{"uv":[9.234375,0.3125,9.296875,0.375],"rotation":0,"texture":"#0","tintindex":0},"south":{"uv":[9.34375,0.3125,9.40625,0.375],"rotation":0,"texture":"#0","tintindex":0},"up":{"uv":[9.296875,0.3125,9.234375,0.21875],"rotation":0,"texture":"#0","tintindex":0},"west":{"uv":[9.296875,0.3125,9.34375,0.375],"rotation":0,"texture":"#0","tintindex":0}}},{"name":"cube","from":[1.548326,2.6689928,-12.285158],"to":[3.0405498,3.4151049,-11.16599],"rotation":{"angle":0.0,"axis":"x","origin":[9.009445,1.9228809,8.605979]},"faces":{"down":{"uv":[8.734375,0.375,8.671875,0.46875],"rotation":0,"texture":"#0","tintindex":0},"east":{"uv":[8.5625,0.46875,8.609375,0.53125],"rotation":0,"texture":"#0","tintindex":0},"north":{"uv":[8.609375,0.46875,8.671875,0.53125],"rotation":0,"texture":"#0","tintindex":0},"south":{"uv":[8.71875,0.46875,8.78125,0.53125],"rotation":0,"texture":"#0","tintindex":0},"up":{"uv":[8.671875,0.46875,8.609375,0.375],"rotation":0,"texture":"#0","tintindex":0},"west":{"uv":[8.671875,0.46875,8.71875,0.53125],"rotation":0,"texture":"#0","tintindex":0}}},{"name":"cube","from":[14.605286,3.042049,-12.658215],"to":[15.724454,4.1612167,-11.16599],"rotation":{"angle":0.0,"axis":"x","origin":[9.009445,1.9228809,8.605979]},"faces":{"down":{"uv":[8.765625,2.1875,8.71875,2.3125],"rotation":0,"texture":"#0","tintindex":0},"east":{"uv":[8.609375,2.3125,8.671875,2.40625],"rotation":0,"texture":"#0","tintindex":0},"north":{"uv":[8.671875,2.3125,8.71875,2.40625],"rotation":0,"texture":"#0","tintindex":0},"south":{"uv":[8.78125,2.3125,8.828125,2.40625],"rotation":0,"texture":"#0","tintindex":0},"up":{"uv":[8.71875,2.3125,8.671875,2.1875],"rotation":0,"texture":"#0","tintindex":0},"west":{"uv":[8.71875,2.3125,8.78125,2.40625],"rotation":0,"texture":"#0","tintindex":0}}},{"name":"cube","from":[2.2944374,3.042049,-12.658215],"to":[3.413605,4.1612167,-11.16599],"rotation":{"angle":0.0,"axis":"x","origin":[9.009445,1.9228809,8.605979]},"faces":{"down":{"uv":[8.765625,1.96875,8.71875,2.09375],"rotation":0,"texture":"#0","tintindex":0},"east":{"uv":[8.609375,2.09375,8.671875,2.1875],"rotation":0,"texture":"#0","tintindex":0},"north":{"uv":[8.671875,2.09375,8.71875,2.1875],"rotation":0,"texture":"#0","tintindex":0},"south":{"uv":[8.78125,2.09375,8.828125,2.1875],"rotation":0,"texture":"#0","tintindex":0},"up":{"uv":[8.71875,2.09375,8.671875,1.96875],"rotation":0,"texture":"#0","tintindex":0},"west":{"uv":[8.71875,2.09375,8.78125,2.1875],"rotation":0,"texture":"#0","tintindex":0}}},{"name":"cube","from":[7.1441655,3.042049,-12.471685],"to":[10.501669,4.1612167,-12.098629],"rotation":{"angle":0.0,"axis":"x","origin":[9.009445,1.9228809,8.605979]},"faces":{"down":{"uv":[8.671875,0.875,8.53125,0.90625],"rotation":0,"texture":"#0","tintindex":0},"east":{"uv":[8.375,0.90625,8.390625,1.0],"rotation":0,"texture":"#0","tintindex":0},"north":{"uv":[8.390625,0.90625,8.53125,1.0],"rotation":0,"texture":"#0","tintindex":0},"south":{"uv":[8.546875,0.90625,8.6875,1.0],"rotation":0,"texture":"#0","tintindex":0},"up":{"uv":[8.53125,0.90625,8.390625,0.875],"rotation":0,"texture":"#0","tintindex":0},"west":{"uv":[8.53125,0.90625,8.546875,1.0],"rotation":0,"texture":"#0","tintindex":0}}},{"name":"cube","from":[16.09751,3.4151049,-11.16599],"to":[16.843622,6.026497,2.6370826],"rotation":{"angle":0.0,"axis":"x","origin":[9.009445,1.9228809,8.605979]},"faces":{"down":{"uv":[11.40625,1.5,11.4375,2.65625],"rotation":0,"texture":"#0","tintindex":0},"east":{"uv":[11.984375,2.65625,11.40625,2.875],"rotation":0,"texture":"#0","tintindex":0},"north":{"uv":[11.40625,2.65625,11.375,2.875],"rotation":0,"texture":"#0","tintindex":0},"south":{"uv":[12.015625,2.65625,11.984375,2.875],"rotation":0,"texture":"#0","tintindex":0},"up":{"uv":[11.375,2.65625,11.40625,1.5],"rotation":0,"texture":"#0","tintindex":0},"west":{"uv":[11.375,2.65625,10.796875,2.875],"rotation":0,"texture":"#0","tintindex":0}}},{"name":"cube","from":[13.486117,6.026497,-12.285158],"to":[16.843622,9.010944,2.6370826],"rotation":{"angle":0.0,"axis":"x","origin":[9.009445,1.9228809,8.605979]},"faces":{"down":{"uv":[10.703125,5.0,10.84375,6.25],"rotation":0,"texture":"#0","tintindex":0},"east":{"uv":[11.328125,6.25,10.703125,6.5],"rotation":0,"texture":"#0","tintindex":0},"north":{"uv":[10.703125,6.25,10.5625,6.5],"rotation":0,"texture":"#0","tintindex":0},"south":{"uv":[11.46875,6.25,11.328125,6.5],"rotation":0,"texture":"#0","tintindex":0},"up":{"uv":[10.5625,6.25,10.703125,5.0],"rotation":0,"texture":"#0","tintindex":0},"west":{"uv":[10.5625,6.25,9.9375,6.5],"rotation":0,"texture":"#0","tintindex":0}}},{"name":"cube","from":[3.413605,6.8790884,5.7809186],"to":[3.7866611,10.236592,6.1539745],"rotation":{"angle":-45.0,"axis":"x","origin":[5.4654136,8.55784,3.9156384]},"faces":{"down":{"uv":[8.234375,0.0,8.21875,0.03125],"rotation":0,"texture":"#0","tintindex":0},"east":{"uv":[8.1875,0.03125,8.203125,0.3125],"rotation":0,"texture":"#0","tintindex":0},"north":{"uv":[8.203125,0.03125,8.21875,0.3125],"rotation":0,"texture":"#0","tintindex":0},"south":{"uv":[8.234375,0.03125,8.25,0.3125],"rotation":0,"texture":"#0","tintindex":0},"up":{"uv":[8.21875,0.03125,8.203125,0.0],"rotation":0,"texture":"#0","tintindex":0},"west":{"uv":[8.21875,0.03125,8.234375,0.3125],"rotation":0,"texture":"#0","tintindex":0}}},{"name":"cube","from":[3.7866611,6.8790884,5.7809186],"to":[7.1441655,7.2521443,6.1539745],"rotation":{"angle":-45.0,"axis":"x","origin":[5.4654136,8.55784,3.9156384]},"faces":{"down":{"uv":[8.609375,1.46875,8.46875,1.5],"rotation":0,"texture":"#0","tintindex":0},"east":{"uv":[8.3125,1.5,8.328125,1.53125],"rotation":0,"texture":"#0","tintindex":0},"north":{"uv":[8.328125,1.5,8.46875,1.53125],"rotation":0,"texture":"#0","tintindex":0},"south":{"uv":[8.484375,1.5,8.625,1.53125],"rotation":0,"texture":"#0","tintindex":0},"up":{"uv":[8.46875,1.5,8.328125,1.46875],"rotation":0,"texture":"#0","tintindex":0},"west":{"uv":[8.46875,1.5,8.484375,1.53125],"rotation":0,"texture":"#0","tintindex":0}}},{"name":"cube","from":[3.7866611,7.998256,5.594391],"to":[7.1441655,9.117424,5.967447],"rotation":{"angle":-45.0,"axis":"x","origin":[5.4654136,8.55784,3.9156384]},"faces":{"down":{"uv":[8.296875,1.40625,8.15625,1.4375],"rotation":0,"texture":"#0","tintindex":0},"east":{"uv":[8.0,1.4375,8.015625,1.53125],"rotation":0,"texture":"#0","tintindex":0},"north":{"uv":[8.015625,1.4375,8.15625,1.53125],"rotation":0,"texture":"#0","tintindex":0},"south":{"uv":[8.171875,1.4375,8.3125,1.53125],"rotation":0,"texture":"#0","tintindex":0},"up":{"uv":[8.15625,1.4375,8.015625,1.40625],"rotation":0,"texture":"#0","tintindex":0},"west":{"uv":[8.15625,1.4375,8.171875,1.53125],"rotation":0,"texture":"#0","tintindex":0}}},{"name":"cube","from":[2.3317428,9.010944,1.4433036],"to":[2.7047987,13.860673,20.096104],"rotation":{"angle":0.0,"axis":"x","origin":[2.5182707,11.435808,10.769703]},"faces":{"down":{"uv":[9.921875,5.0,9.9375,6.5625],"rotation":0,"texture":"#0","tintindex":0},"east":{"uv":[10.703125,6.5625,9.921875,6.96875],"rotation":0,"texture":"#0","tintindex":0},"north":{"uv":[9.921875,6.5625,9.90625,6.96875],"rotation":0,"texture":"#0","tintindex":0},"south":{"uv":[10.71875,6.5625,10.703125,6.96875],"rotation":0,"texture":"#0","tintindex":0},"up":{"uv":[9.90625,6.5625,9.921875,5.0],"rotation":0,"texture":"#0","tintindex":0},"west":{"uv":[9.90625,6.5625,9.125,6.96875],"rotation":0,"texture":"#0","tintindex":0}}},{"name":"cube","from":[16.470566,4.1612167,2.1894157],"to":[17.216679,9.010944,14.500263],"rotation":{"angle":0.0,"axis":"x","origin":[9.382502,1.9228809,8.158312]},"faces":{"down":{"uv":[12.078125,5.0,12.109375,6.03125],"rotation":0,"texture":"#0","tintindex":0},"east":{"uv":[12.59375,6.03125,12.078125,6.4375],"rotation":0,"texture":"#0","tintindex":0},"north":{"uv":[12.078125,6.03125,12.046875,6.4375],"rotation":0,"texture":"#0","tintindex":0},"south":{"uv":[12.625,6.03125,12.59375,6.4375],"rotation":0,"texture":"#0","tintindex":0},"up":{"uv":[12.046875,6.03125,12.078125,5.0],"rotation":0,"texture":"#0","tintindex":0},"west":{"uv":[12.046875,6.03125,11.53125,6.4375],"rotation":0,"texture":"#0","tintindex":0}}},{"name":"cube","from":[1.548326,3.4151049,2.1894157],"to":[2.2944374,4.1612167,14.500263],"rotation":{"angle":0.0,"axis":"x","origin":[9.382502,1.9228809,8.158312]},"faces":{"down":{"uv":[8.546875,7.78125,8.578125,8.8125],"rotation":0,"texture":"#0","tintindex":0},"east":{"uv":[9.0625,8.8125,8.546875,8.875],"rotation":0,"texture":"#0","tintindex":0},"north":{"uv":[8.546875,8.8125,8.515625,8.875],"rotation":0,"texture":"#0","tintindex":0},"south":{"uv":[9.09375,8.8125,9.0625,8.875],"rotation":0,"texture":"#0","tintindex":0},"up":{"uv":[8.515625,8.8125,8.546875,7.78125],"rotation":0,"texture":"#0","tintindex":0},"west":{"uv":[8.515625,8.8125,8.0,8.875],"rotation":0,"texture":"#0","tintindex":0}}},{"name":"cube","from":[1.548326,3.4648428,14.313736],"to":[2.2944374,6.0762343,28.116808],"rotation":{"angle":0.0,"axis":"x","origin":[9.382502,-10.151702,-7.8830967]},"faces":{"down":{"uv":[11.53125,5.34375,11.5,6.5],"rotation":0,"texture":"#0","tintindex":0},"east":{"uv":[10.890625,6.5,11.46875,6.71875],"rotation":0,"texture":"#0","tintindex":0},"north":{"uv":[11.46875,6.5,11.5,6.71875],"rotation":0,"texture":"#0","tintindex":0},"south":{"uv":[12.078125,6.5,12.109375,6.71875],"rotation":0,"texture":"#0","tintindex":0},"up":{"uv":[11.5,6.5,11.46875,5.34375],"rotation":0,"texture":"#0","tintindex":0},"west":{"uv":[11.5,6.5,12.078125,6.71875],"rotation":0,"texture":"#0","tintindex":0}}},{"name":"cube","from":[2.2944374,3.0917864,26.251526],"to":[16.470566,5.3301225,27.743752],"rotation":{"angle":0.0,"axis":"x","origin":[9.382502,-10.151702,-7.8830967]},"faces":{"down":{"uv":[13.359375,5.0,12.765625,5.125],"rotation":0,"texture":"#0","tintindex":0},"east":{"uv":[12.109375,5.125,12.171875,5.3125],"rotation":0,"texture":"#0","tintindex":0},"north":{"uv":[12.171875,5.125,12.765625,5.3125],"rotation":0,"texture":"#0","tintindex":0},"south":{"uv":[12.828125,5.125,13.421875,5.3125],"rotation":0,"texture":"#0","tintindex":0},"up":{"uv":[12.765625,5.125,12.171875,5.0],"rotation":0,"texture":"#0","tintindex":0},"west":{"uv":[12.765625,5.125,12.828125,5.3125],"rotation":0,"texture":"#0","tintindex":0}}},{"name":"cube","from":[1.1752698,4.2109547,26.997639],"to":[5.2788854,4.9570665,28.489862],"rotation":{"angle":0.0,"axis":"x","origin":[9.382502,-10.151702,-7.8830967]},"faces":{"down":{"uv":[9.546875,2.4375,9.375,2.5625],"rotation":0,"texture":"#0","tintindex":0},"east":{"uv":[9.140625,2.5625,9.203125,2.625],"rotation":0,"texture":"#0","tintindex":0},"north":{"uv":[9.203125,2.5625,9.375,2.625],"rotation":0,"texture":"#0","tintindex":0},"south":{"uv":[9.4375,2.5625,9.609375,2.625],"rotation":0,"texture":"#0","tintindex":0},"up":{"uv":[9.375,2.5625,9.203125,2.4375],"rotation":0,"texture":"#0","tintindex":0},"west":{"uv":[9.375,2.5625,9.4375,2.625],"rotation":0,"texture":"#0","tintindex":0}}},{"name":"cube","from":[13.486117,4.2109547,26.997639],"to":[17.589733,4.9570665,28.489862],"rotation":{"angle":0.0,"axis":"x","origin":[9.382502,-10.151702,-7.8830967]},"faces":{"down":{"uv":[9.359375,2.21875,9.1875,2.34375],"rotation":0,"texture":"#0","tintindex":0},"east":{"uv":[8.953125,2.34375,9.015625,2.40625],"rotation":0,"texture":"#0","tintindex":0},"north":{"uv":[9.015625,2.34375,9.1875,2.40625],"rotation":0,"texture":"#0","tintindex":0},"south":{"uv":[9.25,2.34375,9.421875,2.40625],"rotation":0,"texture":"#0","tintindex":0},"up":{"uv":[9.1875,2.34375,9.015625,2.21875],"rotation":0,"texture":"#0","tintindex":0},"west":{"uv":[9.1875,2.34375,9.25,2.40625],"rotation":0,"texture":"#0","tintindex":0}}},{"name":"cube","from":[16.470566,7.5684586,28.116808],"to":[17.216679,9.060682,28.489862],"rotation":{"angle":0.0,"axis":"x","origin":[9.382502,-10.151702,-7.8830967]},"faces":{"down":{"uv":[8.765625,0.0,8.734375,0.03125],"rotation":0,"texture":"#0","tintindex":0},"east":{"uv":[8.6875,0.03125,8.703125,0.15625],"rotation":0,"texture":"#0","tintindex":0},"north":{"uv":[8.703125,0.03125,8.734375,0.15625],"rotation":0,"texture":"#0","tintindex":0},"south":{"uv":[8.75,0.03125,8.78125,0.15625],"rotation":0,"texture":"#0","tintindex":0},"up":{"uv":[8.734375,0.03125,8.703125,0.0],"rotation":0,"texture":"#0","tintindex":0},"west":{"uv":[8.734375,0.03125,8.75,0.15625],"rotation":0,"texture":"#0","tintindex":0}}},{"name":"cube","from":[1.9213812,6.0762343,14.313736],"to":[2.2944374,7.195402,28.116808],"rotation":{"angle":0.0,"axis":"x","origin":[9.382502,-10.151702,-7.8830967]},"faces":{"down":{"uv":[8.609375,1.96875,8.59375,3.125],"rotation":0,"texture":"#0","tintindex":0},"east":{"uv":[8.0,3.125,8.578125,3.21875],"rotation":0,"texture":"#0","tintindex":0},"north":{"uv":[8.578125,3.125,8.59375,3.21875],"rotation":0,"texture":"#0","tintindex":0},"south":{"uv":[9.171875,3.125,9.1875,3.21875],"rotation":0,"texture":"#0","tintindex":0},"up":{"uv":[8.59375,3.125,8.578125,1.96875],"rotation":0,"texture":"#0","tintindex":0},"west":{"uv":[8.59375,3.125,9.171875,3.21875],"rotation":0,"texture":"#0","tintindex":0}}},{"name":"cube","from":[1.548326,7.195402,14.313736],"to":[2.2944374,9.060682,28.116808],"rotation":{"angle":0.0,"axis":"x","origin":[9.382502,-10.151702,-7.8830967]},"faces":{"down":{"uv":[11.421875,6.71875,11.390625,7.875],"rotation":0,"texture":"#0","tintindex":0},"east":{"uv":[10.78125,7.875,11.359375,8.03125],"rotation":0,"texture":"#0","tintindex":0},"north":{"uv":[11.359375,7.875,11.390625,8.03125],"rotation":0,"texture":"#0","tintindex":0},"south":{"uv":[11.96875,7.875,12.0,8.03125],"rotation":0,"texture":"#0","tintindex":0},"up":{"uv":[11.390625,7.875,11.359375,6.71875],"rotation":0,"texture":"#0","tintindex":0},"west":{"uv":[11.390625,7.875,11.96875,8.03125],"rotation":0,"texture":"#0","tintindex":0}}},{"name":"cube","from":[1.548326,7.5684586,28.116808],"to":[2.2944374,9.060682,28.489862],"rotation":{"angle":0.0,"axis":"x","origin":[9.382502,-10.151702,-7.8830967]},"faces":{"down":{"uv":[8.265625,0.3125,8.234375,0.34375],"rotation":0,"texture":"#0","tintindex":0},"east":{"uv":[8.1875,0.34375,8.203125,0.46875],"rotation":0,"texture":"#0","tintindex":0},"north":{"uv":[8.203125,0.34375,8.234375,0.46875],"rotation":0,"texture":"#0","tintindex":0},"south":{"uv":[8.25,0.34375,8.28125,0.46875],"rotation":0,"texture":"#0","tintindex":0},"up":{"uv":[8.234375,0.34375,8.203125,0.3125],"rotation":0,"texture":"#0","tintindex":0},"west":{"uv":[8.234375,0.34375,8.25,0.46875],"rotation":0,"texture":"#0","tintindex":0}}},{"name":"cube","from":[4.159717,2.7187304,22.147913],"to":[5.2788854,3.8378983,28.862919],"rotation":{"angle":0.0,"axis":"x","origin":[9.382502,-10.151702,-7.8830967]},"faces":{"down":{"uv":[8.375,0.0,8.328125,0.5625],"rotation":0,"texture":"#0","tintindex":0},"east":{"uv":[8.0,0.5625,8.28125,0.65625],"rotation":0,"texture":"#0","tintindex":0},"north":{"uv":[8.28125,0.5625,8.328125,0.65625],"rotation":0,"texture":"#0","tintindex":0},"south":{"uv":[8.609375,0.5625,8.65625,0.65625],"rotation":0,"texture":"#0","tintindex":0},"up":{"uv":[8.328125,0.5625,8.28125,0.0],"rotation":0,"texture":"#0","tintindex":0},"west":{"uv":[8.328125,0.5625,8.609375,0.65625],"rotation":0,"texture":"#0","tintindex":0}}},{"name":"cube","from":[16.470566,6.0762343,14.313736],"to":[16.843622,7.195402,28.116808],"rotation":{"angle":0.0,"axis":"x","origin":[9.382502,-10.151702,-7.8830967]},"faces":{"down":{"uv":[8.59375,1.96875,8.609375,3.125],"rotation":0,"texture":"#0","tintindex":0},"east":{"uv":[9.171875,3.125,8.59375,3.21875],"rotation":0,"texture":"#0","tintindex":0},"north":{"uv":[8.59375,3.125,8.578125,3.21875],"rotation":0,"texture":"#0","tintindex":0},"south":{"uv":[9.1875,3.125,9.171875,3.21875],"rotation":0,"texture":"#0","tintindex":0},"up":{"uv":[8.578125,3.125,8.59375,1.96875],"rotation":0,"texture":"#0","tintindex":0},"west":{"uv":[8.578125,3.125,8.0,3.21875],"rotation":0,"texture":"#0","tintindex":0}}},{"name":"cube","from":[16.470566,7.195402,14.313736],"to":[17.216679,9.060682,28.116808],"rotation":{"angle":0.0,"axis":"x","origin":[9.382502,-10.151702,-7.8830967]},"faces":{"down":{"uv":[11.390625,6.71875,11.421875,7.875],"rotation":0,"texture":"#0","tintindex":0},"east":{"uv":[11.96875,7.875,11.390625,8.03125],"rotation":0,"texture":"#0","tintindex":0},"north":{"uv":[11.390625,7.875,11.359375,8.03125],"rotation":0,"texture":"#0","tintindex":0},"south":{"uv":[12.0,7.875,11.96875,8.03125],"rotation":0,"texture":"#0","tintindex":0},"up":{"uv":[11.359375,7.875,11.390625,6.71875],"rotation":0,"texture":"#0","tintindex":0},"west":{"uv":[11.359375,7.875,10.78125,8.03125],"rotation":0,"texture":"#0","tintindex":0}}},{"name":"cube","from":[13.486117,2.7187304,22.147913],"to":[14.605286,3.8378983,28.862919],"rotation":{"angle":0.0,"axis":"x","origin":[9.382502,-10.151702,-7.8830967]},"faces":{"down":{"uv":[8.328125,0.0,8.375,0.5625],"rotation":0,"texture":"#0","tintindex":0},"east":{"uv":[8.609375,0.5625,8.328125,0.65625],"rotation":0,"texture":"#0","tintindex":0},"north":{"uv":[8.328125,0.5625,8.28125,0.65625],"rotation":0,"texture":"#0","tintindex":0},"south":{"uv":[8.65625,0.5625,8.609375,0.65625],"rotation":0,"texture":"#0","tintindex":0},"up":{"uv":[8.28125,0.5625,8.328125,0.0],"rotation":0,"texture":"#0","tintindex":0},"west":{"uv":[8.28125,0.5625,8.0,0.65625],"rotation":0,"texture":"#0","tintindex":0}}},{"name":"cube","from":[-0.6527047,9.010944,-0.12353182],"to":[0.839519,10.503169,0.2495246],"rotation":{"angle":22.5,"axis":"y","origin":[0.056101322,9.757057,-0.23544836]},"faces":{"down":{"uv":[8.890625,0.21875,8.953125,0.25],"rotation":0,"texture":"#0","tintindex":0},"east":{"uv":[8.90625,0.25,8.890625,0.375],"rotation":0,"texture":"#0","tintindex":0},"north":{"uv":[8.890625,0.25,8.828125,0.375],"rotation":0,"texture":"#0","tintindex":0},"south":{"uv":[8.96875,0.25,8.90625,0.375],"rotation":0,"texture":"#0","tintindex":0},"up":{"uv":[8.828125,0.25,8.890625,0.21875],"rotation":0,"texture":"#0","tintindex":0},"west":{"uv":[8.828125,0.25,8.8125,0.375],"rotation":0,"texture":"#0","tintindex":0}}},{"name":"cube","from":[2.6674936,13.890816,1.2507975],"to":[15.3513975,14.636929,2.7430212],"rotation":{"angle":22.5,"axis":"x","origin":[2.2944374,11.689785,1.8849924]},"faces":{"down":{"uv":[10.921875,3.4375,10.390625,3.5625],"rotation":0,"texture":"#0","tintindex":0},"east":{"uv":[9.796875,3.5625,9.859375,3.625],"rotation":0,"texture":"#0","tintindex":0},"north":{"uv":[9.859375,3.5625,10.390625,3.625],"rotation":0,"texture":"#0","tintindex":0},"south":{"uv":[10.453125,3.5625,10.984375,3.625],"rotation":0,"texture":"#0","tintindex":0},"up":{"uv":[10.390625,3.5625,9.859375,3.4375],"rotation":0,"texture":"#0","tintindex":0},"west":{"uv":[10.390625,3.5625,10.453125,3.625],"rotation":0,"texture":"#0","tintindex":0}}},{"name":"cube","from":[16.470566,3.4648428,14.313736],"to":[17.216679,6.0762343,28.116808],"rotation":{"angle":0.0,"axis":"x","origin":[9.382502,-10.151702,-7.8830967]},"faces":{"down":{"uv":[11.5,5.34375,11.53125,6.5],"rotation":0,"texture":"#0","tintindex":0},"east":{"uv":[12.078125,6.5,11.5,6.71875],"rotation":0,"texture":"#0","tintindex":0},"north":{"uv":[11.5,6.5,11.46875,6.71875],"rotation":0,"texture":"#0","tintindex":0},"south":{"uv":[12.109375,6.5,12.078125,6.71875],"rotation":0,"texture":"#0","tintindex":0},"up":{"uv":[11.46875,6.5,11.5,5.34375],"rotation":0,"texture":"#0","tintindex":0},"west":{"uv":[11.46875,6.5,10.890625,6.71875],"rotation":0,"texture":"#0","tintindex":0}}},{"name":"cube","from":[3.7866611,9.863536,5.7809186],"to":[7.1441655,10.236592,6.1539745],"rotation":{"angle":-45.0,"axis":"x","origin":[5.4654136,8.55784,3.9156384]},"faces":{"down":{"uv":[8.609375,1.40625,8.46875,1.4375],"rotation":0,"texture":"#0","tintindex":0},"east":{"uv":[8.3125,1.4375,8.328125,1.46875],"rotation":0,"texture":"#0","tintindex":0},"north":{"uv":[8.328125,1.4375,8.46875,1.46875],"rotation":0,"texture":"#0","tintindex":0},"south":{"uv":[8.484375,1.4375,8.625,1.46875],"rotation":0,"texture":"#0","tintindex":0},"up":{"uv":[8.46875,1.4375,8.328125,1.40625],"rotation":0,"texture":"#0","tintindex":0},"west":{"uv":[8.46875,1.4375,8.484375,1.46875],"rotation":0,"texture":"#0","tintindex":0}}},{"name":"cube","from":[2.6674936,7.5861692,1.4373255],"to":[16.09751,10.197561,2.5564933],"rotation":{"angle":0.0,"axis":"x","origin":[9.382502,9.451448,3.3026056]},"faces":{"down":{"uv":[13.28125,5.3125,12.71875,5.40625],"rotation":0,"texture":"#0","tintindex":0},"east":{"uv":[12.109375,5.40625,12.15625,5.625],"rotation":0,"texture":"#0","tintindex":0},"north":{"uv":[12.15625,5.40625,12.71875,5.625],"rotation":0,"texture":"#0","tintindex":0},"south":{"uv":[12.765625,5.40625,13.328125,5.625],"rotation":0,"texture":"#0","tintindex":0},"up":{"uv":[12.71875,5.40625,12.15625,5.3125],"rotation":0,"texture":"#0","tintindex":0},"west":{"uv":[12.71875,5.40625,12.765625,5.625],"rotation":0,"texture":"#0","tintindex":0}}}],"display":{"head":{"translation":[0.0,-6.4,0.0],"rotation":[0.0,0.0,0.0],"scale":[3.7333333,3.7333333,3.7333333]}}}