{"textures":{"0":"modelengine:entity/bluegokart"},"elements":[{"name":"hexadecagon","from":[6.8902397,7.5130625,5.552],"to":[8.78336,8.4869375,10.448],"rotation":{"angle":-45.0,"axis":"x","origin":[8.0,8.0,8.0]},"faces":{"down":{"uv":[3.0,8.0,5.0,9.0],"rotation":0,"texture":"#0","tintindex":0},"east":{"uv":[3.0,8.0,5.0,9.0],"rotation":0,"texture":"#0","tintindex":0},"north":{"uv":[3.0,8.0,5.0,9.0],"rotation":0,"texture":"#0","tintindex":0},"south":{"uv":[3.0,8.0,5.0,9.0],"rotation":0,"texture":"#0","tintindex":0},"up":{"uv":[3.0,8.0,5.0,9.0],"rotation":0,"texture":"#0","tintindex":0},"west":{"uv":[3.0,8.0,5.0,9.0],"rotation":0,"texture":"#0","tintindex":0}}},{"name":"hexadecagon","from":[6.8902397,7.5130625,5.552],"to":[8.78336,8.4869375,10.448],"rotation":{"angle":-22.5,"axis":"x","origin":[8.0,8.0,8.0]},"faces":{"down":{"uv":[3.0,8.0,5.0,9.0],"rotation":0,"texture":"#0","tintindex":0},"east":{"uv":[3.0,8.0,5.0,9.0],"rotation":0,"texture":"#0","tintindex":0},"north":{"uv":[3.0,8.0,5.0,9.0],"rotation":0,"texture":"#0","tintindex":0},"south":{"uv":[3.0,8.0,5.0,9.0],"rotation":0,"texture":"#0","tintindex":0},"up":{"uv":[3.0,8.0,5.0,9.0],"rotation":0,"texture":"#0","tintindex":0},"west":{"uv":[3.0,8.0,5.0,9.0],"rotation":0,"texture":"#0","tintindex":0}}},{"name":"hexadecagon","from":[6.8902397,7.5130625,5.552],"to":[8.78336,8.4869375,10.448],"rotation":{"angle":0.0,"axis":"x","origin":[8.0,8.0,8.0]},"faces":{"down":{"uv":[3.0,8.0,5.0,9.0],"rotation":0,"texture":"#0","tintindex":0},"east":{"uv":[3.0,8.0,5.0,9.0],"rotation":0,"texture":"#0","tintindex":0},"north":{"uv":[3.0,8.0,5.0,9.0],"rotation":0,"texture":"#0","tintindex":0},"south":{"uv":[3.0,8.0,5.0,9.0],"rotation":0,"texture":"#0","tintindex":0},"up":{"uv":[3.0,8.0,5.0,9.0],"rotation":0,"texture":"#0","tintindex":0},"west":{"uv":[3.0,8.0,5.0,9.0],"rotation":0,"texture":"#0","tintindex":0}}},{"name":"hexadecagon","from":[6.8902397,7.5130625,5.552],"to":[8.78336,8.4869375,10.448],"rotation":{"angle":22.5,"axis":"x","origin":[8.0,8.0,8.0]},"faces":{"down":{"uv":[3.0,8.0,5.0,9.0],"rotation":0,"texture":"#0","tintindex":0},"east":{"uv":[3.0,8.0,5.0,9.0],"rotation":0,"texture":"#0","tintindex":0},"north":{"uv":[3.0,8.0,5.0,9.0],"rotation":0,"texture":"#0","tintindex":0},"south":{"uv":[3.0,8.0,5.0,9.0],"rotation":0,"texture":"#0","tintindex":0},"up":{"uv":[3.0,8.0,5.0,9.0],"rotation":0,"texture":"#0","tintindex":0},"west":{"uv":[3.0,8.0,5.0,9.0],"rotation":0,"texture":"#0","tintindex":0}}},{"name":"hexadecagon","from":[6.8902397,7.5130625,5.552],"to":[8.78336,8.4869375,10.448],"rotation":{"angle":45.0,"axis":"x","origin":[8.0,8.0,8.0]},"faces":{"down":{"uv":[3.0,8.0,5.0,9.0],"rotation":0,"texture":"#0","tintindex":0},"east":{"uv":[3.0,8.0,5.0,9.0],"rotation":0,"texture":"#0","tintindex":0},"north":{"uv":[3.0,8.0,5.0,9.0],"rotation":0,"texture":"#0","tintindex":0},"south":{"uv":[3.0,8.0,5.0,9.0],"rotation":0,"texture":"#0","tintindex":0},"up":{"uv":[3.0,8.0,5.0,9.0],"rotation":0,"texture":"#0","tintindex":0},"west":{"uv":[3.0,8.0,5.0,9.0],"rotation":0,"texture":"#0","tintindex":0}}},{"name":"hexadecagon","from":[6.8902397,5.552,7.5130625],"to":[8.78336,10.448,8.4869375],"rotation":{"angle":-22.5,"axis":"x","origin":[8.0,8.0,8.0]},"faces":{"down":{"uv":[3.0,8.0,5.0,9.0],"rotation":0,"texture":"#0","tintindex":0},"east":{"uv":[3.0,8.0,5.0,9.0],"rotation":0,"texture":"#0","tintindex":0},"north":{"uv":[3.0,8.0,5.0,9.0],"rotation":0,"texture":"#0","tintindex":0},"south":{"uv":[3.0,8.0,5.0,9.0],"rotation":0,"texture":"#0","tintindex":0},"up":{"uv":[3.0,8.0,5.0,9.0],"rotation":0,"texture":"#0","tintindex":0},"west":{"uv":[3.0,8.0,5.0,9.0],"rotation":0,"texture":"#0","tintindex":0}}},{"name":"hexadecagon","from":[6.8902397,5.552,7.5130625],"to":[8.78336,10.448,8.4869375],"rotation":{"angle":0.0,"axis":"x","origin":[8.0,8.0,8.0]},"faces":{"down":{"uv":[3.0,8.0,5.0,9.0],"rotation":0,"texture":"#0","tintindex":0},"east":{"uv":[3.0,8.0,5.0,9.0],"rotation":0,"texture":"#0","tintindex":0},"north":{"uv":[3.0,8.0,5.0,9.0],"rotation":0,"texture":"#0","tintindex":0},"south":{"uv":[3.0,8.0,5.0,9.0],"rotation":0,"texture":"#0","tintindex":0},"up":{"uv":[3.0,8.0,5.0,9.0],"rotation":0,"texture":"#0","tintindex":0},"west":{"uv":[3.0,8.0,5.0,9.0],"rotation":0,"texture":"#0","tintindex":0}}},{"name":"hexadecagon","from":[6.8902397,5.552,7.5130625],"to":[8.78336,10.448,8.4869375],"rotation":{"angle":22.5,"axis":"x","origin":[8.0,8.0,8.0]},"faces":{"down":{"uv":[3.0,8.0,5.0,9.0],"rotation":0,"texture":"#0","tintindex":0},"east":{"uv":[3.0,8.0,5.0,9.0],"rotation":0,"texture":"#0","tintindex":0},"north":{"uv":[3.0,8.0,5.0,9.0],"rotation":0,"texture":"#0","tintindex":0},"south":{"uv":[3.0,8.0,5.0,9.0],"rotation":0,"texture":"#0","tintindex":0},"up":{"uv":[3.0,8.0,5.0,9.0],"rotation":0,"texture":"#0","tintindex":0},"west":{"uv":[3.0,8.0,5.0,9.0],"rotation":0,"texture":"#0","tintindex":0}}}],"display":{"head":{"translation":[0.0,-6.4,0.0],"rotation":[0.0,0.0,0.0],"scale":[3.8095,3.8095,3.8095]}}}