{"textures":{"0":"modelengine:entity/gokart"},"elements":[{"name":"hexadecagon","from":[7.05344,7.5130625,5.552],"to":[8.94656,8.4869375,10.448],"rotation":{"angle":-45.0,"axis":"x","origin":[7.3472004,8.0,8.0]},"faces":{"down":{"uv":[1.5,0.0,0.75,4.0],"rotation":0,"texture":"#0","tintindex":0},"east":{"uv":[3.0,8.0,5.0,9.0],"rotation":0,"texture":"#0","tintindex":0},"north":{"uv":[0.0,12.0,0.75,13.0],"rotation":0,"texture":"#0","tintindex":0},"south":{"uv":[0.75,12.0,1.5,13.0],"rotation":0,"texture":"#0","tintindex":0},"up":{"uv":[0.75,4.0,0.0,0.0],"rotation":0,"texture":"#0","tintindex":0},"west":{"uv":[4.5,0.0,6.5,1.0],"rotation":0,"texture":"#0","tintindex":0}}},{"name":"hexadecagon","from":[7.05344,7.5130625,5.552],"to":[8.94656,8.4869375,10.448],"rotation":{"angle":-22.5,"axis":"x","origin":[7.3472004,8.0,8.0]},"faces":{"down":{"uv":[0.75,4.0,0.0,8.0],"rotation":0,"texture":"#0","tintindex":0},"east":{"uv":[4.5,1.0,6.5,2.0],"rotation":0,"texture":"#0","tintindex":0},"north":{"uv":[1.5,12.0,2.25,13.0],"rotation":0,"texture":"#0","tintindex":0},"south":{"uv":[2.25,12.0,3.0,13.0],"rotation":0,"texture":"#0","tintindex":0},"up":{"uv":[2.25,4.0,1.5,0.0],"rotation":0,"texture":"#0","tintindex":0},"west":{"uv":[4.5,2.0,6.5,3.0],"rotation":0,"texture":"#0","tintindex":0}}},{"name":"hexadecagon","from":[7.05344,7.5130625,5.552],"to":[8.94656,8.4869375,10.448],"rotation":{"angle":0.0,"axis":"x","origin":[7.3472004,8.0,8.0]},"faces":{"down":{"uv":[2.25,4.0,1.5,8.0],"rotation":0,"texture":"#0","tintindex":0},"east":{"uv":[4.5,3.0,6.5,4.0],"rotation":0,"texture":"#0","tintindex":0},"north":{"uv":[6.0,8.0,6.75,9.0],"rotation":0,"texture":"#0","tintindex":0},"south":{"uv":[6.0,9.0,6.75,10.0],"rotation":0,"texture":"#0","tintindex":0},"up":{"uv":[1.5,8.0,0.75,4.0],"rotation":0,"texture":"#0","tintindex":0},"west":{"uv":[4.5,4.0,6.5,5.0],"rotation":0,"texture":"#0","tintindex":0}}},{"name":"hexadecagon","from":[7.05344,7.5130625,5.552],"to":[8.94656,8.4869375,10.448],"rotation":{"angle":22.5,"axis":"x","origin":[7.3472004,8.0,8.0]},"faces":{"down":{"uv":[3.0,4.0,2.25,8.0],"rotation":0,"texture":"#0","tintindex":0},"east":{"uv":[4.5,5.0,6.5,6.0],"rotation":0,"texture":"#0","tintindex":0},"north":{"uv":[5.0,12.0,5.75,13.0],"rotation":0,"texture":"#0","tintindex":0},"south":{"uv":[6.0,10.0,6.75,11.0],"rotation":0,"texture":"#0","tintindex":0},"up":{"uv":[3.0,4.0,2.25,0.0],"rotation":0,"texture":"#0","tintindex":0},"west":{"uv":[3.0,9.0,5.0,10.0],"rotation":0,"texture":"#0","tintindex":0}}},{"name":"hexadecagon","from":[7.05344,7.5130625,5.552],"to":[8.94656,8.4869375,10.448],"rotation":{"angle":45.0,"axis":"x","origin":[7.3472004,8.0,8.0]},"faces":{"down":{"uv":[3.75,4.0,3.0,8.0],"rotation":0,"texture":"#0","tintindex":0},"east":{"uv":[4.5,6.0,6.5,7.0],"rotation":0,"texture":"#0","tintindex":0},"north":{"uv":[6.0,11.0,6.75,12.0],"rotation":0,"texture":"#0","tintindex":0},"south":{"uv":[5.75,12.0,6.5,13.0],"rotation":0,"texture":"#0","tintindex":0},"up":{"uv":[3.75,4.0,3.0,0.0],"rotation":0,"texture":"#0","tintindex":0},"west":{"uv":[4.5,7.0,6.5,8.0],"rotation":0,"texture":"#0","tintindex":0}}},{"name":"hexadecagon","from":[7.05344,5.552,7.5130625],"to":[8.94656,10.448,8.4869375],"rotation":{"angle":-22.5,"axis":"x","origin":[7.3472004,8.0,8.0]},"faces":{"down":{"uv":[7.25,0.0,6.5,1.0],"rotation":0,"texture":"#0","tintindex":0},"east":{"uv":[3.0,10.0,3.5,14.0],"rotation":0,"texture":"#0","tintindex":0},"north":{"uv":[3.75,0.0,4.5,4.0],"rotation":0,"texture":"#0","tintindex":0},"south":{"uv":[3.75,4.0,4.5,8.0],"rotation":0,"texture":"#0","tintindex":0},"up":{"uv":[0.75,14.0,0.0,13.0],"rotation":0,"texture":"#0","tintindex":0},"west":{"uv":[3.5,10.0,4.0,14.0],"rotation":0,"texture":"#0","tintindex":0}}},{"name":"hexadecagon","from":[7.05344,5.552,7.5130625],"to":[8.94656,10.448,8.4869375],"rotation":{"angle":0.0,"axis":"x","origin":[7.3472004,8.0,8.0]},"faces":{"down":{"uv":[1.5,13.0,0.75,14.0],"rotation":0,"texture":"#0","tintindex":0},"east":{"uv":[4.0,10.0,4.5,14.0],"rotation":0,"texture":"#0","tintindex":0},"north":{"uv":[0.0,8.0,0.75,12.0],"rotation":0,"texture":"#0","tintindex":0},"south":{"uv":[0.75,8.0,1.5,12.0],"rotation":0,"texture":"#0","tintindex":0},"up":{"uv":[7.25,2.0,6.5,1.0],"rotation":0,"texture":"#0","tintindex":0},"west":{"uv":[5.0,8.0,5.5,12.0],"rotation":0,"texture":"#0","tintindex":0}}},{"name":"hexadecagon","from":[7.05344,5.552,7.5130625],"to":[8.94656,10.448,8.4869375],"rotation":{"angle":22.5,"axis":"x","origin":[7.3472004,8.0,8.0]},"faces":{"down":{"uv":[2.25,13.0,1.5,14.0],"rotation":0,"texture":"#0","tintindex":0},"east":{"uv":[4.5,10.0,5.0,14.0],"rotation":0,"texture":"#0","tintindex":0},"north":{"uv":[1.5,8.0,2.25,12.0],"rotation":0,"texture":"#0","tintindex":0},"south":{"uv":[2.25,8.0,3.0,12.0],"rotation":0,"texture":"#0","tintindex":0},"up":{"uv":[7.25,3.0,6.5,2.0],"rotation":0,"texture":"#0","tintindex":0},"west":{"uv":[5.5,8.0,6.0,12.0],"rotation":0,"texture":"#0","tintindex":0}}}],"display":{"head":{"translation":[0.0,-6.4,0.0],"rotation":[0.0,0.0,0.0],"scale":[3.8095,3.8095,3.8095]}}}