{"textures":{"0":"modelengine:entity/statue1"},"elements":[{"name":"cube","from":[16.828194,6.4233265,7.8549223],"to":[21.778194,7.773327,11.004923],"rotation":{"angle":0.0,"axis":"x","origin":[21.328194,6.4233265,8.304922]},"faces":{"down":{"uv":[1.875,5.625,1.375,5.9375],"rotation":0,"texture":"#0","tintindex":0},"east":{"uv":[6.625,2.5625,6.9375,2.6875],"rotation":0,"texture":"#0","tintindex":0},"north":{"uv":[6.3125,4.375,6.8125,4.5],"rotation":0,"texture":"#0","tintindex":0},"south":{"uv":[6.3125,4.5625,6.8125,4.6875],"rotation":0,"texture":"#0","tintindex":0},"up":{"uv":[1.0625,5.9375,0.5625,5.625],"rotation":0,"texture":"#0","tintindex":0},"west":{"uv":[6.625,2.75,6.9375,2.875],"rotation":0,"texture":"#0","tintindex":0}}},{"name":"cube","from":[14.229072,6.353882,8.304922],"to":[17.379072,7.478882,9.204922],"rotation":{"angle":22.5,"axis":"z","origin":[16.929073,6.353882,8.304922]},"faces":{"down":{"uv":[6.9375,3.3125,6.625,3.4375],"rotation":0,"texture":"#0","tintindex":0},"east":{"uv":[6.875,6.0,7.0,6.125],"rotation":0,"texture":"#0","tintindex":0},"north":{"uv":[6.625,2.9375,6.9375,3.0625],"rotation":0,"texture":"#0","tintindex":0},"south":{"uv":[3.0625,6.625,3.375,6.75],"rotation":0,"texture":"#0","tintindex":0},"up":{"uv":[6.9375,3.25,6.625,3.125],"rotation":0,"texture":"#0","tintindex":0},"west":{"uv":[6.875,6.1875,7.0,6.3125],"rotation":0,"texture":"#0","tintindex":0}}},{"name":"cube","from":[11.284596,5.433138,8.417422],"to":[14.434596,6.3331385,9.0924225],"rotation":{"angle":0.0,"axis":"x","origin":[13.984596,5.320638,8.304922]},"faces":{"down":{"uv":[6.9375,4.25,6.625,4.3125],"rotation":0,"texture":"#0","tintindex":0},"east":{"uv":[7.0,1.75,7.0625,1.875],"rotation":0,"texture":"#0","tintindex":0},"north":{"uv":[3.4375,6.625,3.75,6.75],"rotation":0,"texture":"#0","tintindex":0},"south":{"uv":[6.625,3.5,6.9375,3.625],"rotation":0,"texture":"#0","tintindex":0},"up":{"uv":[6.875,1.6875,6.5625,1.625],"rotation":0,"texture":"#0","tintindex":0},"west":{"uv":[2.25,7.0,2.3125,7.125],"rotation":0,"texture":"#0","tintindex":0}}},{"name":"cube","from":[10.700453,6.0478897,8.5299225],"to":[13.850453,6.9478893,8.979922],"rotation":{"angle":-45.0,"axis":"z","origin":[13.400454,5.9353895,8.304922]},"faces":{"down":{"uv":[6.9375,6.75,6.625,6.8125],"rotation":0,"texture":"#0","tintindex":0},"east":{"uv":[2.375,7.0,2.4375,7.125],"rotation":0,"texture":"#0","tintindex":0},"north":{"uv":[6.625,3.6875,6.9375,3.8125],"rotation":0,"texture":"#0","tintindex":0},"south":{"uv":[6.625,3.875,6.9375,4.0],"rotation":0,"texture":"#0","tintindex":0},"up":{"uv":[7.0,0.8125,6.6875,0.75],"rotation":0,"texture":"#0","tintindex":0},"west":{"uv":[2.5,7.0,2.5625,7.125],"rotation":0,"texture":"#0","tintindex":0}}},{"name":"cube","from":[8.125799,5.726409,8.5299225],"to":[11.275799,6.401409,8.979922],"rotation":{"angle":-22.5,"axis":"z","origin":[10.825798,5.501409,8.304922]},"faces":{"down":{"uv":[4.875,6.8125,4.5625,6.875],"rotation":0,"texture":"#0","tintindex":0},"east":{"uv":[5.25,6.625,5.3125,6.6875],"rotation":0,"texture":"#0","tintindex":0},"north":{"uv":[1.5625,6.8125,1.875,6.875],"rotation":0,"texture":"#0","tintindex":0},"south":{"uv":[2.875,6.8125,3.1875,6.875],"rotation":0,"texture":"#0","tintindex":0},"up":{"uv":[3.5625,6.875,3.25,6.8125],"rotation":0,"texture":"#0","tintindex":0},"west":{"uv":[4.5625,6.6875,4.625,6.75],"rotation":0,"texture":"#0","tintindex":0}}}],"display":{"head":{"translation":[0.0,-6.4,0.0],"rotation":[0.0,0.0,0.0],"scale":[3.8095,3.8095,3.8095]}}}