{"textures":{"0":"modelengine:entity/statue1"},"elements":[{"name":"2","from":[10.154152,16.85,8.247631],"to":[11.504152,19.55,8.922631],"rotation":{"angle":-22.5,"axis":"y","origin":[11.166653,16.400002,8.810131]},"faces":{"down":{"uv":[6.0625,5.25,5.9375,5.3125],"rotation":0,"texture":"#0","tintindex":0},"east":{"uv":[3.0,2.375,3.0625,2.6875],"rotation":0,"texture":"#0","tintindex":0},"north":{"uv":[4.5625,5.0625,4.6875,5.375],"rotation":0,"texture":"#0","tintindex":0},"south":{"uv":[2.75,5.25,2.875,5.5625],"rotation":0,"texture":"#0","tintindex":0},"up":{"uv":[5.9375,0.9375,5.8125,0.875],"rotation":0,"texture":"#0","tintindex":0},"west":{"uv":[1.125,4.8125,1.1875,5.125],"rotation":0,"texture":"#0","tintindex":0}}},{"name":"2","from":[10.379152,15.5,8.472631],"to":[11.279153,16.85,8.922631],"rotation":{"angle":-22.5,"axis":"y","origin":[11.166653,16.400002,8.810131]},"faces":{"down":{"uv":[7.0625,4.0625,6.9375,4.125],"rotation":0,"texture":"#0","tintindex":0},"east":{"uv":[3.375,6.9375,3.4375,7.0625],"rotation":0,"texture":"#0","tintindex":0},"north":{"uv":[3.625,6.8125,3.75,6.9375],"rotation":0,"texture":"#0","tintindex":0},"south":{"uv":[6.8125,4.75,6.9375,4.875],"rotation":0,"texture":"#0","tintindex":0},"up":{"uv":[7.0625,1.6875,6.9375,1.625],"rotation":0,"texture":"#0","tintindex":0},"west":{"uv":[3.5,6.9375,3.5625,7.0625],"rotation":0,"texture":"#0","tintindex":0}}},{"name":"2","from":[10.379152,19.55,7.910131],"to":[11.504152,25.850002,8.810131],"rotation":{"angle":-22.5,"axis":"y","origin":[11.166653,16.400002,8.810131]},"faces":{"down":{"uv":[5.9375,6.8125,5.8125,6.9375],"rotation":0,"texture":"#0","tintindex":0},"east":{"uv":[4.875,6.0625,5.0,6.75],"rotation":0,"texture":"#0","tintindex":0},"north":{"uv":[4.6875,6.0625,4.8125,6.75],"rotation":0,"texture":"#0","tintindex":0},"south":{"uv":[6.1875,3.625,6.3125,4.3125],"rotation":0,"texture":"#0","tintindex":0},"up":{"uv":[6.9375,5.75,6.8125,5.625],"rotation":0,"texture":"#0","tintindex":0},"west":{"uv":[6.1875,5.25,6.3125,5.9375],"rotation":0,"texture":"#0","tintindex":0}}},{"name":"3","from":[7.8875,19.55,7.6625],"to":[9.0125,25.850002,8.5625],"rotation":{"angle":0.0,"axis":"x","origin":[8.675,16.400002,8.5625]},"faces":{"down":{"uv":[5.9375,6.8125,5.8125,6.9375],"rotation":0,"texture":"#0","tintindex":0},"east":{"uv":[4.875,6.0625,5.0,6.75],"rotation":0,"texture":"#0","tintindex":0},"north":{"uv":[4.6875,6.0625,4.8125,6.75],"rotation":0,"texture":"#0","tintindex":0},"south":{"uv":[6.1875,3.625,6.3125,4.3125],"rotation":0,"texture":"#0","tintindex":0},"up":{"uv":[6.9375,5.75,6.8125,5.625],"rotation":0,"texture":"#0","tintindex":0},"west":{"uv":[6.1875,5.25,6.3125,5.9375],"rotation":0,"texture":"#0","tintindex":0}}},{"name":"3","from":[7.8125,16.85,8.0],"to":[9.1625,19.55,8.675],"rotation":{"angle":0.0,"axis":"x","origin":[8.675,16.400002,8.5625]},"faces":{"down":{"uv":[6.0625,5.25,5.9375,5.3125],"rotation":0,"texture":"#0","tintindex":0},"east":{"uv":[3.0,2.375,3.0625,2.6875],"rotation":0,"texture":"#0","tintindex":0},"north":{"uv":[4.5625,5.0625,4.6875,5.375],"rotation":0,"texture":"#0","tintindex":0},"south":{"uv":[2.75,5.25,2.875,5.5625],"rotation":0,"texture":"#0","tintindex":0},"up":{"uv":[5.9375,0.9375,5.8125,0.875],"rotation":0,"texture":"#0","tintindex":0},"west":{"uv":[1.125,4.8125,1.1875,5.125],"rotation":0,"texture":"#0","tintindex":0}}},{"name":"3","from":[8.0375,15.5,8.225],"to":[8.9375,16.85,8.675],"rotation":{"angle":0.0,"axis":"x","origin":[8.675,16.400002,8.5625]},"faces":{"down":{"uv":[7.0625,4.0625,6.9375,4.125],"rotation":0,"texture":"#0","tintindex":0},"east":{"uv":[3.375,6.9375,3.4375,7.0625],"rotation":0,"texture":"#0","tintindex":0},"north":{"uv":[3.625,6.8125,3.75,6.9375],"rotation":0,"texture":"#0","tintindex":0},"south":{"uv":[6.8125,4.75,6.9375,4.875],"rotation":0,"texture":"#0","tintindex":0},"up":{"uv":[7.0625,1.6875,6.9375,1.625],"rotation":0,"texture":"#0","tintindex":0},"west":{"uv":[3.5,6.9375,3.5625,7.0625],"rotation":0,"texture":"#0","tintindex":0}}}],"display":{"head":{"translation":[0.0,-6.4,0.0],"rotation":[0.0,0.0,0.0],"scale":[3.8095,3.8095,3.8095]}}}