{"textures":{"0":"modelengine:entity/statue1"},"elements":[{"name":"cube","from":[3.725,-1.5446362,7.6364202],"to":[10.475,5.205364,7.6364202],"rotation":{"angle":-45.0,"axis":"x","origin":[7.775,1.605364,7.41142]},"faces":{"down":{"uv":[7.75,0.5,7.0625,0.5],"rotation":0,"texture":"#0","tintindex":0},"east":{"uv":[4.0625,2.25,4.0625,2.9375],"rotation":0,"texture":"#0","tintindex":0},"north":{"uv":[2.375,3.0,3.0625,3.6875],"rotation":0,"texture":"#0","tintindex":0},"south":{"uv":[3.125,2.375,3.8125,3.0625],"rotation":0,"texture":"#0","tintindex":0},"up":{"uv":[7.6875,4.0,7.0,4.0],"rotation":0,"texture":"#0","tintindex":0},"west":{"uv":[2.3125,4.125,2.3125,4.8125],"rotation":0,"texture":"#0","tintindex":0}}},{"name":"cube","from":[5.975,0.705364,7.41142],"to":[8.225,2.955364,7.86142],"rotation":{"angle":-45.0,"axis":"x","origin":[7.775,1.605364,7.41142]},"faces":{"down":{"uv":[7.125,5.0625,6.875,5.125],"rotation":0,"texture":"#0","tintindex":0},"east":{"uv":[4.1875,6.875,4.25,7.125],"rotation":0,"texture":"#0","tintindex":0},"north":{"uv":[3.375,6.3125,3.625,6.5625],"rotation":0,"texture":"#0","tintindex":0},"south":{"uv":[3.6875,6.3125,3.9375,6.5625],"rotation":0,"texture":"#0","tintindex":0},"up":{"uv":[7.125,5.0,6.875,4.9375],"rotation":0,"texture":"#0","tintindex":0},"west":{"uv":[6.875,4.375,6.9375,4.625],"rotation":0,"texture":"#0","tintindex":0}}}],"display":{"head":{"translation":[0.0,-6.4,0.0],"rotation":[0.0,0.0,0.0],"scale":[3.8095,3.8095,3.8095]}}}