{"textures":{"0":"modelengine:entity/statue1"},"elements":[{"name":"cube","from":[6.125,28.005844,6.2],"to":[9.275,30.705845,9.35],"rotation":{"angle":0.0,"axis":"x","origin":[8.825,1.0058441,7.55]},"faces":{"down":{"uv":[2.8125,6.0625,2.5,6.375],"rotation":0,"texture":"#0","tintindex":0},"east":{"uv":[5.4375,6.0,5.75,6.3125],"rotation":0,"texture":"#0","tintindex":0},"north":{"uv":[1.375,6.0,1.6875,6.3125],"rotation":0,"texture":"#0","tintindex":0},"south":{"uv":[5.8125,6.0,6.125,6.3125],"rotation":0,"texture":"#0","tintindex":0},"up":{"uv":[2.4375,6.375,2.125,6.0625],"rotation":0,"texture":"#0","tintindex":0},"west":{"uv":[1.75,6.0625,2.0625,6.375],"rotation":0,"texture":"#0","tintindex":0}}},{"name":"cube","from":[7.047613,28.005844,6.203],"to":[9.275,30.23323,8.0],"rotation":{"angle":45.0,"axis":"z","origin":[9.275,28.005844,7.553]},"faces":{"down":{"uv":[6.625,6.4375,6.375,6.625],"rotation":0,"texture":"#0","tintindex":0},"east":{"uv":[2.5,6.4375,2.6875,6.6875],"rotation":0,"texture":"#0","tintindex":0},"north":{"uv":[3.0625,6.3125,3.3125,6.5625],"rotation":0,"texture":"#0","tintindex":0},"south":{"uv":[6.3125,3.25,6.5625,3.5],"rotation":0,"texture":"#0","tintindex":0},"up":{"uv":[6.3125,6.625,6.0625,6.4375],"rotation":0,"texture":"#0","tintindex":0},"west":{"uv":[6.4375,4.9375,6.625,5.1875],"rotation":0,"texture":"#0","tintindex":0}}},{"name":"cube","from":[7.475,29.75,-4.8184614],"to":[7.925,32.0,-4.368461],"rotation":{"angle":22.5,"axis":"x","origin":[10.175,2.2999983,-3.9184613]},"faces":{"down":{"uv":[6.25,4.375,6.1875,4.4375],"rotation":0,"texture":"#0","tintindex":0},"east":{"uv":[1.9375,6.8125,2.0,7.0625],"rotation":0,"texture":"#0","tintindex":0},"north":{"uv":[2.75,6.4375,2.8125,6.6875],"rotation":0,"texture":"#0","tintindex":0},"south":{"uv":[4.9375,6.8125,5.0,7.0625],"rotation":0,"texture":"#0","tintindex":0},"up":{"uv":[5.875,4.5625,5.8125,4.5],"rotation":0,"texture":"#0","tintindex":0},"west":{"uv":[0.625,6.875,0.6875,7.125],"rotation":0,"texture":"#0","tintindex":0}}},{"name":"cube","from":[7.0249996,26.655846,7.55],"to":[8.375,28.005844,8.9],"rotation":{"angle":0.0,"axis":"x","origin":[7.925,1.4558439,8.0]},"faces":{"down":{"uv":[4.125,6.875,4.0,7.0],"rotation":0,"texture":"#0","tintindex":0},"east":{"uv":[1.0,6.875,1.125,7.0],"rotation":0,"texture":"#0","tintindex":0},"north":{"uv":[6.8125,5.8125,6.9375,5.9375],"rotation":0,"texture":"#0","tintindex":0},"south":{"uv":[6.875,1.9375,7.0,2.0625],"rotation":0,"texture":"#0","tintindex":0},"up":{"uv":[7.0,2.4375,6.875,2.3125],"rotation":0,"texture":"#0","tintindex":0},"west":{"uv":[6.875,2.125,7.0,2.25],"rotation":0,"texture":"#0","tintindex":0}}}],"display":{"head":{"translation":[0.0,31.191519,0.0],"rotation":[0.0,0.0,0.0],"scale":[3.8095,3.8095,3.8095]}}}