{"textures":{"0":"modelengine:entity/statue1"},"elements":[{"name":"cube","from":[10.625,4.4441032,7.554922],"to":[10.625,17.944103,21.054924],"rotation":{"angle":45.0,"axis":"y","origin":[10.625,4.444101,7.554922]},"faces":{"down":{"uv":[1.125,7.0625,1.125,8.5],"rotation":0,"texture":"#0","tintindex":0},"east":{"uv":[0.0,0.0,1.4375,1.4375],"rotation":0,"texture":"#0","tintindex":0},"north":{"uv":[4.3125,6.875,4.3125,8.3125],"rotation":0,"texture":"#0","tintindex":0},"south":{"uv":[2.8125,7.0,2.8125,8.4375],"rotation":0,"texture":"#0","tintindex":0},"up":{"uv":[3.9375,8.4375,3.9375,7.0],"rotation":0,"texture":"#0","tintindex":0},"west":{"uv":[0.0,1.5,1.4375,2.9375],"rotation":0,"texture":"#0","tintindex":0}}},{"name":"cube","from":[8.375,4.4441032,7.554922],"to":[8.375,17.944103,21.054924],"rotation":{"angle":-45.0,"axis":"y","origin":[8.375,4.444101,7.554922]},"faces":{"down":{"uv":[4.0625,7.0625,4.0625,8.5],"rotation":0,"texture":"#0","tintindex":0},"east":{"uv":[1.5,0.0,2.9375,1.4375],"rotation":0,"texture":"#0","tintindex":0},"north":{"uv":[1.4375,7.0625,1.4375,8.5],"rotation":0,"texture":"#0","tintindex":0},"south":{"uv":[1.5,7.0625,1.5,8.5],"rotation":0,"texture":"#0","tintindex":0},"up":{"uv":[4.0,8.5,4.0,7.0625],"rotation":0,"texture":"#0","tintindex":0},"west":{"uv":[1.5,1.5,2.9375,2.9375],"rotation":0,"texture":"#0","tintindex":0}}}],"display":{"head":{"translation":[0.0,-6.4,0.0],"rotation":[0.0,0.0,0.0],"scale":[3.8095,3.8095,3.8095]}}}