{"textures":{"0":"modelengine:entity/statue1"},"elements":[{"name":"cube","from":[13.775001,26.126282,9.947979],"to":[15.125,28.826283,11.747979],"rotation":{"angle":45.0,"axis":"x","origin":[8.825,28.376282,10.847979]},"faces":{"down":{"uv":[5.375,6.75,5.25,6.9375],"rotation":0,"texture":"#0","tintindex":0},"east":{"uv":[4.375,6.3125,4.5625,6.625],"rotation":0,"texture":"#0","tintindex":0},"north":{"uv":[3.8125,6.625,3.9375,6.9375],"rotation":0,"texture":"#0","tintindex":0},"south":{"uv":[5.0625,6.625,5.1875,6.9375],"rotation":0,"texture":"#0","tintindex":0},"up":{"uv":[2.8125,6.9375,2.6875,6.75],"rotation":0,"texture":"#0","tintindex":0},"west":{"uv":[1.375,6.375,1.5625,6.6875],"rotation":0,"texture":"#0","tintindex":0}}},{"name":"cube","from":[13.775001,23.426281,9.947979],"to":[15.575001,26.126282,12.197979],"rotation":{"angle":45.0,"axis":"x","origin":[8.825,28.376282,10.847979]},"faces":{"down":{"uv":[6.8125,1.9375,6.625,2.1875],"rotation":0,"texture":"#0","tintindex":0},"east":{"uv":[3.75,4.6875,4.0,5.0],"rotation":0,"texture":"#0","tintindex":0},"north":{"uv":[6.375,3.5625,6.5625,3.875],"rotation":0,"texture":"#0","tintindex":0},"south":{"uv":[6.375,3.9375,6.5625,4.25],"rotation":0,"texture":"#0","tintindex":0},"up":{"uv":[0.1875,6.75,0.0,6.5],"rotation":0,"texture":"#0","tintindex":0},"west":{"uv":[5.0625,6.25,5.3125,6.5625],"rotation":0,"texture":"#0","tintindex":0}}},{"name":"cube","from":[7.475,26.576283,9.497979],"to":[8.825,29.276283,11.297979],"rotation":{"angle":-22.5,"axis":"x","origin":[13.775001,28.376282,10.847979]},"faces":{"down":{"uv":[5.75,6.75,5.625,6.9375],"rotation":0,"texture":"#0","tintindex":0},"east":{"uv":[6.375,5.25,6.5625,5.5625],"rotation":0,"texture":"#0","tintindex":0},"north":{"uv":[6.625,5.25,6.75,5.5625],"rotation":0,"texture":"#0","tintindex":0},"south":{"uv":[6.625,5.625,6.75,5.9375],"rotation":0,"texture":"#0","tintindex":0},"up":{"uv":[5.5625,6.9375,5.4375,6.75],"rotation":0,"texture":"#0","tintindex":0},"west":{"uv":[5.375,6.375,5.5625,6.6875],"rotation":0,"texture":"#0","tintindex":0}}},{"name":"cube","from":[7.0249996,23.876282,9.497979],"to":[8.825,26.576283,11.747979],"rotation":{"angle":-22.5,"axis":"x","origin":[13.775001,28.376282,10.847979]},"faces":{"down":{"uv":[6.8125,2.25,6.625,2.5],"rotation":0,"texture":"#0","tintindex":0},"east":{"uv":[0.3125,6.3125,0.5625,6.625],"rotation":0,"texture":"#0","tintindex":0},"north":{"uv":[5.625,6.375,5.8125,6.6875],"rotation":0,"texture":"#0","tintindex":0},"south":{"uv":[6.375,5.625,6.5625,5.9375],"rotation":0,"texture":"#0","tintindex":0},"up":{"uv":[2.25,6.875,2.0625,6.625],"rotation":0,"texture":"#0","tintindex":0},"west":{"uv":[6.3125,1.9375,6.5625,2.25],"rotation":0,"texture":"#0","tintindex":0}}},{"name":"cube","from":[14.0,25.129784,6.7145014],"to":[15.35,27.829784,7.614501],"rotation":{"angle":-22.5,"axis":"x","origin":[8.825,26.029785,9.864502]},"faces":{"down":{"uv":[7.0,6.5625,6.875,6.6875],"rotation":0,"texture":"#0","tintindex":0},"east":{"uv":[0.4375,6.6875,0.5625,7.0],"rotation":0,"texture":"#0","tintindex":0},"north":{"uv":[0.25,6.6875,0.375,7.0],"rotation":0,"texture":"#0","tintindex":0},"south":{"uv":[4.375,6.6875,4.5,7.0],"rotation":0,"texture":"#0","tintindex":0},"up":{"uv":[7.0,6.5,6.875,6.375],"rotation":0,"texture":"#0","tintindex":0},"west":{"uv":[6.0625,6.6875,6.1875,7.0],"rotation":0,"texture":"#0","tintindex":0}}},{"name":"cube","from":[14.225,27.829784,6.939501],"to":[15.125,30.079784,7.614501],"rotation":{"angle":-22.5,"axis":"x","origin":[8.825,26.029785,9.864502]},"faces":{"down":{"uv":[2.75,7.0,2.625,7.0625],"rotation":0,"texture":"#0","tintindex":0},"east":{"uv":[6.625,6.875,6.6875,7.125],"rotation":0,"texture":"#0","tintindex":0},"north":{"uv":[6.6875,4.9375,6.8125,5.1875],"rotation":0,"texture":"#0","tintindex":0},"south":{"uv":[6.6875,6.4375,6.8125,6.6875],"rotation":0,"texture":"#0","tintindex":0},"up":{"uv":[7.125,2.5625,7.0,2.5],"rotation":0,"texture":"#0","tintindex":0},"west":{"uv":[6.75,6.875,6.8125,7.125],"rotation":0,"texture":"#0","tintindex":0}}},{"name":"cube","from":[7.25,20.726295,12.18574],"to":[8.6,23.426296,13.085741],"rotation":{"angle":-22.5,"axis":"x","origin":[13.55,22.526295,10.835741]},"faces":{"down":{"uv":[7.125,2.75,7.0,2.8125],"rotation":0,"texture":"#0","tintindex":0},"east":{"uv":[0.0,6.8125,0.0625,7.125],"rotation":0,"texture":"#0","tintindex":0},"north":{"uv":[6.25,6.6875,6.375,7.0],"rotation":0,"texture":"#0","tintindex":0},"south":{"uv":[6.4375,6.6875,6.5625,7.0],"rotation":0,"texture":"#0","tintindex":0},"up":{"uv":[7.125,2.6875,7.0,2.625],"rotation":0,"texture":"#0","tintindex":0},"west":{"uv":[0.125,6.8125,0.1875,7.125],"rotation":0,"texture":"#0","tintindex":0}}},{"name":"cube","from":[7.475,18.476295,12.18574],"to":[8.375,20.726295,12.860741],"rotation":{"angle":-22.5,"axis":"x","origin":[13.55,22.526295,10.835741]},"faces":{"down":{"uv":[7.125,3.0,7.0,3.0625],"rotation":0,"texture":"#0","tintindex":0},"east":{"uv":[6.875,6.875,6.9375,7.125],"rotation":0,"texture":"#0","tintindex":0},"north":{"uv":[0.8125,6.75,0.9375,7.0],"rotation":0,"texture":"#0","tintindex":0},"south":{"uv":[1.375,6.75,1.5,7.0],"rotation":0,"texture":"#0","tintindex":0},"up":{"uv":[7.125,2.9375,7.0,2.875],"rotation":0,"texture":"#0","tintindex":0},"west":{"uv":[6.9375,0.875,7.0,1.125],"rotation":0,"texture":"#0","tintindex":0}}},{"name":"cube","from":[7.0249996,17.126295,12.18574],"to":[8.375,18.476295,12.860741],"rotation":{"angle":-22.5,"axis":"x","origin":[13.55,22.526295,10.835741]},"faces":{"down":{"uv":[3.75,7.0,3.625,7.0625],"rotation":0,"texture":"#0","tintindex":0},"east":{"uv":[7.0,3.125,7.0625,3.25],"rotation":0,"texture":"#0","tintindex":0},"north":{"uv":[6.9375,1.1875,7.0625,1.3125],"rotation":0,"texture":"#0","tintindex":0},"south":{"uv":[1.5625,6.9375,1.6875,7.0625],"rotation":0,"texture":"#0","tintindex":0},"up":{"uv":[7.125,3.5625,7.0,3.5],"rotation":0,"texture":"#0","tintindex":0},"west":{"uv":[7.0,3.3125,7.0625,3.4375],"rotation":0,"texture":"#0","tintindex":0}}},{"name":"cube","from":[8.375,17.126295,12.298241],"to":[8.825,18.476295,12.74824],"rotation":{"angle":-22.5,"axis":"x","origin":[13.55,22.526295,10.835741]},"faces":{"down":{"uv":[7.125,0.375,7.0625,0.4375],"rotation":0,"texture":"#0","tintindex":0},"east":{"uv":[3.8125,7.0,3.875,7.125],"rotation":0,"texture":"#0","tintindex":0},"north":{"uv":[7.0,3.625,7.0625,3.75],"rotation":0,"texture":"#0","tintindex":0},"south":{"uv":[7.0,3.8125,7.0625,3.9375],"rotation":0,"texture":"#0","tintindex":0},"up":{"uv":[0.4375,7.125,0.375,7.0625],"rotation":0,"texture":"#0","tintindex":0},"west":{"uv":[7.0,4.1875,7.0625,4.3125],"rotation":0,"texture":"#0","tintindex":0}}},{"name":"cube","from":[7.0249996,14.563157,11.681092],"to":[7.7,15.913157,12.131092],"rotation":{"angle":-45.0,"axis":"x","origin":[13.55,19.963158,10.331092]},"faces":{"down":{"uv":[0.8125,7.0625,0.75,7.125],"rotation":0,"texture":"#0","tintindex":0},"east":{"uv":[7.0,4.5625,7.0625,4.6875],"rotation":0,"texture":"#0","tintindex":0},"north":{"uv":[7.0,4.375,7.0625,4.5],"rotation":0,"texture":"#0","tintindex":0},"south":{"uv":[7.0,4.75,7.0625,4.875],"rotation":0,"texture":"#0","tintindex":0},"up":{"uv":[0.5625,7.125,0.5,7.0625],"rotation":0,"texture":"#0","tintindex":0},"west":{"uv":[5.0625,7.0,5.125,7.125],"rotation":0,"texture":"#0","tintindex":0}}},{"name":"cube","from":[7.7,19.7066,13.941134],"to":[8.375,20.1566,15.291134],"rotation":{"angle":22.5,"axis":"x","origin":[14.225,18.356598,9.891134]},"faces":{"down":{"uv":[5.4375,7.0,5.375,7.125],"rotation":0,"texture":"#0","tintindex":0},"east":{"uv":[5.1875,7.0,5.3125,7.0625],"rotation":0,"texture":"#0","tintindex":0},"north":{"uv":[7.0625,0.75,7.125,0.8125],"rotation":0,"texture":"#0","tintindex":0},"south":{"uv":[0.875,7.0625,0.9375,7.125],"rotation":0,"texture":"#0","tintindex":0},"up":{"uv":[7.0625,5.4375,7.0,5.3125],"rotation":0,"texture":"#0","tintindex":0},"west":{"uv":[7.0,5.1875,7.125,5.25],"rotation":0,"texture":"#0","tintindex":0}}},{"name":"cube","from":[14.225,28.65215,5.6122856],"to":[15.575001,30.002148,6.287286],"rotation":{"angle":0.0,"axis":"x","origin":[8.825,26.85215,8.537285]},"faces":{"down":{"uv":[7.125,5.6875,7.0,5.75],"rotation":0,"texture":"#0","tintindex":0},"east":{"uv":[5.5,7.0,5.5625,7.125],"rotation":0,"texture":"#0","tintindex":0},"north":{"uv":[1.75,6.9375,1.875,7.0625],"rotation":0,"texture":"#0","tintindex":0},"south":{"uv":[2.0625,6.9375,2.1875,7.0625],"rotation":0,"texture":"#0","tintindex":0},"up":{"uv":[5.75,7.0625,5.625,7.0],"rotation":0,"texture":"#0","tintindex":0},"west":{"uv":[7.0,5.5,7.0625,5.625],"rotation":0,"texture":"#0","tintindex":0}}},{"name":"cube","from":[15.05,29.327148,5.3872857],"to":[15.725,30.22715,6.287286],"rotation":{"angle":0.0,"axis":"x","origin":[8.825,26.85215,8.537285]},"faces":{"down":{"uv":[7.0625,6.75,7.0,6.875],"rotation":0,"texture":"#0","tintindex":0},"east":{"uv":[2.875,6.9375,3.0,7.0625],"rotation":0,"texture":"#0","tintindex":0},"north":{"uv":[5.8125,7.0,5.875,7.125],"rotation":0,"texture":"#0","tintindex":0},"south":{"uv":[7.0,5.8125,7.0625,5.9375],"rotation":0,"texture":"#0","tintindex":0},"up":{"uv":[6.0,7.125,5.9375,7.0],"rotation":0,"texture":"#0","tintindex":0},"west":{"uv":[3.0625,6.9375,3.1875,7.0625],"rotation":0,"texture":"#0","tintindex":0}}},{"name":"cube","from":[14.98738,26.722675,5.724786],"to":[15.437381,28.072674,6.1747856],"rotation":{"angle":22.5,"axis":"z","origin":[9.924881,24.922676,8.312285]},"faces":{"down":{"uv":[1.0625,7.0625,1.0,7.125],"rotation":0,"texture":"#0","tintindex":0},"east":{"uv":[7.0625,0.0,7.125,0.125],"rotation":0,"texture":"#0","tintindex":0},"north":{"uv":[7.0,6.9375,7.0625,7.0625],"rotation":0,"texture":"#0","tintindex":0},"south":{"uv":[7.0625,0.1875,7.125,0.3125],"rotation":0,"texture":"#0","tintindex":0},"up":{"uv":[7.125,0.9375,7.0625,0.875],"rotation":0,"texture":"#0","tintindex":0},"west":{"uv":[0.25,7.0625,0.3125,7.1875],"rotation":0,"texture":"#0","tintindex":0}}},{"name":"cube","from":[14.225,30.002148,5.837286],"to":[15.05,31.802147,6.287286],"rotation":{"angle":0.0,"axis":"x","origin":[8.825,26.85215,8.537285]},"faces":{"down":{"uv":[1.375,7.0625,1.3125,7.125],"rotation":0,"texture":"#0","tintindex":0},"east":{"uv":[5.125,0.875,5.1875,1.0625],"rotation":0,"texture":"#0","tintindex":0},"north":{"uv":[3.0,2.75,3.0625,2.9375],"rotation":0,"texture":"#0","tintindex":0},"south":{"uv":[3.0625,6.0625,3.125,6.25],"rotation":0,"texture":"#0","tintindex":0},"up":{"uv":[7.125,1.0625,7.0625,1.0],"rotation":0,"texture":"#0","tintindex":0},"west":{"uv":[3.25,6.9375,3.3125,7.125],"rotation":0,"texture":"#0","tintindex":0}}}],"display":{"head":{"translation":[0.0,-6.4,0.0],"rotation":[0.0,0.0,0.0],"scale":[3.8095,3.8095,3.8095]}}}