{"textures":{"0":"modelengine:entity/statue1"},"elements":[{"name":"cube","from":[10.4,-2.5922832,11.349915],"to":[14.0,1.9077169,12.474915],"rotation":{"angle":-22.5,"axis":"x","origin":[9.05,1.9077169,11.349915]},"faces":{"down":{"uv":[6.875,1.0625,6.5,1.1875],"rotation":0,"texture":"#0","tintindex":0},"east":{"uv":[4.0,6.3125,4.125,6.8125],"rotation":0,"texture":"#0","tintindex":0},"north":{"uv":[5.3125,2.875,5.6875,3.375],"rotation":0,"texture":"#0","tintindex":0},"south":{"uv":[5.3125,3.4375,5.6875,3.9375],"rotation":0,"texture":"#0","tintindex":0},"up":{"uv":[6.875,1.0,6.5,0.875],"rotation":0,"texture":"#0","tintindex":0},"west":{"uv":[4.1875,6.3125,4.3125,6.8125],"rotation":0,"texture":"#0","tintindex":0}}},{"name":"cube","from":[10.175,1.8464521,9.09568],"to":[14.225,3.6464522,9.995681],"rotation":{"angle":0.0,"axis":"x","origin":[9.05,2.296452,7.745681]},"faces":{"down":{"uv":[6.75,4.75,6.3125,4.875],"rotation":0,"texture":"#0","tintindex":0},"east":{"uv":[6.6875,6.0,6.8125,6.1875],"rotation":0,"texture":"#0","tintindex":0},"north":{"uv":[6.1875,0.625,6.625,0.8125],"rotation":0,"texture":"#0","tintindex":0},"south":{"uv":[6.1875,6.0,6.625,6.1875],"rotation":0,"texture":"#0","tintindex":0},"up":{"uv":[5.75,4.5625,5.3125,4.4375],"rotation":0,"texture":"#0","tintindex":0},"west":{"uv":[2.5,6.75,2.625,6.9375],"rotation":0,"texture":"#0","tintindex":0}}},{"name":"cube","from":[10.4,2.813075,9.648443],"to":[14.0,3.938075,13.248444],"rotation":{"angle":22.5,"axis":"x","origin":[9.05,2.813075,8.748444]},"faces":{"down":{"uv":[2.75,5.625,2.375,6.0],"rotation":0,"texture":"#0","tintindex":0},"east":{"uv":[6.5625,1.4375,6.9375,1.5625],"rotation":0,"texture":"#0","tintindex":0},"north":{"uv":[6.5,1.25,6.875,1.375],"rotation":0,"texture":"#0","tintindex":0},"south":{"uv":[6.625,0.0,7.0,0.125],"rotation":0,"texture":"#0","tintindex":0},"up":{"uv":[2.3125,6.0,1.9375,5.625],"rotation":0,"texture":"#0","tintindex":0},"west":{"uv":[6.625,0.1875,7.0,0.3125],"rotation":0,"texture":"#0","tintindex":0}}},{"name":"cube","from":[10.512501,2.130364,10.52392],"to":[13.8875,3.255364,13.111421],"rotation":{"angle":0.0,"axis":"x","origin":[9.05,2.130364,8.83642]},"faces":{"down":{"uv":[6.5625,0.3125,6.1875,0.5625],"rotation":0,"texture":"#0","tintindex":0},"east":{"uv":[6.625,4.0625,6.875,4.1875],"rotation":0,"texture":"#0","tintindex":0},"north":{"uv":[6.625,0.375,7.0,0.5],"rotation":0,"texture":"#0","tintindex":0},"south":{"uv":[1.625,6.625,2.0,6.75],"rotation":0,"texture":"#0","tintindex":0},"up":{"uv":[6.5625,0.25,6.1875,0.0],"rotation":0,"texture":"#0","tintindex":0},"west":{"uv":[6.6875,0.5625,6.9375,0.6875],"rotation":0,"texture":"#0","tintindex":0}}}],"display":{"head":{"translation":[0.0,-6.4,0.0],"rotation":[0.0,0.0,0.0],"scale":[3.8095,3.8095,3.8095]}}}