{"textures":{"0":"modelengine:entity/statue1"},"elements":[{"name":"cube","from":[9.425,11.6973,5.5395613],"to":[14.375,15.7473,7.789561],"rotation":{"angle":0.0,"axis":"x","origin":[9.875,6.2973,6.889561]},"faces":{"down":{"uv":[6.125,5.6875,5.625,5.9375],"rotation":0,"texture":"#0","tintindex":0},"east":{"uv":[2.8125,3.75,3.0625,4.1875],"rotation":0,"texture":"#0","tintindex":0},"north":{"uv":[5.25,0.0,5.75,0.4375],"rotation":0,"texture":"#0","tintindex":0},"south":{"uv":[5.25,0.5,5.75,0.9375],"rotation":0,"texture":"#0","tintindex":0},"up":{"uv":[6.125,5.625,5.625,5.375],"rotation":0,"texture":"#0","tintindex":0},"west":{"uv":[0.0,6.0,0.25,6.4375],"rotation":0,"texture":"#0","tintindex":0}}},{"name":"cube","from":[9.425,14.574331,-1.669806],"to":[14.375,16.824331,0.58019423],"rotation":{"angle":45.0,"axis":"x","origin":[9.875,7.374331,0.13019419]},"faces":{"down":{"uv":[6.25,2.6875,5.75,2.9375],"rotation":0,"texture":"#0","tintindex":0},"east":{"uv":[0.0,5.3125,0.25,5.5625],"rotation":0,"texture":"#0","tintindex":0},"north":{"uv":[5.75,1.75,6.25,2.0],"rotation":0,"texture":"#0","tintindex":0},"south":{"uv":[5.75,2.0625,6.25,2.3125],"rotation":0,"texture":"#0","tintindex":0},"up":{"uv":[6.25,2.625,5.75,2.375],"rotation":0,"texture":"#0","tintindex":0},"west":{"uv":[6.3125,2.3125,6.5625,2.5625],"rotation":0,"texture":"#0","tintindex":0}}},{"name":"cube","from":[10.1,6.6199865,5.185468],"to":[13.7,11.1199875,6.535468],"rotation":{"angle":-22.5,"axis":"x","origin":[9.875,9.319986,-2.0145316]},"faces":{"down":{"uv":[2.4375,6.4375,2.0625,6.5625],"rotation":0,"texture":"#0","tintindex":0},"east":{"uv":[3.1875,4.875,3.3125,5.375],"rotation":0,"texture":"#0","tintindex":0},"north":{"uv":[5.3125,1.75,5.6875,2.25],"rotation":0,"texture":"#0","tintindex":0},"south":{"uv":[5.3125,2.3125,5.6875,2.8125],"rotation":0,"texture":"#0","tintindex":0},"up":{"uv":[2.0,6.5625,1.625,6.4375],"rotation":0,"texture":"#0","tintindex":0},"west":{"uv":[0.625,6.3125,0.75,6.8125],"rotation":0,"texture":"#0","tintindex":0}}},{"name":"cube","from":[9.875,9.4473,5.5395613],"to":[13.925,11.6973,7.789561],"rotation":{"angle":0.0,"axis":"x","origin":[9.875,6.2973,6.889561]},"faces":{"down":{"uv":[6.4375,1.1875,6.0,1.4375],"rotation":0,"texture":"#0","tintindex":0},"east":{"uv":[6.3125,2.625,6.5625,2.875],"rotation":0,"texture":"#0","tintindex":0},"north":{"uv":[5.9375,4.9375,6.375,5.1875],"rotation":0,"texture":"#0","tintindex":0},"south":{"uv":[0.3125,6.0,0.75,6.25],"rotation":0,"texture":"#0","tintindex":0},"up":{"uv":[6.4375,1.125,6.0,0.875],"rotation":0,"texture":"#0","tintindex":0},"west":{"uv":[6.3125,2.9375,6.5625,3.1875],"rotation":0,"texture":"#0","tintindex":0}}},{"name":"cube","from":[8.975,5.8472996,5.5395613],"to":[14.825,9.4473,8.239561],"rotation":{"angle":0.0,"axis":"x","origin":[8.975,7.1973,7.339561]},"faces":{"down":{"uv":[2.6875,5.25,2.0625,5.5625],"rotation":0,"texture":"#0","tintindex":0},"east":{"uv":[5.8125,0.0,6.125,0.375],"rotation":0,"texture":"#0","tintindex":0},"north":{"uv":[3.375,4.25,4.0,4.625],"rotation":0,"texture":"#0","tintindex":0},"south":{"uv":[4.5625,0.0,5.1875,0.375],"rotation":0,"texture":"#0","tintindex":0},"up":{"uv":[2.0,5.5625,1.375,5.25],"rotation":0,"texture":"#0","tintindex":0},"west":{"uv":[5.8125,0.4375,6.125,0.8125],"rotation":0,"texture":"#0","tintindex":0}}},{"name":"cube","from":[8.975,-4.9526997,5.5395613],"to":[14.825,5.8472996,8.239561],"rotation":{"angle":0.0,"axis":"x","origin":[8.975,3.597301,7.339561]},"faces":{"down":{"uv":[5.9375,1.375,5.3125,1.6875],"rotation":0,"texture":"#0","tintindex":0},"east":{"uv":[4.125,2.25,4.4375,3.375],"rotation":0,"texture":"#0","tintindex":0},"north":{"uv":[0.0,3.0,0.625,4.125],"rotation":0,"texture":"#0","tintindex":0},"south":{"uv":[3.0,0.0,3.625,1.125],"rotation":0,"texture":"#0","tintindex":0},"up":{"uv":[5.9375,1.3125,5.3125,1.0],"rotation":0,"texture":"#0","tintindex":0},"west":{"uv":[4.125,3.4375,4.4375,4.5625],"rotation":0,"texture":"#0","tintindex":0}}},{"name":"cube","from":[8.113962,-3.0593271,5.877061],"to":[12.246943,6.9185724,9.252062],"rotation":{"angle":-22.5,"axis":"z","origin":[8.113962,4.668572,7.339561]},"faces":{"down":{"uv":[5.5625,5.375,5.125,5.75],"rotation":0,"texture":"#0","tintindex":0},"east":{"uv":[2.375,3.75,2.75,4.8125],"rotation":0,"texture":"#0","tintindex":0},"north":{"uv":[3.125,3.125,3.5625,4.1875],"rotation":0,"texture":"#0","tintindex":0},"south":{"uv":[3.5625,1.1875,4.0,2.25],"rotation":0,"texture":"#0","tintindex":0},"up":{"uv":[5.75,4.375,5.3125,4.0],"rotation":0,"texture":"#0","tintindex":0},"west":{"uv":[4.0625,1.125,4.4375,2.1875],"rotation":0,"texture":"#0","tintindex":0}}},{"name":"cube","from":[11.553057,-3.0593271,5.877061],"to":[15.686038,6.9185724,9.252062],"rotation":{"angle":22.5,"axis":"z","origin":[15.686038,4.668572,7.339561]},"faces":{"down":{"uv":[4.6875,5.4375,4.25,5.8125],"rotation":0,"texture":"#0","tintindex":0},"east":{"uv":[1.25,4.125,1.625,5.1875],"rotation":0,"texture":"#0","tintindex":0},"north":{"uv":[3.625,3.125,4.0625,4.1875],"rotation":0,"texture":"#0","tintindex":0},"south":{"uv":[3.6875,0.0,4.125,1.0625],"rotation":0,"texture":"#0","tintindex":0},"up":{"uv":[4.1875,5.8125,3.75,5.4375],"rotation":0,"texture":"#0","tintindex":0},"west":{"uv":[1.6875,4.125,2.0625,5.1875],"rotation":0,"texture":"#0","tintindex":0}}},{"name":"cube","from":[6.188425,-1.8120661,6.327061],"to":[11.202387,9.051895,8.35206],"rotation":{"angle":-45.0,"axis":"z","origin":[7.38401,5.15631,7.339561]},"faces":{"down":{"uv":[6.5,1.5,6.0,1.6875],"rotation":0,"texture":"#0","tintindex":0},"east":{"uv":[2.9375,4.875,3.125,6.0],"rotation":0,"texture":"#0","tintindex":0},"north":{"uv":[0.6875,3.0,1.1875,4.125],"rotation":0,"texture":"#0","tintindex":0},"south":{"uv":[3.0,1.1875,3.5,2.3125],"rotation":0,"texture":"#0","tintindex":0},"up":{"uv":[5.0625,1.0625,4.5625,0.875],"rotation":0,"texture":"#0","tintindex":0},"west":{"uv":[1.125,5.25,1.3125,6.375],"rotation":0,"texture":"#0","tintindex":0}}},{"name":"cube","from":[9.005,5.9481907,7.7914467],"to":[14.795001,9.2741585,9.169107],"rotation":{"angle":-22.5,"axis":"x","origin":[8.945,7.0241575,8.269108]},"faces":{"down":{"uv":[6.9375,1.75,6.3125,1.875],"rotation":0,"texture":"#0","tintindex":0},"east":{"uv":[5.875,6.375,6.0,6.75],"rotation":0,"texture":"#0","tintindex":0},"north":{"uv":[4.5625,0.4375,5.1875,0.8125],"rotation":0,"texture":"#0","tintindex":0},"south":{"uv":[4.0625,4.625,4.6875,5.0],"rotation":0,"texture":"#0","tintindex":0},"up":{"uv":[6.8125,6.375,6.1875,6.25],"rotation":0,"texture":"#0","tintindex":0},"west":{"uv":[1.0,6.4375,1.125,6.8125],"rotation":0,"texture":"#0","tintindex":0}}},{"name":"cube","from":[9.425,-4.8518095,10.041447],"to":[14.375,5.1260896,13.302089],"rotation":{"angle":-22.5,"axis":"x","origin":[8.975,-3.775844,8.269108]},"faces":{"down":{"uv":[0.5,5.625,0.0,5.9375],"rotation":0,"texture":"#0","tintindex":0},"east":{"uv":[0.0,4.1875,0.3125,5.25],"rotation":0,"texture":"#0","tintindex":0},"north":{"uv":[1.25,3.0,1.75,4.0625],"rotation":0,"texture":"#0","tintindex":0},"south":{"uv":[1.8125,3.0,2.3125,4.0625],"rotation":0,"texture":"#0","tintindex":0},"up":{"uv":[3.6875,5.8125,3.1875,5.5],"rotation":0,"texture":"#0","tintindex":0},"west":{"uv":[4.1875,0.0,4.5,1.0625],"rotation":0,"texture":"#0","tintindex":0}}},{"name":"cube","from":[9.425,-4.8518095,7.7914467],"to":[14.375,0.6260896,10.039588],"rotation":{"angle":-22.5,"axis":"x","origin":[8.975,-3.775844,8.269108]},"faces":{"down":{"uv":[6.25,3.3125,5.75,3.5625],"rotation":0,"texture":"#0","tintindex":0},"east":{"uv":[0.9375,4.1875,1.1875,4.75],"rotation":0,"texture":"#0","tintindex":0},"north":{"uv":[0.375,4.1875,0.875,4.75],"rotation":0,"texture":"#0","tintindex":0},"south":{"uv":[2.8125,4.25,3.3125,4.8125],"rotation":0,"texture":"#0","tintindex":0},"up":{"uv":[6.25,3.25,5.75,3.0],"rotation":0,"texture":"#0","tintindex":0},"west":{"uv":[4.75,5.4375,5.0,6.0],"rotation":0,"texture":"#0","tintindex":0}}}],"display":{"head":{"translation":[0.0,-6.4,0.0],"rotation":[0.0,0.0,0.0],"scale":[3.8095,3.8095,3.8095]}}}