{"textures":{"0":"modelengine:entity/statue1"},"elements":[{"name":"octagon","from":[6.508831,8.4125,4.3999996],"to":[9.491169,12.0125,11.6],"rotation":{"angle":45.0,"axis":"y","origin":[8.0,11.900001,8.0]},"faces":{"down":{"uv":[5.0625,4.625,4.75,5.375],"rotation":0,"texture":"#0","tintindex":0},"east":{"uv":[4.5,1.125,5.25,1.5],"rotation":0,"texture":"#0","tintindex":0},"north":{"uv":[5.8125,3.625,6.125,4.0],"rotation":0,"texture":"#0","tintindex":0},"south":{"uv":[5.8125,4.0625,6.125,4.4375],"rotation":0,"texture":"#0","tintindex":0},"up":{"uv":[3.6875,5.4375,3.375,4.6875],"rotation":0,"texture":"#0","tintindex":0},"west":{"uv":[4.5,1.5625,5.25,1.9375],"rotation":0,"texture":"#0","tintindex":0}}},{"name":"octagon","from":[6.508831,8.4125,4.3999996],"to":[9.491169,12.0125,11.6],"rotation":{"angle":0.0,"axis":"x","origin":[8.0,11.900001,8.0]},"faces":{"down":{"uv":[1.0625,4.8125,0.75,5.5625],"rotation":0,"texture":"#0","tintindex":0},"east":{"uv":[4.5,2.0,5.25,2.375],"rotation":0,"texture":"#0","tintindex":0},"north":{"uv":[5.0625,5.8125,5.375,6.1875],"rotation":0,"texture":"#0","tintindex":0},"south":{"uv":[3.1875,5.875,3.5,6.25],"rotation":0,"texture":"#0","tintindex":0},"up":{"uv":[0.6875,5.5625,0.375,4.8125],"rotation":0,"texture":"#0","tintindex":0},"west":{"uv":[4.5,2.4375,5.25,2.8125],"rotation":0,"texture":"#0","tintindex":0}}},{"name":"octagon","from":[4.3999996,8.4125,6.508831],"to":[11.6,12.0125,9.491169],"rotation":{"angle":45.0,"axis":"y","origin":[8.0,11.900001,8.0]},"faces":{"down":{"uv":[4.5,5.0625,3.75,5.375],"rotation":0,"texture":"#0","tintindex":0},"east":{"uv":[3.5625,5.875,3.875,6.25],"rotation":0,"texture":"#0","tintindex":0},"north":{"uv":[4.5,2.875,5.25,3.25],"rotation":0,"texture":"#0","tintindex":0},"south":{"uv":[4.5,3.3125,5.25,3.6875],"rotation":0,"texture":"#0","tintindex":0},"up":{"uv":[2.875,5.1875,2.125,4.875],"rotation":0,"texture":"#0","tintindex":0},"west":{"uv":[3.9375,5.875,4.25,6.25],"rotation":0,"texture":"#0","tintindex":0}}},{"name":"octagon","from":[4.3999996,8.4125,6.508831],"to":[11.6,12.0125,9.491169],"rotation":{"angle":0.0,"axis":"x","origin":[8.0,11.900001,8.0]},"faces":{"down":{"uv":[5.875,5.0,5.125,5.3125],"rotation":0,"texture":"#0","tintindex":0},"east":{"uv":[4.3125,5.875,4.625,6.25],"rotation":0,"texture":"#0","tintindex":0},"north":{"uv":[4.5,3.75,5.25,4.125],"rotation":0,"texture":"#0","tintindex":0},"south":{"uv":[4.5,4.1875,5.25,4.5625],"rotation":0,"texture":"#0","tintindex":0},"up":{"uv":[5.875,4.9375,5.125,4.625],"rotation":0,"texture":"#0","tintindex":0},"west":{"uv":[5.9375,4.5,6.25,4.875],"rotation":0,"texture":"#0","tintindex":0}}}],"display":{"head":{"translation":[0.0,-6.4,0.0],"rotation":[0.0,0.0,0.0],"scale":[3.8095,3.8095,3.8095]}}}