{"textures":{"0":"modelengine:entity/greengokart"},"elements":[{"name":"cube","from":[7.7893934,7.1024,7.3350515],"to":[9.584593,8.8976,11.578251],"rotation":{"angle":-22.5,"axis":"y","origin":[8.686994,8.0,7.6614513]},"faces":{"down":{"uv":[11.625,1.25,11.4375,2.125],"rotation":0,"texture":"#0","tintindex":0},"east":{"uv":[10.625,3.25,11.0625,3.625],"rotation":0,"texture":"#0","tintindex":0},"north":{"uv":[10.625,7.0,10.8125,7.375],"rotation":0,"texture":"#0","tintindex":0},"south":{"uv":[10.8125,7.0,11.0,7.375],"rotation":0,"texture":"#0","tintindex":0},"up":{"uv":[10.25,6.5,10.0625,5.625],"rotation":0,"texture":"#0","tintindex":0},"west":{"uv":[11.4375,0.875,11.875,1.25],"rotation":0,"texture":"#0","tintindex":0}}}],"display":{"head":{"translation":[0.0,-6.4,0.0],"rotation":[0.0,0.0,0.0],"scale":[3.8095,3.8095,3.8095]}}}