{"textures":{"0":"modelengine:entity/greengokart"},"elements":[{"name":"cube","from":[2.0431995,7.52,0.08479953],"to":[14.7728,9.152,18.363201],"rotation":{"angle":0.0,"axis":"x","origin":[8.0,7.52,8.0]},"faces":{"down":{"uv":[10.625,0.0,9.3125,3.75],"rotation":0,"texture":"#0","tintindex":0},"east":{"uv":[10.625,2.5,12.5,2.875],"rotation":0,"texture":"#0","tintindex":0},"north":{"uv":[11.1875,4.125,12.5,4.5],"rotation":0,"texture":"#0","tintindex":0},"south":{"uv":[10.625,2.5,12.5,2.875],"rotation":0,"texture":"#0","tintindex":0},"up":{"uv":[9.3125,3.75,8.0,0.0],"rotation":0,"texture":"#0","tintindex":0},"west":{"uv":[10.625,2.5,12.5,2.875],"rotation":0,"texture":"#0","tintindex":0}}},{"name":"cube","from":[5.0624,7.52,13.712001],"to":[11.7536,12.5792,17.9552],"rotation":{"angle":0.0,"axis":"x","origin":[8.0,7.52,8.0]},"faces":{"down":{"uv":[11.875,3.25,11.1875,4.125],"rotation":0,"texture":"#0","tintindex":0},"east":{"uv":[11.1875,4.875,11.625,5.875],"rotation":0,"texture":"#0","tintindex":0},"north":{"uv":[8.0,5.625,8.6875,6.625],"rotation":0,"texture":"#0","tintindex":0},"south":{"uv":[8.6875,5.625,9.375,6.625],"rotation":0,"texture":"#0","tintindex":0},"up":{"uv":[10.0625,6.5,9.375,5.625],"rotation":0,"texture":"#0","tintindex":0},"west":{"uv":[11.1875,5.875,11.625,6.875],"rotation":0,"texture":"#0","tintindex":0}}},{"name":"cube","from":[4.4912,9.152,7.184],"to":[12.3248005,10.049601,13.7936],"rotation":{"angle":0.0,"axis":"x","origin":[8.0,7.52,8.0]},"faces":{"down":{"uv":[3.0,8.0,5.0,9.0],"rotation":0,"texture":"#0","tintindex":0},"east":{"uv":[3.0,8.0,5.0,9.0],"rotation":0,"texture":"#0","tintindex":0},"north":{"uv":[3.0,8.0,5.0,9.0],"rotation":0,"texture":"#0","tintindex":0},"south":{"uv":[3.0,8.0,5.0,9.0],"rotation":0,"texture":"#0","tintindex":0},"up":{"uv":[3.0,8.0,5.0,9.0],"rotation":0,"texture":"#0","tintindex":0},"west":{"uv":[3.0,8.0,5.0,9.0],"rotation":0,"texture":"#0","tintindex":0}}},{"name":"cube","from":[4.4912,10.049601,12.4064],"to":[12.3248005,16.006401,13.7936],"rotation":{"angle":0.0,"axis":"x","origin":[8.0,7.52,8.0]},"faces":{"down":{"uv":[3.0,8.0,5.0,9.0],"rotation":0,"texture":"#0","tintindex":0},"east":{"uv":[3.0,8.0,5.0,9.0],"rotation":0,"texture":"#0","tintindex":0},"north":{"uv":[3.0,8.0,5.0,9.0],"rotation":0,"texture":"#0","tintindex":0},"south":{"uv":[3.0,8.0,5.0,9.0],"rotation":0,"texture":"#0","tintindex":0},"up":{"uv":[3.0,8.0,5.0,9.0],"rotation":0,"texture":"#0","tintindex":0},"west":{"uv":[3.0,8.0,5.0,9.0],"rotation":0,"texture":"#0","tintindex":0}}},{"name":"cube","from":[4.2176,12.824,3.1855998],"to":[12.5984,14.211201,12.4064],"rotation":{"angle":-45.0,"axis":"x","origin":[8.408,7.928,8.408]},"faces":{"down":{"uv":[10.375,3.75,9.1875,5.625],"rotation":0,"texture":"#0","tintindex":0},"east":{"uv":[9.1875,6.75,10.125,7.0],"rotation":0,"texture":"#0","tintindex":0},"north":{"uv":[9.375,6.5,10.5625,6.75],"rotation":0,"texture":"#0","tintindex":0},"south":{"uv":[8.0,6.625,9.1875,6.875],"rotation":0,"texture":"#0","tintindex":0},"up":{"uv":[9.1875,5.625,8.0,3.75],"rotation":0,"texture":"#0","tintindex":0},"west":{"uv":[10.125,6.75,11.0625,7.0],"rotation":0,"texture":"#0","tintindex":0}}},{"name":"cube","from":[7.8368,12.987201,11.9168005],"to":[8.9792,14.048,13.222401],"rotation":{"angle":-45.0,"axis":"x","origin":[8.408,7.928,8.408]},"faces":{"down":{"uv":[3.0,8.0,5.0,9.0],"rotation":0,"texture":"#0","tintindex":0},"east":{"uv":[3.0,8.0,5.0,9.0],"rotation":0,"texture":"#0","tintindex":0},"north":{"uv":[3.0,8.0,5.0,9.0],"rotation":0,"texture":"#0","tintindex":0},"south":{"uv":[3.0,8.0,5.0,9.0],"rotation":0,"texture":"#0","tintindex":0},"up":{"uv":[3.0,8.0,5.0,9.0],"rotation":0,"texture":"#0","tintindex":0},"west":{"uv":[3.0,8.0,5.0,9.0],"rotation":0,"texture":"#0","tintindex":0}}},{"name":"cube","from":[6.5312,11.9264,13.1408],"to":[10.284801,15.1088,13.6304],"rotation":{"angle":-45.0,"axis":"x","origin":[8.408,7.928,8.408]},"faces":{"down":{"uv":[3.0,8.0,5.0,9.0],"rotation":0,"texture":"#0","tintindex":0},"east":{"uv":[3.0,8.0,5.0,9.0],"rotation":0,"texture":"#0","tintindex":0},"north":{"uv":[3.0,8.0,5.0,9.0],"rotation":0,"texture":"#0","tintindex":0},"south":{"uv":[3.0,8.0,5.0,9.0],"rotation":0,"texture":"#0","tintindex":0},"up":{"uv":[3.0,8.0,5.0,9.0],"rotation":0,"texture":"#0","tintindex":0},"west":{"uv":[3.0,8.0,5.0,9.0],"rotation":0,"texture":"#0","tintindex":0}}}],"display":{"head":{"translation":[0.0,-6.4,0.0],"rotation":[0.0,0.0,0.0],"scale":[3.8095,3.8095,3.8095]}}}