{"textures":{"0":"modelengine:entity/greengokart"},"elements":[{"name":"cube","from":[7.3472,7.1024,7.1432],"to":[9.1424,8.8976,11.3864],"rotation":{"angle":22.5,"axis":"y","origin":[8.0,8.0,9.02]},"faces":{"down":{"uv":[9.5625,7.0,9.375,7.875],"rotation":0,"texture":"#0","tintindex":0},"east":{"uv":[11.4375,2.125,11.875,2.5],"rotation":0,"texture":"#0","tintindex":0},"north":{"uv":[9.8125,7.125,10.0,7.5],"rotation":0,"texture":"#0","tintindex":0},"south":{"uv":[10.0,7.125,10.1875,7.5],"rotation":0,"texture":"#0","tintindex":0},"up":{"uv":[9.375,7.875,9.1875,7.0],"rotation":0,"texture":"#0","tintindex":0},"west":{"uv":[11.0625,6.875,11.5,7.25],"rotation":0,"texture":"#0","tintindex":0}}}],"display":{"head":{"translation":[0.0,-6.4,0.0],"rotation":[0.0,0.0,0.0],"scale":[3.8095,3.8095,3.8095]}}}