{"textures":{"0":"modelengine:entity/village_warrior"},"elements":[{"name":"body","from":[5.3,3.4999998,6.5],"to":[10.700001,8.3,9.5],"rotation":{"angle":0.0,"axis":"x","origin":[8.0,5.8999996,8.0]},"faces":{"down":{"uv":[6.0,5.25,4.0,6.25],"rotation":0,"texture":"#0","tintindex":0},"east":{"uv":[4.0,6.25,5.0,8.0],"rotation":0,"texture":"#0","tintindex":0},"north":{"uv":[2.0,0.0,4.0,1.75],"rotation":0,"texture":"#0","tintindex":0},"south":{"uv":[2.0,1.75,4.0,3.5],"rotation":0,"texture":"#0","tintindex":0},"up":{"uv":[4.0,6.25,2.0,5.25],"rotation":0,"texture":"#0","tintindex":0},"west":{"uv":[5.0,6.25,6.0,8.0],"rotation":0,"texture":"#0","tintindex":0}}}],"display":{"head":{"translation":[0.0,-6.4,0.0],"rotation":[0.0,0.0,0.0],"scale":[3.8095,3.8095,3.8095]}}}