{"textures":{"0":"modelengine:entity/village_warrior"},"elements":[{"name":"body","from":[5.3,5.3,6.5],"to":[10.700001,10.700001,9.5],"rotation":{"angle":0.0,"axis":"x","origin":[8.0,8.0,8.0]},"faces":{"down":{"uv":[4.0,6.25,2.0,7.25],"rotation":0,"texture":"#0","tintindex":0},"east":{"uv":[0.0,5.75,1.0,7.75],"rotation":0,"texture":"#0","tintindex":0},"north":{"uv":[0.0,0.0,2.0,2.0],"rotation":0,"texture":"#0","tintindex":0},"south":{"uv":[0.0,2.0,2.0,4.0],"rotation":0,"texture":"#0","tintindex":0},"up":{"uv":[7.5,1.0,5.5,0.0],"rotation":0,"texture":"#0","tintindex":0},"west":{"uv":[6.0,5.25,7.0,7.25],"rotation":0,"texture":"#0","tintindex":0}}}],"display":{"head":{"translation":[0.0,-6.4,0.0],"rotation":[0.0,0.0,0.0],"scale":[3.8095,3.8095,3.8095]}}}