{"textures":{"0":"modelengine:entity/village_warrior"},"elements":[{"name":"leftarm","from":[7.4,5.6,6.8],"to":[9.8,9.2,9.2],"rotation":{"angle":0.0,"axis":"x","origin":[5.0,-5.200001,8.0]},"faces":{"down":{"uv":[1.0,11.0,0.0,12.0],"rotation":0,"texture":"#0","tintindex":0},"east":{"uv":[9.0,9.25,10.0,10.75],"rotation":0,"texture":"#0","tintindex":0},"north":{"uv":[8.0,9.25,9.0,10.75],"rotation":0,"texture":"#0","tintindex":0},"south":{"uv":[0.0,9.5,1.0,11.0],"rotation":0,"texture":"#0","tintindex":0},"up":{"uv":[10.0,11.75,9.0,10.75],"rotation":0,"texture":"#0","tintindex":0},"west":{"uv":[9.5,0.0,10.5,1.5],"rotation":0,"texture":"#0","tintindex":0}}},{"name":"rightarm","from":[1.9399996,9.139999,6.6499996],"to":[4.49,10.34,9.35],"rotation":{"angle":-22.5,"axis":"z","origin":[5.0,-5.200001,8.0]},"faces":{"down":{"uv":[11.125,6.5,10.0,7.625],"rotation":0,"texture":"#0","tintindex":0},"east":{"uv":[10.5,1.0,11.625,1.5],"rotation":0,"texture":"#0","tintindex":0},"north":{"uv":[5.5,1.0,6.625,1.5],"rotation":0,"texture":"#0","tintindex":0},"south":{"uv":[10.0,11.25,11.125,11.75],"rotation":0,"texture":"#0","tintindex":0},"up":{"uv":[11.125,6.375,10.0,5.25],"rotation":0,"texture":"#0","tintindex":0},"west":{"uv":[11.25,11.25,12.375,11.75],"rotation":0,"texture":"#0","tintindex":0}}}],"display":{"head":{"translation":[0.0,-6.4,0.0],"rotation":[0.0,0.0,0.0],"scale":[3.8095,3.8095,3.8095]}}}