{"textures":{"0":"modelengine:entity/village_warrior"},"elements":[{"name":"head","from":[6.2,8.0,6.2],"to":[9.8,12.2,9.8],"rotation":{"angle":0.0,"axis":"x","origin":[8.0,-6.4000006,8.0]},"faces":{"down":{"uv":[6.5,3.75,5.0,5.25],"rotation":0,"texture":"#0","tintindex":0},"east":{"uv":[3.5,3.5,5.0,5.25],"rotation":0,"texture":"#0","tintindex":0},"north":{"uv":[2.0,3.5,3.5,5.25],"rotation":0,"texture":"#0","tintindex":0},"south":{"uv":[0.0,4.0,1.5,5.75],"rotation":0,"texture":"#0","tintindex":0},"up":{"uv":[6.5,3.75,5.0,2.25],"rotation":0,"texture":"#0","tintindex":0},"west":{"uv":[4.0,0.0,5.5,1.75],"rotation":0,"texture":"#0","tintindex":0}}},{"name":"head","from":[6.05,11.0,6.05],"to":[9.950001,11.6,6.05],"rotation":{"angle":0.0,"axis":"x","origin":[8.0,-6.4000006,8.0]},"faces":{"down":{"uv":[1.625,0.0,0.0,0.0],"rotation":0,"texture":"#0","tintindex":0},"east":{"uv":[0.0,0.0,0.0,0.25],"rotation":0,"texture":"#0","tintindex":0},"north":{"uv":[5.5,1.5,7.125,1.75],"rotation":0,"texture":"#0","tintindex":0},"south":{"uv":[9.5,1.5,11.125,1.75],"rotation":0,"texture":"#0","tintindex":0},"up":{"uv":[1.625,0.0,0.0,0.0],"rotation":0,"texture":"#0","tintindex":0},"west":{"uv":[0.0,0.0,0.0,0.25],"rotation":0,"texture":"#0","tintindex":0}}},{"name":"head","from":[6.05,11.0,9.950001],"to":[9.950001,11.6,9.950001],"rotation":{"angle":0.0,"axis":"x","origin":[8.0,-6.4000006,8.0]},"faces":{"down":{"uv":[1.625,0.0,0.0,0.0],"rotation":0,"texture":"#0","tintindex":0},"east":{"uv":[0.0,0.0,0.0,0.25],"rotation":0,"texture":"#0","tintindex":0},"north":{"uv":[11.25,1.5,12.875,1.75],"rotation":0,"texture":"#0","tintindex":0},"south":{"uv":[11.75,1.0,13.375,1.25],"rotation":0,"texture":"#0","tintindex":0},"up":{"uv":[1.625,0.0,0.0,0.0],"rotation":0,"texture":"#0","tintindex":0},"west":{"uv":[0.0,0.0,0.0,0.25],"rotation":0,"texture":"#0","tintindex":0}}},{"name":"head","from":[6.05,11.0,6.05],"to":[6.05,11.6,9.950001],"rotation":{"angle":0.0,"axis":"x","origin":[8.0,-6.4000006,8.0]},"faces":{"down":{"uv":[0.0,0.0,0.0,1.625],"rotation":0,"texture":"#0","tintindex":0},"east":{"uv":[11.75,1.25,13.375,1.5],"rotation":0,"texture":"#0","tintindex":0},"north":{"uv":[0.0,0.0,0.0,0.25],"rotation":0,"texture":"#0","tintindex":0},"south":{"uv":[0.0,0.0,0.0,0.25],"rotation":0,"texture":"#0","tintindex":0},"up":{"uv":[0.0,1.625,0.0,0.0],"rotation":0,"texture":"#0","tintindex":0},"west":{"uv":[2.0,11.75,3.625,12.0],"rotation":0,"texture":"#0","tintindex":0}}},{"name":"head","from":[9.950001,11.0,6.05],"to":[9.950001,11.6,9.950001],"rotation":{"angle":0.0,"axis":"x","origin":[8.0,-6.4000006,8.0]},"faces":{"down":{"uv":[0.0,0.0,0.0,1.625],"rotation":0,"texture":"#0","tintindex":0},"east":{"uv":[8.0,11.75,9.625,12.0],"rotation":0,"texture":"#0","tintindex":0},"north":{"uv":[0.0,0.0,0.0,0.25],"rotation":0,"texture":"#0","tintindex":0},"south":{"uv":[0.0,0.0,0.0,0.25],"rotation":0,"texture":"#0","tintindex":0},"up":{"uv":[0.0,1.625,0.0,0.0],"rotation":0,"texture":"#0","tintindex":0},"west":{"uv":[9.75,11.75,11.375,12.0],"rotation":0,"texture":"#0","tintindex":0}}},{"name":"head","from":[7.4,6.8,5.0],"to":[8.6,9.2,6.2],"rotation":{"angle":0.0,"axis":"x","origin":[8.0,-6.4000006,8.0]},"faces":{"down":{"uv":[1.5,8.75,1.0,9.25],"rotation":0,"texture":"#0","tintindex":0},"east":{"uv":[6.5,4.0,7.0,5.0],"rotation":0,"texture":"#0","tintindex":0},"north":{"uv":[1.0,5.75,1.5,6.75],"rotation":0,"texture":"#0","tintindex":0},"south":{"uv":[1.0,6.75,1.5,7.75],"rotation":0,"texture":"#0","tintindex":0},"up":{"uv":[7.25,1.5,6.75,1.0],"rotation":0,"texture":"#0","tintindex":0},"west":{"uv":[1.0,7.75,1.5,8.75],"rotation":0,"texture":"#0","tintindex":0}}}],"display":{"head":{"translation":[0.0,-6.4,0.0],"rotation":[0.0,0.0,0.0],"scale":[3.8095,3.8095,3.8095]}}}