{"textures":{"0":"modelengine:entity/village_warrior"},"elements":[{"name":"rightleg","from":[6.8,4.7,6.8],"to":[9.2,8.6,9.2],"rotation":{"angle":0.0,"axis":"x","origin":[9.139999,0.7999997,8.0]},"faces":{"down":{"uv":[4.0,10.75,3.0,11.75],"rotation":0,"texture":"#0","tintindex":0},"east":{"uv":[2.0,9.0,3.0,10.625],"rotation":0,"texture":"#0","tintindex":0},"north":{"uv":[8.5,2.25,9.5,3.875],"rotation":0,"texture":"#0","tintindex":0},"south":{"uv":[3.0,9.0,4.0,10.625],"rotation":0,"texture":"#0","tintindex":0},"up":{"uv":[3.0,11.75,2.0,10.75],"rotation":0,"texture":"#0","tintindex":0},"west":{"uv":[9.0,4.0,10.0,5.625],"rotation":0,"texture":"#0","tintindex":0}}}],"display":{"head":{"translation":[0.0,-6.4,0.0],"rotation":[0.0,0.0,0.0],"scale":[3.8095,3.8095,3.8095]}}}