{"textures":{"0":"modelengine:entity/village_warrior"},"elements":[{"name":"leg2","from":[6.8,4.7,6.8],"to":[9.2,8.6,9.2],"rotation":{"angle":0.0,"axis":"x","origin":[6.8,0.7999997,8.0]},"faces":{"down":{"uv":[11.0,10.25,10.0,11.25],"rotation":0,"texture":"#0","tintindex":0},"east":{"uv":[0.0,7.75,1.0,9.375],"rotation":0,"texture":"#0","tintindex":0},"north":{"uv":[7.0,7.5,8.0,9.125],"rotation":0,"texture":"#0","tintindex":0},"south":{"uv":[4.0,8.0,5.0,9.625],"rotation":0,"texture":"#0","tintindex":0},"up":{"uv":[5.0,3.25,4.0,2.25],"rotation":0,"texture":"#0","tintindex":0},"west":{"uv":[8.0,4.0,9.0,5.625],"rotation":0,"texture":"#0","tintindex":0}}}],"display":{"head":{"translation":[0.0,-6.4,0.0],"rotation":[0.0,0.0,0.0],"scale":[3.8095,3.8095,3.8095]}}}