{"textures":{"0":"modelengine:entity/village_warrior"},"elements":[{"name":"leftarm","from":[6.5,3.7999997,6.8],"to":[8.9,8.0,9.2],"rotation":{"angle":0.0,"axis":"x","origin":[4.1,-2.8000002,8.0]},"faces":{"down":{"uv":[12.0,4.25,11.0,5.25],"rotation":0,"texture":"#0","tintindex":0},"east":{"uv":[7.0,4.0,8.0,5.75],"rotation":0,"texture":"#0","tintindex":0},"north":{"uv":[6.5,2.25,7.5,4.0],"rotation":0,"texture":"#0","tintindex":0},"south":{"uv":[7.0,5.75,8.0,7.5],"rotation":0,"texture":"#0","tintindex":0},"up":{"uv":[12.0,4.25,11.0,3.25],"rotation":0,"texture":"#0","tintindex":0},"west":{"uv":[2.0,7.25,3.0,9.0],"rotation":0,"texture":"#0","tintindex":0}}},{"name":"rightarm","from":[8.9,4.5499997,7.1],"to":[9.2,7.55,8.9],"rotation":{"angle":0.0,"axis":"x","origin":[4.1,0.7999997,8.0]},"faces":{"down":{"uv":[3.875,11.75,3.75,12.5],"rotation":0,"texture":"#0","tintindex":0},"east":{"uv":[11.25,5.25,12.0,6.5],"rotation":0,"texture":"#0","tintindex":0},"north":{"uv":[1.0,9.25,1.125,10.5],"rotation":0,"texture":"#0","tintindex":0},"south":{"uv":[1.25,9.25,1.375,10.5],"rotation":0,"texture":"#0","tintindex":0},"up":{"uv":[7.375,1.75,7.25,1.0],"rotation":0,"texture":"#0","tintindex":0},"west":{"uv":[11.25,6.5,12.0,7.75],"rotation":0,"texture":"#0","tintindex":0}}}],"display":{"head":{"translation":[0.0,-6.4,0.0],"rotation":[0.0,0.0,0.0],"scale":[3.8095,3.8095,3.8095]}}}