{"textures":{"0":"modelengine:entity/village_warrior"},"elements":[{"name":"rightleg","from":[6.8599997,4.3999996,6.8],"to":[9.26,8.3,9.2],"rotation":{"angle":0.0,"axis":"x","origin":[9.2,4.3999996,8.0]},"faces":{"down":{"uv":[9.0,10.75,8.0,11.75],"rotation":0,"texture":"#0","tintindex":0},"east":{"uv":[6.0,9.0,7.0,10.625],"rotation":0,"texture":"#0","tintindex":0},"north":{"uv":[9.0,5.75,10.0,7.375],"rotation":0,"texture":"#0","tintindex":0},"south":{"uv":[9.0,7.5,10.0,9.125],"rotation":0,"texture":"#0","tintindex":0},"up":{"uv":[7.0,11.75,6.0,10.75],"rotation":0,"texture":"#0","tintindex":0},"west":{"uv":[7.0,9.25,8.0,10.875],"rotation":0,"texture":"#0","tintindex":0}}}],"display":{"head":{"translation":[0.0,-6.4,0.0],"rotation":[0.0,0.0,0.0],"scale":[3.8095,3.8095,3.8095]}}}