{"textures":{"0":"modelengine:entity/village_warrior"},"elements":[{"name":"rightarm","from":[6.2,5.6,6.8],"to":[8.6,9.2,9.2],"rotation":{"angle":0.0,"axis":"x","origin":[11.0,-5.200001,8.0]},"faces":{"down":{"uv":[12.0,10.25,11.0,11.25],"rotation":0,"texture":"#0","tintindex":0},"east":{"uv":[4.0,9.75,5.0,11.25],"rotation":0,"texture":"#0","tintindex":0},"north":{"uv":[9.5,2.25,10.5,3.75],"rotation":0,"texture":"#0","tintindex":0},"south":{"uv":[5.0,9.75,6.0,11.25],"rotation":0,"texture":"#0","tintindex":0},"up":{"uv":[8.0,12.0,7.0,11.0],"rotation":0,"texture":"#0","tintindex":0},"west":{"uv":[10.0,3.75,11.0,5.25],"rotation":0,"texture":"#0","tintindex":0}}},{"name":"rightarm","from":[11.51,9.139999,6.6499996],"to":[14.06,10.34,9.35],"rotation":{"angle":22.5,"axis":"z","origin":[11.0,-5.200001,8.0]},"faces":{"down":{"uv":[11.125,9.0,10.0,10.125],"rotation":0,"texture":"#0","tintindex":0},"east":{"uv":[11.5,0.5,12.625,1.0],"rotation":0,"texture":"#0","tintindex":0},"north":{"uv":[11.5,0.0,12.625,0.5],"rotation":0,"texture":"#0","tintindex":0},"south":{"uv":[11.5,2.25,12.625,2.75],"rotation":0,"texture":"#0","tintindex":0},"up":{"uv":[11.125,8.875,10.0,7.75],"rotation":0,"texture":"#0","tintindex":0},"west":{"uv":[11.5,2.75,12.625,3.25],"rotation":0,"texture":"#0","tintindex":0}}}],"display":{"head":{"translation":[0.0,-6.4,0.0],"rotation":[0.0,0.0,0.0],"scale":[3.8095,3.8095,3.8095]}}}