{"textures":{"0":"modelengine:entity/village_warrior"},"elements":[{"name":"rightarm","from":[7.1,3.7999997,6.8],"to":[9.5,8.0,9.2],"rotation":{"angle":0.0,"axis":"x","origin":[11.900001,-6.4000006,8.0]},"faces":{"down":{"uv":[6.0,11.25,5.0,12.25],"rotation":0,"texture":"#0","tintindex":0},"east":{"uv":[6.0,7.25,7.0,9.0],"rotation":0,"texture":"#0","tintindex":0},"north":{"uv":[3.0,7.25,4.0,9.0],"rotation":0,"texture":"#0","tintindex":0},"south":{"uv":[7.5,0.0,8.5,1.75],"rotation":0,"texture":"#0","tintindex":0},"up":{"uv":[5.0,12.25,4.0,11.25],"rotation":0,"texture":"#0","tintindex":0},"west":{"uv":[7.5,2.25,8.5,4.0],"rotation":0,"texture":"#0","tintindex":0}}},{"name":"rightarm","from":[6.8,4.5499997,7.1],"to":[7.1,7.55,8.9],"rotation":{"angle":0.0,"axis":"x","origin":[11.900001,-6.4000006,8.0]},"faces":{"down":{"uv":[3.625,12.0,3.5,12.75],"rotation":0,"texture":"#0","tintindex":0},"east":{"uv":[11.25,7.75,12.0,9.0],"rotation":0,"texture":"#0","tintindex":0},"north":{"uv":[1.0,10.5,1.125,11.75],"rotation":0,"texture":"#0","tintindex":0},"south":{"uv":[1.25,10.5,1.375,11.75],"rotation":0,"texture":"#0","tintindex":0},"up":{"uv":[6.875,12.5,6.75,11.75],"rotation":0,"texture":"#0","tintindex":0},"west":{"uv":[11.25,9.0,12.0,10.25],"rotation":0,"texture":"#0","tintindex":0}}}],"display":{"head":{"translation":[0.0,-6.4,0.0],"rotation":[0.0,0.0,0.0],"scale":[3.8095,3.8095,3.8095]}}}