{"textures":{"0":"modelengine:entity/village_warrior"},"elements":[{"name":"cube","from":[7.7,7.7,-4.551358],"to":[8.3,8.3,18.848642],"rotation":{"angle":0.0,"axis":"x","origin":[11.900001,-3.1000004,8.048642]},"faces":{"down":{"uv":[2.0,4.0,1.75,13.75],"rotation":0,"texture":"#0","tintindex":0},"east":{"uv":[4.0,1.75,13.75,2.0],"rotation":0,"texture":"#0","tintindex":0},"north":{"uv":[4.75,3.25,5.0,3.5],"rotation":0,"texture":"#0","tintindex":0},"south":{"uv":[1.0,11.75,1.25,12.0],"rotation":0,"texture":"#0","tintindex":0},"up":{"uv":[1.75,13.75,1.5,4.0],"rotation":0,"texture":"#0","tintindex":0},"west":{"uv":[4.0,2.0,13.75,2.25],"rotation":0,"texture":"#0","tintindex":0}}},{"name":"cube","from":[7.85,8.521376,-5.1950483],"to":[8.0,9.121376,-3.3950486],"rotation":{"angle":0.0,"axis":"x","origin":[11.900001,-6.7786236,1.2549522]},"faces":{"down":{"uv":[12.125,4.25,12.0,5.0],"rotation":0,"texture":"#0","tintindex":0},"east":{"uv":[4.0,3.25,4.75,3.5],"rotation":0,"texture":"#0","tintindex":0},"north":{"uv":[12.0,7.75,12.125,8.0],"rotation":0,"texture":"#0","tintindex":0},"south":{"uv":[8.0,12.0,8.125,12.25],"rotation":0,"texture":"#0","tintindex":0},"up":{"uv":[12.125,4.25,12.0,3.5],"rotation":0,"texture":"#0","tintindex":0},"west":{"uv":[6.0,11.75,6.75,12.0],"rotation":0,"texture":"#0","tintindex":0}}},{"name":"cube","from":[7.844,9.890332,-16.0],"to":[7.994,10.490332,-14.799999],"rotation":{"angle":45.0,"axis":"x","origin":[11.900001,-5.409668,-11.35]},"faces":{"down":{"uv":[7.375,12.0,7.25,12.5],"rotation":0,"texture":"#0","tintindex":0},"east":{"uv":[6.5,5.0,7.0,5.25],"rotation":0,"texture":"#0","tintindex":0},"north":{"uv":[12.0,8.0,12.125,8.25],"rotation":0,"texture":"#0","tintindex":0},"south":{"uv":[8.25,12.0,8.375,12.25],"rotation":0,"texture":"#0","tintindex":0},"up":{"uv":[7.125,12.5,7.0,12.0],"rotation":0,"texture":"#0","tintindex":0},"west":{"uv":[9.5,3.75,10.0,4.0],"rotation":0,"texture":"#0","tintindex":0}}},{"name":"cube","from":[7.844,5.5262327,-16.0],"to":[7.994,6.126232,-14.799999],"rotation":{"angle":-45.0,"axis":"x","origin":[11.900001,21.426231,-11.35]},"faces":{"down":{"uv":[7.625,12.0,7.5,12.5],"rotation":0,"texture":"#0","tintindex":0},"east":{"uv":[10.5,3.25,11.0,3.5],"rotation":0,"texture":"#0","tintindex":0},"north":{"uv":[12.0,8.25,12.125,8.5],"rotation":0,"texture":"#0","tintindex":0},"south":{"uv":[8.5,12.0,8.625,12.25],"rotation":0,"texture":"#0","tintindex":0},"up":{"uv":[12.125,7.75,12.0,7.25],"rotation":0,"texture":"#0","tintindex":0},"west":{"uv":[10.5,3.5,11.0,3.75],"rotation":0,"texture":"#0","tintindex":0}}},{"name":"cube","from":[7.85,6.895188,-5.1950483],"to":[8.0,7.4951878,-3.3950486],"rotation":{"angle":0.0,"axis":"x","origin":[11.900001,22.795189,1.2549522]},"faces":{"down":{"uv":[12.125,5.75,12.0,6.5],"rotation":0,"texture":"#0","tintindex":0},"east":{"uv":[11.5,11.75,12.25,12.0],"rotation":0,"texture":"#0","tintindex":0},"north":{"uv":[12.0,8.5,12.125,8.75],"rotation":0,"texture":"#0","tintindex":0},"south":{"uv":[8.75,12.0,8.875,12.25],"rotation":0,"texture":"#0","tintindex":0},"up":{"uv":[12.125,5.75,12.0,5.0],"rotation":0,"texture":"#0","tintindex":0},"west":{"uv":[0.0,12.0,0.75,12.25],"rotation":0,"texture":"#0","tintindex":0}}},{"name":"cube","from":[7.844,12.2,-1.4013586],"to":[7.994,12.8,0.3986416],"rotation":{"angle":-22.5,"axis":"x","origin":[11.900001,-3.1000004,6.848642]},"faces":{"down":{"uv":[6.375,12.0,6.25,12.75],"rotation":0,"texture":"#0","tintindex":0},"east":{"uv":[0.75,12.0,1.5,12.25],"rotation":0,"texture":"#0","tintindex":0},"north":{"uv":[12.0,8.75,12.125,9.0],"rotation":0,"texture":"#0","tintindex":0},"south":{"uv":[9.0,12.0,9.125,12.25],"rotation":0,"texture":"#0","tintindex":0},"up":{"uv":[6.125,12.75,6.0,12.0],"rotation":0,"texture":"#0","tintindex":0},"west":{"uv":[2.0,12.0,2.75,12.25],"rotation":0,"texture":"#0","tintindex":0}}},{"name":"cube","from":[7.856,3.2165642,-1.4013586],"to":[8.0060005,3.8165643,0.3986416],"rotation":{"angle":22.5,"axis":"x","origin":[11.900001,19.116566,6.848642]},"faces":{"down":{"uv":[12.125,6.5,12.0,7.25],"rotation":0,"texture":"#0","tintindex":0},"east":{"uv":[2.75,12.0,3.5,12.25],"rotation":0,"texture":"#0","tintindex":0},"north":{"uv":[12.0,9.0,12.125,9.25],"rotation":0,"texture":"#0","tintindex":0},"south":{"uv":[9.25,12.0,9.375,12.25],"rotation":0,"texture":"#0","tintindex":0},"up":{"uv":[6.625,12.75,6.5,12.0],"rotation":0,"texture":"#0","tintindex":0},"west":{"uv":[12.0,3.25,12.75,3.5],"rotation":0,"texture":"#0","tintindex":0}}},{"name":"cube","from":[7.85,18.323181,1.3685977],"to":[8.0,18.92318,1.9685977],"rotation":{"angle":-45.0,"axis":"x","origin":[11.900001,3.0231795,10.218597]},"faces":{"down":{"uv":[9.875,12.0,9.75,12.25],"rotation":0,"texture":"#0","tintindex":0},"east":{"uv":[1.25,11.75,1.5,12.0],"rotation":0,"texture":"#0","tintindex":0},"north":{"uv":[12.0,9.25,12.125,9.5],"rotation":0,"texture":"#0","tintindex":0},"south":{"uv":[9.5,12.0,9.625,12.25],"rotation":0,"texture":"#0","tintindex":0},"up":{"uv":[12.125,9.75,12.0,9.5],"rotation":0,"texture":"#0","tintindex":0},"west":{"uv":[7.75,12.0,8.0,12.25],"rotation":0,"texture":"#0","tintindex":0}}}],"display":{"head":{"translation":[0.0,-6.4,-4.661597],"rotation":[0.0,0.0,0.0],"scale":[3.8095,3.8095,3.8095]}}}