{"textures":{"0":"modelengine:entity/freddy"},"elements":[{"name":"cube","from":[8.2225,1.3399996,7.319489],"to":[11.462501,6.1399994,10.919489],"rotation":{"angle":0.0,"axis":"x","origin":[8.1925,20.029999,8.939489]},"faces":{"down":{"uv":[0.0,14.375,0.4375,15.96875],"rotation":0,"texture":"#0","tintindex":0},"east":{"uv":[0.0,14.375,0.4375,15.96875],"rotation":0,"texture":"#0","tintindex":0},"north":{"uv":[0.0,14.375,0.4375,15.96875],"rotation":0,"texture":"#0","tintindex":0},"south":{"uv":[0.0,14.375,0.4375,15.96875],"rotation":0,"texture":"#0","tintindex":0},"up":{"uv":[15.03125,8.84375,15.46875,10.4375],"rotation":0,"texture":"#0","tintindex":0},"west":{"uv":[0.0,14.375,0.4375,15.96875],"rotation":0,"texture":"#0","tintindex":0}}},{"name":"cube","from":[8.3425,0.9799993,7.979489],"to":[11.3425,8.66,10.259489],"rotation":{"angle":0.0,"axis":"x","origin":[8.1925,20.029999,8.939489]},"faces":{"down":{"uv":[10.875,0.0,10.25,0.46875],"rotation":0,"texture":"#0","tintindex":0},"east":{"uv":[0.0,6.0,0.46875,7.59375],"rotation":0,"texture":"#0","tintindex":0},"north":{"uv":[1.5,3.5,2.125,5.09375],"rotation":0,"texture":"#0","tintindex":0},"south":{"uv":[2.25,3.5,2.875,5.09375],"rotation":0,"texture":"#0","tintindex":0},"up":{"uv":[10.75,10.46875,10.125,10.0],"rotation":0,"texture":"#0","tintindex":0},"west":{"uv":[6.0,5.5,6.46875,7.09375],"rotation":0,"texture":"#0","tintindex":0}}},{"name":"cube","from":[8.5824995,0.9799993,7.6194887],"to":[11.102501,8.66,10.619489],"rotation":{"angle":0.0,"axis":"x","origin":[8.1925,20.029999,8.939489]},"faces":{"down":{"uv":[10.15625,3.375,9.625,4.0],"rotation":0,"texture":"#0","tintindex":0},"east":{"uv":[3.0,3.5,3.625,5.09375],"rotation":0,"texture":"#0","tintindex":0},"north":{"uv":[5.0,1.25,5.53125,2.84375],"rotation":0,"texture":"#0","tintindex":0},"south":{"uv":[3.75,5.0,4.28125,6.59375],"rotation":0,"texture":"#0","tintindex":0},"up":{"uv":[1.15625,10.25,0.625,9.625],"rotation":0,"texture":"#0","tintindex":0},"west":{"uv":[3.75,0.0,4.375,1.59375],"rotation":0,"texture":"#0","tintindex":0}}},{"name":"cube","from":[8.8225,0.9799993,7.439489],"to":[10.862501,8.66,10.79949],"rotation":{"angle":0.0,"axis":"x","origin":[8.1925,20.029999,8.939489]},"faces":{"down":{"uv":[9.9375,10.0,9.5,10.6875],"rotation":0,"texture":"#0","tintindex":0},"east":{"uv":[2.125,0.0,2.8125,1.59375],"rotation":0,"texture":"#0","tintindex":0},"north":{"uv":[1.875,6.125,2.3125,7.71875],"rotation":0,"texture":"#0","tintindex":0},"south":{"uv":[2.5,6.125,2.9375,7.71875],"rotation":0,"texture":"#0","tintindex":0},"up":{"uv":[10.3125,7.6875,9.875,7.0],"rotation":0,"texture":"#0","tintindex":0},"west":{"uv":[2.125,1.75,2.8125,3.34375],"rotation":0,"texture":"#0","tintindex":0}}},{"name":"cube","from":[7.9825,-0.5800004,6.419489],"to":[11.5824995,1.1599994,10.919489],"rotation":{"angle":0.0,"axis":"x","origin":[11.7925005,20.029999,8.939489]},"faces":{"down":{"uv":[5.25,5.5,4.5,6.5625],"rotation":0,"texture":"#0","tintindex":0},"east":{"uv":[3.625,8.75,4.6875,9.125],"rotation":0,"texture":"#0","tintindex":0},"north":{"uv":[7.75,10.5,8.5,10.875],"rotation":0,"texture":"#0","tintindex":0},"south":{"uv":[8.625,10.5,9.375,10.875],"rotation":0,"texture":"#0","tintindex":0},"up":{"uv":[6.25,5.3125,5.5,4.25],"rotation":0,"texture":"#0","tintindex":0},"west":{"uv":[8.5,8.75,9.5625,9.125],"rotation":0,"texture":"#0","tintindex":0}}},{"name":"cube","from":[7.9825,-0.5800004,4.379489],"to":[9.0625,1.0399995,6.419489],"rotation":{"angle":0.0,"axis":"x","origin":[11.7925005,20.029999,9.29949]},"faces":{"down":{"uv":[2.84375,12.625,2.625,13.0625],"rotation":0,"texture":"#0","tintindex":0},"east":{"uv":[11.875,3.875,12.3125,4.21875],"rotation":0,"texture":"#0","tintindex":0},"north":{"uv":[12.875,8.375,13.09375,8.71875],"rotation":0,"texture":"#0","tintindex":0},"south":{"uv":[12.875,9.875,13.09375,10.21875],"rotation":0,"texture":"#0","tintindex":0},"up":{"uv":[12.71875,8.8125,12.5,8.375],"rotation":0,"texture":"#0","tintindex":0},"west":{"uv":[4.375,11.875,4.8125,12.21875],"rotation":0,"texture":"#0","tintindex":0}}},{"name":"cube","from":[9.122499,-0.5800004,4.379489],"to":[10.3825,1.3399996,6.419489],"rotation":{"angle":0.0,"axis":"x","origin":[11.7925005,20.029999,9.29949]},"faces":{"down":{"uv":[8.5,12.375,8.25,12.8125],"rotation":0,"texture":"#0","tintindex":0},"east":{"uv":[2.5,11.375,2.9375,11.78125],"rotation":0,"texture":"#0","tintindex":0},"north":{"uv":[12.375,11.25,12.625,11.65625],"rotation":0,"texture":"#0","tintindex":0},"south":{"uv":[0.0,12.5,0.25,12.90625],"rotation":0,"texture":"#0","tintindex":0},"up":{"uv":[8.125,12.8125,7.875,12.375],"rotation":0,"texture":"#0","tintindex":0},"west":{"uv":[3.75,11.375,4.1875,11.78125],"rotation":0,"texture":"#0","tintindex":0}}},{"name":"cube","from":[10.502501,-0.5800004,4.379489],"to":[11.5824995,1.0399995,6.419489],"rotation":{"angle":0.0,"axis":"x","origin":[11.7925005,20.029999,9.29949]},"faces":{"down":{"uv":[5.46875,12.625,5.25,13.0625],"rotation":0,"texture":"#0","tintindex":0},"east":{"uv":[6.5,11.875,6.9375,12.21875],"rotation":0,"texture":"#0","tintindex":0},"north":{"uv":[10.0,12.875,10.21875,13.21875],"rotation":0,"texture":"#0","tintindex":0},"south":{"uv":[10.375,12.875,10.59375,13.21875],"rotation":0,"texture":"#0","tintindex":0},"up":{"uv":[5.09375,13.0625,4.875,12.625],"rotation":0,"texture":"#0","tintindex":0},"west":{"uv":[11.875,6.75,12.3125,7.09375],"rotation":0,"texture":"#0","tintindex":0}}},{"name":"cube","from":[11.0425,-0.8800006,2.819489],"to":[11.0425,0.73999953,4.619489],"rotation":{"angle":0.0,"axis":"x","origin":[11.6125,0.27999973,3.749489]},"faces":{"down":{"uv":[8.375,14.25,8.375,14.6875],"rotation":0,"texture":"#0","tintindex":0},"east":{"uv":[8.03125,14.75,9.125,15.375],"rotation":0,"texture":"#0","tintindex":0},"north":{"uv":[14.25,7.125,14.25,7.46875],"rotation":0,"texture":"#0","tintindex":0},"south":{"uv":[7.625,14.25,7.625,14.59375],"rotation":0,"texture":"#0","tintindex":0},"up":{"uv":[7.75,14.6875,7.75,14.25],"rotation":0,"texture":"#0","tintindex":0},"west":{"uv":[9.40625,14.71875,10.5,15.34375],"rotation":0,"texture":"#0","tintindex":0}}},{"name":"cube","from":[9.782499,-0.8800006,2.819489],"to":[9.782499,1.0399995,4.619489],"rotation":{"angle":0.0,"axis":"x","origin":[11.6125,0.27999973,3.749489]},"faces":{"down":{"uv":[10.375,14.25,10.375,14.6875],"rotation":0,"texture":"#0","tintindex":0},"east":{"uv":[8.03125,14.75,9.125,15.375],"rotation":0,"texture":"#0","tintindex":0},"north":{"uv":[8.5,14.25,8.5,14.65625],"rotation":0,"texture":"#0","tintindex":0},"south":{"uv":[8.625,14.25,8.625,14.65625],"rotation":0,"texture":"#0","tintindex":0},"up":{"uv":[10.25,14.6875,10.25,14.25],"rotation":0,"texture":"#0","tintindex":0},"west":{"uv":[9.40625,14.71875,10.5,15.34375],"rotation":0,"texture":"#0","tintindex":0}}},{"name":"cube","from":[8.5225,-0.8800006,2.819489],"to":[8.5225,0.73999953,4.619489],"rotation":{"angle":0.0,"axis":"x","origin":[11.6125,0.27999973,3.749489]},"faces":{"down":{"uv":[10.875,14.25,10.875,14.6875],"rotation":0,"texture":"#0","tintindex":0},"east":{"uv":[8.03125,14.75,9.125,15.375],"rotation":0,"texture":"#0","tintindex":0},"north":{"uv":[10.5,14.25,10.5,14.59375],"rotation":0,"texture":"#0","tintindex":0},"south":{"uv":[10.625,14.25,10.625,14.59375],"rotation":0,"texture":"#0","tintindex":0},"up":{"uv":[10.75,14.6875,10.75,14.25],"rotation":0,"texture":"#0","tintindex":0},"west":{"uv":[9.40625,14.71875,10.5,15.34375],"rotation":0,"texture":"#0","tintindex":0}}},{"name":"cube","from":[8.0425,1.1599994,7.0794888],"to":[11.5225,1.8199997,10.859489],"rotation":{"angle":0.0,"axis":"x","origin":[11.7925005,20.029999,8.939489]},"faces":{"down":{"uv":[5.25,5.5,4.5,6.5625],"rotation":0,"texture":"#0","tintindex":0},"east":{"uv":[3.625,8.75,4.6875,9.125],"rotation":0,"texture":"#0","tintindex":0},"north":{"uv":[7.75,10.5,8.5,10.875],"rotation":0,"texture":"#0","tintindex":0},"south":{"uv":[8.625,10.5,9.375,10.875],"rotation":0,"texture":"#0","tintindex":0},"up":{"uv":[6.25,5.3125,5.5,4.25],"rotation":0,"texture":"#0","tintindex":0},"west":{"uv":[8.5,8.75,9.5625,9.125],"rotation":0,"texture":"#0","tintindex":0}}}],"display":{"head":{"translation":[0.0,-6.4,0.0],"rotation":[0.0,0.0,0.0],"scale":[3.8095,3.8095,3.8095]}}}