{"textures":{"0":"modelengine:entity/freddy"},"elements":[{"name":"cube","from":[0.9960325,8.61081,8.162472],"to":[2.0760326,9.15081,8.762471],"rotation":{"angle":-22.5,"axis":"z","origin":[0.5160322,8.880811,8.462471]},"faces":{"down":{"uv":[0.4375,0.46875,0.6875,0.8125],"rotation":0,"texture":"#0","tintindex":0},"east":{"uv":[0.4375,0.46875,0.6875,0.8125],"rotation":0,"texture":"#0","tintindex":0},"north":{"uv":[0.4375,0.46875,0.6875,0.8125],"rotation":0,"texture":"#0","tintindex":0},"south":{"uv":[0.4375,0.46875,0.6875,0.8125],"rotation":0,"texture":"#0","tintindex":0},"up":{"uv":[0.4375,0.46875,0.6875,0.8125],"rotation":0,"texture":"#0","tintindex":0},"west":{"uv":[0.4375,0.46875,0.6875,0.8125],"rotation":0,"texture":"#0","tintindex":0}}},{"name":"cube","from":[2.0943012,8.702655,8.162472],"to":[3.174301,9.242655,8.162472],"rotation":{"angle":-22.5,"axis":"z","origin":[0.29430127,8.972654,8.462471]},"faces":{"down":{"uv":[12.96875,11.75,12.75,11.75],"rotation":0,"texture":"#0","tintindex":0},"east":{"uv":[5.375,3.5,5.375,3.625],"rotation":0,"texture":"#0","tintindex":0},"north":{"uv":[3.8125,14.84375,4.2625,15.09375],"rotation":180,"texture":"#0","tintindex":0},"south":{"uv":[3.8125,14.84375,4.2625,15.09375],"rotation":0,"texture":"#0","tintindex":0},"up":{"uv":[12.59375,2.125,12.375,2.125],"rotation":0,"texture":"#0","tintindex":0},"west":{"uv":[3.125,6.125,3.125,6.25],"rotation":0,"texture":"#0","tintindex":0}}}],"display":{"head":{"translation":[0.0,-6.4,0.0],"rotation":[0.0,0.0,0.0],"scale":[3.8095,3.8095,3.8095]}}}