{"textures":{"0":"modelengine:entity/freddy"},"elements":[{"name":"cube","from":[1.3825281,8.160473,5.5041466],"to":[2.4625282,8.820473,6.104146],"rotation":{"angle":-22.5,"axis":"z","origin":[1.9225278,8.490472,5.804147]},"faces":{"down":{"uv":[13.96875,1.625,13.75,1.75],"rotation":0,"texture":"#0","tintindex":0},"east":{"uv":[14.0,3.25,14.125,3.375],"rotation":0,"texture":"#0","tintindex":0},"north":{"uv":[13.75,1.125,13.96875,1.25],"rotation":0,"texture":"#0","tintindex":0},"south":{"uv":[1.375,13.75,1.59375,13.875],"rotation":0,"texture":"#0","tintindex":0},"up":{"uv":[13.96875,1.5,13.75,1.375],"rotation":0,"texture":"#0","tintindex":0},"west":{"uv":[14.0,3.5,14.125,3.625],"rotation":0,"texture":"#0","tintindex":0}}}],"display":{"head":{"translation":[0.0,-6.4,0.0],"rotation":[0.0,0.0,0.0],"scale":[3.8095,3.8095,3.8095]}}}