{"textures":{"0":"modelengine:entity/freddy"},"elements":[{"name":"cube","from":[8.087807,12.653115,6.8599997],"to":[9.167807,13.313117,7.46],"rotation":{"angle":-22.5,"axis":"z","origin":[-4.2120047,12.069659,7.97]},"faces":{"down":{"uv":[12.84375,13.625,12.625,13.75],"rotation":0,"texture":"#0","tintindex":0},"east":{"uv":[2.125,14.0,2.25,14.125],"rotation":0,"texture":"#0","tintindex":0},"north":{"uv":[13.625,12.0,13.84375,12.125],"rotation":0,"texture":"#0","tintindex":0},"south":{"uv":[13.625,12.25,13.84375,12.375],"rotation":0,"texture":"#0","tintindex":0},"up":{"uv":[13.84375,12.625,13.625,12.5],"rotation":0,"texture":"#0","tintindex":0},"west":{"uv":[2.75,14.0,2.875,14.125],"rotation":0,"texture":"#0","tintindex":0}}},{"name":"cube","from":[8.087807,12.653115,7.7],"to":[9.167807,13.313117,8.3],"rotation":{"angle":-22.5,"axis":"z","origin":[-4.2120047,12.069659,7.97]},"faces":{"down":{"uv":[13.84375,9.75,13.625,9.875],"rotation":0,"texture":"#0","tintindex":0},"east":{"uv":[1.625,14.0,1.75,14.125],"rotation":0,"texture":"#0","tintindex":0},"north":{"uv":[13.625,7.125,13.84375,7.25],"rotation":0,"texture":"#0","tintindex":0},"south":{"uv":[13.625,7.75,13.84375,7.875],"rotation":0,"texture":"#0","tintindex":0},"up":{"uv":[13.84375,8.5,13.625,8.375],"rotation":0,"texture":"#0","tintindex":0},"west":{"uv":[1.875,14.0,2.0,14.125],"rotation":0,"texture":"#0","tintindex":0}}},{"name":"cube","from":[8.087807,12.653115,8.54],"to":[9.167807,13.313117,9.139999],"rotation":{"angle":-22.5,"axis":"z","origin":[-4.2120047,12.069659,7.97]},"faces":{"down":{"uv":[13.96875,0.0,13.75,0.125],"rotation":0,"texture":"#0","tintindex":0},"east":{"uv":[3.0,14.0,3.125,14.125],"rotation":0,"texture":"#0","tintindex":0},"north":{"uv":[13.625,13.0,13.84375,13.125],"rotation":0,"texture":"#0","tintindex":0},"south":{"uv":[13.375,13.625,13.59375,13.75],"rotation":0,"texture":"#0","tintindex":0},"up":{"uv":[0.21875,13.875,0.0,13.75],"rotation":0,"texture":"#0","tintindex":0},"west":{"uv":[3.25,14.0,3.375,14.125],"rotation":0,"texture":"#0","tintindex":0}}}],"display":{"head":{"translation":[0.0,-6.4,0.0],"rotation":[0.0,0.0,0.0],"scale":[3.8095,3.8095,3.8095]}}}