{"textures":{"0":"modelengine:entity/freddy"},"elements":[{"name":"cube","from":[8.156379,8.945911,7.55],"to":[10.376379,9.7859125,8.45],"rotation":{"angle":-22.5,"axis":"z","origin":[3.2963789,9.185912,8.0]},"faces":{"down":{"uv":[1.96875,12.75,1.5,12.9375],"rotation":0,"texture":"#0","tintindex":0},"east":{"uv":[7.625,13.375,7.8125,13.5625],"rotation":0,"texture":"#0","tintindex":0},"north":{"uv":[12.625,12.625,13.09375,12.8125],"rotation":0,"texture":"#0","tintindex":0},"south":{"uv":[12.75,1.0,13.21875,1.1875],"rotation":0,"texture":"#0","tintindex":0},"up":{"uv":[13.21875,1.5625,12.75,1.375],"rotation":0,"texture":"#0","tintindex":0},"west":{"uv":[8.0,13.375,8.1875,13.5625],"rotation":0,"texture":"#0","tintindex":0}}},{"name":"cube","from":[10.302052,9.115522,7.4900002],"to":[11.502052,10.075521,8.51],"rotation":{"angle":-22.5,"axis":"z","origin":[2.7420514,9.415522,8.0]},"faces":{"down":{"uv":[5.125,13.25,4.875,13.46875],"rotation":0,"texture":"#0","tintindex":0},"east":{"uv":[1.75,13.375,1.96875,13.5625],"rotation":0,"texture":"#0","tintindex":0},"north":{"uv":[12.625,13.25,12.875,13.4375],"rotation":0,"texture":"#0","tintindex":0},"south":{"uv":[13.25,12.875,13.5,13.0625],"rotation":0,"texture":"#0","tintindex":0},"up":{"uv":[4.75,13.46875,4.5,13.25],"rotation":0,"texture":"#0","tintindex":0},"west":{"uv":[3.5,13.375,3.71875,13.5625],"rotation":0,"texture":"#0","tintindex":0}}},{"name":"cube","from":[11.396379,9.065912,7.73],"to":[13.616378,9.665913,8.27],"rotation":{"angle":-22.5,"axis":"z","origin":[3.2963789,9.185912,8.0]},"faces":{"down":{"uv":[13.59375,2.5,13.125,2.625],"rotation":0,"texture":"#0","tintindex":0},"east":{"uv":[1.875,9.5,2.0,9.625],"rotation":0,"texture":"#0","tintindex":0},"north":{"uv":[12.625,13.0,13.09375,13.125],"rotation":0,"texture":"#0","tintindex":0},"south":{"uv":[1.375,13.125,1.84375,13.25],"rotation":0,"texture":"#0","tintindex":0},"up":{"uv":[13.59375,1.875,13.125,1.75],"rotation":0,"texture":"#0","tintindex":0},"west":{"uv":[9.875,2.375,10.0,2.5],"rotation":0,"texture":"#0","tintindex":0}}},{"name":"cube","from":[7.976217,8.623087,7.01],"to":[12.656218,10.783087,8.99],"rotation":{"angle":-22.5,"axis":"z","origin":[3.2963789,9.185912,8.0]},"faces":{"down":{"uv":[4.59375,9.25,3.625,9.65625],"rotation":0,"texture":"#0","tintindex":0},"east":{"uv":[0.625,11.125,1.03125,11.5625],"rotation":0,"texture":"#0","tintindex":0},"north":{"uv":[8.5,3.75,9.46875,4.1875],"rotation":0,"texture":"#0","tintindex":0},"south":{"uv":[8.5,4.375,9.46875,4.8125],"rotation":0,"texture":"#0","tintindex":0},"up":{"uv":[5.84375,9.53125,4.875,9.125],"rotation":0,"texture":"#0","tintindex":0},"west":{"uv":[4.625,11.25,5.03125,11.6875],"rotation":0,"texture":"#0","tintindex":0}}},{"name":"cube","from":[12.329398,10.075306,6.6499996],"to":[14.729399,11.095306,9.35],"rotation":{"angle":-22.5,"axis":"z","origin":[2.0095305,9.684938,8.0]},"faces":{"down":{"uv":[11.0,6.875,10.5,7.4375],"rotation":0,"texture":"#0","tintindex":0},"east":{"uv":[12.25,8.0,12.8125,8.21875],"rotation":0,"texture":"#0","tintindex":0},"north":{"uv":[12.375,6.375,12.875,6.59375],"rotation":0,"texture":"#0","tintindex":0},"south":{"uv":[6.5,12.375,7.0,12.59375],"rotation":0,"texture":"#0","tintindex":0},"up":{"uv":[5.25,11.0625,4.75,10.5],"rotation":0,"texture":"#0","tintindex":0},"west":{"uv":[12.375,1.75,12.9375,1.96875],"rotation":0,"texture":"#0","tintindex":0}}},{"name":"cube","from":[9.836218,8.503087,6.83],"to":[11.096216,10.903088,9.17],"rotation":{"angle":-22.5,"axis":"z","origin":[3.2963789,9.185912,8.0]},"faces":{"down":{"uv":[11.5,12.25,11.75,12.75],"rotation":0,"texture":"#0","tintindex":0},"east":{"uv":[11.5,12.25,11.75,12.75],"rotation":0,"texture":"#0","tintindex":0},"north":{"uv":[11.5,12.25,11.75,12.75],"rotation":0,"texture":"#0","tintindex":0},"south":{"uv":[11.5,12.25,11.75,12.75],"rotation":0,"texture":"#0","tintindex":0},"up":{"uv":[11.5,12.25,11.75,12.75],"rotation":0,"texture":"#0","tintindex":0},"west":{"uv":[11.5,12.25,11.75,12.75],"rotation":0,"texture":"#0","tintindex":0}}}],"display":{"head":{"translation":[0.0,-6.4,0.0],"rotation":[0.0,0.0,0.0],"scale":[3.8095,3.8095,3.8095]}}}