{"textures":{"0":"modelengine:entity/freddy"},"elements":[{"name":"cube","from":[6.382727,0.5930693,7.170351],"to":[9.622728,5.3930693,10.770351],"rotation":{"angle":0.0,"axis":"x","origin":[6.352727,19.28307,8.790352]},"faces":{"down":{"uv":[0.0,14.375,0.4375,15.96875],"rotation":0,"texture":"#0","tintindex":0},"east":{"uv":[0.0,14.375,0.4375,15.96875],"rotation":0,"texture":"#0","tintindex":0},"north":{"uv":[0.0,14.375,0.4375,15.96875],"rotation":0,"texture":"#0","tintindex":0},"south":{"uv":[0.0,14.375,0.4375,15.96875],"rotation":0,"texture":"#0","tintindex":0},"up":{"uv":[15.03125,10.28125,15.46875,11.875],"rotation":0,"texture":"#0","tintindex":0},"west":{"uv":[0.0,14.375,0.4375,15.96875],"rotation":0,"texture":"#0","tintindex":0}}},{"name":"cube","from":[6.7427273,0.23306918,7.470351],"to":[9.262728,7.9130697,10.470352],"rotation":{"angle":0.0,"axis":"x","origin":[6.352727,19.28307,8.790352]},"faces":{"down":{"uv":[10.03125,9.25,9.5,9.875],"rotation":0,"texture":"#0","tintindex":0},"east":{"uv":[0.0,2.5,0.625,4.09375],"rotation":0,"texture":"#0","tintindex":0},"north":{"uv":[0.0,4.25,0.53125,5.84375],"rotation":0,"texture":"#0","tintindex":0},"south":{"uv":[4.75,3.75,5.28125,5.34375],"rotation":0,"texture":"#0","tintindex":0},"up":{"uv":[10.03125,0.625,9.5,0.0],"rotation":0,"texture":"#0","tintindex":0},"west":{"uv":[3.0,0.0,3.625,1.59375],"rotation":0,"texture":"#0","tintindex":0}}},{"name":"cube","from":[6.982727,0.23306918,7.2903514],"to":[9.022728,7.9130697,10.650352],"rotation":{"angle":0.0,"axis":"x","origin":[6.352727,19.28307,8.790352]},"faces":{"down":{"uv":[4.5625,9.875,4.125,10.5625],"rotation":0,"texture":"#0","tintindex":0},"east":{"uv":[1.25,0.0,1.9375,1.59375],"rotation":0,"texture":"#0","tintindex":0},"north":{"uv":[0.625,6.125,1.0625,7.71875],"rotation":0,"texture":"#0","tintindex":0},"south":{"uv":[1.25,6.125,1.6875,7.71875],"rotation":0,"texture":"#0","tintindex":0},"up":{"uv":[0.4375,10.5625,0.0,9.875],"rotation":0,"texture":"#0","tintindex":0},"west":{"uv":[1.25,1.75,1.9375,3.34375],"rotation":0,"texture":"#0","tintindex":0}}},{"name":"cube","from":[6.502727,0.23306918,7.8303514],"to":[9.5027275,7.9130697,10.110352],"rotation":{"angle":0.0,"axis":"x","origin":[6.352727,19.28307,8.790352]},"faces":{"down":{"uv":[7.625,10.125,7.0,10.59375],"rotation":0,"texture":"#0","tintindex":0},"east":{"uv":[5.375,5.5,5.84375,7.09375],"rotation":0,"texture":"#0","tintindex":0},"north":{"uv":[3.0,1.75,3.625,3.34375],"rotation":0,"texture":"#0","tintindex":0},"south":{"uv":[0.75,3.5,1.375,5.09375],"rotation":0,"texture":"#0","tintindex":0},"up":{"uv":[10.75,6.71875,10.125,6.25],"rotation":0,"texture":"#0","tintindex":0},"west":{"uv":[5.75,1.25,6.21875,2.84375],"rotation":0,"texture":"#0","tintindex":0}}},{"name":"cube","from":[6.2027273,-1.3269305,6.2703514],"to":[9.802727,0.41306925,10.770351],"rotation":{"angle":0.0,"axis":"x","origin":[6.352727,19.28307,8.790352]},"faces":{"down":{"uv":[6.25,3.0,5.5,4.0625],"rotation":0,"texture":"#0","tintindex":0},"east":{"uv":[8.625,7.375,9.6875,7.75],"rotation":0,"texture":"#0","tintindex":0},"north":{"uv":[10.25,9.5,11.0,9.875],"rotation":0,"texture":"#0","tintindex":0},"south":{"uv":[10.5,7.625,11.25,8.0],"rotation":0,"texture":"#0","tintindex":0},"up":{"uv":[6.25,1.0625,5.5,0.0],"rotation":0,"texture":"#0","tintindex":0},"west":{"uv":[8.75,0.875,9.8125,1.25],"rotation":0,"texture":"#0","tintindex":0}}},{"name":"cube","from":[8.722728,-1.3269305,4.2303514],"to":[9.802727,0.29306936,6.2703514],"rotation":{"angle":0.0,"axis":"x","origin":[6.352727,19.28307,9.150352]},"faces":{"down":{"uv":[12.71875,3.75,12.5,4.1875],"rotation":0,"texture":"#0","tintindex":0},"east":{"uv":[11.625,8.0,12.0625,8.34375],"rotation":0,"texture":"#0","tintindex":0},"north":{"uv":[12.875,3.375,13.09375,3.71875],"rotation":0,"texture":"#0","tintindex":0},"south":{"uv":[12.875,3.875,13.09375,4.21875],"rotation":0,"texture":"#0","tintindex":0},"up":{"uv":[3.71875,12.9375,3.5,12.5],"rotation":0,"texture":"#0","tintindex":0},"west":{"uv":[9.5,11.625,9.9375,11.96875],"rotation":0,"texture":"#0","tintindex":0}}},{"name":"cube","from":[6.2027273,-1.3269305,4.2303514],"to":[7.2827272,0.29306936,6.2703514],"rotation":{"angle":0.0,"axis":"x","origin":[6.352727,19.28307,9.150352]},"faces":{"down":{"uv":[12.71875,5.125,12.5,5.5625],"rotation":0,"texture":"#0","tintindex":0},"east":{"uv":[0.625,11.75,1.0625,12.09375],"rotation":0,"texture":"#0","tintindex":0},"north":{"uv":[12.875,5.125,13.09375,5.46875],"rotation":0,"texture":"#0","tintindex":0},"south":{"uv":[12.875,7.25,13.09375,7.59375],"rotation":0,"texture":"#0","tintindex":0},"up":{"uv":[4.09375,12.9375,3.875,12.5],"rotation":0,"texture":"#0","tintindex":0},"west":{"uv":[11.75,1.75,12.1875,2.09375],"rotation":0,"texture":"#0","tintindex":0}}},{"name":"cube","from":[7.342727,-1.3269305,4.2303514],"to":[8.602727,0.5930693,6.2703514],"rotation":{"angle":0.0,"axis":"x","origin":[6.352727,19.28307,9.150352]},"faces":{"down":{"uv":[7.75,12.375,7.5,12.8125],"rotation":0,"texture":"#0","tintindex":0},"east":{"uv":[10.75,11.25,11.1875,11.65625],"rotation":0,"texture":"#0","tintindex":0},"north":{"uv":[8.625,12.375,8.875,12.78125],"rotation":0,"texture":"#0","tintindex":0},"south":{"uv":[9.0,12.375,9.25,12.78125],"rotation":0,"texture":"#0","tintindex":0},"up":{"uv":[7.375,12.8125,7.125,12.375],"rotation":0,"texture":"#0","tintindex":0},"west":{"uv":[0.0,11.375,0.4375,11.78125],"rotation":0,"texture":"#0","tintindex":0}}},{"name":"cube","from":[8.0027275,-1.6269307,2.6703517],"to":[8.0027275,0.29306936,4.4703517],"rotation":{"angle":0.0,"axis":"x","origin":[6.172727,-0.46693063,3.6003516]},"faces":{"down":{"uv":[6.125,14.25,6.125,14.6875],"rotation":0,"texture":"#0","tintindex":0},"east":{"uv":[8.03125,14.75,9.125,15.375],"rotation":0,"texture":"#0","tintindex":0},"north":{"uv":[5.75,14.25,5.75,14.65625],"rotation":0,"texture":"#0","tintindex":0},"south":{"uv":[5.875,14.25,5.875,14.65625],"rotation":0,"texture":"#0","tintindex":0},"up":{"uv":[6.0,14.6875,6.0,14.25],"rotation":0,"texture":"#0","tintindex":0},"west":{"uv":[9.40625,14.71875,10.5,15.34375],"rotation":0,"texture":"#0","tintindex":0}}},{"name":"cube","from":[9.262728,-1.6269307,2.6703517],"to":[9.262728,-0.0069305897,4.4703517],"rotation":{"angle":0.0,"axis":"x","origin":[6.172727,-0.46693063,3.6003516]},"faces":{"down":{"uv":[14.25,6.5,14.25,6.9375],"rotation":0,"texture":"#0","tintindex":0},"east":{"uv":[8.03125,14.75,9.125,15.375],"rotation":0,"texture":"#0","tintindex":0},"north":{"uv":[4.75,12.75,4.75,13.09375],"rotation":0,"texture":"#0","tintindex":0},"south":{"uv":[2.875,13.25,2.875,13.59375],"rotation":0,"texture":"#0","tintindex":0},"up":{"uv":[6.25,14.6875,6.25,14.25],"rotation":0,"texture":"#0","tintindex":0},"west":{"uv":[9.40625,14.71875,10.5,15.34375],"rotation":0,"texture":"#0","tintindex":0}}},{"name":"cube","from":[6.2627273,0.41306925,6.9303513],"to":[9.742727,1.0730696,10.710352],"rotation":{"angle":0.0,"axis":"x","origin":[6.352727,19.28307,8.790352]},"faces":{"down":{"uv":[6.25,3.0,5.5,4.0625],"rotation":0,"texture":"#0","tintindex":0},"east":{"uv":[8.625,7.375,9.6875,7.75],"rotation":0,"texture":"#0","tintindex":0},"north":{"uv":[10.25,9.5,11.0,9.875],"rotation":0,"texture":"#0","tintindex":0},"south":{"uv":[10.5,7.625,11.25,8.0],"rotation":0,"texture":"#0","tintindex":0},"up":{"uv":[6.25,1.0625,5.5,0.0],"rotation":0,"texture":"#0","tintindex":0},"west":{"uv":[8.75,0.875,9.8125,1.25],"rotation":0,"texture":"#0","tintindex":0}}},{"name":"cube","from":[6.7427273,-1.6269307,2.6703517],"to":[6.7427273,-0.0069305897,4.4703517],"rotation":{"angle":0.0,"axis":"x","origin":[6.172727,-0.46693063,3.6003516]},"faces":{"down":{"uv":[3.375,14.25,3.375,14.6875],"rotation":0,"texture":"#0","tintindex":0},"east":{"uv":[8.03125,14.75,9.125,15.375],"rotation":0,"texture":"#0","tintindex":0},"north":{"uv":[4.75,9.25,4.75,9.59375],"rotation":0,"texture":"#0","tintindex":0},"south":{"uv":[4.625,10.75,4.625,11.09375],"rotation":0,"texture":"#0","tintindex":0},"up":{"uv":[0.25,14.6875,0.25,14.25],"rotation":0,"texture":"#0","tintindex":0},"west":{"uv":[9.40625,14.71875,10.5,15.34375],"rotation":0,"texture":"#0","tintindex":0}}}],"display":{"head":{"translation":[0.0,-6.4,0.0],"rotation":[0.0,0.0,0.0],"scale":[3.8095,3.8095,3.8095]}}}