{"textures":{"0":"modelengine:entity/freddy"},"elements":[{"name":"cube","from":[5.63,7.64,6.41],"to":[7.0699997,9.620001,9.59],"rotation":{"angle":45.0,"axis":"z","origin":[8.0,8.24,8.0]},"faces":{"down":{"uv":[8.53125,0.875,7.75,1.53125],"rotation":0,"texture":"#0","tintindex":0},"east":{"uv":[10.625,4.125,11.28125,4.53125],"rotation":0,"texture":"#0","tintindex":0},"north":{"uv":[9.625,4.125,10.40625,4.53125],"rotation":0,"texture":"#0","tintindex":0},"south":{"uv":[9.625,4.75,10.40625,5.15625],"rotation":0,"texture":"#0","tintindex":0},"up":{"uv":[8.53125,0.65625,7.75,0.0],"rotation":0,"texture":"#0","tintindex":0},"west":{"uv":[10.625,4.75,11.28125,5.15625],"rotation":0,"texture":"#0","tintindex":0}}},{"name":"cube","from":[7.4300003,5.8399997,6.41],"to":[9.35,7.46,9.59],"rotation":{"angle":45.0,"axis":"z","origin":[8.0,8.24,8.0]},"faces":{"down":{"uv":[6.40625,10.625,6.0,11.28125],"rotation":0,"texture":"#0","tintindex":0},"east":{"uv":[7.75,1.75,8.40625,2.53125],"rotation":0,"texture":"#0","tintindex":0},"north":{"uv":[1.875,9.75,2.28125,10.53125],"rotation":0,"texture":"#0","tintindex":0},"south":{"uv":[2.5,9.75,2.90625,10.53125],"rotation":0,"texture":"#0","tintindex":0},"up":{"uv":[5.78125,11.28125,5.375,10.625],"rotation":0,"texture":"#0","tintindex":0},"west":{"uv":[7.75,2.75,8.40625,3.53125],"rotation":0,"texture":"#0","tintindex":0}}},{"name":"cube","from":[6.7140055,6.1398935,6.47],"to":[9.294005,8.119893,9.530001],"rotation":{"angle":0.0,"axis":"x","origin":[8.334005,8.029893,8.0]},"faces":{"down":{"uv":[9.90625,6.25,9.375,6.875],"rotation":0,"texture":"#0","tintindex":0},"east":{"uv":[7.75,3.75,8.375,4.53125],"rotation":0,"texture":"#0","tintindex":0},"north":{"uv":[2.125,8.75,2.65625,9.53125],"rotation":0,"texture":"#0","tintindex":0},"south":{"uv":[2.875,8.75,3.40625,9.53125],"rotation":0,"texture":"#0","tintindex":0},"up":{"uv":[9.90625,3.25,9.375,2.625],"rotation":0,"texture":"#0","tintindex":0},"west":{"uv":[7.75,4.75,8.375,5.53125],"rotation":0,"texture":"#0","tintindex":0}}}],"display":{"head":{"translation":[0.0,-6.4,0.0],"rotation":[0.0,0.0,0.0],"scale":[3.8095,3.8095,3.8095]}}}