{"textures":{"0":"modelengine:entity/freddy"},"elements":[{"name":"cube","from":[7.2047725,6.8363943,7.25],"to":[8.524773,8.276393,8.75],"rotation":{"angle":-22.5,"axis":"z","origin":[7.864773,7.556395,8.0]},"faces":{"down":{"uv":[13.03125,10.875,12.75,11.1875],"rotation":0,"texture":"#0","tintindex":0},"east":{"uv":[12.5,0.5,12.8125,0.8125],"rotation":0,"texture":"#0","tintindex":0},"north":{"uv":[0.625,12.75,0.90625,13.0625],"rotation":0,"texture":"#0","tintindex":0},"south":{"uv":[4.25,12.75,4.53125,13.0625],"rotation":0,"texture":"#0","tintindex":0},"up":{"uv":[6.65625,13.0625,6.375,12.75],"rotation":0,"texture":"#0","tintindex":0},"west":{"uv":[2.125,12.5,2.4375,12.8125],"rotation":0,"texture":"#0","tintindex":0}}},{"name":"cube","from":[7.2047725,6.656395,7.0699997],"to":[8.884772,8.456395,8.93],"rotation":{"angle":-22.5,"axis":"z","origin":[7.864773,7.556395,8.0]},"faces":{"down":{"uv":[6.34375,12.125,6.0,12.5],"rotation":0,"texture":"#0","tintindex":0},"east":{"uv":[4.5,1.25,4.875,1.625],"rotation":0,"texture":"#0","tintindex":0},"north":{"uv":[12.0,10.375,12.34375,10.75],"rotation":0,"texture":"#0","tintindex":0},"south":{"uv":[5.0,12.125,5.34375,12.5],"rotation":0,"texture":"#0","tintindex":0},"up":{"uv":[5.84375,12.5,5.5,12.125],"rotation":0,"texture":"#0","tintindex":0},"west":{"uv":[5.0,3.0,5.375,3.375],"rotation":0,"texture":"#0","tintindex":0}}},{"name":"cube","from":[7.665876,2.1846752,6.6499996],"to":[10.365876,5.7846756,9.35],"rotation":{"angle":0.0,"axis":"x","origin":[14.805876,7.764675,8.0]},"faces":{"down":{"uv":[8.3125,9.75,7.75,10.3125],"rotation":0,"texture":"#0","tintindex":0},"east":{"uv":[14.6875,5.625,15.25,6.375],"rotation":0,"texture":"#0","tintindex":0},"north":{"uv":[8.625,2.625,9.1875,3.375],"rotation":0,"texture":"#0","tintindex":0},"south":{"uv":[8.625,2.625,9.1875,3.375],"rotation":180,"texture":"#0","tintindex":0},"up":{"uv":[5.3125,10.3125,4.75,9.75],"rotation":0,"texture":"#0","tintindex":0},"west":{"uv":[8.875,2.71875,9.15625,3.25],"rotation":0,"texture":"#0","tintindex":0}}},{"name":"cube","from":[8.164772,7.256395,7.4900002],"to":[11.584773,8.216394,8.51],"rotation":{"angle":-22.5,"axis":"z","origin":[7.864773,7.556395,8.0]},"faces":{"down":{"uv":[12.21875,10.0,11.5,10.21875],"rotation":0,"texture":"#0","tintindex":0},"east":{"uv":[13.375,4.375,13.59375,4.5625],"rotation":0,"texture":"#0","tintindex":0},"north":{"uv":[12.0,7.25,12.71875,7.4375],"rotation":0,"texture":"#0","tintindex":0},"south":{"uv":[12.0,7.625,12.71875,7.8125],"rotation":0,"texture":"#0","tintindex":0},"up":{"uv":[8.84375,11.71875,8.125,11.5],"rotation":0,"texture":"#0","tintindex":0},"west":{"uv":[5.625,13.375,5.84375,13.5625],"rotation":0,"texture":"#0","tintindex":0}}},{"name":"cube","from":[8.884772,5.9363947,6.71],"to":[12.964772,8.336394,9.29],"rotation":{"angle":-22.5,"axis":"z","origin":[7.864773,7.556395,8.0]},"faces":{"down":{"uv":[5.21875,8.0,4.375,8.53125],"rotation":0,"texture":"#0","tintindex":0},"east":{"uv":[11.125,6.875,11.65625,7.25],"rotation":0,"texture":"#0","tintindex":0},"north":{"uv":[9.875,1.875,10.71875,2.25],"rotation":0,"texture":"#0","tintindex":0},"south":{"uv":[3.125,9.875,3.96875,10.25],"rotation":0,"texture":"#0","tintindex":0},"up":{"uv":[4.21875,8.53125,3.375,8.0],"rotation":0,"texture":"#0","tintindex":0},"west":{"uv":[11.125,8.625,11.65625,9.0],"rotation":0,"texture":"#0","tintindex":0}}}],"display":{"head":{"translation":[0.0,-6.4,0.0],"rotation":[0.0,0.0,0.0],"scale":[3.8095,3.8095,3.8095]}}}