{"textures":{"0":"modelengine:entity/freddy"},"elements":[{"name":"cube","from":[8.90443,12.520352,6.8599997],"to":[9.98443,13.240353,7.46],"rotation":{"angle":-22.5,"axis":"z","origin":[-3.3953815,13.3168955,7.97]},"faces":{"down":{"uv":[13.21875,13.625,13.0,13.75],"rotation":0,"texture":"#0","tintindex":0},"east":{"uv":[1.125,13.875,1.25,14.03125],"rotation":0,"texture":"#0","tintindex":0},"north":{"uv":[11.375,13.375,11.59375,13.53125],"rotation":0,"texture":"#0","tintindex":0},"south":{"uv":[13.375,11.375,13.59375,11.53125],"rotation":0,"texture":"#0","tintindex":0},"up":{"uv":[13.84375,12.875,13.625,12.75],"rotation":0,"texture":"#0","tintindex":0},"west":{"uv":[13.875,1.875,14.0,2.03125],"rotation":0,"texture":"#0","tintindex":0}}},{"name":"cube","from":[8.90443,12.520352,7.7],"to":[9.98443,13.240353,8.3],"rotation":{"angle":-22.5,"axis":"z","origin":[-3.3953815,13.3168955,7.97]},"faces":{"down":{"uv":[13.84375,11.75,13.625,11.875],"rotation":0,"texture":"#0","tintindex":0},"east":{"uv":[0.625,13.875,0.75,14.03125],"rotation":0,"texture":"#0","tintindex":0},"north":{"uv":[13.375,10.375,13.59375,10.53125],"rotation":0,"texture":"#0","tintindex":0},"south":{"uv":[11.0,13.375,11.21875,13.53125],"rotation":0,"texture":"#0","tintindex":0},"up":{"uv":[13.84375,10.875,13.625,10.75],"rotation":0,"texture":"#0","tintindex":0},"west":{"uv":[0.875,13.875,1.0,14.03125],"rotation":0,"texture":"#0","tintindex":0}}},{"name":"cube","from":[8.90443,12.520352,8.54],"to":[9.98443,13.240353,9.139999],"rotation":{"angle":-22.5,"axis":"z","origin":[-3.3953815,13.3168955,7.97]},"faces":{"down":{"uv":[13.96875,0.5,13.75,0.625],"rotation":0,"texture":"#0","tintindex":0},"east":{"uv":[2.5,13.875,2.625,14.03125],"rotation":0,"texture":"#0","tintindex":0},"north":{"uv":[11.75,13.375,11.96875,13.53125],"rotation":0,"texture":"#0","tintindex":0},"south":{"uv":[13.375,13.25,13.59375,13.40625],"rotation":0,"texture":"#0","tintindex":0},"up":{"uv":[13.96875,0.375,13.75,0.25],"rotation":0,"texture":"#0","tintindex":0},"west":{"uv":[4.125,13.875,4.25,14.03125],"rotation":0,"texture":"#0","tintindex":0}}}],"display":{"head":{"translation":[0.0,-6.4,0.0],"rotation":[0.0,0.0,0.0],"scale":[3.8095,3.8095,3.8095]}}}