{"textures":{"0":"modelengine:entity/freddy"},"elements":[{"name":"cube","from":[6.1543016,9.267937,6.0050697],"to":[7.414302,10.347937,9.36507],"rotation":{"angle":-22.5,"axis":"z","origin":[6.7843018,9.687937,7.68507]},"faces":{"down":{"uv":[9.375,11.0,9.125,11.6875],"rotation":0,"texture":"#0","tintindex":0},"east":{"uv":[11.625,0.0,12.3125,0.21875],"rotation":0,"texture":"#0","tintindex":0},"north":{"uv":[0.0,13.125,0.25,13.34375],"rotation":0,"texture":"#0","tintindex":0},"south":{"uv":[2.5,13.25,2.75,13.46875],"rotation":0,"texture":"#0","tintindex":0},"up":{"uv":[1.0,3.1875,0.75,2.5],"rotation":0,"texture":"#0","tintindex":0},"west":{"uv":[11.625,0.375,12.3125,0.59375],"rotation":0,"texture":"#0","tintindex":0}}},{"name":"cube","from":[6.3943014,10.347937,5.94507],"to":[6.814302,12.267937,9.42507],"rotation":{"angle":0.0,"axis":"x","origin":[8.014302,-14.192063,7.98507]},"faces":{"down":{"uv":[12.21875,12.875,12.125,13.59375],"rotation":0,"texture":"#0","tintindex":0},"east":{"uv":[10.25,8.875,10.96875,9.28125],"rotation":0,"texture":"#0","tintindex":0},"north":{"uv":[3.875,13.371875,3.96875,13.78125],"rotation":0,"texture":"#0","tintindex":0},"south":{"uv":[13.375,6.375,13.46875,6.78125],"rotation":0,"texture":"#0","tintindex":0},"up":{"uv":[3.34375,13.59375,3.25,12.875],"rotation":0,"texture":"#0","tintindex":0},"west":{"uv":[10.375,2.875,11.09375,3.28125],"rotation":0,"texture":"#0","tintindex":0}}},{"name":"cube","from":[6.814302,9.027936,5.40507],"to":[9.154303,10.347937,6.0050697],"rotation":{"angle":0.0,"axis":"x","origin":[8.014302,-14.192063,7.98507]},"faces":{"down":{"uv":[13.5,4.75,13.0,4.875],"rotation":0,"texture":"#0","tintindex":0},"east":{"uv":[4.5,5.0,4.625,5.28125],"rotation":0,"texture":"#0","tintindex":0},"north":{"uv":[0.0,12.0,0.5,12.28125],"rotation":0,"texture":"#0","tintindex":0},"south":{"uv":[2.125,12.0,2.625,12.28125],"rotation":0,"texture":"#0","tintindex":0},"up":{"uv":[3.625,6.625,3.125,6.5],"rotation":0,"texture":"#0","tintindex":0},"west":{"uv":[6.375,5.0,6.5,5.28125],"rotation":0,"texture":"#0","tintindex":0}}},{"name":"cube","from":[9.214302,10.347937,5.94507],"to":[9.694302,12.267937,9.42507],"rotation":{"angle":0.0,"axis":"x","origin":[8.014302,-14.192063,7.98507]},"faces":{"down":{"uv":[1.21875,13.0,1.125,13.71875],"rotation":0,"texture":"#0","tintindex":0},"east":{"uv":[3.125,10.375,3.84375,10.78125],"rotation":0,"texture":"#0","tintindex":0},"north":{"uv":[7.125,13.375,7.21875,13.78125],"rotation":0,"texture":"#0","tintindex":0},"south":{"uv":[7.375,13.375,7.46875,13.78125],"rotation":0,"texture":"#0","tintindex":0},"up":{"uv":[12.46875,13.59375,12.375,12.875],"rotation":0,"texture":"#0","tintindex":0},"west":{"uv":[10.375,3.5,11.09375,3.90625],"rotation":0,"texture":"#0","tintindex":0}}},{"name":"cube","from":[6.814302,11.187937,5.94507],"to":[9.214302,12.267937,9.42507],"rotation":{"angle":0.0,"axis":"x","origin":[8.014302,-14.192063,7.98507]},"faces":{"down":{"uv":[7.625,9.25,7.125,9.96875],"rotation":0,"texture":"#0","tintindex":0},"east":{"uv":[11.125,9.625,11.84375,9.84375],"rotation":0,"texture":"#0","tintindex":0},"north":{"uv":[8.75,1.375,9.25,1.59375],"rotation":0,"texture":"#0","tintindex":0},"south":{"uv":[1.5,12.375,2.0,12.59375],"rotation":0,"texture":"#0","tintindex":0},"up":{"uv":[0.5,9.71875,0.0,9.0],"rotation":0,"texture":"#0","tintindex":0},"west":{"uv":[11.5,6.0,12.21875,6.21875],"rotation":0,"texture":"#0","tintindex":0}}},{"name":"cube","from":[7.714302,10.347937,5.94507],"to":[8.314302,11.187937,9.42507],"rotation":{"angle":0.0,"axis":"x","origin":[8.014302,-14.192063,7.98507]},"faces":{"down":{"uv":[0.5,12.5,0.375,13.21875],"rotation":0,"texture":"#0","tintindex":0},"east":{"uv":[12.0,2.25,12.71875,2.4375],"rotation":0,"texture":"#0","tintindex":0},"north":{"uv":[8.75,13.75,8.875,13.9375],"rotation":0,"texture":"#0","tintindex":0},"south":{"uv":[9.0,13.75,9.125,13.9375],"rotation":0,"texture":"#0","tintindex":0},"up":{"uv":[10.875,12.96875,10.75,12.25],"rotation":0,"texture":"#0","tintindex":0},"west":{"uv":[12.0,2.625,12.71875,2.8125],"rotation":0,"texture":"#0","tintindex":0}}},{"name":"cube","from":[8.314302,10.347937,6.18507],"to":[9.154303,11.187937,8.88507],"rotation":{"angle":0.0,"axis":"x","origin":[8.014302,-14.192063,7.98507]},"faces":{"down":{"uv":[6.53125,14.6875,6.88125,15.03125],"rotation":0,"texture":"#0","tintindex":0},"east":{"uv":[6.53125,14.6875,6.88125,15.03125],"rotation":0,"texture":"#0","tintindex":0},"north":{"uv":[6.53125,14.6875,6.88125,15.03125],"rotation":0,"texture":"#0","tintindex":0},"south":{"uv":[6.53125,14.6875,6.88125,15.03125],"rotation":0,"texture":"#0","tintindex":0},"up":{"uv":[6.53125,14.6875,6.88125,15.03125],"rotation":0,"texture":"#0","tintindex":0},"west":{"uv":[6.53125,14.6875,6.88125,15.03125],"rotation":0,"texture":"#0","tintindex":0}}},{"name":"cube","from":[6.874302,10.347937,6.18507],"to":[7.714302,11.187937,8.88507],"rotation":{"angle":0.0,"axis":"x","origin":[8.014302,-14.192063,7.98507]},"faces":{"down":{"uv":[6.53125,14.6875,6.88125,15.03125],"rotation":0,"texture":"#0","tintindex":0},"east":{"uv":[6.53125,14.6875,6.88125,15.03125],"rotation":0,"texture":"#0","tintindex":0},"north":{"uv":[6.53125,14.6875,6.88125,15.03125],"rotation":0,"texture":"#0","tintindex":0},"south":{"uv":[6.53125,14.6875,6.88125,15.03125],"rotation":0,"texture":"#0","tintindex":0},"up":{"uv":[6.53125,14.6875,6.88125,15.03125],"rotation":0,"texture":"#0","tintindex":0},"west":{"uv":[6.53125,14.6875,6.88125,15.03125],"rotation":0,"texture":"#0","tintindex":0}}},{"name":"cube","from":[6.754302,9.987938,6.72507],"to":[9.334303,11.547936,6.72507],"rotation":{"angle":0.0,"axis":"x","origin":[8.014302,-14.192063,7.98507]},"faces":{"down":{"uv":[10.53125,1.25,10.0,1.25],"rotation":0,"texture":"#0","tintindex":0},"east":{"uv":[1.125,2.5,1.125,2.8125],"rotation":0,"texture":"#0","tintindex":0},"north":{"uv":[11.5,1.25,12.03125,1.5625],"rotation":0,"texture":"#0","tintindex":0},"south":{"uv":[11.5,4.75,12.03125,5.0625],"rotation":0,"texture":"#0","tintindex":0},"up":{"uv":[2.90625,7.875,2.375,7.875],"rotation":0,"texture":"#0","tintindex":0},"west":{"uv":[1.125,3.0,1.125,3.3125],"rotation":0,"texture":"#0","tintindex":0}}},{"name":"cube","from":[7.054302,7.5879374,7.62507],"to":[8.914302,9.207937,8.465071],"rotation":{"angle":0.0,"axis":"x","origin":[8.014302,-14.132064,7.98507]},"faces":{"down":{"uv":[9.625,8.375,9.25,8.5625],"rotation":0,"texture":"#0","tintindex":0},"east":{"uv":[13.0,0.5,13.1875,0.84375],"rotation":0,"texture":"#0","tintindex":0},"north":{"uv":[3.75,12.0,4.125,12.34375],"rotation":0,"texture":"#0","tintindex":0},"south":{"uv":[12.0,9.375,12.375,9.71875],"rotation":0,"texture":"#0","tintindex":0},"up":{"uv":[5.25,8.9375,4.875,8.75],"rotation":0,"texture":"#0","tintindex":0},"west":{"uv":[2.125,13.0,2.3125,13.34375],"rotation":0,"texture":"#0","tintindex":0}}},{"name":"cube","from":[7.534302,9.987938,5.28507],"to":[8.434302,10.527936,5.76507],"rotation":{"angle":0.0,"axis":"x","origin":[8.014302,-14.192063,7.98507]},"faces":{"down":{"uv":[14.0625,5.75,13.875,5.84375],"rotation":0,"texture":"#0","tintindex":0},"east":{"uv":[7.625,14.0,7.71875,14.125],"rotation":0,"texture":"#0","tintindex":0},"north":{"uv":[13.75,9.0,13.9375,9.125],"rotation":0,"texture":"#0","tintindex":0},"south":{"uv":[9.25,13.75,9.4375,13.875],"rotation":0,"texture":"#0","tintindex":0},"up":{"uv":[14.0625,2.34375,13.875,2.25],"rotation":0,"texture":"#0","tintindex":0},"west":{"uv":[14.0,7.625,14.09375,7.75],"rotation":0,"texture":"#0","tintindex":0}}},{"name":"cube","from":[7.054302,11.307938,5.88507],"to":[7.474302,11.547936,5.94507],"rotation":{"angle":0.0,"axis":"x","origin":[7.264302,11.427936,5.91507]},"faces":{"down":{"uv":[14.21875,9.375,14.125,9.40625],"rotation":0,"texture":"#0","tintindex":0},"east":{"uv":[1.125,14.25,1.15625,14.3125],"rotation":0,"texture":"#0","tintindex":0},"north":{"uv":[14.125,0.25,14.21875,0.3125],"rotation":0,"texture":"#0","tintindex":0},"south":{"uv":[14.125,0.5,14.21875,0.5625],"rotation":0,"texture":"#0","tintindex":0},"up":{"uv":[14.21875,9.15625,14.125,9.125],"rotation":0,"texture":"#0","tintindex":0},"west":{"uv":[1.625,14.25,1.65625,14.3125],"rotation":0,"texture":"#0","tintindex":0}}},{"name":"cube","from":[6.7144785,11.144864,5.88507],"to":[7.134478,11.384863,5.94507],"rotation":{"angle":22.5,"axis":"z","origin":[6.684478,11.264865,5.91507]},"faces":{"down":{"uv":[11.71875,14.125,11.625,14.15625],"rotation":0,"texture":"#0","tintindex":0},"east":{"uv":[1.875,14.25,1.90625,14.3125],"rotation":0,"texture":"#0","tintindex":0},"north":{"uv":[14.125,1.125,14.21875,1.1875],"rotation":0,"texture":"#0","tintindex":0},"south":{"uv":[14.125,1.375,14.21875,1.4375],"rotation":0,"texture":"#0","tintindex":0},"up":{"uv":[14.21875,10.28125,14.125,10.25],"rotation":0,"texture":"#0","tintindex":0},"west":{"uv":[2.125,14.25,2.15625,14.3125],"rotation":0,"texture":"#0","tintindex":0}}},{"name":"cube","from":[7.468321,11.4058075,5.88507],"to":[7.8883204,11.645808,5.94507],"rotation":{"angle":-22.5,"axis":"z","origin":[7.2252955,11.581836,5.88507]},"faces":{"down":{"uv":[12.21875,14.125,12.125,14.15625],"rotation":0,"texture":"#0","tintindex":0},"east":{"uv":[14.25,2.125,14.28125,2.1875],"rotation":0,"texture":"#0","tintindex":0},"north":{"uv":[14.125,1.625,14.21875,1.6875],"rotation":0,"texture":"#0","tintindex":0},"south":{"uv":[14.125,1.875,14.21875,1.9375],"rotation":0,"texture":"#0","tintindex":0},"up":{"uv":[11.96875,14.15625,11.875,14.125],"rotation":0,"texture":"#0","tintindex":0},"west":{"uv":[2.375,14.25,2.40625,14.3125],"rotation":0,"texture":"#0","tintindex":0}}},{"name":"cube","from":[8.90832,11.4058075,5.88507],"to":[9.3283205,11.645808,5.94507],"rotation":{"angle":-22.5,"axis":"z","origin":[8.665297,11.581836,5.88507]},"faces":{"down":{"uv":[12.71875,14.125,12.625,14.15625],"rotation":0,"texture":"#0","tintindex":0},"east":{"uv":[2.625,14.25,2.65625,14.3125],"rotation":0,"texture":"#0","tintindex":0},"north":{"uv":[14.125,2.5,14.21875,2.5625],"rotation":0,"texture":"#0","tintindex":0},"south":{"uv":[14.125,2.75,14.21875,2.8125],"rotation":0,"texture":"#0","tintindex":0},"up":{"uv":[12.46875,14.15625,12.375,14.125],"rotation":0,"texture":"#0","tintindex":0},"west":{"uv":[2.875,14.25,2.90625,14.3125],"rotation":0,"texture":"#0","tintindex":0}}},{"name":"cube","from":[8.154478,11.144864,5.88507],"to":[8.574478,11.384863,5.94507],"rotation":{"angle":22.5,"axis":"z","origin":[8.124477,11.264865,5.91507]},"faces":{"down":{"uv":[13.21875,14.125,13.125,14.15625],"rotation":0,"texture":"#0","tintindex":0},"east":{"uv":[3.125,14.25,3.15625,14.3125],"rotation":0,"texture":"#0","tintindex":0},"north":{"uv":[14.125,3.0,14.21875,3.0625],"rotation":0,"texture":"#0","tintindex":0},"south":{"uv":[3.5,14.125,3.59375,14.1875],"rotation":0,"texture":"#0","tintindex":0},"up":{"uv":[12.96875,14.15625,12.875,14.125],"rotation":0,"texture":"#0","tintindex":0},"west":{"uv":[14.25,3.25,14.28125,3.3125],"rotation":0,"texture":"#0","tintindex":0}}},{"name":"cube","from":[8.494302,11.307938,5.88507],"to":[8.914302,11.547936,5.94507],"rotation":{"angle":0.0,"axis":"x","origin":[8.704302,11.427936,5.91507]},"faces":{"down":{"uv":[14.21875,14.0,14.125,14.03125],"rotation":0,"texture":"#0","tintindex":0},"east":{"uv":[14.25,3.5,14.28125,3.5625],"rotation":0,"texture":"#0","tintindex":0},"north":{"uv":[14.125,4.25,14.21875,4.3125],"rotation":0,"texture":"#0","tintindex":0},"south":{"uv":[14.125,4.5,14.21875,4.5625],"rotation":0,"texture":"#0","tintindex":0},"up":{"uv":[13.46875,14.15625,13.375,14.125],"rotation":0,"texture":"#0","tintindex":0},"west":{"uv":[3.75,14.25,3.78125,14.3125],"rotation":0,"texture":"#0","tintindex":0}}},{"name":"cube","from":[8.554302,9.267937,6.0050697],"to":[9.814302,10.347937,9.36507],"rotation":{"angle":22.5,"axis":"z","origin":[9.184302,9.687937,7.68507]},"faces":{"down":{"uv":[11.75,3.875,11.5,4.5625],"rotation":0,"texture":"#0","tintindex":0},"east":{"uv":[11.625,5.25,12.3125,5.46875],"rotation":0,"texture":"#0","tintindex":0},"north":{"uv":[13.25,5.375,13.5,5.59375],"rotation":0,"texture":"#0","tintindex":0},"south":{"uv":[6.375,13.25,6.625,13.46875],"rotation":0,"texture":"#0","tintindex":0},"up":{"uv":[11.625,11.9375,11.375,11.25],"rotation":0,"texture":"#0","tintindex":0},"west":{"uv":[11.625,5.625,12.3125,5.84375],"rotation":0,"texture":"#0","tintindex":0}}},{"name":"cube","from":[6.814302,9.027936,9.06507],"to":[9.274302,11.187937,9.48507],"rotation":{"angle":0.0,"axis":"x","origin":[8.014302,-14.192063,7.98507]},"faces":{"down":{"uv":[13.875,0.875,13.375,0.96875],"rotation":0,"texture":"#0","tintindex":0},"east":{"uv":[10.75,13.125,10.84375,13.5625],"rotation":0,"texture":"#0","tintindex":0},"north":{"uv":[10.875,10.0,11.375,10.4375],"rotation":0,"texture":"#0","tintindex":0},"south":{"uv":[11.0,5.375,11.5,5.8125],"rotation":0,"texture":"#0","tintindex":0},"up":{"uv":[13.75,11.21875,13.25,11.125],"rotation":0,"texture":"#0","tintindex":0},"west":{"uv":[0.375,13.375,0.46875,13.8125],"rotation":0,"texture":"#0","tintindex":0}}},{"name":"cube","from":[5.914829,9.458788,6.06507],"to":[6.574829,10.538788,9.30507],"rotation":{"angle":0.0,"axis":"x","origin":[6.124829,9.998789,7.68507]},"faces":{"down":{"uv":[7.0,12.75,6.875,13.4375],"rotation":0,"texture":"#0","tintindex":0},"east":{"uv":[11.875,4.375,12.5625,4.59375],"rotation":0,"texture":"#0","tintindex":0},"north":{"uv":[10.125,2.875,10.25,3.09375],"rotation":0,"texture":"#0","tintindex":0},"south":{"uv":[3.75,11.0,3.875,11.21875],"rotation":0,"texture":"#0","tintindex":0},"up":{"uv":[9.875,13.3125,9.75,12.625],"rotation":0,"texture":"#0","tintindex":0},"west":{"uv":[11.875,9.0,12.5625,9.21875],"rotation":0,"texture":"#0","tintindex":0}}},{"name":"cube","from":[9.394829,9.458788,6.06507],"to":[10.054829,10.538788,9.30507],"rotation":{"angle":0.0,"axis":"x","origin":[7.024829,9.998789,7.68507]},"faces":{"down":{"uv":[3.125,12.875,3.0,13.5625],"rotation":0,"texture":"#0","tintindex":0},"east":{"uv":[10.125,11.875,10.8125,12.09375],"rotation":0,"texture":"#0","tintindex":0},"north":{"uv":[4.375,11.375,4.5,11.59375],"rotation":0,"texture":"#0","tintindex":0},"south":{"uv":[3.625,13.75,3.75,13.96875],"rotation":0,"texture":"#0","tintindex":0},"up":{"uv":[13.0,3.1875,12.875,2.5],"rotation":0,"texture":"#0","tintindex":0},"west":{"uv":[1.25,12.0,1.9375,12.21875],"rotation":0,"texture":"#0","tintindex":0}}},{"name":"cube","from":[6.814302,11.487937,5.94507],"to":[9.214302,12.267937,9.00507],"rotation":{"angle":22.5,"axis":"x","origin":[8.014302,11.727936,7.68507]},"faces":{"down":{"uv":[7.625,9.25,7.125,9.96875],"rotation":0,"texture":"#0","tintindex":0},"east":{"uv":[11.125,9.625,11.84375,9.84375],"rotation":0,"texture":"#0","tintindex":0},"north":{"uv":[11.125,9.625,11.84375,9.84375],"rotation":0,"texture":"#0","tintindex":0},"south":{"uv":[1.5,12.375,2.0,12.59375],"rotation":0,"texture":"#0","tintindex":0},"up":{"uv":[0.5,9.71875,0.0,9.0],"rotation":0,"texture":"#0","tintindex":0},"west":{"uv":[11.5,6.0,12.21875,6.21875],"rotation":0,"texture":"#0","tintindex":0}}},{"name":"cube","from":[6.874302,8.847937,5.52507],"to":[9.094301,9.207937,8.58507],"rotation":{"angle":0.0,"axis":"x","origin":[8.014302,-14.192063,7.98507]},"faces":{"down":{"uv":[16.0,7.5,15.25,8.125],"rotation":0,"texture":"#0","tintindex":0},"east":{"uv":[14.75,5.0,15.125,5.28125],"rotation":0,"texture":"#0","tintindex":0},"north":{"uv":[11.125,15.625,12.05,15.775],"rotation":0,"texture":"#0","tintindex":0},"south":{"uv":[2.125,12.0,2.625,12.28125],"rotation":0,"texture":"#0","tintindex":0},"up":{"uv":[3.625,6.625,3.125,6.5],"rotation":0,"texture":"#0","tintindex":0},"west":{"uv":[14.875,6.25,15.25,6.53125],"rotation":0,"texture":"#0","tintindex":0}}}],"display":{"head":{"translation":[0.0,-6.4,0.0],"rotation":[0.0,0.0,0.0],"scale":[3.8095,3.8095,3.8095]}}}