{"textures":{"0":"modelengine:entity/freddy"},"elements":[{"name":"cube","from":[6.71,7.3700323,4.5511665],"to":[9.29,7.9700327,8.151167],"rotation":{"angle":0.0,"axis":"x","origin":[8.030001,-14.958653,6.7796483]},"faces":{"down":{"uv":[1.25,7.875,0.625,8.625],"rotation":0,"texture":"#0","tintindex":0},"east":{"uv":[8.625,3.5,9.375,3.625],"rotation":0,"texture":"#0","tintindex":0},"north":{"uv":[9.625,5.375,10.25,5.5],"rotation":0,"texture":"#0","tintindex":0},"south":{"uv":[12.5,5.75,13.125,5.875],"rotation":0,"texture":"#0","tintindex":0},"up":{"uv":[8.375,6.5,7.75,5.75],"rotation":0,"texture":"#0","tintindex":0},"west":{"uv":[12.375,11.875,13.125,12.0],"rotation":0,"texture":"#0","tintindex":0}}},{"name":"cube","from":[6.83,7.9700327,4.6711664],"to":[9.17,8.270033,8.031167],"rotation":{"angle":0.0,"axis":"x","origin":[8.030001,-14.958653,6.7796483]},"faces":{"down":{"uv":[15.25,8.125,14.625,8.875],"rotation":0,"texture":"#0","tintindex":0},"east":{"uv":[11.375,15.125,12.35,15.25],"rotation":0,"texture":"#0","tintindex":0},"north":{"uv":[11.375,15.125,12.35,15.25],"rotation":0,"texture":"#0","tintindex":0},"south":{"uv":[12.5,5.75,13.125,5.875],"rotation":0,"texture":"#0","tintindex":0},"up":{"uv":[15.375,8.0,14.75,7.25],"rotation":0,"texture":"#0","tintindex":0},"west":{"uv":[11.375,15.125,12.35,15.25],"rotation":0,"texture":"#0","tintindex":0}}}],"display":{"head":{"translation":[0.0,-6.4,0.0],"rotation":[0.0,0.0,0.0],"scale":[3.8095,3.8095,3.8095]}}}