{"textures":{"0":"modelengine:entity/freddy"},"elements":[{"name":"cube","from":[5.3,22.34,6.38],"to":[10.639999,23.779999,9.92],"rotation":{"angle":0.0,"axis":"x","origin":[7.97,28.370003,8.06]},"faces":{"down":{"uv":[3.125,5.25,2.0,6.0],"rotation":0,"texture":"#0","tintindex":0},"east":{"uv":[6.625,10.75,7.375,11.0625],"rotation":0,"texture":"#0","tintindex":0},"north":{"uv":[7.75,9.25,8.875,9.5625],"rotation":0,"texture":"#0","tintindex":0},"south":{"uv":[9.25,7.875,10.375,8.1875],"rotation":0,"texture":"#0","tintindex":0},"up":{"uv":[1.875,6.0,0.75,5.25],"rotation":0,"texture":"#0","tintindex":0},"west":{"uv":[10.75,8.125,11.5,8.4375],"rotation":0,"texture":"#0","tintindex":0}}}],"display":{"head":{"translation":[0.0,-6.4,0.0],"rotation":[0.0,0.0,0.0],"scale":[3.8095,3.8095,3.8095]}}}