{"textures":{"0":"modelengine:entity/rustybuss"},"elements":[{"name":"cube","from":[6.3961096,4.5747123,4.656186],"to":[9.754704,11.291902,11.373375],"rotation":{"angle":0.0,"axis":"x","origin":[17.591425,5.6942434,-12.136789]},"faces":{"down":{"uv":[11.078125,4.8125,11.171875,5.1875],"rotation":0,"texture":"#0","tintindex":0},"east":{"uv":[11.265625,5.1875,11.078125,5.5625],"rotation":0,"texture":"#0","tintindex":0},"north":{"uv":[11.078125,5.1875,10.984375,5.5625],"rotation":0,"texture":"#0","tintindex":0},"south":{"uv":[11.359375,5.1875,11.265625,5.5625],"rotation":0,"texture":"#0","tintindex":0},"up":{"uv":[10.984375,5.1875,11.078125,4.8125],"rotation":0,"texture":"#0","tintindex":0},"west":{"uv":[10.984375,5.1875,10.796875,5.5625],"rotation":0,"texture":"#0","tintindex":0}}}],"display":{"head":{"translation":[0.0,-6.4,0.0],"rotation":[0.0,0.0,0.0],"scale":[3.8095,3.8095,3.8095]}}}