{"textures":{"0":"modelengine:entity/rustybuss"},"elements":[{"name":"cube","from":[13.99749,9.999163,-14.7904625],"to":[15.196988,11.198662,-13.1911335],"rotation":{"angle":0.0,"axis":"x","origin":[8.0,7.2003345,8.0]},"faces":{"down":{"uv":[9.4375,0.75,9.390625,0.875],"rotation":0,"texture":"#0","tintindex":0},"east":{"uv":[9.28125,0.875,9.34375,0.96875],"rotation":0,"texture":"#0","tintindex":0},"north":{"uv":[9.34375,0.875,9.390625,0.96875],"rotation":0,"texture":"#0","tintindex":0},"south":{"uv":[9.453125,0.875,9.5,0.96875],"rotation":0,"texture":"#0","tintindex":0},"up":{"uv":[9.390625,0.875,9.34375,0.75],"rotation":0,"texture":"#0","tintindex":0},"west":{"uv":[9.390625,0.875,9.453125,0.96875],"rotation":0,"texture":"#0","tintindex":0}}},{"name":"cube","from":[14.797156,9.199498,27.591803],"to":[15.596821,11.598494,29.191133],"rotation":{"angle":0.0,"axis":"x","origin":[8.0,7.2003345,8.0]},"faces":{"down":{"uv":[8.125,0.0,8.09375,0.125],"rotation":0,"texture":"#0","tintindex":0},"east":{"uv":[8.0,0.125,8.0625,0.3125],"rotation":0,"texture":"#0","tintindex":0},"north":{"uv":[8.0625,0.125,8.09375,0.3125],"rotation":0,"texture":"#0","tintindex":0},"south":{"uv":[8.15625,0.125,8.1875,0.3125],"rotation":0,"texture":"#0","tintindex":0},"up":{"uv":[8.09375,0.125,8.0625,0.0],"rotation":0,"texture":"#0","tintindex":0},"west":{"uv":[8.09375,0.125,8.15625,0.3125],"rotation":0,"texture":"#0","tintindex":0}}},{"name":"cube","from":[-0.39648724,8.799665,-13.1911335],"to":[0.4031787,11.598494,27.991634],"rotation":{"angle":0.0,"axis":"x","origin":[8.0,7.2003345,8.0]},"faces":{"down":{"uv":[12.65625,0.3125,12.625,3.53125],"rotation":0,"texture":"#0","tintindex":0},"east":{"uv":[10.984375,3.53125,12.59375,3.75],"rotation":0,"texture":"#0","tintindex":0},"north":{"uv":[12.59375,3.53125,12.625,3.75],"rotation":0,"texture":"#0","tintindex":0},"south":{"uv":[14.234375,3.53125,14.265625,3.75],"rotation":0,"texture":"#0","tintindex":0},"up":{"uv":[12.625,3.53125,12.59375,0.3125],"rotation":0,"texture":"#0","tintindex":0},"west":{"uv":[12.625,3.53125,14.234375,3.75],"rotation":0,"texture":"#0","tintindex":0}}},{"name":"cube","from":[0.4031787,8.799665,-13.1911335],"to":[15.596821,11.598494,27.991634],"rotation":{"angle":0.0,"axis":"x","origin":[8.0,7.2003345,8.0]},"faces":{"down":{"uv":[10.796875,3.53125,10.203125,6.75],"rotation":0,"texture":"#0","tintindex":0},"east":{"uv":[8.0,6.75,9.609375,6.96875],"rotation":0,"texture":"#0","tintindex":0},"north":{"uv":[9.609375,6.75,10.203125,6.96875],"rotation":0,"texture":"#0","tintindex":0},"south":{"uv":[11.8125,6.75,12.40625,6.96875],"rotation":0,"texture":"#0","tintindex":0},"up":{"uv":[10.203125,6.75,9.609375,3.53125],"rotation":0,"texture":"#0","tintindex":0},"west":{"uv":[10.203125,6.75,11.8125,6.96875],"rotation":0,"texture":"#0","tintindex":0}}},{"name":"cube","from":[0.4031787,9.199498,27.591803],"to":[1.2028444,11.598494,29.191133],"rotation":{"angle":0.0,"axis":"x","origin":[8.0,7.2003345,8.0]},"faces":{"down":{"uv":[9.40625,0.125,9.375,0.25],"rotation":0,"texture":"#0","tintindex":0},"east":{"uv":[9.28125,0.25,9.34375,0.4375],"rotation":0,"texture":"#0","tintindex":0},"north":{"uv":[9.34375,0.25,9.375,0.4375],"rotation":0,"texture":"#0","tintindex":0},"south":{"uv":[9.4375,0.25,9.46875,0.4375],"rotation":0,"texture":"#0","tintindex":0},"up":{"uv":[9.375,0.25,9.34375,0.125],"rotation":0,"texture":"#0","tintindex":0},"west":{"uv":[9.375,0.25,9.4375,0.4375],"rotation":0,"texture":"#0","tintindex":0}}},{"name":"cube","from":[1.2028444,11.198662,10.239063],"to":[14.797156,17.595985,11.838394],"rotation":{"angle":0.0,"axis":"x","origin":[8.0,12.797993,25.192808]},"faces":{"down":{"uv":[9.125,5.40625,8.59375,5.53125],"rotation":0,"texture":"#0","tintindex":0},"east":{"uv":[8.0,5.53125,8.0625,6.03125],"rotation":0,"texture":"#0","tintindex":0},"north":{"uv":[8.0625,5.53125,8.59375,6.03125],"rotation":0,"texture":"#0","tintindex":0},"south":{"uv":[8.65625,5.53125,9.1875,6.03125],"rotation":0,"texture":"#0","tintindex":0},"up":{"uv":[8.59375,5.53125,8.0625,5.40625],"rotation":0,"texture":"#0","tintindex":0},"west":{"uv":[8.59375,5.53125,8.65625,6.03125],"rotation":0,"texture":"#0","tintindex":0}}},{"name":"cube","from":[1.2028444,11.198662,4.641405],"to":[14.797156,12.398159,10.239063],"rotation":{"angle":0.0,"axis":"x","origin":[8.0,12.797993,25.192808]},"faces":{"down":{"uv":[9.28125,1.0625,8.75,1.5],"rotation":0,"texture":"#0","tintindex":0},"east":{"uv":[8.0,1.5,8.21875,1.59375],"rotation":0,"texture":"#0","tintindex":0},"north":{"uv":[8.21875,1.5,8.75,1.59375],"rotation":0,"texture":"#0","tintindex":0},"south":{"uv":[8.96875,1.5,9.5,1.59375],"rotation":0,"texture":"#0","tintindex":0},"up":{"uv":[8.75,1.5,8.21875,1.0625],"rotation":0,"texture":"#0","tintindex":0},"west":{"uv":[8.75,1.5,8.96875,1.59375],"rotation":0,"texture":"#0","tintindex":0}}},{"name":"cube","from":[2.402342,8.399833,22.393978],"to":[3.6018403,9.599331,29.590967],"rotation":{"angle":0.0,"axis":"x","origin":[8.0,7.2003345,8.0]},"faces":{"down":{"uv":[9.28125,5.46875,9.234375,6.03125],"rotation":0,"texture":"#0","tintindex":0},"east":{"uv":[8.90625,6.03125,9.1875,6.125],"rotation":0,"texture":"#0","tintindex":0},"north":{"uv":[9.1875,6.03125,9.234375,6.125],"rotation":0,"texture":"#0","tintindex":0},"south":{"uv":[9.515625,6.03125,9.5625,6.125],"rotation":0,"texture":"#0","tintindex":0},"up":{"uv":[9.234375,6.03125,9.1875,5.46875],"rotation":0,"texture":"#0","tintindex":0},"west":{"uv":[9.234375,6.03125,9.515625,6.125],"rotation":0,"texture":"#0","tintindex":0}}},{"name":"cube","from":[4.801338,9.199498,-14.7904625],"to":[5.6010036,11.598494,-13.1911335],"rotation":{"angle":0.0,"axis":"x","origin":[8.0,7.2003345,8.0]},"faces":{"down":{"uv":[8.125,1.0625,8.09375,1.1875],"rotation":0,"texture":"#0","tintindex":0},"east":{"uv":[8.0,1.1875,8.0625,1.375],"rotation":0,"texture":"#0","tintindex":0},"north":{"uv":[8.0625,1.1875,8.09375,1.375],"rotation":0,"texture":"#0","tintindex":0},"south":{"uv":[8.15625,1.1875,8.1875,1.375],"rotation":0,"texture":"#0","tintindex":0},"up":{"uv":[8.09375,1.1875,8.0625,1.0625],"rotation":0,"texture":"#0","tintindex":0},"west":{"uv":[8.09375,1.1875,8.15625,1.375],"rotation":0,"texture":"#0","tintindex":0}}},{"name":"cube","from":[9.999163,9.199498,-14.7904625],"to":[10.798828,11.598494,-13.1911335],"rotation":{"angle":0.0,"axis":"x","origin":[8.0,7.2003345,8.0]},"faces":{"down":{"uv":[8.125,0.53125,8.09375,0.65625],"rotation":0,"texture":"#0","tintindex":0},"east":{"uv":[8.0,0.65625,8.0625,0.84375],"rotation":0,"texture":"#0","tintindex":0},"north":{"uv":[8.0625,0.65625,8.09375,0.84375],"rotation":0,"texture":"#0","tintindex":0},"south":{"uv":[8.15625,0.65625,8.1875,0.84375],"rotation":0,"texture":"#0","tintindex":0},"up":{"uv":[8.09375,0.65625,8.0625,0.53125],"rotation":0,"texture":"#0","tintindex":0},"west":{"uv":[8.09375,0.65625,8.15625,0.84375],"rotation":0,"texture":"#0","tintindex":0}}},{"name":"cube","from":[-0.796319,9.599331,-14.390631],"to":[16.79632,10.798828,-11.991636],"rotation":{"angle":0.0,"axis":"x","origin":[8.0,7.2003345,8.0]},"faces":{"down":{"uv":[9.46875,2.21875,8.78125,2.40625],"rotation":0,"texture":"#0","tintindex":0},"east":{"uv":[8.0,2.40625,8.09375,2.5],"rotation":0,"texture":"#0","tintindex":0},"north":{"uv":[8.09375,2.40625,8.78125,2.5],"rotation":0,"texture":"#0","tintindex":0},"south":{"uv":[8.875,2.40625,9.5625,2.5],"rotation":0,"texture":"#0","tintindex":0},"up":{"uv":[8.78125,2.40625,8.09375,2.21875],"rotation":0,"texture":"#0","tintindex":0},"west":{"uv":[8.78125,2.40625,8.875,2.5],"rotation":0,"texture":"#0","tintindex":0}}},{"name":"cube","from":[0.8030114,9.999163,-14.7904625],"to":[2.002509,11.198662,-13.1911335],"rotation":{"angle":0.0,"axis":"x","origin":[8.0,7.2003345,8.0]},"faces":{"down":{"uv":[9.4375,0.53125,9.390625,0.65625],"rotation":0,"texture":"#0","tintindex":0},"east":{"uv":[9.28125,0.65625,9.34375,0.75],"rotation":0,"texture":"#0","tintindex":0},"north":{"uv":[9.34375,0.65625,9.390625,0.75],"rotation":0,"texture":"#0","tintindex":0},"south":{"uv":[9.453125,0.65625,9.5,0.75],"rotation":0,"texture":"#0","tintindex":0},"up":{"uv":[9.390625,0.65625,9.34375,0.53125],"rotation":0,"texture":"#0","tintindex":0},"west":{"uv":[9.390625,0.65625,9.453125,0.75],"rotation":0,"texture":"#0","tintindex":0}}},{"name":"cube","from":[6.0008364,9.999163,-14.430614],"to":[9.599331,11.198662,-14.030781],"rotation":{"angle":0.0,"axis":"x","origin":[8.0,7.2003345,8.0]},"faces":{"down":{"uv":[9.578125,0.0,9.4375,0.03125],"rotation":0,"texture":"#0","tintindex":0},"east":{"uv":[9.28125,0.03125,9.296875,0.125],"rotation":0,"texture":"#0","tintindex":0},"north":{"uv":[9.296875,0.03125,9.4375,0.125],"rotation":0,"texture":"#0","tintindex":0},"south":{"uv":[9.453125,0.03125,9.59375,0.125],"rotation":0,"texture":"#0","tintindex":0},"up":{"uv":[9.4375,0.03125,9.296875,0.0],"rotation":0,"texture":"#0","tintindex":0},"west":{"uv":[9.4375,0.03125,9.453125,0.125],"rotation":0,"texture":"#0","tintindex":0}}},{"name":"cube","from":[1.2028444,11.358595,15.436888],"to":[14.797156,12.558092,21.034546],"rotation":{"angle":0.0,"axis":"x","origin":[8.0,12.797993,25.192808]},"faces":{"down":{"uv":[9.28125,0.53125,8.75,0.96875],"rotation":0,"texture":"#0","tintindex":0},"east":{"uv":[8.0,0.96875,8.21875,1.0625],"rotation":0,"texture":"#0","tintindex":0},"north":{"uv":[8.21875,0.96875,8.75,1.0625],"rotation":0,"texture":"#0","tintindex":0},"south":{"uv":[8.96875,0.96875,9.5,1.0625],"rotation":0,"texture":"#0","tintindex":0},"up":{"uv":[8.75,0.96875,8.21875,0.53125],"rotation":0,"texture":"#0","tintindex":0},"west":{"uv":[8.75,0.96875,8.96875,1.0625],"rotation":0,"texture":"#0","tintindex":0}}},{"name":"cube","from":[1.2028444,11.358595,21.034546],"to":[14.797156,17.755917,22.633877],"rotation":{"angle":0.0,"axis":"x","origin":[8.0,12.797993,25.192808]},"faces":{"down":{"uv":[9.125,4.78125,8.59375,4.90625],"rotation":0,"texture":"#0","tintindex":0},"east":{"uv":[8.0,4.90625,8.0625,5.40625],"rotation":0,"texture":"#0","tintindex":0},"north":{"uv":[8.0625,4.90625,8.59375,5.40625],"rotation":0,"texture":"#0","tintindex":0},"south":{"uv":[8.65625,4.90625,9.1875,5.40625],"rotation":0,"texture":"#0","tintindex":0},"up":{"uv":[8.59375,4.90625,8.0625,4.78125],"rotation":0,"texture":"#0","tintindex":0},"west":{"uv":[8.59375,4.90625,8.65625,5.40625],"rotation":0,"texture":"#0","tintindex":0}}},{"name":"cube","from":[1.2028444,11.478544,-5.754244],"to":[14.797156,12.678042,-0.15658808],"rotation":{"angle":0.0,"axis":"x","origin":[8.0,12.797993,25.192808]},"faces":{"down":{"uv":[9.28125,0.0,8.75,0.4375],"rotation":0,"texture":"#0","tintindex":0},"east":{"uv":[8.0,0.4375,8.21875,0.53125],"rotation":0,"texture":"#0","tintindex":0},"north":{"uv":[8.21875,0.4375,8.75,0.53125],"rotation":0,"texture":"#0","tintindex":0},"south":{"uv":[8.96875,0.4375,9.5,0.53125],"rotation":0,"texture":"#0","tintindex":0},"up":{"uv":[8.75,0.4375,8.21875,0.0],"rotation":0,"texture":"#0","tintindex":0},"west":{"uv":[8.75,0.4375,8.96875,0.53125],"rotation":0,"texture":"#0","tintindex":0}}},{"name":"cube","from":[1.2028444,11.478544,-0.15658808],"to":[14.797156,17.875866,1.4427431],"rotation":{"angle":0.0,"axis":"x","origin":[8.0,12.797993,25.192808]},"faces":{"down":{"uv":[9.125,4.15625,8.59375,4.28125],"rotation":0,"texture":"#0","tintindex":0},"east":{"uv":[8.0,4.28125,8.0625,4.78125],"rotation":0,"texture":"#0","tintindex":0},"north":{"uv":[8.0625,4.28125,8.59375,4.78125],"rotation":0,"texture":"#0","tintindex":0},"south":{"uv":[8.65625,4.28125,9.1875,4.78125],"rotation":0,"texture":"#0","tintindex":0},"up":{"uv":[8.59375,4.28125,8.0625,4.15625],"rotation":0,"texture":"#0","tintindex":0},"west":{"uv":[8.59375,4.28125,8.65625,4.78125],"rotation":0,"texture":"#0","tintindex":0}}},{"name":"cube","from":[-0.39648724,11.598494,-13.1911335],"to":[16.396486,17.995817,-11.591803],"rotation":{"angle":0.0,"axis":"x","origin":[8.0,7.2003345,8.0]},"faces":{"down":{"uv":[9.375,1.59375,8.71875,1.71875],"rotation":0,"texture":"#0","tintindex":0},"east":{"uv":[8.0,1.71875,8.0625,2.21875],"rotation":0,"texture":"#0","tintindex":0},"north":{"uv":[8.0625,1.71875,8.71875,2.21875],"rotation":0,"texture":"#0","tintindex":0},"south":{"uv":[8.78125,1.71875,9.4375,2.21875],"rotation":0,"texture":"#0","tintindex":0},"up":{"uv":[8.71875,1.71875,8.0625,1.59375],"rotation":0,"texture":"#0","tintindex":0},"west":{"uv":[8.71875,1.71875,8.78125,2.21875],"rotation":0,"texture":"#0","tintindex":0}}},{"name":"cube","from":[-0.35650396,17.7959,-12.111584],"to":[0.44316196,24.99289,-10.512255],"rotation":{"angle":22.5,"axis":"x","origin":[7.9333572,21.194479,-12.391468]},"faces":{"down":{"uv":[8.53125,6.03125,8.5,6.15625],"rotation":0,"texture":"#0","tintindex":0},"east":{"uv":[8.40625,6.15625,8.46875,6.71875],"rotation":0,"texture":"#0","tintindex":0},"north":{"uv":[8.46875,6.15625,8.5,6.71875],"rotation":0,"texture":"#0","tintindex":0},"south":{"uv":[8.5625,6.15625,8.59375,6.71875],"rotation":0,"texture":"#0","tintindex":0},"up":{"uv":[8.5,6.15625,8.46875,6.03125],"rotation":0,"texture":"#0","tintindex":0},"west":{"uv":[8.5,6.15625,8.5625,6.71875],"rotation":0,"texture":"#0","tintindex":0}}},{"name":"cube","from":[15.556838,17.7959,-12.111584],"to":[16.356503,24.99289,-10.512255],"rotation":{"angle":22.5,"axis":"x","origin":[7.9333572,21.194479,-12.391468]},"faces":{"down":{"uv":[8.34375,6.03125,8.3125,6.15625],"rotation":0,"texture":"#0","tintindex":0},"east":{"uv":[8.21875,6.15625,8.28125,6.71875],"rotation":0,"texture":"#0","tintindex":0},"north":{"uv":[8.28125,6.15625,8.3125,6.71875],"rotation":0,"texture":"#0","tintindex":0},"south":{"uv":[8.375,6.15625,8.40625,6.71875],"rotation":0,"texture":"#0","tintindex":0},"up":{"uv":[8.3125,6.15625,8.28125,6.03125],"rotation":0,"texture":"#0","tintindex":0},"west":{"uv":[8.3125,6.15625,8.375,6.71875],"rotation":0,"texture":"#0","tintindex":0}}},{"name":"cube","from":[7.2003345,17.7959,-12.111584],"to":[8.399833,24.99289,-10.512255],"rotation":{"angle":22.5,"axis":"x","origin":[7.9333572,21.194479,-12.391468]},"faces":{"down":{"uv":[8.15625,6.03125,8.109375,6.15625],"rotation":0,"texture":"#0","tintindex":0},"east":{"uv":[8.0,6.15625,8.0625,6.71875],"rotation":0,"texture":"#0","tintindex":0},"north":{"uv":[8.0625,6.15625,8.109375,6.71875],"rotation":0,"texture":"#0","tintindex":0},"south":{"uv":[8.171875,6.15625,8.21875,6.71875],"rotation":0,"texture":"#0","tintindex":0},"up":{"uv":[8.109375,6.15625,8.0625,6.03125],"rotation":0,"texture":"#0","tintindex":0},"west":{"uv":[8.109375,6.15625,8.171875,6.71875],"rotation":0,"texture":"#0","tintindex":0}}},{"name":"cube","from":[-0.796319,24.39314,-13.1911335],"to":[16.79632,28.391466,27.991634],"rotation":{"angle":0.0,"axis":"x","origin":[8.0,7.2003345,8.0]},"faces":{"down":{"uv":[10.984375,0.0,10.296875,3.21875],"rotation":0,"texture":"#0","tintindex":0},"east":{"uv":[8.0,3.21875,9.609375,3.53125],"rotation":0,"texture":"#0","tintindex":0},"north":{"uv":[9.609375,3.21875,10.296875,3.53125],"rotation":0,"texture":"#0","tintindex":0},"south":{"uv":[11.90625,3.21875,12.59375,3.53125],"rotation":0,"texture":"#0","tintindex":0},"up":{"uv":[10.296875,3.21875,9.609375,0.0],"rotation":0,"texture":"#0","tintindex":0},"west":{"uv":[10.296875,3.21875,11.90625,3.53125],"rotation":0,"texture":"#0","tintindex":0}}},{"name":"cube","from":[-0.39648724,11.598494,-11.591803],"to":[0.4031787,17.995817,27.991634],"rotation":{"angle":0.0,"axis":"x","origin":[8.0,7.2003345,8.0]},"faces":{"down":{"uv":[12.765625,7.1875,12.734375,10.28125],"rotation":0,"texture":"#0","tintindex":0},"east":{"uv":[11.15625,10.28125,12.703125,10.78125],"rotation":0,"texture":"#0","tintindex":0},"north":{"uv":[12.703125,10.28125,12.734375,10.78125],"rotation":0,"texture":"#0","tintindex":0},"south":{"uv":[14.28125,10.28125,14.3125,10.78125],"rotation":0,"texture":"#0","tintindex":0},"up":{"uv":[12.734375,10.28125,12.703125,7.1875],"rotation":0,"texture":"#0","tintindex":0},"west":{"uv":[12.734375,10.28125,14.28125,10.78125],"rotation":0,"texture":"#0","tintindex":0}}},{"name":"cube","from":[0.4031787,11.598494,26.392305],"to":[15.596821,17.995817,27.991634],"rotation":{"angle":0.0,"axis":"x","origin":[8.0,7.2003345,8.0]},"faces":{"down":{"uv":[9.25,3.53125,8.65625,3.65625],"rotation":0,"texture":"#0","tintindex":0},"east":{"uv":[8.0,3.65625,8.0625,4.15625],"rotation":0,"texture":"#0","tintindex":0},"north":{"uv":[8.0625,3.65625,8.65625,4.15625],"rotation":0,"texture":"#0","tintindex":0},"south":{"uv":[8.71875,3.65625,9.3125,4.15625],"rotation":0,"texture":"#0","tintindex":0},"up":{"uv":[8.65625,3.65625,8.0625,3.53125],"rotation":0,"texture":"#0","tintindex":0},"west":{"uv":[8.65625,3.65625,8.71875,4.15625],"rotation":0,"texture":"#0","tintindex":0}}},{"name":"cube","from":[-0.39648724,17.995817,23.993307],"to":[0.4031787,24.39314,27.991634],"rotation":{"angle":0.0,"axis":"x","origin":[8.0,7.2003345,8.0]},"faces":{"down":{"uv":[9.40625,4.65625,9.375,4.96875],"rotation":0,"texture":"#0","tintindex":0},"east":{"uv":[9.1875,4.96875,9.34375,5.46875],"rotation":0,"texture":"#0","tintindex":0},"north":{"uv":[9.34375,4.96875,9.375,5.46875],"rotation":0,"texture":"#0","tintindex":0},"south":{"uv":[9.53125,4.96875,9.5625,5.46875],"rotation":0,"texture":"#0","tintindex":0},"up":{"uv":[9.375,4.96875,9.34375,4.65625],"rotation":0,"texture":"#0","tintindex":0},"west":{"uv":[9.375,4.96875,9.53125,5.46875],"rotation":0,"texture":"#0","tintindex":0}}},{"name":"cube","from":[15.596821,17.995817,23.993307],"to":[16.396486,24.39314,27.991634],"rotation":{"angle":0.0,"axis":"x","origin":[8.0,7.2003345,8.0]},"faces":{"down":{"uv":[9.40625,3.84375,9.375,4.15625],"rotation":0,"texture":"#0","tintindex":0},"east":{"uv":[9.1875,4.15625,9.34375,4.65625],"rotation":0,"texture":"#0","tintindex":0},"north":{"uv":[9.34375,4.15625,9.375,4.65625],"rotation":0,"texture":"#0","tintindex":0},"south":{"uv":[9.53125,4.15625,9.5625,4.65625],"rotation":0,"texture":"#0","tintindex":0},"up":{"uv":[9.375,4.15625,9.34375,3.84375],"rotation":0,"texture":"#0","tintindex":0},"west":{"uv":[9.375,4.15625,9.53125,4.65625],"rotation":0,"texture":"#0","tintindex":0}}},{"name":"cube","from":[-0.39648724,17.995817,15.996654],"to":[0.4031787,24.39314,17.196152],"rotation":{"angle":0.0,"axis":"x","origin":[8.0,7.2003345,8.0]},"faces":{"down":{"uv":[9.171875,6.125,9.140625,6.21875],"rotation":0,"texture":"#0","tintindex":0},"east":{"uv":[9.0625,6.21875,9.109375,6.71875],"rotation":0,"texture":"#0","tintindex":0},"north":{"uv":[9.109375,6.21875,9.140625,6.71875],"rotation":0,"texture":"#0","tintindex":0},"south":{"uv":[9.1875,6.21875,9.21875,6.71875],"rotation":0,"texture":"#0","tintindex":0},"up":{"uv":[9.140625,6.21875,9.109375,6.125],"rotation":0,"texture":"#0","tintindex":0},"west":{"uv":[9.140625,6.21875,9.1875,6.71875],"rotation":0,"texture":"#0","tintindex":0}}},{"name":"cube","from":[-0.39648724,17.995817,8.0],"to":[0.4031787,24.39314,9.199498],"rotation":{"angle":0.0,"axis":"x","origin":[8.0,7.2003345,8.0]},"faces":{"down":{"uv":[9.015625,6.125,8.984375,6.21875],"rotation":0,"texture":"#0","tintindex":0},"east":{"uv":[8.90625,6.21875,8.953125,6.71875],"rotation":0,"texture":"#0","tintindex":0},"north":{"uv":[8.953125,6.21875,8.984375,6.71875],"rotation":0,"texture":"#0","tintindex":0},"south":{"uv":[9.03125,6.21875,9.0625,6.71875],"rotation":0,"texture":"#0","tintindex":0},"up":{"uv":[8.984375,6.21875,8.953125,6.125],"rotation":0,"texture":"#0","tintindex":0},"west":{"uv":[8.984375,6.21875,9.03125,6.71875],"rotation":0,"texture":"#0","tintindex":0}}},{"name":"cube","from":[-0.39648724,17.995817,0.0033454895],"to":[0.4031787,24.39314,1.2028434],"rotation":{"angle":0.0,"axis":"x","origin":[8.0,7.2003345,8.0]},"faces":{"down":{"uv":[8.859375,6.03125,8.828125,6.125],"rotation":0,"texture":"#0","tintindex":0},"east":{"uv":[8.75,6.125,8.796875,6.625],"rotation":0,"texture":"#0","tintindex":0},"north":{"uv":[8.796875,6.125,8.828125,6.625],"rotation":0,"texture":"#0","tintindex":0},"south":{"uv":[8.875,6.125,8.90625,6.625],"rotation":0,"texture":"#0","tintindex":0},"up":{"uv":[8.828125,6.125,8.796875,6.03125],"rotation":0,"texture":"#0","tintindex":0},"west":{"uv":[8.828125,6.125,8.875,6.625],"rotation":0,"texture":"#0","tintindex":0}}},{"name":"cube","from":[0.0033454895,17.995817,-11.591803],"to":[0.0033454895,24.39314,27.991634],"rotation":{"angle":0.0,"axis":"x","origin":[8.0,7.2003345,8.0]},"faces":{"down":{"uv":[11.15625,4.59375,11.15625,7.6875],"rotation":0,"texture":"#0","tintindex":0},"east":{"uv":[9.609375,7.6875,11.15625,8.1875],"rotation":0,"texture":"#0","tintindex":0},"north":{"uv":[11.15625,7.6875,11.15625,8.1875],"rotation":0,"texture":"#0","tintindex":0},"south":{"uv":[12.703125,7.6875,12.703125,8.1875],"rotation":0,"texture":"#0","tintindex":0},"up":{"uv":[11.15625,7.6875,11.15625,4.59375],"rotation":0,"texture":"#0","tintindex":0},"west":{"uv":[11.15625,7.6875,12.703125,8.1875],"rotation":0,"texture":"#0","tintindex":0}}},{"name":"cube","from":[0.36319542,17.7959,-11.311918],"to":[15.556838,24.99289,-11.311918],"rotation":{"angle":22.5,"axis":"x","origin":[7.9333572,21.194479,-12.391468]},"faces":{"down":{"uv":[11.984375,3.75,11.390625,3.75],"rotation":0,"texture":"#0","tintindex":0},"east":{"uv":[10.796875,3.75,10.796875,4.3125],"rotation":0,"texture":"#0","tintindex":0},"north":{"uv":[10.796875,3.75,11.390625,4.3125],"rotation":0,"texture":"#0","tintindex":0},"south":{"uv":[11.390625,3.75,11.984375,4.3125],"rotation":0,"texture":"#0","tintindex":0},"up":{"uv":[11.390625,3.75,10.796875,3.75],"rotation":0,"texture":"#0","tintindex":0},"west":{"uv":[11.390625,3.75,11.390625,4.3125],"rotation":0,"texture":"#0","tintindex":0}}},{"name":"cube","from":[13.99749,17.995817,26.392305],"to":[15.596821,24.39314,27.991634],"rotation":{"angle":0.0,"axis":"x","origin":[8.0,7.2003345,8.0]},"faces":{"down":{"uv":[11.171875,2.125,11.109375,2.25],"rotation":0,"texture":"#0","tintindex":0},"east":{"uv":[10.984375,2.25,11.046875,2.75],"rotation":0,"texture":"#0","tintindex":0},"north":{"uv":[11.046875,2.25,11.109375,2.75],"rotation":0,"texture":"#0","tintindex":0},"south":{"uv":[11.171875,2.25,11.234375,2.75],"rotation":0,"texture":"#0","tintindex":0},"up":{"uv":[11.109375,2.25,11.046875,2.125],"rotation":0,"texture":"#0","tintindex":0},"west":{"uv":[11.109375,2.25,11.171875,2.75],"rotation":0,"texture":"#0","tintindex":0}}},{"name":"cube","from":[0.4031787,17.995817,26.392305],"to":[2.002509,24.39314,27.991634],"rotation":{"angle":0.0,"axis":"x","origin":[8.0,7.2003345,8.0]},"faces":{"down":{"uv":[11.171875,1.5,11.109375,1.625],"rotation":0,"texture":"#0","tintindex":0},"east":{"uv":[10.984375,1.625,11.046875,2.125],"rotation":0,"texture":"#0","tintindex":0},"north":{"uv":[11.046875,1.625,11.109375,2.125],"rotation":0,"texture":"#0","tintindex":0},"south":{"uv":[11.171875,1.625,11.234375,2.125],"rotation":0,"texture":"#0","tintindex":0},"up":{"uv":[11.109375,1.625,11.046875,1.5],"rotation":0,"texture":"#0","tintindex":0},"west":{"uv":[11.109375,1.625,11.171875,2.125],"rotation":0,"texture":"#0","tintindex":0}}},{"name":"cube","from":[-0.796319,9.199498,26.792137],"to":[16.79632,10.798828,28.391468],"rotation":{"angle":0.0,"axis":"x","origin":[8.0,7.2003345,8.0]},"faces":{"down":{"uv":[9.4375,2.5,8.75,2.625],"rotation":0,"texture":"#0","tintindex":0},"east":{"uv":[8.0,2.625,8.0625,2.75],"rotation":0,"texture":"#0","tintindex":0},"north":{"uv":[8.0625,2.625,8.75,2.75],"rotation":0,"texture":"#0","tintindex":0},"south":{"uv":[8.8125,2.625,9.5,2.75],"rotation":0,"texture":"#0","tintindex":0},"up":{"uv":[8.75,2.625,8.0625,2.5],"rotation":0,"texture":"#0","tintindex":0},"west":{"uv":[8.75,2.625,8.8125,2.75],"rotation":0,"texture":"#0","tintindex":0}}},{"name":"cube","from":[2.002509,17.995817,27.19197],"to":[13.99749,24.39314,27.19197],"rotation":{"angle":0.0,"axis":"x","origin":[8.0,7.2003345,8.0]},"faces":{"down":{"uv":[11.734375,4.3125,11.265625,4.3125],"rotation":0,"texture":"#0","tintindex":0},"east":{"uv":[10.796875,4.3125,10.796875,4.8125],"rotation":0,"texture":"#0","tintindex":0},"north":{"uv":[10.796875,4.3125,11.265625,4.8125],"rotation":0,"texture":"#0","tintindex":0},"south":{"uv":[11.265625,4.3125,11.734375,4.8125],"rotation":0,"texture":"#0","tintindex":0},"up":{"uv":[11.265625,4.3125,10.796875,4.3125],"rotation":0,"texture":"#0","tintindex":0},"west":{"uv":[11.265625,4.3125,11.265625,4.8125],"rotation":0,"texture":"#0","tintindex":0}}},{"name":"cube","from":[15.596821,11.598494,-11.591803],"to":[16.396486,17.995817,27.991634],"rotation":{"angle":0.0,"axis":"x","origin":[8.0,7.2003345,8.0]},"faces":{"down":{"uv":[12.734375,7.1875,12.765625,10.28125],"rotation":0,"texture":"#0","tintindex":0},"east":{"uv":[14.28125,10.28125,12.734375,10.78125],"rotation":0,"texture":"#0","tintindex":0},"north":{"uv":[12.734375,10.28125,12.703125,10.78125],"rotation":0,"texture":"#0","tintindex":0},"south":{"uv":[14.3125,10.28125,14.28125,10.78125],"rotation":0,"texture":"#0","tintindex":0},"up":{"uv":[12.703125,10.28125,12.734375,7.1875],"rotation":0,"texture":"#0","tintindex":0},"west":{"uv":[12.703125,10.28125,11.15625,10.78125],"rotation":0,"texture":"#0","tintindex":0}}},{"name":"cube","from":[15.596821,8.799665,-13.1911335],"to":[16.396486,11.598494,27.991634],"rotation":{"angle":0.0,"axis":"x","origin":[8.0,7.2003345,8.0]},"faces":{"down":{"uv":[12.625,0.3125,12.65625,3.53125],"rotation":0,"texture":"#0","tintindex":0},"east":{"uv":[14.234375,3.53125,12.625,3.75],"rotation":0,"texture":"#0","tintindex":0},"north":{"uv":[12.625,3.53125,12.59375,3.75],"rotation":0,"texture":"#0","tintindex":0},"south":{"uv":[14.265625,3.53125,14.234375,3.75],"rotation":0,"texture":"#0","tintindex":0},"up":{"uv":[12.59375,3.53125,12.625,0.3125],"rotation":0,"texture":"#0","tintindex":0},"west":{"uv":[12.59375,3.53125,10.984375,3.75],"rotation":0,"texture":"#0","tintindex":0}}},{"name":"cube","from":[15.596821,17.995817,0.0033454895],"to":[16.396486,24.39314,1.2028434],"rotation":{"angle":0.0,"axis":"x","origin":[8.0,7.2003345,8.0]},"faces":{"down":{"uv":[8.828125,6.03125,8.859375,6.125],"rotation":0,"texture":"#0","tintindex":0},"east":{"uv":[8.875,6.125,8.828125,6.625],"rotation":0,"texture":"#0","tintindex":0},"north":{"uv":[8.828125,6.125,8.796875,6.625],"rotation":0,"texture":"#0","tintindex":0},"south":{"uv":[8.90625,6.125,8.875,6.625],"rotation":0,"texture":"#0","tintindex":0},"up":{"uv":[8.796875,6.125,8.828125,6.03125],"rotation":0,"texture":"#0","tintindex":0},"west":{"uv":[8.796875,6.125,8.75,6.625],"rotation":0,"texture":"#0","tintindex":0}}},{"name":"cube","from":[15.596821,17.995817,8.0],"to":[16.396486,24.39314,9.199498],"rotation":{"angle":0.0,"axis":"x","origin":[8.0,7.2003345,8.0]},"faces":{"down":{"uv":[8.984375,6.125,9.015625,6.21875],"rotation":0,"texture":"#0","tintindex":0},"east":{"uv":[9.03125,6.21875,8.984375,6.71875],"rotation":0,"texture":"#0","tintindex":0},"north":{"uv":[8.984375,6.21875,8.953125,6.71875],"rotation":0,"texture":"#0","tintindex":0},"south":{"uv":[9.0625,6.21875,9.03125,6.71875],"rotation":0,"texture":"#0","tintindex":0},"up":{"uv":[8.953125,6.21875,8.984375,6.125],"rotation":0,"texture":"#0","tintindex":0},"west":{"uv":[8.953125,6.21875,8.90625,6.71875],"rotation":0,"texture":"#0","tintindex":0}}},{"name":"cube","from":[15.596821,17.995817,15.996654],"to":[16.396486,24.39314,17.196152],"rotation":{"angle":0.0,"axis":"x","origin":[8.0,7.2003345,8.0]},"faces":{"down":{"uv":[9.140625,6.125,9.171875,6.21875],"rotation":0,"texture":"#0","tintindex":0},"east":{"uv":[9.1875,6.21875,9.140625,6.71875],"rotation":0,"texture":"#0","tintindex":0},"north":{"uv":[9.140625,6.21875,9.109375,6.71875],"rotation":0,"texture":"#0","tintindex":0},"south":{"uv":[9.21875,6.21875,9.1875,6.71875],"rotation":0,"texture":"#0","tintindex":0},"up":{"uv":[9.109375,6.21875,9.140625,6.125],"rotation":0,"texture":"#0","tintindex":0},"west":{"uv":[9.109375,6.21875,9.0625,6.71875],"rotation":0,"texture":"#0","tintindex":0}}},{"name":"cube","from":[15.996654,17.995817,-11.591803],"to":[15.996654,24.39314,27.991634],"rotation":{"angle":0.0,"axis":"x","origin":[8.0,7.2003345,8.0]},"faces":{"down":{"uv":[11.15625,4.59375,11.15625,7.6875],"rotation":0,"texture":"#0","tintindex":0},"east":{"uv":[12.703125,7.6875,11.15625,8.1875],"rotation":0,"texture":"#0","tintindex":0},"north":{"uv":[11.15625,7.6875,11.15625,8.1875],"rotation":0,"texture":"#0","tintindex":0},"south":{"uv":[12.703125,7.6875,12.703125,8.1875],"rotation":0,"texture":"#0","tintindex":0},"up":{"uv":[11.15625,7.6875,11.15625,4.59375],"rotation":0,"texture":"#0","tintindex":0},"west":{"uv":[11.15625,7.6875,9.609375,8.1875],"rotation":0,"texture":"#0","tintindex":0}}}],"display":{"head":{"translation":[0.0,-6.4,0.0],"rotation":[0.0,0.0,0.0],"scale":[3.7333333,3.7333333,3.7333333]}}}