{"textures":{"0":"modelengine:entity/roxanne"},"elements":[{"name":"cube","from":[6.5848055,2.0011613,6.4171247],"to":[9.479206,2.2171617,8.879524],"rotation":{"angle":0.0,"axis":"x","origin":[6.9304056,1.1155615,7.648325]},"faces":{"down":{"uv":[12.125,8.5,11.916667,8.75],"rotation":0,"texture":"#0","tintindex":0},"east":{"uv":[13.166667,10.9375,13.333333,10.96875],"rotation":0,"texture":"#0","tintindex":0},"north":{"uv":[13.125,8.5,13.333333,8.53125],"rotation":0,"texture":"#0","tintindex":0},"south":{"uv":[13.125,9.5625,13.333333,9.59375],"rotation":0,"texture":"#0","tintindex":0},"up":{"uv":[11.75,10.0625,11.541667,9.8125],"rotation":0,"texture":"#0","tintindex":0},"west":{"uv":[13.166667,11.5,13.333333,11.53125],"rotation":0,"texture":"#0","tintindex":0}}},{"name":"cube","from":[6.3904057,0.16516161,6.179525],"to":[9.673606,2.0011613,9.1171255],"rotation":{"angle":0.0,"axis":"x","origin":[6.9304056,1.4611615,7.648325]},"faces":{"down":{"uv":[10.895833,8.75,10.666667,9.0625],"rotation":0,"texture":"#0","tintindex":0},"east":{"uv":[12.208333,10.0625,12.416667,10.25],"rotation":0,"texture":"#0","tintindex":0},"north":{"uv":[10.833333,10.125,11.0625,10.3125],"rotation":0,"texture":"#0","tintindex":0},"south":{"uv":[11.083333,10.125,11.3125,10.3125],"rotation":0,"texture":"#0","tintindex":0},"up":{"uv":[11.145833,8.9375,10.916667,8.625],"rotation":0,"texture":"#0","tintindex":0},"west":{"uv":[12.208333,10.25,12.416667,10.4375],"rotation":0,"texture":"#0","tintindex":0}}},{"name":"cube","from":[6.6064057,0.4243617,6.006725],"to":[9.457605,1.7419618,9.289925],"rotation":{"angle":0.0,"axis":"x","origin":[6.9304056,1.4611615,7.648325]},"faces":{"down":{"uv":[11.375,8.375,11.166667,8.71875],"rotation":0,"texture":"#0","tintindex":0},"east":{"uv":[12.583333,8.8125,12.8125,8.9375],"rotation":0,"texture":"#0","tintindex":0},"north":{"uv":[12.625,9.25,12.833333,9.375],"rotation":0,"texture":"#0","tintindex":0},"south":{"uv":[11.666667,10.9375,11.875,11.0625],"rotation":0,"texture":"#0","tintindex":0},"up":{"uv":[11.375,8.34375,11.166667,8.0],"rotation":0,"texture":"#0","tintindex":0},"west":{"uv":[12.583333,10.625,12.8125,10.75],"rotation":0,"texture":"#0","tintindex":0}}},{"name":"cube","from":[6.174406,0.31636143,6.654725],"to":[9.8896055,1.849962,8.641925],"rotation":{"angle":0.0,"axis":"x","origin":[6.9304056,1.4611615,7.648325]},"faces":{"down":{"uv":[12.125,8.25,11.875,8.46875],"rotation":0,"texture":"#0","tintindex":0},"east":{"uv":[12.5,11.0625,12.645833,11.21875],"rotation":0,"texture":"#0","tintindex":0},"north":{"uv":[12.208333,10.4375,12.458333,10.59375],"rotation":0,"texture":"#0","tintindex":0},"south":{"uv":[12.333333,8.75,12.583333,8.90625],"rotation":0,"texture":"#0","tintindex":0},"up":{"uv":[12.125,8.21875,11.875,8.0],"rotation":0,"texture":"#0","tintindex":0},"west":{"uv":[12.666667,11.0625,12.8125,11.21875],"rotation":0,"texture":"#0","tintindex":0}}},{"name":"cube","from":[5.9368057,0.51076174,7.0867248],"to":[10.127207,1.6555623,8.209925],"rotation":{"angle":0.0,"axis":"x","origin":[6.9304056,1.4611615,7.648325]},"faces":{"down":{"uv":[12.666667,9.375,12.375,9.5],"rotation":0,"texture":"#0","tintindex":0},"east":{"uv":[11.666667,10.8125,11.75,10.9375],"rotation":0,"texture":"#0","tintindex":0},"north":{"uv":[12.375,8.25,12.666667,8.375],"rotation":0,"texture":"#0","tintindex":0},"south":{"uv":[12.375,8.375,12.666667,8.5],"rotation":0,"texture":"#0","tintindex":0},"up":{"uv":[11.291667,10.6875,11.0,10.5625],"rotation":0,"texture":"#0","tintindex":0},"west":{"uv":[11.25,11.5625,11.333333,11.6875],"rotation":0,"texture":"#0","tintindex":0}}},{"name":"cube","from":[6.692806,2.1955621,6.5251245],"to":[9.371206,2.4763613,8.771525],"rotation":{"angle":0.0,"axis":"x","origin":[6.9304056,0.85636187,7.648325]},"faces":{"down":{"uv":[13.625,10.15625,13.854167,10.25],"rotation":0,"texture":"#0","tintindex":0},"east":{"uv":[13.625,10.15625,13.854167,10.25],"rotation":0,"texture":"#0","tintindex":0},"north":{"uv":[13.625,10.15625,13.854167,10.25],"rotation":0,"texture":"#0","tintindex":0},"south":{"uv":[13.625,10.15625,13.854167,10.25],"rotation":0,"texture":"#0","tintindex":0},"up":{"uv":[13.625,10.15625,13.854167,10.25],"rotation":0,"texture":"#0","tintindex":0},"west":{"uv":[13.625,10.15625,13.854167,10.25],"rotation":0,"texture":"#0","tintindex":0}}},{"name":"cube","from":[6.8008056,2.4547617,6.6115246],"to":[9.2632065,2.7139623,8.685125],"rotation":{"angle":0.0,"axis":"x","origin":[6.9304056,0.85636187,7.648325]},"faces":{"down":{"uv":[11.583333,10.375,11.416667,10.59375],"rotation":0,"texture":"#0","tintindex":0},"east":{"uv":[13.208333,10.0,13.354167,10.03125],"rotation":0,"texture":"#0","tintindex":0},"north":{"uv":[13.208333,8.875,13.375,8.90625],"rotation":0,"texture":"#0","tintindex":0},"south":{"uv":[13.208333,9.4375,13.375,9.46875],"rotation":0,"texture":"#0","tintindex":0},"up":{"uv":[10.833333,10.59375,10.666667,10.375],"rotation":0,"texture":"#0","tintindex":0},"west":{"uv":[13.208333,10.0625,13.354167,10.09375],"rotation":0,"texture":"#0","tintindex":0}}}],"display":{"head":{"translation":[0.0,-6.4,0.0],"rotation":[0.0,0.0,0.0],"scale":[3.8095,3.8095,3.8095]}}}