{"textures":{"0":"modelengine:entity/roxanne"},"elements":[{"name":"cube","from":[7.0291996,8.267019,8.241807],"to":[8.9708,8.742219,9.429807],"rotation":{"angle":0.0,"axis":"x","origin":[6.9523997,1.5494195,7.0562067]},"faces":{"down":{"uv":[14.291667,13.4375,14.578,13.53025],"rotation":0,"texture":"#0","tintindex":0},"east":{"uv":[14.5,13.65625,14.786333,13.749],"rotation":0,"texture":"#0","tintindex":0},"north":{"uv":[14.291667,13.4375,14.578,13.53025],"rotation":0,"texture":"#0","tintindex":0},"south":{"uv":[14.5,13.65625,14.786333,13.749],"rotation":0,"texture":"#0","tintindex":0},"up":{"uv":[14.291667,13.4375,14.578,13.53025],"rotation":0,"texture":"#0","tintindex":0},"west":{"uv":[14.5,13.65625,14.786333,13.749],"rotation":0,"texture":"#0","tintindex":0}}},{"name":"cube","from":[6.9692,7.7624,8.306],"to":[9.0308,8.2376,9.4939995],"rotation":{"angle":0.0,"axis":"x","origin":[6.9523997,1.0447991,6.8803997]},"faces":{"down":{"uv":[12.979167,9.0625,12.833333,9.1875],"rotation":0,"texture":"#0","tintindex":0},"east":{"uv":[11.416667,10.0,11.5,10.0625],"rotation":0,"texture":"#0","tintindex":0},"north":{"uv":[13.0,10.4375,13.145833,10.5],"rotation":0,"texture":"#0","tintindex":0},"south":{"uv":[13.083333,8.6875,13.229167,8.75],"rotation":0,"texture":"#0","tintindex":0},"up":{"uv":[11.395833,11.375,11.25,11.25],"rotation":0,"texture":"#0","tintindex":0},"west":{"uv":[10.833333,10.0625,10.916667,10.125],"rotation":0,"texture":"#0","tintindex":0}}}],"display":{"head":{"translation":[0.0,-6.4,0.0],"rotation":[0.0,0.0,0.0],"scale":[3.8095,3.8095,3.8095]}}}