{"textures":{"0":"modelengine:entity/roxanne"},"elements":[{"name":"cube","from":[7.3016,7.1012,6.6284],"to":[8.7128,8.4188,7.9315996],"rotation":{"angle":0.0,"axis":"x","origin":[6.9056,8.138,9.53]},"faces":{"down":{"uv":[11.541667,9.3125,11.708333,9.447917],"rotation":0,"texture":"#0","tintindex":0},"east":{"uv":[11.541667,9.3125,11.708333,9.447917],"rotation":0,"texture":"#0","tintindex":0},"north":{"uv":[11.541667,9.3125,11.708333,9.447917],"rotation":0,"texture":"#0","tintindex":0},"south":{"uv":[11.541667,9.3125,11.708333,9.447917],"rotation":0,"texture":"#0","tintindex":0},"up":{"uv":[11.541667,9.3125,11.708333,9.447917],"rotation":0,"texture":"#0","tintindex":0},"west":{"uv":[11.541667,9.3125,11.708333,9.447917],"rotation":0,"texture":"#0","tintindex":0}}},{"name":"cube","from":[7.9927998,6.2011995,6.6284],"to":[7.9927998,9.0788,7.9315996],"rotation":{"angle":0.0,"axis":"x","origin":[6.9056,8.138,9.53]},"faces":{"down":{"uv":[11.375,8.375,11.166667,8.71875],"rotation":0,"texture":"#0","tintindex":0},"east":{"uv":[9.895833,8.291667,10.125,8.416667],"rotation":0,"texture":"#0","tintindex":0},"north":{"uv":[12.625,9.25,12.833333,9.375],"rotation":0,"texture":"#0","tintindex":0},"south":{"uv":[11.666667,10.9375,11.875,11.0625],"rotation":0,"texture":"#0","tintindex":0},"up":{"uv":[11.375,8.34375,11.166667,8.0],"rotation":0,"texture":"#0","tintindex":0},"west":{"uv":[15.541667,15.4375,15.708333,15.895833],"rotation":0,"texture":"#0","tintindex":0}}},{"name":"cube","from":[6.5528,7.6412,6.6284],"to":[9.4328,7.6412,7.9315996],"rotation":{"angle":0.0,"axis":"x","origin":[6.9056,8.138,9.53]},"faces":{"down":{"uv":[9.895833,8.291667,10.125,8.416667],"rotation":0,"texture":"#0","tintindex":0},"east":{"uv":[9.895833,8.291667,10.125,8.416667],"rotation":0,"texture":"#0","tintindex":0},"north":{"uv":[9.895833,8.291667,10.125,8.416667],"rotation":0,"texture":"#0","tintindex":0},"south":{"uv":[9.895833,8.291667,10.125,8.416667],"rotation":0,"texture":"#0","tintindex":0},"up":{"uv":[15.5,15.4375,15.645833,15.875],"rotation":90,"texture":"#0","tintindex":0},"west":{"uv":[9.895833,8.291667,10.125,8.416667],"rotation":0,"texture":"#0","tintindex":0}}},{"name":"cube","from":[6.5528,7.6412,6.6284],"to":[9.4328,7.6412,7.9315996],"rotation":{"angle":0.0,"axis":"x","origin":[7.9927998,7.6497717,5.8742857]},"faces":{"down":{"uv":[9.895833,8.291667,10.125,8.416667],"rotation":0,"texture":"#0","tintindex":0},"east":{"uv":[9.895833,8.291667,10.125,8.416667],"rotation":0,"texture":"#0","tintindex":0},"north":{"uv":[9.895833,8.291667,10.125,8.416667],"rotation":0,"texture":"#0","tintindex":0},"south":{"uv":[9.895833,8.291667,10.125,8.416667],"rotation":0,"texture":"#0","tintindex":0},"up":{"uv":[15.5,15.4375,15.645833,15.875],"rotation":90,"texture":"#0","tintindex":0},"west":{"uv":[9.895833,8.291667,10.125,8.416667],"rotation":0,"texture":"#0","tintindex":0}}},{"name":"cube","from":[6.5528,7.6412,6.6284],"to":[9.4328,7.6412,7.9315996],"rotation":{"angle":0.0,"axis":"x","origin":[7.9927998,7.6497717,5.8742857]},"faces":{"down":{"uv":[9.895833,8.291667,10.125,8.416667],"rotation":0,"texture":"#0","tintindex":0},"east":{"uv":[9.895833,8.291667,10.125,8.416667],"rotation":0,"texture":"#0","tintindex":0},"north":{"uv":[9.895833,8.291667,10.125,8.416667],"rotation":0,"texture":"#0","tintindex":0},"south":{"uv":[9.895833,8.291667,10.125,8.416667],"rotation":0,"texture":"#0","tintindex":0},"up":{"uv":[15.5,15.4375,15.645833,15.875],"rotation":90,"texture":"#0","tintindex":0},"west":{"uv":[9.895833,8.291667,10.125,8.416667],"rotation":0,"texture":"#0","tintindex":0}}}],"display":{"head":{"translation":[0.0,-6.4,0.0],"rotation":[0.0,0.0,0.0],"scale":[3.8095,3.8095,3.8095]}}}