{"textures":{"0":"modelengine:entity/roxanne"},"elements":[{"name":"cube","from":[6.667145,2.9513323,7.270877],"to":[8.407145,7.3313327,8.950877],"rotation":{"angle":0.0,"axis":"x","origin":[7.610444,5.9825,9.010877]},"faces":{"down":{"uv":[12.791667,9.375,12.666667,9.5625],"rotation":0,"texture":"#0","tintindex":0},"east":{"uv":[11.541667,9.3125,11.666667,9.78125],"rotation":0,"texture":"#0","tintindex":0},"north":{"uv":[11.541667,8.8125,11.666667,9.28125],"rotation":0,"texture":"#0","tintindex":0},"south":{"uv":[11.625,8.0,11.75,8.46875],"rotation":0,"texture":"#0","tintindex":0},"up":{"uv":[11.333333,10.5,11.208333,10.3125],"rotation":0,"texture":"#0","tintindex":0},"west":{"uv":[11.666667,8.8125,11.791667,9.28125],"rotation":0,"texture":"#0","tintindex":0}}},{"name":"cube","from":[6.7871447,6.8513327,7.390877],"to":[8.527144,7.991332,8.830877],"rotation":{"angle":0.0,"axis":"x","origin":[7.610444,5.9825,9.010877]},"faces":{"down":{"uv":[11.75,8.0,11.854167,8.53125],"rotation":0,"texture":"#0","tintindex":0},"east":{"uv":[11.75,8.0,11.854167,8.53125],"rotation":0,"texture":"#0","tintindex":0},"north":{"uv":[11.75,8.0,11.854167,8.53125],"rotation":0,"texture":"#0","tintindex":0},"south":{"uv":[11.75,8.0,11.854167,8.53125],"rotation":0,"texture":"#0","tintindex":0},"up":{"uv":[11.75,8.0,11.854167,8.53125],"rotation":0,"texture":"#0","tintindex":0},"west":{"uv":[11.75,8.0,11.854167,8.53125],"rotation":0,"texture":"#0","tintindex":0}}}],"display":{"head":{"translation":[0.0,-6.4,0.0],"rotation":[0.0,0.0,0.0],"scale":[3.8095,3.8095,3.8095]}}}