{"textures":{"0":"modelengine:entity/roxanne"},"elements":[{"name":"cube","from":[6.7366657,7.76,7.62],"to":[7.876666,8.240001,8.700001],"rotation":{"angle":0.0,"axis":"x","origin":[-1.6633329,-6.46,7.74]},"faces":{"down":{"uv":[13.125,9.8125,13.041667,9.9375],"rotation":0,"texture":"#0","tintindex":0},"east":{"uv":[12.833333,10.6875,12.916667,10.75],"rotation":0,"texture":"#0","tintindex":0},"north":{"uv":[12.75,9.0625,12.833333,9.125],"rotation":0,"texture":"#0","tintindex":0},"south":{"uv":[13.208333,9.5,13.291667,9.5625],"rotation":0,"texture":"#0","tintindex":0},"up":{"uv":[11.875,11.6875,11.791667,11.5625],"rotation":0,"texture":"#0","tintindex":0},"west":{"uv":[12.0,11.8125,12.083333,11.875],"rotation":0,"texture":"#0","tintindex":0}}},{"name":"cube","from":[7.036666,7.8200006,8.700001],"to":[7.6366663,8.18,9.059999],"rotation":{"angle":0.0,"axis":"x","origin":[-1.6633329,-6.46,7.8599997]},"faces":{"down":{"uv":[11.583333,11.9375,11.541667,11.96875],"rotation":0,"texture":"#0","tintindex":0},"east":{"uv":[12.583333,11.9375,12.604167,11.96875],"rotation":0,"texture":"#0","tintindex":0},"north":{"uv":[13.291667,9.1875,13.333333,9.21875],"rotation":0,"texture":"#0","tintindex":0},"south":{"uv":[11.5,11.9375,11.541667,11.96875],"rotation":0,"texture":"#0","tintindex":0},"up":{"uv":[13.333333,9.28125,13.291667,9.25],"rotation":0,"texture":"#0","tintindex":0},"west":{"uv":[13.291667,10.875,13.3125,10.90625],"rotation":0,"texture":"#0","tintindex":0}}},{"name":"cube","from":[7.6366663,7.8200006,8.700001],"to":[8.236666,8.18,9.059999],"rotation":{"angle":0.0,"axis":"x","origin":[6.7366657,8.0,7.44]},"faces":{"down":{"uv":[11.666667,11.9375,11.625,11.96875],"rotation":0,"texture":"#0","tintindex":0},"east":{"uv":[12.625,11.9375,12.645833,11.96875],"rotation":0,"texture":"#0","tintindex":0},"north":{"uv":[13.291667,9.3125,13.333333,9.34375],"rotation":0,"texture":"#0","tintindex":0},"south":{"uv":[11.583333,11.9375,11.625,11.96875],"rotation":0,"texture":"#0","tintindex":0},"up":{"uv":[13.333333,9.40625,13.291667,9.375],"rotation":0,"texture":"#0","tintindex":0},"west":{"uv":[12.666667,11.9375,12.6875,11.96875],"rotation":0,"texture":"#0","tintindex":0}}},{"name":"cube","from":[8.236666,7.8200006,8.4],"to":[9.316666,8.18,8.639999],"rotation":{"angle":0.0,"axis":"x","origin":[6.7366657,8.0,7.44]},"faces":{"down":{"uv":[10.75,11.875,10.666667,11.90625],"rotation":0,"texture":"#0","tintindex":0},"east":{"uv":[13.291667,11.0,13.3125,11.03125],"rotation":0,"texture":"#0","tintindex":0},"north":{"uv":[13.208333,11.6875,13.291667,11.71875],"rotation":0,"texture":"#0","tintindex":0},"south":{"uv":[13.208333,11.75,13.291667,11.78125],"rotation":0,"texture":"#0","tintindex":0},"up":{"uv":[13.291667,11.84375,13.208333,11.8125],"rotation":0,"texture":"#0","tintindex":0},"west":{"uv":[12.708333,11.9375,12.729167,11.96875],"rotation":0,"texture":"#0","tintindex":0}}},{"name":"cube","from":[7.6366663,7.8200006,8.4],"to":[8.236666,8.18,8.639999],"rotation":{"angle":0.0,"axis":"x","origin":[-1.6633329,-6.46,7.8599997]},"faces":{"down":{"uv":[11.791667,11.9375,11.75,11.96875],"rotation":0,"texture":"#0","tintindex":0},"east":{"uv":[13.291667,11.0625,13.3125,11.09375],"rotation":0,"texture":"#0","tintindex":0},"north":{"uv":[11.666667,11.9375,11.708333,11.96875],"rotation":0,"texture":"#0","tintindex":0},"south":{"uv":[13.291667,9.5,13.333333,9.53125],"rotation":0,"texture":"#0","tintindex":0},"up":{"uv":[11.75,11.96875,11.708333,11.9375],"rotation":0,"texture":"#0","tintindex":0},"west":{"uv":[12.75,11.9375,12.770833,11.96875],"rotation":0,"texture":"#0","tintindex":0}}},{"name":"cube","from":[8.236666,7.8200006,8.04],"to":[9.316666,8.18,8.280001],"rotation":{"angle":0.0,"axis":"x","origin":[6.7366657,8.0,7.44]},"faces":{"down":{"uv":[13.333333,8.3125,13.25,8.34375],"rotation":0,"texture":"#0","tintindex":0},"east":{"uv":[13.291667,11.125,13.3125,11.15625],"rotation":0,"texture":"#0","tintindex":0},"north":{"uv":[10.75,11.875,10.833333,11.90625],"rotation":0,"texture":"#0","tintindex":0},"south":{"uv":[10.833333,11.875,10.916667,11.90625],"rotation":0,"texture":"#0","tintindex":0},"up":{"uv":[13.333333,8.28125,13.25,8.25],"rotation":0,"texture":"#0","tintindex":0},"west":{"uv":[12.791667,11.9375,12.8125,11.96875],"rotation":0,"texture":"#0","tintindex":0}}},{"name":"cube","from":[7.6366663,7.8200006,8.04],"to":[8.236666,8.18,8.280001],"rotation":{"angle":0.0,"axis":"x","origin":[-1.6633329,-6.46,7.8599997]},"faces":{"down":{"uv":[13.333333,9.8125,13.291667,9.84375],"rotation":0,"texture":"#0","tintindex":0},"east":{"uv":[13.291667,11.1875,13.3125,11.21875],"rotation":0,"texture":"#0","tintindex":0},"north":{"uv":[11.791667,11.9375,11.833333,11.96875],"rotation":0,"texture":"#0","tintindex":0},"south":{"uv":[13.291667,9.75,13.333333,9.78125],"rotation":0,"texture":"#0","tintindex":0},"up":{"uv":[11.916667,11.96875,11.875,11.9375],"rotation":0,"texture":"#0","tintindex":0},"west":{"uv":[12.833333,11.9375,12.854167,11.96875],"rotation":0,"texture":"#0","tintindex":0}}},{"name":"cube","from":[8.236666,7.8200006,7.68],"to":[9.316666,8.18,7.92],"rotation":{"angle":0.0,"axis":"x","origin":[6.7366657,8.0,7.44]},"faces":{"down":{"uv":[11.5,11.875,11.416667,11.90625],"rotation":0,"texture":"#0","tintindex":0},"east":{"uv":[13.291667,11.25,13.3125,11.28125],"rotation":0,"texture":"#0","tintindex":0},"north":{"uv":[13.25,8.5625,13.333333,8.59375],"rotation":0,"texture":"#0","tintindex":0},"south":{"uv":[13.25,8.625,13.333333,8.65625],"rotation":0,"texture":"#0","tintindex":0},"up":{"uv":[13.333333,8.71875,13.25,8.6875],"rotation":0,"texture":"#0","tintindex":0},"west":{"uv":[12.875,11.9375,12.895833,11.96875],"rotation":0,"texture":"#0","tintindex":0}}},{"name":"cube","from":[9.316666,7.8800006,7.68],"to":[9.616667,8.18,7.92],"rotation":{"angle":0.0,"axis":"x","origin":[6.7366657,8.0,7.44]},"faces":{"down":{"uv":[6.6666665,1.0,7.3333335,1.625],"rotation":0,"texture":"#0","tintindex":0},"east":{"uv":[6.6666665,1.0,7.3333335,1.625],"rotation":0,"texture":"#0","tintindex":0},"north":{"uv":[6.6666665,1.0,7.3333335,1.625],"rotation":0,"texture":"#0","tintindex":0},"south":{"uv":[6.6666665,1.0,7.3333335,1.625],"rotation":0,"texture":"#0","tintindex":0},"up":{"uv":[6.6666665,1.0,7.3333335,1.625],"rotation":0,"texture":"#0","tintindex":0},"west":{"uv":[6.6666665,1.0,7.3333335,1.625],"rotation":0,"texture":"#0","tintindex":0}}},{"name":"cube","from":[9.316666,7.8800006,8.04],"to":[9.616667,8.18,8.280001],"rotation":{"angle":0.0,"axis":"x","origin":[6.7366657,8.0,7.44]},"faces":{"down":{"uv":[6.6666665,1.0,7.3333335,1.625],"rotation":0,"texture":"#0","tintindex":0},"east":{"uv":[6.6666665,1.0,7.3333335,1.625],"rotation":0,"texture":"#0","tintindex":0},"north":{"uv":[6.6666665,1.0,7.3333335,1.625],"rotation":0,"texture":"#0","tintindex":0},"south":{"uv":[6.6666665,1.0,7.3333335,1.625],"rotation":0,"texture":"#0","tintindex":0},"up":{"uv":[6.6666665,1.0,7.3333335,1.625],"rotation":0,"texture":"#0","tintindex":0},"west":{"uv":[6.6666665,1.0,7.3333335,1.625],"rotation":0,"texture":"#0","tintindex":0}}},{"name":"cube","from":[9.316666,7.8800006,8.4],"to":[9.616667,8.18,8.639999],"rotation":{"angle":0.0,"axis":"x","origin":[6.7366657,8.0,7.44]},"faces":{"down":{"uv":[6.6666665,1.0,7.3333335,1.625],"rotation":0,"texture":"#0","tintindex":0},"east":{"uv":[6.6666665,1.0,7.3333335,1.625],"rotation":0,"texture":"#0","tintindex":0},"north":{"uv":[6.6666665,1.0,7.3333335,1.625],"rotation":0,"texture":"#0","tintindex":0},"south":{"uv":[6.6666665,1.0,7.3333335,1.625],"rotation":0,"texture":"#0","tintindex":0},"up":{"uv":[6.6666665,1.0,7.3333335,1.625],"rotation":0,"texture":"#0","tintindex":0},"west":{"uv":[6.6666665,1.0,7.3333335,1.625],"rotation":0,"texture":"#0","tintindex":0}}},{"name":"cube","from":[7.6366663,7.8200006,7.68],"to":[8.236666,8.18,7.92],"rotation":{"angle":0.0,"axis":"x","origin":[-1.6633329,-6.46,7.8599997]},"faces":{"down":{"uv":[12.041667,11.9375,12.0,11.96875],"rotation":0,"texture":"#0","tintindex":0},"east":{"uv":[13.291667,11.3125,13.3125,11.34375],"rotation":0,"texture":"#0","tintindex":0},"north":{"uv":[11.916667,11.9375,11.958333,11.96875],"rotation":0,"texture":"#0","tintindex":0},"south":{"uv":[11.958333,11.9375,12.0,11.96875],"rotation":0,"texture":"#0","tintindex":0},"up":{"uv":[13.333333,9.96875,13.291667,9.9375],"rotation":0,"texture":"#0","tintindex":0},"west":{"uv":[12.916667,11.9375,12.9375,11.96875],"rotation":0,"texture":"#0","tintindex":0}}}],"display":{"head":{"translation":[0.0,-6.4,0.0],"rotation":[0.0,0.0,0.0],"scale":[3.8095,3.8095,3.8095]}}}