{"textures":{"0":"modelengine:entity/roxanne"},"elements":[{"name":"cube","from":[7.086256,3.0299268,7.000877],"to":[8.826256,5.7899265,8.800877],"rotation":{"angle":0.0,"axis":"x","origin":[8.050444,10.9800005,8.800877]},"faces":{"down":{"uv":[10.666667,14.85,11.483334,16.0],"rotation":0,"texture":"#0","tintindex":0},"east":{"uv":[10.666667,14.85,11.483334,16.0],"rotation":0,"texture":"#0","tintindex":0},"north":{"uv":[10.666667,14.85,11.483334,16.0],"rotation":0,"texture":"#0","tintindex":0},"south":{"uv":[10.666667,14.85,11.483334,16.0],"rotation":0,"texture":"#0","tintindex":0},"up":{"uv":[10.666667,14.85,11.483334,16.0],"rotation":0,"texture":"#0","tintindex":0},"west":{"uv":[10.666667,14.85,11.483334,16.0],"rotation":0,"texture":"#0","tintindex":0}}},{"name":"cube","from":[6.726256,3.0299268,5.320877],"to":[9.306256,4.2299266,7.120877],"rotation":{"angle":0.0,"axis":"x","origin":[10.2104435,10.9800005,7.000877]},"faces":{"down":{"uv":[12.604167,9.125,12.416667,9.3125],"rotation":0,"texture":"#0","tintindex":0},"east":{"uv":[12.875,11.25,13.0,11.375],"rotation":0,"texture":"#0","tintindex":0},"north":{"uv":[12.083333,11.0625,12.270833,11.1875],"rotation":0,"texture":"#0","tintindex":0},"south":{"uv":[12.708333,10.3125,12.895833,10.4375],"rotation":0,"texture":"#0","tintindex":0},"up":{"uv":[12.604167,8.6875,12.416667,8.5],"rotation":0,"texture":"#0","tintindex":0},"west":{"uv":[10.75,11.375,10.875,11.5],"rotation":0,"texture":"#0","tintindex":0}}},{"name":"cube","from":[8.472958,3.0299268,4.803087],"to":[9.612958,4.1099267,6.603087],"rotation":{"angle":0.0,"axis":"x","origin":[10.120443,3.5099998,7.000877]},"faces":{"down":{"uv":[11.333333,11.375,11.25,11.5625],"rotation":0,"texture":"#0","tintindex":0},"east":{"uv":[12.916667,8.5,13.041667,8.625],"rotation":0,"texture":"#0","tintindex":0},"north":{"uv":[13.041667,10.5625,13.125,10.6875],"rotation":0,"texture":"#0","tintindex":0},"south":{"uv":[13.041667,10.6875,13.125,10.8125],"rotation":0,"texture":"#0","tintindex":0},"up":{"uv":[11.25,11.5625,11.166667,11.375],"rotation":0,"texture":"#0","tintindex":0},"west":{"uv":[11.041667,11.375,11.166667,11.5],"rotation":0,"texture":"#0","tintindex":0}}},{"name":"cube","from":[8.843348,3.0299268,3.7374146],"to":[9.503347,3.8099267,4.757415],"rotation":{"angle":0.0,"axis":"x","origin":[9.890835,3.5099998,7.5552044]},"faces":{"down":{"uv":[10.70625,14.909375,10.754167,14.96875],"rotation":0,"texture":"#0","tintindex":0},"east":{"uv":[10.70625,14.909375,10.754167,14.96875],"rotation":0,"texture":"#0","tintindex":0},"north":{"uv":[10.70625,14.909375,10.754167,14.96875],"rotation":0,"texture":"#0","tintindex":0},"south":{"uv":[10.70625,14.909375,10.754167,14.96875],"rotation":0,"texture":"#0","tintindex":0},"up":{"uv":[10.70625,14.909375,10.754167,14.96875],"rotation":0,"texture":"#0","tintindex":0},"west":{"uv":[10.70625,14.909375,10.754167,14.96875],"rotation":0,"texture":"#0","tintindex":0}}},{"name":"cube","from":[6.5396023,3.0299268,3.8198795],"to":[7.199602,3.8099267,4.8398795],"rotation":{"angle":0.0,"axis":"x","origin":[10.180492,3.33,4.8176694]},"faces":{"down":{"uv":[10.70625,14.909375,10.754167,14.96875],"rotation":0,"texture":"#0","tintindex":0},"east":{"uv":[10.70625,14.909375,10.754167,14.96875],"rotation":0,"texture":"#0","tintindex":0},"north":{"uv":[10.70625,14.909375,10.754167,14.96875],"rotation":0,"texture":"#0","tintindex":0},"south":{"uv":[10.70625,14.909375,10.754167,14.96875],"rotation":0,"texture":"#0","tintindex":0},"up":{"uv":[10.70625,14.909375,10.754167,14.96875],"rotation":0,"texture":"#0","tintindex":0},"west":{"uv":[10.70625,14.909375,10.754167,14.96875],"rotation":0,"texture":"#0","tintindex":0}}},{"name":"cube","from":[6.408538,3.0299268,4.730266],"to":[7.548538,4.1099267,6.530266],"rotation":{"angle":0.0,"axis":"x","origin":[9.629429,3.4499998,6.148056]},"faces":{"down":{"uv":[11.875,11.375,11.791667,11.5625],"rotation":0,"texture":"#0","tintindex":0},"east":{"uv":[12.916667,9.5,13.041667,9.625],"rotation":0,"texture":"#0","tintindex":0},"north":{"uv":[12.583333,11.5625,12.666667,11.6875],"rotation":0,"texture":"#0","tintindex":0},"south":{"uv":[12.666667,11.5625,12.75,11.6875],"rotation":0,"texture":"#0","tintindex":0},"up":{"uv":[11.416667,11.5625,11.333333,11.375],"rotation":0,"texture":"#0","tintindex":0},"west":{"uv":[11.958333,11.375,12.083333,11.5],"rotation":0,"texture":"#0","tintindex":0}}},{"name":"cube","from":[7.739602,3.0299268,3.5798798],"to":[8.399603,3.9299266,4.5998793],"rotation":{"angle":0.0,"axis":"x","origin":[10.180492,3.33,4.8176694]},"faces":{"down":{"uv":[10.70625,14.909375,10.754167,14.96875],"rotation":0,"texture":"#0","tintindex":0},"east":{"uv":[10.70625,14.909375,10.754167,14.96875],"rotation":0,"texture":"#0","tintindex":0},"north":{"uv":[10.70625,14.909375,10.754167,14.96875],"rotation":0,"texture":"#0","tintindex":0},"south":{"uv":[10.70625,14.909375,10.754167,14.96875],"rotation":0,"texture":"#0","tintindex":0},"up":{"uv":[10.70625,14.909375,10.754167,14.96875],"rotation":0,"texture":"#0","tintindex":0},"west":{"uv":[10.70625,14.909375,10.754167,14.96875],"rotation":0,"texture":"#0","tintindex":0}}},{"name":"cube","from":[7.4285383,3.0299268,4.4902663],"to":[8.568539,4.1099267,6.290266],"rotation":{"angle":0.0,"axis":"x","origin":[9.629429,3.4499998,6.148056]},"faces":{"down":{"uv":[12.958333,11.375,12.875,11.5625],"rotation":0,"texture":"#0","tintindex":0},"east":{"uv":[12.083333,11.375,12.208333,11.5],"rotation":0,"texture":"#0","tintindex":0},"north":{"uv":[12.75,11.5625,12.833333,11.6875],"rotation":0,"texture":"#0","tintindex":0},"south":{"uv":[12.875,11.5625,12.958333,11.6875],"rotation":0,"texture":"#0","tintindex":0},"up":{"uv":[13.0,10.5,12.916667,10.3125],"rotation":0,"texture":"#0","tintindex":0},"west":{"uv":[12.208333,11.375,12.333333,11.5],"rotation":0,"texture":"#0","tintindex":0}}}],"display":{"head":{"translation":[0.0,-6.4,0.0],"rotation":[0.0,0.0,0.0],"scale":[3.8095,3.8095,3.8095]}}}