{"textures":{"0":"modelengine:entity/roxanne"},"elements":[{"name":"cube","from":[7.934,7.5572004,7.676],"to":[9.1436,8.4428005,8.323999],"rotation":{"angle":0.0,"axis":"x","origin":[0.80599976,2.3084004,8.0]},"faces":{"down":{"uv":[13.041667,11.75,13.104167,11.84375],"rotation":0,"texture":"#0","tintindex":0},"east":{"uv":[13.041667,11.75,13.104167,11.84375],"rotation":0,"texture":"#0","tintindex":0},"north":{"uv":[13.041667,11.75,13.104167,11.84375],"rotation":0,"texture":"#0","tintindex":0},"south":{"uv":[13.041667,11.75,13.104167,11.84375],"rotation":0,"texture":"#0","tintindex":0},"up":{"uv":[13.041667,11.75,13.104167,11.84375],"rotation":0,"texture":"#0","tintindex":0},"west":{"uv":[13.041667,11.75,13.104167,11.84375],"rotation":0,"texture":"#0","tintindex":0}}},{"name":"cube","from":[8.8628,7.406,7.4816],"to":[11.5004,8.594001,8.5184],"rotation":{"angle":0.0,"axis":"x","origin":[0.80599976,2.3084004,8.0]},"faces":{"down":{"uv":[10.666667,15.28125,11.482667,15.77625],"rotation":0,"texture":"#0","tintindex":0},"east":{"uv":[10.666667,15.28125,11.482667,15.77625],"rotation":0,"texture":"#0","tintindex":0},"north":{"uv":[10.666667,15.28125,11.482667,15.77625],"rotation":0,"texture":"#0","tintindex":0},"south":{"uv":[10.666667,15.28125,11.482667,15.77625],"rotation":0,"texture":"#0","tintindex":0},"up":{"uv":[10.666667,15.28125,11.482667,15.77625],"rotation":0,"texture":"#0","tintindex":0},"west":{"uv":[10.666667,15.28125,11.482667,15.77625],"rotation":0,"texture":"#0","tintindex":0}}},{"name":"cube","from":[11.490801,7.226001,7.3016],"to":[12.0284,8.774,8.6984],"rotation":{"angle":0.0,"axis":"x","origin":[0.80599976,2.3084004,8.0]},"faces":{"down":{"uv":[12.541667,13.65625,12.6455,13.9975],"rotation":0,"texture":"#0","tintindex":0},"east":{"uv":[12.541667,13.65625,12.562166,13.71625],"rotation":0,"texture":"#0","tintindex":0},"north":{"uv":[12.541667,13.65625,12.6455,13.9975],"rotation":0,"texture":"#0","tintindex":0},"south":{"uv":[12.541667,13.65625,12.6455,13.9975],"rotation":0,"texture":"#0","tintindex":0},"up":{"uv":[12.541667,13.65625,12.6455,13.9975],"rotation":0,"texture":"#0","tintindex":0},"west":{"uv":[12.541667,13.65625,12.6455,13.9975],"rotation":0,"texture":"#0","tintindex":0}}}],"display":{"head":{"translation":[0.0,-6.4,0.0],"rotation":[0.0,0.0,0.0],"scale":[3.8095,3.8095,3.8095]}}}