{"textures":{"0":"modelengine:entity/roxanne"},"elements":[{"name":"cube","from":[7.174632,3.0899265,6.940877],"to":[8.914632,5.8499265,8.740877],"rotation":{"angle":0.0,"axis":"x","origin":[8.130445,11.04,8.740877]},"faces":{"down":{"uv":[10.666667,14.85,11.483334,16.0],"rotation":0,"texture":"#0","tintindex":0},"east":{"uv":[10.666667,14.85,11.483334,16.0],"rotation":0,"texture":"#0","tintindex":0},"north":{"uv":[10.666667,14.85,11.483334,16.0],"rotation":0,"texture":"#0","tintindex":0},"south":{"uv":[10.666667,14.85,11.483334,16.0],"rotation":0,"texture":"#0","tintindex":0},"up":{"uv":[10.666667,14.85,11.483334,16.0],"rotation":0,"texture":"#0","tintindex":0},"west":{"uv":[10.666667,14.85,11.483334,16.0],"rotation":0,"texture":"#0","tintindex":0}}},{"name":"cube","from":[6.754632,3.0899265,5.2608767],"to":[9.334632,4.2899265,7.060877],"rotation":{"angle":0.0,"axis":"x","origin":[8.130445,11.04,6.940877]},"faces":{"down":{"uv":[11.9375,10.75,11.75,10.9375],"rotation":0,"texture":"#0","tintindex":0},"east":{"uv":[12.958333,10.1875,13.083333,10.3125],"rotation":0,"texture":"#0","tintindex":0},"north":{"uv":[12.291667,11.0625,12.479167,11.1875],"rotation":0,"texture":"#0","tintindex":0},"south":{"uv":[12.708333,10.4375,12.895833,10.5625],"rotation":0,"texture":"#0","tintindex":0},"up":{"uv":[12.645833,8.1875,12.458333,8.0],"rotation":0,"texture":"#0","tintindex":0},"west":{"uv":[12.583333,11.4375,12.708333,11.5625],"rotation":0,"texture":"#0","tintindex":0}}},{"name":"cube","from":[8.501333,3.0899265,4.743087],"to":[9.641335,4.1699266,6.543087],"rotation":{"angle":0.0,"axis":"x","origin":[8.040443,3.5699997,6.940877]},"faces":{"down":{"uv":[12.583333,11.4375,12.5,11.625],"rotation":0,"texture":"#0","tintindex":0},"east":{"uv":[12.958333,9.9375,13.083333,10.0625],"rotation":0,"texture":"#0","tintindex":0},"north":{"uv":[13.083333,8.9375,13.166667,9.0625],"rotation":0,"texture":"#0","tintindex":0},"south":{"uv":[11.416667,11.625,11.5,11.75],"rotation":0,"texture":"#0","tintindex":0},"up":{"uv":[13.041667,10.875,12.958333,10.6875],"rotation":0,"texture":"#0","tintindex":0},"west":{"uv":[12.958333,10.0625,13.083333,10.1875],"rotation":0,"texture":"#0","tintindex":0}}},{"name":"cube","from":[8.871724,3.0899265,3.6774147],"to":[9.531725,3.8699267,4.6974144],"rotation":{"angle":0.0,"axis":"x","origin":[7.810834,3.5699997,7.4952044]},"faces":{"down":{"uv":[10.70625,14.909375,10.754167,14.96875],"rotation":0,"texture":"#0","tintindex":0},"east":{"uv":[10.70625,14.909375,10.754167,14.96875],"rotation":0,"texture":"#0","tintindex":0},"north":{"uv":[10.70625,14.909375,10.754167,14.96875],"rotation":0,"texture":"#0","tintindex":0},"south":{"uv":[10.70625,14.909375,10.754167,14.96875],"rotation":0,"texture":"#0","tintindex":0},"up":{"uv":[10.70625,14.909375,10.754167,14.96875],"rotation":0,"texture":"#0","tintindex":0},"west":{"uv":[10.70625,14.909375,10.754167,14.96875],"rotation":0,"texture":"#0","tintindex":0}}},{"name":"cube","from":[6.5679784,3.0899265,3.7598796],"to":[7.227978,3.8699267,4.7798796],"rotation":{"angle":0.0,"axis":"x","origin":[8.1004925,3.3899999,4.7576694]},"faces":{"down":{"uv":[10.70625,14.909375,10.754167,14.96875],"rotation":0,"texture":"#0","tintindex":0},"east":{"uv":[10.70625,14.909375,10.754167,14.96875],"rotation":0,"texture":"#0","tintindex":0},"north":{"uv":[10.70625,14.909375,10.754167,14.96875],"rotation":0,"texture":"#0","tintindex":0},"south":{"uv":[10.70625,14.909375,10.754167,14.96875],"rotation":0,"texture":"#0","tintindex":0},"up":{"uv":[10.70625,14.909375,10.754167,14.96875],"rotation":0,"texture":"#0","tintindex":0},"west":{"uv":[10.70625,14.909375,10.754167,14.96875],"rotation":0,"texture":"#0","tintindex":0}}},{"name":"cube","from":[6.4369144,3.0899265,4.6702657],"to":[7.5769143,4.1699266,6.4702663],"rotation":{"angle":0.0,"axis":"x","origin":[7.549428,3.5099998,6.088056]},"faces":{"down":{"uv":[11.958333,11.4375,11.875,11.625],"rotation":0,"texture":"#0","tintindex":0},"east":{"uv":[11.583333,11.4375,11.708333,11.5625],"rotation":0,"texture":"#0","tintindex":0},"north":{"uv":[10.833333,11.625,10.916667,11.75],"rotation":0,"texture":"#0","tintindex":0},"south":{"uv":[13.083333,8.5625,13.166667,8.6875],"rotation":0,"texture":"#0","tintindex":0},"up":{"uv":[11.791667,11.625,11.708333,11.4375],"rotation":0,"texture":"#0","tintindex":0},"west":{"uv":[12.958333,9.625,13.083333,9.75],"rotation":0,"texture":"#0","tintindex":0}}},{"name":"cube","from":[7.767978,3.0899265,3.5198798],"to":[8.4279785,3.9899266,4.5398793],"rotation":{"angle":0.0,"axis":"x","origin":[8.1004925,3.3899999,4.7576694]},"faces":{"down":{"uv":[10.70625,14.909375,10.754167,14.96875],"rotation":0,"texture":"#0","tintindex":0},"east":{"uv":[10.70625,14.909375,10.754167,14.96875],"rotation":0,"texture":"#0","tintindex":0},"north":{"uv":[10.70625,14.909375,10.754167,14.96875],"rotation":0,"texture":"#0","tintindex":0},"south":{"uv":[10.70625,14.909375,10.754167,14.96875],"rotation":0,"texture":"#0","tintindex":0},"up":{"uv":[10.70625,14.909375,10.754167,14.96875],"rotation":0,"texture":"#0","tintindex":0},"west":{"uv":[10.70625,14.909375,10.754167,14.96875],"rotation":0,"texture":"#0","tintindex":0}}},{"name":"cube","from":[7.456914,3.0899265,4.430266],"to":[8.596914,4.1699266,6.230266],"rotation":{"angle":0.0,"axis":"x","origin":[7.549428,3.5099998,6.088056]},"faces":{"down":{"uv":[11.583333,11.4375,11.5,11.625],"rotation":0,"texture":"#0","tintindex":0},"east":{"uv":[12.958333,8.625,13.083333,8.75],"rotation":0,"texture":"#0","tintindex":0},"north":{"uv":[10.666667,11.625,10.75,11.75],"rotation":0,"texture":"#0","tintindex":0},"south":{"uv":[10.75,11.625,10.833333,11.75],"rotation":0,"texture":"#0","tintindex":0},"up":{"uv":[11.5,11.625,11.416667,11.4375],"rotation":0,"texture":"#0","tintindex":0},"west":{"uv":[12.958333,8.9375,13.083333,9.0625],"rotation":0,"texture":"#0","tintindex":0}}}],"display":{"head":{"translation":[0.0,-6.4,0.0],"rotation":[0.0,0.0,0.0],"scale":[3.8095,3.8095,3.8095]}}}