{"textures":{"0":"modelengine:entity/roxanne"},"elements":[{"name":"cube","from":[8.35,7.76,7.62],"to":[9.49,8.24,8.700001],"rotation":{"angle":0.0,"axis":"x","origin":[19.39,-6.460001,7.74]},"faces":{"down":{"uv":[13.125,9.5,13.041667,9.625],"rotation":0,"texture":"#0","tintindex":0},"east":{"uv":[11.125,11.0,11.208333,11.0625],"rotation":0,"texture":"#0","tintindex":0},"north":{"uv":[12.125,10.875,12.208333,10.9375],"rotation":0,"texture":"#0","tintindex":0},"south":{"uv":[12.666667,9.75,12.75,9.8125],"rotation":0,"texture":"#0","tintindex":0},"up":{"uv":[11.666667,11.6875,11.583333,11.5625],"rotation":0,"texture":"#0","tintindex":0},"west":{"uv":[12.708333,10.5625,12.791667,10.625],"rotation":0,"texture":"#0","tintindex":0}}},{"name":"cube","from":[7.69,7.819999,8.700001],"to":[8.29,8.179999,9.059999],"rotation":{"angle":0.0,"axis":"x","origin":[19.39,-6.460001,7.8599997]},"faces":{"down":{"uv":[13.333333,8.4375,13.291667,8.46875],"rotation":0,"texture":"#0","tintindex":0},"east":{"uv":[12.25,11.9375,12.270833,11.96875],"rotation":0,"texture":"#0","tintindex":0},"north":{"uv":[10.916667,11.9375,10.958333,11.96875],"rotation":0,"texture":"#0","tintindex":0},"south":{"uv":[13.291667,8.375,13.333333,8.40625],"rotation":0,"texture":"#0","tintindex":0},"up":{"uv":[11.0,11.96875,10.958333,11.9375],"rotation":0,"texture":"#0","tintindex":0},"west":{"uv":[13.291667,10.375,13.3125,10.40625],"rotation":0,"texture":"#0","tintindex":0}}},{"name":"cube","from":[8.29,7.819999,8.700001],"to":[8.89,8.179999,9.059999],"rotation":{"angle":0.0,"axis":"x","origin":[27.789997,8.0,7.44]},"faces":{"down":{"uv":[11.166667,11.9375,11.125,11.96875],"rotation":0,"texture":"#0","tintindex":0},"east":{"uv":[12.291667,11.9375,12.3125,11.96875],"rotation":0,"texture":"#0","tintindex":0},"north":{"uv":[11.0,11.9375,11.041667,11.96875],"rotation":0,"texture":"#0","tintindex":0},"south":{"uv":[11.041667,11.9375,11.083333,11.96875],"rotation":0,"texture":"#0","tintindex":0},"up":{"uv":[11.125,11.96875,11.083333,11.9375],"rotation":0,"texture":"#0","tintindex":0},"west":{"uv":[13.291667,10.4375,13.3125,10.46875],"rotation":0,"texture":"#0","tintindex":0}}},{"name":"cube","from":[6.6699996,7.819999,7.68],"to":[7.7500005,8.179999,7.92],"rotation":{"angle":0.0,"axis":"x","origin":[19.39,-6.460001,7.8599997]},"faces":{"down":{"uv":[13.291667,11.0,13.208333,11.03125],"rotation":0,"texture":"#0","tintindex":0},"east":{"uv":[12.333333,11.9375,12.354167,11.96875],"rotation":0,"texture":"#0","tintindex":0},"north":{"uv":[13.208333,10.75,13.291667,10.78125],"rotation":0,"texture":"#0","tintindex":0},"south":{"uv":[12.583333,11.8125,12.666667,11.84375],"rotation":0,"texture":"#0","tintindex":0},"up":{"uv":[12.75,11.84375,12.666667,11.8125],"rotation":0,"texture":"#0","tintindex":0},"west":{"uv":[13.291667,10.5,13.3125,10.53125],"rotation":0,"texture":"#0","tintindex":0}}},{"name":"cube","from":[7.7500005,7.819999,7.68],"to":[8.35,8.179999,7.92],"rotation":{"angle":0.0,"axis":"x","origin":[27.789997,8.0,7.44]},"faces":{"down":{"uv":[13.333333,8.8125,13.291667,8.84375],"rotation":0,"texture":"#0","tintindex":0},"east":{"uv":[12.375,11.9375,12.395833,11.96875],"rotation":0,"texture":"#0","tintindex":0},"north":{"uv":[11.166667,11.9375,11.208333,11.96875],"rotation":0,"texture":"#0","tintindex":0},"south":{"uv":[13.291667,8.75,13.333333,8.78125],"rotation":0,"texture":"#0","tintindex":0},"up":{"uv":[11.25,11.96875,11.208333,11.9375],"rotation":0,"texture":"#0","tintindex":0},"west":{"uv":[13.291667,10.5625,13.3125,10.59375],"rotation":0,"texture":"#0","tintindex":0}}},{"name":"cube","from":[6.6699996,7.819999,8.04],"to":[7.7500005,8.179999,8.280001],"rotation":{"angle":0.0,"axis":"x","origin":[19.39,-6.460001,7.8599997]},"faces":{"down":{"uv":[13.291667,11.3125,13.208333,11.34375],"rotation":0,"texture":"#0","tintindex":0},"east":{"uv":[12.416667,11.9375,12.4375,11.96875],"rotation":0,"texture":"#0","tintindex":0},"north":{"uv":[13.208333,11.0625,13.291667,11.09375],"rotation":0,"texture":"#0","tintindex":0},"south":{"uv":[13.208333,11.25,13.291667,11.28125],"rotation":0,"texture":"#0","tintindex":0},"up":{"uv":[12.958333,11.84375,12.875,11.8125],"rotation":0,"texture":"#0","tintindex":0},"west":{"uv":[13.291667,10.625,13.3125,10.65625],"rotation":0,"texture":"#0","tintindex":0}}},{"name":"cube","from":[7.7500005,7.819999,8.04],"to":[8.35,8.179999,8.280001],"rotation":{"angle":0.0,"axis":"x","origin":[27.789997,8.0,7.44]},"faces":{"down":{"uv":[11.416667,11.9375,11.375,11.96875],"rotation":0,"texture":"#0","tintindex":0},"east":{"uv":[12.458333,11.9375,12.479167,11.96875],"rotation":0,"texture":"#0","tintindex":0},"north":{"uv":[11.25,11.9375,11.291667,11.96875],"rotation":0,"texture":"#0","tintindex":0},"south":{"uv":[11.291667,11.9375,11.333333,11.96875],"rotation":0,"texture":"#0","tintindex":0},"up":{"uv":[11.375,11.96875,11.333333,11.9375],"rotation":0,"texture":"#0","tintindex":0},"west":{"uv":[13.291667,10.6875,13.3125,10.71875],"rotation":0,"texture":"#0","tintindex":0}}},{"name":"cube","from":[6.6699996,7.819999,8.4],"to":[7.7500005,8.179999,8.639999],"rotation":{"angle":0.0,"axis":"x","origin":[19.39,-6.460001,7.8599997]},"faces":{"down":{"uv":[13.208333,11.8125,13.125,11.84375],"rotation":0,"texture":"#0","tintindex":0},"east":{"uv":[12.5,11.9375,12.520833,11.96875],"rotation":0,"texture":"#0","tintindex":0},"north":{"uv":[12.958333,11.8125,13.041667,11.84375],"rotation":0,"texture":"#0","tintindex":0},"south":{"uv":[13.208333,11.5625,13.291667,11.59375],"rotation":0,"texture":"#0","tintindex":0},"up":{"uv":[13.291667,11.65625,13.208333,11.625],"rotation":0,"texture":"#0","tintindex":0},"west":{"uv":[13.291667,10.75,13.3125,10.78125],"rotation":0,"texture":"#0","tintindex":0}}},{"name":"cube","from":[6.3100004,7.9399996,7.68],"to":[6.6699996,8.179999,7.92],"rotation":{"angle":0.0,"axis":"x","origin":[19.39,-6.460001,7.8599997]},"faces":{"down":{"uv":[6.6666665,1.0,7.3333335,1.625],"rotation":0,"texture":"#0","tintindex":0},"east":{"uv":[6.6666665,1.0,7.3333335,1.625],"rotation":0,"texture":"#0","tintindex":0},"north":{"uv":[6.6666665,1.0,7.3333335,1.625],"rotation":0,"texture":"#0","tintindex":0},"south":{"uv":[6.6666665,1.0,7.3333335,1.625],"rotation":0,"texture":"#0","tintindex":0},"up":{"uv":[6.6666665,1.0,7.3333335,1.625],"rotation":0,"texture":"#0","tintindex":0},"west":{"uv":[6.6666665,1.0,7.3333335,1.625],"rotation":0,"texture":"#0","tintindex":0}}},{"name":"cube","from":[6.3100004,7.9399996,8.04],"to":[6.6699996,8.179999,8.280001],"rotation":{"angle":0.0,"axis":"x","origin":[19.39,-6.460001,7.8599997]},"faces":{"down":{"uv":[6.6666665,1.0,7.3333335,1.625],"rotation":0,"texture":"#0","tintindex":0},"east":{"uv":[6.6666665,1.0,7.3333335,1.625],"rotation":0,"texture":"#0","tintindex":0},"north":{"uv":[6.6666665,1.0,7.3333335,1.625],"rotation":0,"texture":"#0","tintindex":0},"south":{"uv":[6.6666665,1.0,7.3333335,1.625],"rotation":0,"texture":"#0","tintindex":0},"up":{"uv":[6.6666665,1.0,7.3333335,1.625],"rotation":0,"texture":"#0","tintindex":0},"west":{"uv":[6.6666665,1.0,7.3333335,1.625],"rotation":0,"texture":"#0","tintindex":0}}},{"name":"cube","from":[6.3100004,7.9399996,8.4],"to":[6.6699996,8.179999,8.639999],"rotation":{"angle":0.0,"axis":"x","origin":[19.39,-6.460001,7.8599997]},"faces":{"down":{"uv":[6.6666665,1.0,7.3333335,1.625],"rotation":0,"texture":"#0","tintindex":0},"east":{"uv":[6.6666665,1.0,7.3333335,1.625],"rotation":0,"texture":"#0","tintindex":0},"north":{"uv":[6.6666665,1.0,7.3333335,1.625],"rotation":0,"texture":"#0","tintindex":0},"south":{"uv":[6.6666665,1.0,7.3333335,1.625],"rotation":0,"texture":"#0","tintindex":0},"up":{"uv":[6.6666665,1.0,7.3333335,1.625],"rotation":0,"texture":"#0","tintindex":0},"west":{"uv":[6.6666665,1.0,7.3333335,1.625],"rotation":0,"texture":"#0","tintindex":0}}},{"name":"cube","from":[7.7500005,7.819999,8.4],"to":[8.35,8.179999,8.639999],"rotation":{"angle":0.0,"axis":"x","origin":[27.789997,8.0,7.44]},"faces":{"down":{"uv":[11.5,11.9375,11.458333,11.96875],"rotation":0,"texture":"#0","tintindex":0},"east":{"uv":[12.541667,11.9375,12.5625,11.96875],"rotation":0,"texture":"#0","tintindex":0},"north":{"uv":[13.291667,9.0625,13.333333,9.09375],"rotation":0,"texture":"#0","tintindex":0},"south":{"uv":[11.416667,11.9375,11.458333,11.96875],"rotation":0,"texture":"#0","tintindex":0},"up":{"uv":[13.333333,9.15625,13.291667,9.125],"rotation":0,"texture":"#0","tintindex":0},"west":{"uv":[13.291667,10.8125,13.3125,10.84375],"rotation":0,"texture":"#0","tintindex":0}}}],"display":{"head":{"translation":[0.0,-6.4,0.0],"rotation":[0.0,0.0,0.0],"scale":[3.8095,3.8095,3.8095]}}}