{"textures":{"0":"modelengine:entity/roxanne"},"elements":[{"name":"cube","from":[7.7132993,2.9363313,7.25],"to":[9.453299,7.316332,8.93],"rotation":{"angle":0.0,"axis":"x","origin":[8.69,5.9674997,8.99]},"faces":{"down":{"uv":[11.25,11.0625,11.125,11.25],"rotation":0,"texture":"#0","tintindex":0},"east":{"uv":[11.666667,9.3125,11.791667,9.78125],"rotation":0,"texture":"#0","tintindex":0},"north":{"uv":[11.416667,9.5,11.541667,9.96875],"rotation":0,"texture":"#0","tintindex":0},"south":{"uv":[10.666667,9.5625,10.791667,10.03125],"rotation":0,"texture":"#0","tintindex":0},"up":{"uv":[12.791667,10.9375,12.666667,10.75],"rotation":0,"texture":"#0","tintindex":0},"west":{"uv":[10.791667,9.5625,10.916667,10.03125],"rotation":0,"texture":"#0","tintindex":0}}},{"name":"cube","from":[7.6532993,7.1363316,7.37],"to":[9.3333,7.976331,8.81],"rotation":{"angle":0.0,"axis":"x","origin":[8.69,5.9674997,8.99]},"faces":{"down":{"uv":[11.75,8.0,11.854167,8.53125],"rotation":0,"texture":"#0","tintindex":0},"east":{"uv":[11.75,8.0,11.854167,8.53125],"rotation":0,"texture":"#0","tintindex":0},"north":{"uv":[11.75,8.0,11.854167,8.53125],"rotation":0,"texture":"#0","tintindex":0},"south":{"uv":[11.75,8.0,11.854167,8.53125],"rotation":0,"texture":"#0","tintindex":0},"up":{"uv":[11.75,8.0,11.854167,8.53125],"rotation":0,"texture":"#0","tintindex":0},"west":{"uv":[11.75,8.0,11.854167,8.53125],"rotation":0,"texture":"#0","tintindex":0}}}],"display":{"head":{"translation":[0.0,-6.4,0.0],"rotation":[0.0,0.0,0.0],"scale":[3.8095,3.8095,3.8095]}}}