{"textures":{"0":"modelengine:entity/roxanne"},"elements":[{"name":"cube","from":[6.9032454,8.962581,6.2],"to":[8.463245,11.662581,8.0],"rotation":{"angle":0.0,"axis":"x","origin":[8.0,8.0,8.0]},"faces":{"down":{"uv":[12.0625,11.1875,11.958333,11.375],"rotation":0,"texture":"#0","tintindex":0},"east":{"uv":[10.833333,10.625,10.958333,10.90625],"rotation":0,"texture":"#0","tintindex":0},"north":{"uv":[10.666667,10.875,10.770833,11.15625],"rotation":0,"texture":"#0","tintindex":0},"south":{"uv":[12.583333,10.3125,12.6875,10.59375],"rotation":0,"texture":"#0","tintindex":0},"up":{"uv":[12.895833,9.6875,12.791667,9.5],"rotation":0,"texture":"#0","tintindex":0},"west":{"uv":[11.291667,10.625,11.416667,10.90625],"rotation":0,"texture":"#0","tintindex":0}}}],"display":{"head":{"translation":[0.0,-6.4,0.0],"rotation":[0.0,0.0,0.0],"scale":[3.8095,3.8095,3.8095]}}}