{"textures":{"0":"modelengine:entity/roxanne"},"elements":[{"name":"cube","from":[3.1495996,7.406,7.4816],"to":[8.0312,8.594001,8.5184],"rotation":{"angle":0.0,"axis":"x","origin":[8.2688,2.3084004,8.0]},"faces":{"down":{"uv":[12.875,10.1875,12.541667,10.28125],"rotation":0,"texture":"#0","tintindex":0},"east":{"uv":[13.125,8.0,13.1875,8.125],"rotation":0,"texture":"#0","tintindex":0},"north":{"uv":[12.125,8.0,12.458333,8.125],"rotation":0,"texture":"#0","tintindex":0},"south":{"uv":[12.125,8.125,12.458333,8.25],"rotation":0,"texture":"#0","tintindex":0},"up":{"uv":[12.875,10.15625,12.541667,10.0625],"rotation":0,"texture":"#0","tintindex":0},"west":{"uv":[13.125,8.125,13.1875,8.25],"rotation":0,"texture":"#0","tintindex":0}}},{"name":"cube","from":[6.1496,7.346001,7.3616],"to":[8.0312,8.714001,8.6384],"rotation":{"angle":0.0,"axis":"x","origin":[8.2688,2.3084004,8.0]},"faces":{"down":{"uv":[14.333333,10.5625,14.5946665,10.835],"rotation":0,"texture":"#0","tintindex":0},"east":{"uv":[14.333333,10.5625,14.5946665,10.835],"rotation":0,"texture":"#0","tintindex":0},"north":{"uv":[14.333333,10.5625,14.5946665,10.835],"rotation":0,"texture":"#0","tintindex":0},"south":{"uv":[14.333333,10.5625,14.5946665,10.835],"rotation":0,"texture":"#0","tintindex":0},"up":{"uv":[14.333333,10.5625,14.5946665,10.835],"rotation":0,"texture":"#0","tintindex":0},"west":{"uv":[14.333333,10.5625,14.5946665,10.835],"rotation":0,"texture":"#0","tintindex":0}}}],"display":{"head":{"translation":[0.0,-6.4,0.0],"rotation":[0.0,0.0,0.0],"scale":[3.8095,3.8095,3.8095]}}}