{"textures":{"0":"modelengine:entity/roxanne"},"elements":[{"name":"cube","from":[7.748772,5.6885223,6.26],"to":[8.888772,10.548523,7.94],"rotation":{"angle":0.0,"axis":"x","origin":[8.09,8.719999,8.0]},"faces":{"down":{"uv":[10.666667,14.85,11.483334,16.0],"rotation":0,"texture":"#0","tintindex":0},"east":{"uv":[10.666667,14.85,11.483334,16.0],"rotation":0,"texture":"#0","tintindex":0},"north":{"uv":[10.666667,14.85,11.483334,16.0],"rotation":0,"texture":"#0","tintindex":0},"south":{"uv":[10.666667,14.85,11.483334,16.0],"rotation":0,"texture":"#0","tintindex":0},"up":{"uv":[10.666667,14.85,11.483334,16.0],"rotation":0,"texture":"#0","tintindex":0},"west":{"uv":[10.666667,14.85,11.483334,16.0],"rotation":0,"texture":"#0","tintindex":0}}}],"display":{"head":{"translation":[0.0,-6.4,0.0],"rotation":[0.0,0.0,0.0],"scale":[3.8095,3.8095,3.8095]}}}