{"textures":{"0":"modelengine:entity/roxanne"},"elements":[{"name":"cube","from":[6.911621,8.962581,6.2],"to":[8.4716215,11.662581,8.0],"rotation":{"angle":0.0,"axis":"x","origin":[8.0,8.0,8.0]},"faces":{"down":{"uv":[12.3125,11.1875,12.208333,11.375],"rotation":0,"texture":"#0","tintindex":0},"east":{"uv":[12.208333,10.625,12.333333,10.90625],"rotation":0,"texture":"#0","tintindex":0},"north":{"uv":[10.791667,10.9375,10.895833,11.21875],"rotation":0,"texture":"#0","tintindex":0},"south":{"uv":[12.625,8.5,12.729167,8.78125],"rotation":0,"texture":"#0","tintindex":0},"up":{"uv":[12.1875,11.375,12.083333,11.1875],"rotation":0,"texture":"#0","tintindex":0},"west":{"uv":[12.333333,10.625,12.458333,10.90625],"rotation":0,"texture":"#0","tintindex":0}}}],"display":{"head":{"translation":[0.0,-6.4,0.0],"rotation":[0.0,0.0,0.0],"scale":[3.8095,3.8095,3.8095]}}}