{"textures":{"0":"modelengine:entity/roxanne"},"elements":[{"name":"cube","from":[7.7408,7.346001,7.3616],"to":[9.6224,8.714001,8.6384],"rotation":{"angle":0.0,"axis":"x","origin":[5.42,2.3084004,8.0]},"faces":{"down":{"uv":[14.5625,10.5625,14.823833,10.835],"rotation":0,"texture":"#0","tintindex":0},"east":{"uv":[14.5625,10.5625,14.823833,10.835],"rotation":0,"texture":"#0","tintindex":0},"north":{"uv":[14.5625,10.5625,14.823833,10.835],"rotation":0,"texture":"#0","tintindex":0},"south":{"uv":[14.5625,10.5625,14.823833,10.835],"rotation":0,"texture":"#0","tintindex":0},"up":{"uv":[14.5625,10.5625,14.823833,10.835],"rotation":0,"texture":"#0","tintindex":0},"west":{"uv":[14.5625,10.5625,14.823833,10.835],"rotation":0,"texture":"#0","tintindex":0}}},{"name":"cube","from":[7.8608003,7.406,7.4816],"to":[12.7424,8.594001,8.5184],"rotation":{"angle":0.0,"axis":"x","origin":[5.42,2.3084004,8.0]},"faces":{"down":{"uv":[12.875,9.9375,12.541667,10.03125],"rotation":0,"texture":"#0","tintindex":0},"east":{"uv":[13.083333,11.125,13.145833,11.25],"rotation":0,"texture":"#0","tintindex":0},"north":{"uv":[12.083333,9.125,12.416667,9.25],"rotation":0,"texture":"#0","tintindex":0},"south":{"uv":[12.083333,9.25,12.416667,9.375],"rotation":0,"texture":"#0","tintindex":0},"up":{"uv":[12.875,9.90625,12.541667,9.8125],"rotation":0,"texture":"#0","tintindex":0},"west":{"uv":[13.041667,11.625,13.104167,11.75],"rotation":0,"texture":"#0","tintindex":0}}}],"display":{"head":{"translation":[0.0,-6.4,0.0],"rotation":[0.0,0.0,0.0],"scale":[3.8095,3.8095,3.8095]}}}