{"textures":{"0":"modelengine:entity/roxanne"},"elements":[{"name":"hairs_0","from":[7.937759,8.056999,1.0342071],"to":[8.051759,8.056999,1.1482062],"rotation":{"angle":0.0,"axis":"x","origin":[5.087758,7.9429994,1.0342071]},"faces":{"down":{"uv":[2.0833333,8.065574,2.1666667,8.0],"rotation":0,"texture":"#0","tintindex":0},"east":{"uv":[2.0833333,8.0,2.1666667,8.065574],"rotation":90,"texture":"#0","tintindex":0},"north":{"uv":[2.1666667,8.0,2.0833333,8.065574],"rotation":0,"texture":"#0","tintindex":0},"south":{"uv":[2.0833333,8.0,2.1666667,8.065574],"rotation":0,"texture":"#0","tintindex":0},"up":{"uv":[2.0833333,8.0,2.1666667,8.065574],"rotation":0,"texture":"#0","tintindex":0},"west":{"uv":[2.0833333,8.0,2.1666667,8.065574],"rotation":270,"texture":"#0","tintindex":0}}},{"name":"hairs_1","from":[8.051759,8.056999,1.1482062],"to":[8.279758,8.056999,1.3762069],"rotation":{"angle":0.0,"axis":"x","origin":[5.087758,7.9429994,1.0342071]},"faces":{"down":{"uv":[2.1666667,8.196721,2.3333333,8.065574],"rotation":0,"texture":"#0","tintindex":0},"east":{"uv":[2.25,8.065574,2.3333333,8.196721],"rotation":90,"texture":"#0","tintindex":0},"north":{"uv":[2.3333333,8.065574,2.1666667,8.131147],"rotation":0,"texture":"#0","tintindex":0},"south":{"uv":[2.1666667,8.131147,2.3333333,8.196721],"rotation":0,"texture":"#0","tintindex":0},"up":{"uv":[2.1666667,8.065574,2.3333333,8.196721],"rotation":0,"texture":"#0","tintindex":0},"west":{"uv":[2.1666667,8.065574,2.25,8.196721],"rotation":270,"texture":"#0","tintindex":0}}},{"name":"hairs_2","from":[9.875759,8.056999,1.1482062],"to":[10.787758,8.056999,5.1382065],"rotation":{"angle":0.0,"axis":"x","origin":[5.087758,7.9429994,1.0342071]},"faces":{"down":{"uv":[3.5,10.360656,4.1666665,8.065574],"rotation":0,"texture":"#0","tintindex":0},"east":{"uv":[4.0833335,8.065574,4.1666665,10.360656],"rotation":90,"texture":"#0","tintindex":0},"north":{"uv":[4.1666665,8.065574,3.5,8.131147],"rotation":0,"texture":"#0","tintindex":0},"south":{"uv":[3.5,10.295082,4.1666665,10.360656],"rotation":0,"texture":"#0","tintindex":0},"up":{"uv":[3.5,8.065574,4.1666665,10.360656],"rotation":0,"texture":"#0","tintindex":0},"west":{"uv":[3.5,8.065574,3.5833333,10.360656],"rotation":270,"texture":"#0","tintindex":0}}},{"name":"hairs_3","from":[8.279758,8.056999,1.2622066],"to":[8.621758,8.056999,1.6042064],"rotation":{"angle":0.0,"axis":"x","origin":[5.087758,7.9429994,1.0342071]},"faces":{"down":{"uv":[2.3333333,8.327868,2.5833333,8.131147],"rotation":0,"texture":"#0","tintindex":0},"east":{"uv":[2.5,8.131147,2.5833333,8.327868],"rotation":90,"texture":"#0","tintindex":0},"north":{"uv":[2.5833333,8.131147,2.3333333,8.196721],"rotation":0,"texture":"#0","tintindex":0},"south":{"uv":[2.3333333,8.262295,2.5833333,8.327868],"rotation":0,"texture":"#0","tintindex":0},"up":{"uv":[2.3333333,8.131147,2.5833333,8.327868],"rotation":0,"texture":"#0","tintindex":0},"west":{"uv":[2.3333333,8.131147,2.4166667,8.327868],"rotation":270,"texture":"#0","tintindex":0}}},{"name":"hairs_4","from":[9.419759,8.056999,1.2622066],"to":[9.875759,8.056999,1.3762069],"rotation":{"angle":0.0,"axis":"x","origin":[5.087758,7.9429994,1.0342071]},"faces":{"down":{"uv":[3.1666667,8.196721,3.5,8.131147],"rotation":0,"texture":"#0","tintindex":0},"east":{"uv":[3.4166667,8.131147,3.5,8.196721],"rotation":90,"texture":"#0","tintindex":0},"north":{"uv":[3.5,8.131147,3.1666667,8.196721],"rotation":0,"texture":"#0","tintindex":0},"south":{"uv":[3.1666667,8.131147,3.5,8.196721],"rotation":0,"texture":"#0","tintindex":0},"up":{"uv":[3.1666667,8.131147,3.5,8.196721],"rotation":0,"texture":"#0","tintindex":0},"west":{"uv":[3.1666667,8.131147,3.25,8.196721],"rotation":270,"texture":"#0","tintindex":0}}},{"name":"hairs_5","from":[10.787758,8.056999,1.2622066],"to":[11.0157585,8.056999,4.454207],"rotation":{"angle":0.0,"axis":"x","origin":[5.087758,7.9429994,1.0342071]},"faces":{"down":{"uv":[4.1666665,9.967213,4.3333335,8.131147],"rotation":0,"texture":"#0","tintindex":0},"east":{"uv":[4.25,8.131147,4.3333335,9.967213],"rotation":90,"texture":"#0","tintindex":0},"north":{"uv":[4.3333335,8.131147,4.1666665,8.196721],"rotation":0,"texture":"#0","tintindex":0},"south":{"uv":[4.1666665,9.901639,4.3333335,9.967213],"rotation":0,"texture":"#0","tintindex":0},"up":{"uv":[4.1666665,8.131147,4.3333335,9.967213],"rotation":0,"texture":"#0","tintindex":0},"west":{"uv":[4.1666665,8.131147,4.25,9.967213],"rotation":270,"texture":"#0","tintindex":0}}},{"name":"hairs_6","from":[8.165758,8.056999,1.3762069],"to":[8.279758,8.056999,1.4902072],"rotation":{"angle":0.0,"axis":"x","origin":[5.087758,7.9429994,1.0342071]},"faces":{"down":{"uv":[2.25,8.262295,2.3333333,8.196721],"rotation":0,"texture":"#0","tintindex":0},"east":{"uv":[2.25,8.196721,2.3333333,8.262295],"rotation":90,"texture":"#0","tintindex":0},"north":{"uv":[2.3333333,8.196721,2.25,8.262295],"rotation":0,"texture":"#0","tintindex":0},"south":{"uv":[2.25,8.196721,2.3333333,8.262295],"rotation":0,"texture":"#0","tintindex":0},"up":{"uv":[2.25,8.196721,2.3333333,8.262295],"rotation":0,"texture":"#0","tintindex":0},"west":{"uv":[2.25,8.196721,2.3333333,8.262295],"rotation":270,"texture":"#0","tintindex":0}}},{"name":"hairs_7","from":[8.621758,8.056999,1.3762069],"to":[8.963758,8.056999,1.8322071],"rotation":{"angle":0.0,"axis":"x","origin":[5.087758,7.9429994,1.0342071]},"faces":{"down":{"uv":[2.5833333,8.459017,2.8333333,8.196721],"rotation":0,"texture":"#0","tintindex":0},"east":{"uv":[2.75,8.196721,2.8333333,8.459017],"rotation":90,"texture":"#0","tintindex":0},"north":{"uv":[2.8333333,8.196721,2.5833333,8.262295],"rotation":0,"texture":"#0","tintindex":0},"south":{"uv":[2.5833333,8.393442,2.8333333,8.459017],"rotation":0,"texture":"#0","tintindex":0},"up":{"uv":[2.5833333,8.196721,2.8333333,8.459017],"rotation":0,"texture":"#0","tintindex":0},"west":{"uv":[2.5833333,8.196721,2.6666667,8.459017],"rotation":270,"texture":"#0","tintindex":0}}},{"name":"hairs_8","from":[9.6477585,8.056999,1.3762069],"to":[9.875759,8.056999,9.584208],"rotation":{"angle":0.0,"axis":"x","origin":[5.087758,7.9429994,1.0342071]},"faces":{"down":{"uv":[3.3333333,12.918033,3.5,8.196721],"rotation":0,"texture":"#0","tintindex":0},"east":{"uv":[3.4166667,8.196721,3.5,12.918033],"rotation":90,"texture":"#0","tintindex":0},"north":{"uv":[3.5,8.196721,3.3333333,8.262295],"rotation":0,"texture":"#0","tintindex":0},"south":{"uv":[3.3333333,12.852459,3.5,12.918033],"rotation":0,"texture":"#0","tintindex":0},"up":{"uv":[3.3333333,8.196721,3.5,12.918033],"rotation":0,"texture":"#0","tintindex":0},"west":{"uv":[3.3333333,8.196721,3.4166667,12.918033],"rotation":270,"texture":"#0","tintindex":0}}},{"name":"hairs_9","from":[11.0157585,8.056999,1.3762069],"to":[11.243759,8.056999,3.6562066],"rotation":{"angle":0.0,"axis":"x","origin":[5.087758,7.9429994,1.0342071]},"faces":{"down":{"uv":[4.3333335,9.508197,4.5,8.196721],"rotation":0,"texture":"#0","tintindex":0},"east":{"uv":[4.4166665,8.196721,4.5,9.508197],"rotation":90,"texture":"#0","tintindex":0},"north":{"uv":[4.5,8.196721,4.3333335,8.262295],"rotation":0,"texture":"#0","tintindex":0},"south":{"uv":[4.3333335,9.442623,4.5,9.508197],"rotation":0,"texture":"#0","tintindex":0},"up":{"uv":[4.3333335,8.196721,4.5,9.508197],"rotation":0,"texture":"#0","tintindex":0},"west":{"uv":[4.3333335,8.196721,4.4166665,9.508197],"rotation":270,"texture":"#0","tintindex":0}}},{"name":"hairs_10","from":[8.963758,8.056999,1.4902072],"to":[9.6477585,8.056999,9.926207],"rotation":{"angle":0.0,"axis":"x","origin":[5.087758,7.9429994,1.0342071]},"faces":{"down":{"uv":[2.8333333,13.114754,3.3333333,8.262295],"rotation":0,"texture":"#0","tintindex":0},"east":{"uv":[3.25,8.262295,3.3333333,13.114754],"rotation":90,"texture":"#0","tintindex":0},"north":{"uv":[3.3333333,8.262295,2.8333333,8.327868],"rotation":0,"texture":"#0","tintindex":0},"south":{"uv":[2.8333333,13.04918,3.3333333,13.114754],"rotation":0,"texture":"#0","tintindex":0},"up":{"uv":[2.8333333,8.262295,3.3333333,13.114754],"rotation":0,"texture":"#0","tintindex":0},"west":{"uv":[2.8333333,8.262295,2.9166667,13.114754],"rotation":270,"texture":"#0","tintindex":0}}},{"name":"hairs_11","from":[11.243759,8.056999,1.4902072],"to":[11.3577585,8.056999,2.8582065],"rotation":{"angle":0.0,"axis":"x","origin":[5.087758,7.9429994,1.0342071]},"faces":{"down":{"uv":[4.5,9.04918,4.5833335,8.262295],"rotation":0,"texture":"#0","tintindex":0},"east":{"uv":[4.5,8.262295,4.5833335,9.04918],"rotation":90,"texture":"#0","tintindex":0},"north":{"uv":[4.5833335,8.262295,4.5,8.327868],"rotation":0,"texture":"#0","tintindex":0},"south":{"uv":[4.5,8.983606,4.5833335,9.04918],"rotation":0,"texture":"#0","tintindex":0},"up":{"uv":[4.5,8.262295,4.5833335,9.04918],"rotation":0,"texture":"#0","tintindex":0},"west":{"uv":[4.5,8.262295,4.5833335,9.04918],"rotation":270,"texture":"#0","tintindex":0}}},{"name":"hairs_12","from":[8.393759,8.056999,1.6042064],"to":[8.621758,8.056999,1.7182068],"rotation":{"angle":0.0,"axis":"x","origin":[5.087758,7.9429994,1.0342071]},"faces":{"down":{"uv":[2.4166667,8.393442,2.5833333,8.327868],"rotation":0,"texture":"#0","tintindex":0},"east":{"uv":[2.5,8.327868,2.5833333,8.393442],"rotation":90,"texture":"#0","tintindex":0},"north":{"uv":[2.5833333,8.327868,2.4166667,8.393442],"rotation":0,"texture":"#0","tintindex":0},"south":{"uv":[2.4166667,8.327868,2.5833333,8.393442],"rotation":0,"texture":"#0","tintindex":0},"up":{"uv":[2.4166667,8.327868,2.5833333,8.393442],"rotation":0,"texture":"#0","tintindex":0},"west":{"uv":[2.4166667,8.327868,2.5,8.393442],"rotation":270,"texture":"#0","tintindex":0}}},{"name":"hairs_13","from":[11.3577585,8.056999,1.6042064],"to":[11.471759,8.056999,2.1742067],"rotation":{"angle":0.0,"axis":"x","origin":[5.087758,7.9429994,1.0342071]},"faces":{"down":{"uv":[4.5833335,8.655738,4.6666665,8.327868],"rotation":0,"texture":"#0","tintindex":0},"east":{"uv":[4.5833335,8.327868,4.6666665,8.655738],"rotation":90,"texture":"#0","tintindex":0},"north":{"uv":[4.6666665,8.327868,4.5833335,8.393442],"rotation":0,"texture":"#0","tintindex":0},"south":{"uv":[4.5833335,8.590164,4.6666665,8.655738],"rotation":0,"texture":"#0","tintindex":0},"up":{"uv":[4.5833335,8.327868,4.6666665,8.655738],"rotation":0,"texture":"#0","tintindex":0},"west":{"uv":[4.5833335,8.327868,4.6666665,8.655738],"rotation":270,"texture":"#0","tintindex":0}}},{"name":"hairs_14","from":[8.735758,8.056999,1.8322071],"to":[8.963758,8.056999,13.004208],"rotation":{"angle":0.0,"axis":"x","origin":[5.087758,7.9429994,1.0342071]},"faces":{"down":{"uv":[2.6666667,14.885246,2.8333333,8.459017],"rotation":0,"texture":"#0","tintindex":0},"east":{"uv":[2.75,8.459017,2.8333333,14.885246],"rotation":90,"texture":"#0","tintindex":0},"north":{"uv":[2.8333333,8.459017,2.6666667,8.5245905],"rotation":0,"texture":"#0","tintindex":0},"south":{"uv":[2.6666667,14.819673,2.8333333,14.885246],"rotation":0,"texture":"#0","tintindex":0},"up":{"uv":[2.6666667,8.459017,2.8333333,14.885246],"rotation":0,"texture":"#0","tintindex":0},"west":{"uv":[2.6666667,8.459017,2.75,14.885246],"rotation":270,"texture":"#0","tintindex":0}}},{"name":"hairs_15","from":[8.507758,8.056999,2.0602064],"to":[8.735758,8.056999,13.460208],"rotation":{"angle":0.0,"axis":"x","origin":[5.087758,7.9429994,1.0342071]},"faces":{"down":{"uv":[2.5,15.147541,2.6666667,8.590164],"rotation":0,"texture":"#0","tintindex":0},"east":{"uv":[2.5833333,8.590164,2.6666667,15.147541],"rotation":90,"texture":"#0","tintindex":0},"north":{"uv":[2.6666667,8.590164,2.5,8.655738],"rotation":0,"texture":"#0","tintindex":0},"south":{"uv":[2.5,15.081967,2.6666667,15.147541],"rotation":0,"texture":"#0","tintindex":0},"up":{"uv":[2.5,8.590164,2.6666667,15.147541],"rotation":0,"texture":"#0","tintindex":0},"west":{"uv":[2.5,8.590164,2.5833333,15.147541],"rotation":270,"texture":"#0","tintindex":0}}},{"name":"hairs_16","from":[8.393759,8.056999,2.1742067],"to":[8.507758,8.056999,13.688207],"rotation":{"angle":0.0,"axis":"x","origin":[5.087758,7.9429994,1.0342071]},"faces":{"down":{"uv":[2.4166667,15.278688,2.5,8.655738],"rotation":0,"texture":"#0","tintindex":0},"east":{"uv":[2.4166667,8.655738,2.5,15.278688],"rotation":90,"texture":"#0","tintindex":0},"north":{"uv":[2.5,8.655738,2.4166667,8.721312],"rotation":0,"texture":"#0","tintindex":0},"south":{"uv":[2.4166667,15.213115,2.5,15.278688],"rotation":0,"texture":"#0","tintindex":0},"up":{"uv":[2.4166667,8.655738,2.5,15.278688],"rotation":0,"texture":"#0","tintindex":0},"west":{"uv":[2.4166667,8.655738,2.5,15.278688],"rotation":270,"texture":"#0","tintindex":0}}},{"name":"hairs_17","from":[8.165758,8.056999,2.2882073],"to":[8.393759,8.056999,13.802207],"rotation":{"angle":0.0,"axis":"x","origin":[5.087758,7.9429994,1.0342071]},"faces":{"down":{"uv":[2.25,15.344262,2.4166667,8.721312],"rotation":0,"texture":"#0","tintindex":0},"east":{"uv":[2.3333333,8.721312,2.4166667,15.344262],"rotation":90,"texture":"#0","tintindex":0},"north":{"uv":[2.4166667,8.721312,2.25,8.786885],"rotation":0,"texture":"#0","tintindex":0},"south":{"uv":[2.25,15.278688,2.4166667,15.344262],"rotation":0,"texture":"#0","tintindex":0},"up":{"uv":[2.25,8.721312,2.4166667,15.344262],"rotation":0,"texture":"#0","tintindex":0},"west":{"uv":[2.25,8.721312,2.3333333,15.344262],"rotation":270,"texture":"#0","tintindex":0}}},{"name":"hairs_18","from":[8.051759,8.056999,2.4022064],"to":[8.165758,8.056999,14.030207],"rotation":{"angle":0.0,"axis":"x","origin":[5.087758,7.9429994,1.0342071]},"faces":{"down":{"uv":[2.1666667,15.4754095,2.25,8.786885],"rotation":0,"texture":"#0","tintindex":0},"east":{"uv":[2.1666667,8.786885,2.25,15.4754095],"rotation":90,"texture":"#0","tintindex":0},"north":{"uv":[2.25,8.786885,2.1666667,8.852459],"rotation":0,"texture":"#0","tintindex":0},"south":{"uv":[2.1666667,15.409836,2.25,15.4754095],"rotation":0,"texture":"#0","tintindex":0},"up":{"uv":[2.1666667,8.786885,2.25,15.4754095],"rotation":0,"texture":"#0","tintindex":0},"west":{"uv":[2.1666667,8.786885,2.25,15.4754095],"rotation":270,"texture":"#0","tintindex":0}}},{"name":"hairs_19","from":[7.8237586,8.056999,2.5162067],"to":[8.051759,8.056999,14.144207],"rotation":{"angle":0.0,"axis":"x","origin":[5.087758,7.9429994,1.0342071]},"faces":{"down":{"uv":[2.0,15.540983,2.1666667,8.852459],"rotation":0,"texture":"#0","tintindex":0},"east":{"uv":[2.0833333,8.852459,2.1666667,15.540983],"rotation":90,"texture":"#0","tintindex":0},"north":{"uv":[2.1666667,8.852459,2.0,8.918033],"rotation":0,"texture":"#0","tintindex":0},"south":{"uv":[2.0,15.4754095,2.1666667,15.540983],"rotation":0,"texture":"#0","tintindex":0},"up":{"uv":[2.0,8.852459,2.1666667,15.540983],"rotation":0,"texture":"#0","tintindex":0},"west":{"uv":[2.0,8.852459,2.0833333,15.540983],"rotation":270,"texture":"#0","tintindex":0}}},{"name":"hairs_20","from":[7.7097588,8.056999,2.630207],"to":[7.8237586,8.056999,14.372208],"rotation":{"angle":0.0,"axis":"x","origin":[5.087758,7.9429994,1.0342071]},"faces":{"down":{"uv":[1.9166666,15.672132,2.0,8.918033],"rotation":0,"texture":"#0","tintindex":0},"east":{"uv":[1.9166666,8.918033,2.0,15.672132],"rotation":90,"texture":"#0","tintindex":0},"north":{"uv":[2.0,8.918033,1.9166666,8.983606],"rotation":0,"texture":"#0","tintindex":0},"south":{"uv":[1.9166666,15.606558,2.0,15.672132],"rotation":0,"texture":"#0","tintindex":0},"up":{"uv":[1.9166666,8.918033,2.0,15.672132],"rotation":0,"texture":"#0","tintindex":0},"west":{"uv":[1.9166666,8.918033,2.0,15.672132],"rotation":270,"texture":"#0","tintindex":0}}},{"name":"hairs_21","from":[7.5957584,8.056999,2.7442062],"to":[7.7097588,8.056999,14.372208],"rotation":{"angle":0.0,"axis":"x","origin":[5.087758,7.9429994,1.0342071]},"faces":{"down":{"uv":[1.8333334,15.672132,1.9166666,8.983606],"rotation":0,"texture":"#0","tintindex":0},"east":{"uv":[1.8333334,8.983606,1.9166666,15.672132],"rotation":90,"texture":"#0","tintindex":0},"north":{"uv":[1.9166666,8.983606,1.8333334,9.04918],"rotation":0,"texture":"#0","tintindex":0},"south":{"uv":[1.8333334,15.606558,1.9166666,15.672132],"rotation":0,"texture":"#0","tintindex":0},"up":{"uv":[1.8333334,8.983606,1.9166666,15.672132],"rotation":0,"texture":"#0","tintindex":0},"west":{"uv":[1.8333334,8.983606,1.9166666,15.672132],"rotation":270,"texture":"#0","tintindex":0}}},{"name":"hairs_22","from":[7.3677588,8.056999,2.8582065],"to":[7.5957584,8.056999,14.486207],"rotation":{"angle":0.0,"axis":"x","origin":[5.087758,7.9429994,1.0342071]},"faces":{"down":{"uv":[1.6666666,15.737705,1.8333334,9.04918],"rotation":0,"texture":"#0","tintindex":0},"east":{"uv":[1.75,9.04918,1.8333334,15.737705],"rotation":90,"texture":"#0","tintindex":0},"north":{"uv":[1.8333334,9.04918,1.6666666,9.114754],"rotation":0,"texture":"#0","tintindex":0},"south":{"uv":[1.6666666,15.672132,1.8333334,15.737705],"rotation":0,"texture":"#0","tintindex":0},"up":{"uv":[1.6666666,9.04918,1.8333334,15.737705],"rotation":0,"texture":"#0","tintindex":0},"west":{"uv":[1.6666666,9.04918,1.75,15.737705],"rotation":270,"texture":"#0","tintindex":0}}},{"name":"hairs_23","from":[7.253759,8.056999,2.9722068],"to":[7.3677588,8.056999,14.714208],"rotation":{"angle":0.0,"axis":"x","origin":[5.087758,7.9429994,1.0342071]},"faces":{"down":{"uv":[1.5833334,15.868853,1.6666666,9.114754],"rotation":0,"texture":"#0","tintindex":0},"east":{"uv":[1.5833334,9.114754,1.6666666,15.868853],"rotation":90,"texture":"#0","tintindex":0},"north":{"uv":[1.6666666,9.114754,1.5833334,9.180327],"rotation":0,"texture":"#0","tintindex":0},"south":{"uv":[1.5833334,15.803279,1.6666666,15.868853],"rotation":0,"texture":"#0","tintindex":0},"up":{"uv":[1.5833334,9.114754,1.6666666,15.868853],"rotation":0,"texture":"#0","tintindex":0},"west":{"uv":[1.5833334,9.114754,1.6666666,15.868853],"rotation":270,"texture":"#0","tintindex":0}}},{"name":"hairs_24","from":[7.139758,8.056999,3.2002063],"to":[7.253759,8.056999,3.8842072],"rotation":{"angle":0.0,"axis":"x","origin":[5.087758,7.9429994,1.0342071]},"faces":{"down":{"uv":[1.5,9.639344,1.5833334,9.245902],"rotation":0,"texture":"#0","tintindex":0},"east":{"uv":[1.5,9.245902,1.5833334,9.639344],"rotation":90,"texture":"#0","tintindex":0},"north":{"uv":[1.5833334,9.245902,1.5,9.311476],"rotation":0,"texture":"#0","tintindex":0},"south":{"uv":[1.5,9.5737705,1.5833334,9.639344],"rotation":0,"texture":"#0","tintindex":0},"up":{"uv":[1.5,9.245902,1.5833334,9.639344],"rotation":0,"texture":"#0","tintindex":0},"west":{"uv":[1.5,9.245902,1.5833334,9.639344],"rotation":270,"texture":"#0","tintindex":0}}},{"name":"hairs_25","from":[6.9117584,8.056999,3.428207],"to":[7.139758,8.056999,3.8842072],"rotation":{"angle":0.0,"axis":"x","origin":[5.087758,7.9429994,1.0342071]},"faces":{"down":{"uv":[1.3333334,9.639344,1.5,9.377049],"rotation":0,"texture":"#0","tintindex":0},"east":{"uv":[1.4166666,9.377049,1.5,9.639344],"rotation":90,"texture":"#0","tintindex":0},"north":{"uv":[1.5,9.377049,1.3333334,9.442623],"rotation":0,"texture":"#0","tintindex":0},"south":{"uv":[1.3333334,9.5737705,1.5,9.639344],"rotation":0,"texture":"#0","tintindex":0},"up":{"uv":[1.3333334,9.377049,1.5,9.639344],"rotation":0,"texture":"#0","tintindex":0},"west":{"uv":[1.3333334,9.377049,1.4166666,9.639344],"rotation":270,"texture":"#0","tintindex":0}}},{"name":"hairs_26","from":[6.4557586,8.056999,3.5422072],"to":[6.9117584,8.056999,3.770207],"rotation":{"angle":0.0,"axis":"x","origin":[5.087758,7.9429994,1.0342071]},"faces":{"down":{"uv":[1.0,9.5737705,1.3333334,9.442623],"rotation":0,"texture":"#0","tintindex":0},"east":{"uv":[1.25,9.442623,1.3333334,9.5737705],"rotation":90,"texture":"#0","tintindex":0},"north":{"uv":[1.3333334,9.442623,1.0,9.508197],"rotation":0,"texture":"#0","tintindex":0},"south":{"uv":[1.0,9.508197,1.3333334,9.5737705],"rotation":0,"texture":"#0","tintindex":0},"up":{"uv":[1.0,9.442623,1.3333334,9.5737705],"rotation":0,"texture":"#0","tintindex":0},"west":{"uv":[1.0,9.442623,1.0833334,9.5737705],"rotation":270,"texture":"#0","tintindex":0}}},{"name":"hairs_27","from":[6.113758,8.056999,3.6562066],"to":[6.4557586,8.056999,3.770207],"rotation":{"angle":0.0,"axis":"x","origin":[5.087758,7.9429994,1.0342071]},"faces":{"down":{"uv":[0.75,9.5737705,1.0,9.508197],"rotation":0,"texture":"#0","tintindex":0},"east":{"uv":[0.9166667,9.508197,1.0,9.5737705],"rotation":90,"texture":"#0","tintindex":0},"north":{"uv":[1.0,9.508197,0.75,9.5737705],"rotation":0,"texture":"#0","tintindex":0},"south":{"uv":[0.75,9.508197,1.0,9.5737705],"rotation":0,"texture":"#0","tintindex":0},"up":{"uv":[0.75,9.508197,1.0,9.5737705],"rotation":0,"texture":"#0","tintindex":0},"west":{"uv":[0.75,9.508197,0.8333333,9.5737705],"rotation":270,"texture":"#0","tintindex":0}}},{"name":"hairs_28","from":[6.6837583,8.056999,3.770207],"to":[6.9117584,8.056999,3.8842072],"rotation":{"angle":0.0,"axis":"x","origin":[5.087758,7.9429994,1.0342071]},"faces":{"down":{"uv":[1.1666666,9.639344,1.3333334,9.5737705],"rotation":0,"texture":"#0","tintindex":0},"east":{"uv":[1.25,9.5737705,1.3333334,9.639344],"rotation":90,"texture":"#0","tintindex":0},"north":{"uv":[1.3333334,9.5737705,1.1666666,9.639344],"rotation":0,"texture":"#0","tintindex":0},"south":{"uv":[1.1666666,9.5737705,1.3333334,9.639344],"rotation":0,"texture":"#0","tintindex":0},"up":{"uv":[1.1666666,9.5737705,1.3333334,9.639344],"rotation":0,"texture":"#0","tintindex":0},"west":{"uv":[1.1666666,9.5737705,1.25,9.639344],"rotation":270,"texture":"#0","tintindex":0}}},{"name":"hairs_29","from":[7.139758,8.056999,3.9982064],"to":[7.253759,8.056999,14.828207],"rotation":{"angle":0.0,"axis":"x","origin":[5.087758,7.9429994,1.0342071]},"faces":{"down":{"uv":[1.5,15.934426,1.5833334,9.704918],"rotation":0,"texture":"#0","tintindex":0},"east":{"uv":[1.5,9.704918,1.5833334,15.934426],"rotation":90,"texture":"#0","tintindex":0},"north":{"uv":[1.5833334,9.704918,1.5,9.770492],"rotation":0,"texture":"#0","tintindex":0},"south":{"uv":[1.5,15.868853,1.5833334,15.934426],"rotation":0,"texture":"#0","tintindex":0},"up":{"uv":[1.5,9.704918,1.5833334,15.934426],"rotation":0,"texture":"#0","tintindex":0},"west":{"uv":[1.5,9.704918,1.5833334,15.934426],"rotation":270,"texture":"#0","tintindex":0}}},{"name":"hairs_30","from":[11.0157585,8.056999,3.9982064],"to":[11.129759,8.056999,4.3402066],"rotation":{"angle":0.0,"axis":"x","origin":[5.087758,7.9429994,1.0342071]},"faces":{"down":{"uv":[4.3333335,9.901639,4.4166665,9.704918],"rotation":0,"texture":"#0","tintindex":0},"east":{"uv":[4.3333335,9.704918,4.4166665,9.901639],"rotation":90,"texture":"#0","tintindex":0},"north":{"uv":[4.4166665,9.704918,4.3333335,9.770492],"rotation":0,"texture":"#0","tintindex":0},"south":{"uv":[4.3333335,9.836065,4.4166665,9.901639],"rotation":0,"texture":"#0","tintindex":0},"up":{"uv":[4.3333335,9.704918,4.4166665,9.901639],"rotation":0,"texture":"#0","tintindex":0},"west":{"uv":[4.3333335,9.704918,4.4166665,9.901639],"rotation":270,"texture":"#0","tintindex":0}}},{"name":"hairs_31","from":[7.0257587,8.056999,4.226207],"to":[7.139758,8.056999,14.144207],"rotation":{"angle":0.0,"axis":"x","origin":[5.087758,7.9429994,1.0342071]},"faces":{"down":{"uv":[1.4166666,15.540983,1.5,9.836065],"rotation":0,"texture":"#0","tintindex":0},"east":{"uv":[1.4166666,9.836065,1.5,15.540983],"rotation":90,"texture":"#0","tintindex":0},"north":{"uv":[1.5,9.836065,1.4166666,9.901639],"rotation":0,"texture":"#0","tintindex":0},"south":{"uv":[1.4166666,15.4754095,1.5,15.540983],"rotation":0,"texture":"#0","tintindex":0},"up":{"uv":[1.4166666,9.836065,1.5,15.540983],"rotation":0,"texture":"#0","tintindex":0},"west":{"uv":[1.4166666,9.836065,1.5,15.540983],"rotation":270,"texture":"#0","tintindex":0}}},{"name":"hairs_32","from":[6.9117584,8.056999,4.3402066],"to":[7.0257587,8.056999,14.258206],"rotation":{"angle":0.0,"axis":"x","origin":[5.087758,7.9429994,1.0342071]},"faces":{"down":{"uv":[1.3333334,15.606558,1.4166666,9.901639],"rotation":0,"texture":"#0","tintindex":0},"east":{"uv":[1.3333334,9.901639,1.4166666,15.606558],"rotation":90,"texture":"#0","tintindex":0},"north":{"uv":[1.4166666,9.901639,1.3333334,9.967213],"rotation":0,"texture":"#0","tintindex":0},"south":{"uv":[1.3333334,15.540983,1.4166666,15.606558],"rotation":0,"texture":"#0","tintindex":0},"up":{"uv":[1.3333334,9.901639,1.4166666,15.606558],"rotation":0,"texture":"#0","tintindex":0},"west":{"uv":[1.3333334,9.901639,1.4166666,15.606558],"rotation":270,"texture":"#0","tintindex":0}}},{"name":"hairs_33","from":[10.787758,8.056999,4.454207],"to":[10.901758,8.056999,5.024207],"rotation":{"angle":0.0,"axis":"x","origin":[5.087758,7.9429994,1.0342071]},"faces":{"down":{"uv":[4.1666665,10.295082,4.25,9.967213],"rotation":0,"texture":"#0","tintindex":0},"east":{"uv":[4.1666665,9.967213,4.25,10.295082],"rotation":90,"texture":"#0","tintindex":0},"north":{"uv":[4.25,9.967213,4.1666665,10.032787],"rotation":0,"texture":"#0","tintindex":0},"south":{"uv":[4.1666665,10.229508,4.25,10.295082],"rotation":0,"texture":"#0","tintindex":0},"up":{"uv":[4.1666665,9.967213,4.25,10.295082],"rotation":0,"texture":"#0","tintindex":0},"west":{"uv":[4.1666665,9.967213,4.25,10.295082],"rotation":270,"texture":"#0","tintindex":0}}},{"name":"hairs_34","from":[6.7977586,8.056999,4.568207],"to":[6.9117584,8.056999,14.258206],"rotation":{"angle":0.0,"axis":"x","origin":[5.087758,7.9429994,1.0342071]},"faces":{"down":{"uv":[1.25,15.606558,1.3333334,10.032787],"rotation":0,"texture":"#0","tintindex":0},"east":{"uv":[1.25,10.032787,1.3333334,15.606558],"rotation":90,"texture":"#0","tintindex":0},"north":{"uv":[1.3333334,10.032787,1.25,10.098361],"rotation":0,"texture":"#0","tintindex":0},"south":{"uv":[1.25,15.540983,1.3333334,15.606558],"rotation":0,"texture":"#0","tintindex":0},"up":{"uv":[1.25,10.032787,1.3333334,15.606558],"rotation":0,"texture":"#0","tintindex":0},"west":{"uv":[1.25,10.032787,1.3333334,15.606558],"rotation":270,"texture":"#0","tintindex":0}}},{"name":"hairs_35","from":[6.6837583,8.056999,4.796207],"to":[6.7977586,8.056999,14.372208],"rotation":{"angle":0.0,"axis":"x","origin":[5.087758,7.9429994,1.0342071]},"faces":{"down":{"uv":[1.1666666,15.672132,1.25,10.163935],"rotation":0,"texture":"#0","tintindex":0},"east":{"uv":[1.1666666,10.163935,1.25,15.672132],"rotation":90,"texture":"#0","tintindex":0},"north":{"uv":[1.25,10.163935,1.1666666,10.229508],"rotation":0,"texture":"#0","tintindex":0},"south":{"uv":[1.1666666,15.606558,1.25,15.672132],"rotation":0,"texture":"#0","tintindex":0},"up":{"uv":[1.1666666,10.163935,1.25,15.672132],"rotation":0,"texture":"#0","tintindex":0},"west":{"uv":[1.1666666,10.163935,1.25,15.672132],"rotation":270,"texture":"#0","tintindex":0}}},{"name":"hairs_36","from":[6.5697584,8.056999,5.024207],"to":[6.6837583,8.056999,14.144207],"rotation":{"angle":0.0,"axis":"x","origin":[5.087758,7.9429994,1.0342071]},"faces":{"down":{"uv":[1.0833334,15.540983,1.1666666,10.295082],"rotation":0,"texture":"#0","tintindex":0},"east":{"uv":[1.0833334,10.295082,1.1666666,15.540983],"rotation":90,"texture":"#0","tintindex":0},"north":{"uv":[1.1666666,10.295082,1.0833334,10.360656],"rotation":0,"texture":"#0","tintindex":0},"south":{"uv":[1.0833334,15.4754095,1.1666666,15.540983],"rotation":0,"texture":"#0","tintindex":0},"up":{"uv":[1.0833334,10.295082,1.1666666,15.540983],"rotation":0,"texture":"#0","tintindex":0},"west":{"uv":[1.0833334,10.295082,1.1666666,15.540983],"rotation":270,"texture":"#0","tintindex":0}}},{"name":"hairs_37","from":[9.875759,8.056999,5.1382065],"to":[10.445759,8.056999,7.988207],"rotation":{"angle":0.0,"axis":"x","origin":[5.087758,7.9429994,1.0342071]},"faces":{"down":{"uv":[3.5,12.0,3.9166667,10.360656],"rotation":0,"texture":"#0","tintindex":0},"east":{"uv":[3.8333333,10.360656,3.9166667,12.0],"rotation":90,"texture":"#0","tintindex":0},"north":{"uv":[3.9166667,10.360656,3.5,10.4262295],"rotation":0,"texture":"#0","tintindex":0},"south":{"uv":[3.5,11.934426,3.9166667,12.0],"rotation":0,"texture":"#0","tintindex":0},"up":{"uv":[3.5,10.360656,3.9166667,12.0],"rotation":0,"texture":"#0","tintindex":0},"west":{"uv":[3.5,10.360656,3.5833333,12.0],"rotation":270,"texture":"#0","tintindex":0}}},{"name":"hairs_38","from":[10.445759,8.056999,5.1382065],"to":[10.673759,8.056999,5.366207],"rotation":{"angle":0.0,"axis":"x","origin":[5.087758,7.9429994,1.0342071]},"faces":{"down":{"uv":[3.9166667,10.491803,4.0833335,10.360656],"rotation":0,"texture":"#0","tintindex":0},"east":{"uv":[4.0,10.360656,4.0833335,10.491803],"rotation":90,"texture":"#0","tintindex":0},"north":{"uv":[4.0833335,10.360656,3.9166667,10.4262295],"rotation":0,"texture":"#0","tintindex":0},"south":{"uv":[3.9166667,10.4262295,4.0833335,10.491803],"rotation":0,"texture":"#0","tintindex":0},"up":{"uv":[3.9166667,10.360656,4.0833335,10.491803],"rotation":0,"texture":"#0","tintindex":0},"west":{"uv":[3.9166667,10.360656,4.0,10.491803],"rotation":270,"texture":"#0","tintindex":0}}},{"name":"hairs_39","from":[6.4557586,8.056999,5.366207],"to":[6.5697584,8.056999,11.636207],"rotation":{"angle":0.0,"axis":"x","origin":[5.087758,7.9429994,1.0342071]},"faces":{"down":{"uv":[1.0,14.098361,1.0833334,10.491803],"rotation":0,"texture":"#0","tintindex":0},"east":{"uv":[1.0,10.491803,1.0833334,14.098361],"rotation":90,"texture":"#0","tintindex":0},"north":{"uv":[1.0833334,10.491803,1.0,10.557377],"rotation":0,"texture":"#0","tintindex":0},"south":{"uv":[1.0,14.032787,1.0833334,14.098361],"rotation":0,"texture":"#0","tintindex":0},"up":{"uv":[1.0,10.491803,1.0833334,14.098361],"rotation":0,"texture":"#0","tintindex":0},"west":{"uv":[1.0,10.491803,1.0833334,14.098361],"rotation":270,"texture":"#0","tintindex":0}}},{"name":"hairs_40","from":[10.445759,8.056999,5.366207],"to":[10.559759,8.056999,5.4802074],"rotation":{"angle":0.0,"axis":"x","origin":[5.087758,7.9429994,1.0342071]},"faces":{"down":{"uv":[3.9166667,10.557377,4.0,10.491803],"rotation":0,"texture":"#0","tintindex":0},"east":{"uv":[3.9166667,10.491803,4.0,10.557377],"rotation":90,"texture":"#0","tintindex":0},"north":{"uv":[4.0,10.491803,3.9166667,10.557377],"rotation":0,"texture":"#0","tintindex":0},"south":{"uv":[3.9166667,10.491803,4.0,10.557377],"rotation":0,"texture":"#0","tintindex":0},"up":{"uv":[3.9166667,10.491803,4.0,10.557377],"rotation":0,"texture":"#0","tintindex":0},"west":{"uv":[3.9166667,10.491803,4.0,10.557377],"rotation":270,"texture":"#0","tintindex":0}}},{"name":"hairs_41","from":[6.3417587,8.056999,5.7082067],"to":[6.4557586,8.056999,11.750207],"rotation":{"angle":0.0,"axis":"x","origin":[5.087758,7.9429994,1.0342071]},"faces":{"down":{"uv":[0.9166667,14.163935,1.0,10.688524],"rotation":0,"texture":"#0","tintindex":0},"east":{"uv":[0.9166667,10.688524,1.0,14.163935],"rotation":90,"texture":"#0","tintindex":0},"north":{"uv":[1.0,10.688524,0.9166667,10.754098],"rotation":0,"texture":"#0","tintindex":0},"south":{"uv":[0.9166667,14.098361,1.0,14.163935],"rotation":0,"texture":"#0","tintindex":0},"up":{"uv":[0.9166667,10.688524,1.0,14.163935],"rotation":0,"texture":"#0","tintindex":0},"west":{"uv":[0.9166667,10.688524,1.0,14.163935],"rotation":270,"texture":"#0","tintindex":0}}},{"name":"hairs_42","from":[6.2277584,8.056999,5.936207],"to":[6.3417587,8.056999,8.330208],"rotation":{"angle":0.0,"axis":"x","origin":[5.087758,7.9429994,1.0342071]},"faces":{"down":{"uv":[0.8333333,12.196721,0.9166667,10.819673],"rotation":0,"texture":"#0","tintindex":0},"east":{"uv":[0.8333333,10.819673,0.9166667,12.196721],"rotation":90,"texture":"#0","tintindex":0},"north":{"uv":[0.9166667,10.819673,0.8333333,10.885246],"rotation":0,"texture":"#0","tintindex":0},"south":{"uv":[0.8333333,12.131147,0.9166667,12.196721],"rotation":0,"texture":"#0","tintindex":0},"up":{"uv":[0.8333333,10.819673,0.9166667,12.196721],"rotation":0,"texture":"#0","tintindex":0},"west":{"uv":[0.8333333,10.819673,0.9166667,12.196721],"rotation":270,"texture":"#0","tintindex":0}}},{"name":"hairs_43","from":[10.445759,8.056999,5.936207],"to":[10.559759,8.056999,7.646207],"rotation":{"angle":0.0,"axis":"x","origin":[5.087758,7.9429994,1.0342071]},"faces":{"down":{"uv":[3.9166667,11.803279,4.0,10.819673],"rotation":0,"texture":"#0","tintindex":0},"east":{"uv":[3.9166667,10.819673,4.0,11.803279],"rotation":90,"texture":"#0","tintindex":0},"north":{"uv":[4.0,10.819673,3.9166667,10.885246],"rotation":0,"texture":"#0","tintindex":0},"south":{"uv":[3.9166667,11.737705,4.0,11.803279],"rotation":0,"texture":"#0","tintindex":0},"up":{"uv":[3.9166667,10.819673,4.0,11.803279],"rotation":0,"texture":"#0","tintindex":0},"west":{"uv":[3.9166667,10.819673,4.0,11.803279],"rotation":270,"texture":"#0","tintindex":0}}},{"name":"hairs_44","from":[6.113758,8.056999,6.1642065],"to":[6.2277584,8.056999,7.076207],"rotation":{"angle":0.0,"axis":"x","origin":[5.087758,7.9429994,1.0342071]},"faces":{"down":{"uv":[0.75,11.4754095,0.8333333,10.95082],"rotation":0,"texture":"#0","tintindex":0},"east":{"uv":[0.75,10.95082,0.8333333,11.4754095],"rotation":90,"texture":"#0","tintindex":0},"north":{"uv":[0.8333333,10.95082,0.75,11.016394],"rotation":0,"texture":"#0","tintindex":0},"south":{"uv":[0.75,11.409836,0.8333333,11.4754095],"rotation":0,"texture":"#0","tintindex":0},"up":{"uv":[0.75,10.95082,0.8333333,11.4754095],"rotation":0,"texture":"#0","tintindex":0},"west":{"uv":[0.75,10.95082,0.8333333,11.4754095],"rotation":270,"texture":"#0","tintindex":0}}},{"name":"hairs_45","from":[5.9997587,8.056999,6.392207],"to":[6.113758,8.056999,7.1902065],"rotation":{"angle":0.0,"axis":"x","origin":[5.087758,7.9429994,1.0342071]},"faces":{"down":{"uv":[0.6666667,11.540983,0.75,11.081967],"rotation":0,"texture":"#0","tintindex":0},"east":{"uv":[0.6666667,11.081967,0.75,11.540983],"rotation":90,"texture":"#0","tintindex":0},"north":{"uv":[0.75,11.081967,0.6666667,11.147541],"rotation":0,"texture":"#0","tintindex":0},"south":{"uv":[0.6666667,11.4754095,0.75,11.540983],"rotation":0,"texture":"#0","tintindex":0},"up":{"uv":[0.6666667,11.081967,0.75,11.540983],"rotation":0,"texture":"#0","tintindex":0},"west":{"uv":[0.6666667,11.081967,0.75,11.540983],"rotation":270,"texture":"#0","tintindex":0}}},{"name":"hairs_46","from":[10.559759,8.056999,6.5062065],"to":[10.673759,8.056999,6.848207],"rotation":{"angle":0.0,"axis":"x","origin":[5.087758,7.9429994,1.0342071]},"faces":{"down":{"uv":[4.0,11.344262,4.0833335,11.147541],"rotation":0,"texture":"#0","tintindex":0},"east":{"uv":[4.0,11.147541,4.0833335,11.344262],"rotation":90,"texture":"#0","tintindex":0},"north":{"uv":[4.0833335,11.147541,4.0,11.213115],"rotation":0,"texture":"#0","tintindex":0},"south":{"uv":[4.0,11.278688,4.0833335,11.344262],"rotation":0,"texture":"#0","tintindex":0},"up":{"uv":[4.0,11.147541,4.0833335,11.344262],"rotation":0,"texture":"#0","tintindex":0},"west":{"uv":[4.0,11.147541,4.0833335,11.344262],"rotation":270,"texture":"#0","tintindex":0}}},{"name":"hairs_47","from":[5.8857584,8.056999,6.620207],"to":[5.9997587,8.056999,7.1902065],"rotation":{"angle":0.0,"axis":"x","origin":[5.087758,7.9429994,1.0342071]},"faces":{"down":{"uv":[0.5833333,11.540983,0.6666667,11.213115],"rotation":0,"texture":"#0","tintindex":0},"east":{"uv":[0.5833333,11.213115,0.6666667,11.540983],"rotation":90,"texture":"#0","tintindex":0},"north":{"uv":[0.6666667,11.213115,0.5833333,11.278688],"rotation":0,"texture":"#0","tintindex":0},"south":{"uv":[0.5833333,11.4754095,0.6666667,11.540983],"rotation":0,"texture":"#0","tintindex":0},"up":{"uv":[0.5833333,11.213115,0.6666667,11.540983],"rotation":0,"texture":"#0","tintindex":0},"west":{"uv":[0.5833333,11.213115,0.6666667,11.540983],"rotation":270,"texture":"#0","tintindex":0}}},{"name":"hairs_48","from":[5.7717586,8.056999,6.7342067],"to":[5.8857584,8.056999,7.3042073],"rotation":{"angle":0.0,"axis":"x","origin":[5.087758,7.9429994,1.0342071]},"faces":{"down":{"uv":[0.5,11.606558,0.5833333,11.278688],"rotation":0,"texture":"#0","tintindex":0},"east":{"uv":[0.5,11.278688,0.5833333,11.606558],"rotation":90,"texture":"#0","tintindex":0},"north":{"uv":[0.5833333,11.278688,0.5,11.344262],"rotation":0,"texture":"#0","tintindex":0},"south":{"uv":[0.5,11.540983,0.5833333,11.606558],"rotation":0,"texture":"#0","tintindex":0},"up":{"uv":[0.5,11.278688,0.5833333,11.606558],"rotation":0,"texture":"#0","tintindex":0},"west":{"uv":[0.5,11.278688,0.5833333,11.606558],"rotation":270,"texture":"#0","tintindex":0}}},{"name":"hairs_49","from":[5.6577587,8.056999,6.962207],"to":[5.7717586,8.056999,7.3042073],"rotation":{"angle":0.0,"axis":"x","origin":[5.087758,7.9429994,1.0342071]},"faces":{"down":{"uv":[0.41666666,11.606558,0.5,11.409836],"rotation":0,"texture":"#0","tintindex":0},"east":{"uv":[0.41666666,11.409836,0.5,11.606558],"rotation":90,"texture":"#0","tintindex":0},"north":{"uv":[0.5,11.409836,0.41666666,11.4754095],"rotation":0,"texture":"#0","tintindex":0},"south":{"uv":[0.41666666,11.540983,0.5,11.606558],"rotation":0,"texture":"#0","tintindex":0},"up":{"uv":[0.41666666,11.409836,0.5,11.606558],"rotation":0,"texture":"#0","tintindex":0},"west":{"uv":[0.41666666,11.409836,0.5,11.606558],"rotation":270,"texture":"#0","tintindex":0}}},{"name":"hairs_50","from":[5.5437584,8.056999,7.076207],"to":[5.6577587,8.056999,7.3042073],"rotation":{"angle":0.0,"axis":"x","origin":[5.087758,7.9429994,1.0342071]},"faces":{"down":{"uv":[0.33333334,11.606558,0.41666666,11.4754095],"rotation":0,"texture":"#0","tintindex":0},"east":{"uv":[0.33333334,11.4754095,0.41666666,11.606558],"rotation":90,"texture":"#0","tintindex":0},"north":{"uv":[0.41666666,11.4754095,0.33333334,11.540983],"rotation":0,"texture":"#0","tintindex":0},"south":{"uv":[0.33333334,11.540983,0.41666666,11.606558],"rotation":0,"texture":"#0","tintindex":0},"up":{"uv":[0.33333334,11.4754095,0.41666666,11.606558],"rotation":0,"texture":"#0","tintindex":0},"west":{"uv":[0.33333334,11.4754095,0.41666666,11.606558],"rotation":270,"texture":"#0","tintindex":0}}},{"name":"hairs_51","from":[5.4297585,8.056999,7.1902065],"to":[5.5437584,8.056999,7.418207],"rotation":{"angle":0.0,"axis":"x","origin":[5.087758,7.9429994,1.0342071]},"faces":{"down":{"uv":[0.25,11.672132,0.33333334,11.540983],"rotation":0,"texture":"#0","tintindex":0},"east":{"uv":[0.25,11.540983,0.33333334,11.672132],"rotation":90,"texture":"#0","tintindex":0},"north":{"uv":[0.33333334,11.540983,0.25,11.606558],"rotation":0,"texture":"#0","tintindex":0},"south":{"uv":[0.25,11.606558,0.33333334,11.672132],"rotation":0,"texture":"#0","tintindex":0},"up":{"uv":[0.25,11.540983,0.33333334,11.672132],"rotation":0,"texture":"#0","tintindex":0},"west":{"uv":[0.25,11.540983,0.33333334,11.672132],"rotation":270,"texture":"#0","tintindex":0}}},{"name":"hairs_52","from":[5.3157587,8.056999,7.3042073],"to":[5.4297585,8.056999,7.418207],"rotation":{"angle":0.0,"axis":"x","origin":[5.087758,7.9429994,1.0342071]},"faces":{"down":{"uv":[0.16666667,11.672132,0.25,11.606558],"rotation":0,"texture":"#0","tintindex":0},"east":{"uv":[0.16666667,11.606558,0.25,11.672132],"rotation":90,"texture":"#0","tintindex":0},"north":{"uv":[0.25,11.606558,0.16666667,11.672132],"rotation":0,"texture":"#0","tintindex":0},"south":{"uv":[0.16666667,11.606558,0.25,11.672132],"rotation":0,"texture":"#0","tintindex":0},"up":{"uv":[0.16666667,11.606558,0.25,11.672132],"rotation":0,"texture":"#0","tintindex":0},"west":{"uv":[0.16666667,11.606558,0.25,11.672132],"rotation":270,"texture":"#0","tintindex":0}}},{"name":"hairs_53","from":[6.113758,8.056999,7.418207],"to":[6.2277584,8.056999,7.988207],"rotation":{"angle":0.0,"axis":"x","origin":[5.087758,7.9429994,1.0342071]},"faces":{"down":{"uv":[0.75,12.0,0.8333333,11.672132],"rotation":0,"texture":"#0","tintindex":0},"east":{"uv":[0.75,11.672132,0.8333333,12.0],"rotation":90,"texture":"#0","tintindex":0},"north":{"uv":[0.8333333,11.672132,0.75,11.737705],"rotation":0,"texture":"#0","tintindex":0},"south":{"uv":[0.75,11.934426,0.8333333,12.0],"rotation":0,"texture":"#0","tintindex":0},"up":{"uv":[0.75,11.672132,0.8333333,12.0],"rotation":0,"texture":"#0","tintindex":0},"west":{"uv":[0.75,11.672132,0.8333333,12.0],"rotation":270,"texture":"#0","tintindex":0}}},{"name":"hairs_54","from":[5.9997587,8.056999,7.5322065],"to":[6.113758,8.056999,7.988207],"rotation":{"angle":0.0,"axis":"x","origin":[5.087758,7.9429994,1.0342071]},"faces":{"down":{"uv":[0.6666667,12.0,0.75,11.737705],"rotation":0,"texture":"#0","tintindex":0},"east":{"uv":[0.6666667,11.737705,0.75,12.0],"rotation":90,"texture":"#0","tintindex":0},"north":{"uv":[0.75,11.737705,0.6666667,11.803279],"rotation":0,"texture":"#0","tintindex":0},"south":{"uv":[0.6666667,11.934426,0.75,12.0],"rotation":0,"texture":"#0","tintindex":0},"up":{"uv":[0.6666667,11.737705,0.75,12.0],"rotation":0,"texture":"#0","tintindex":0},"west":{"uv":[0.6666667,11.737705,0.75,12.0],"rotation":270,"texture":"#0","tintindex":0}}},{"name":"hairs_55","from":[5.7717586,8.056999,7.646207],"to":[5.9997587,8.056999,7.988207],"rotation":{"angle":0.0,"axis":"x","origin":[5.087758,7.9429994,1.0342071]},"faces":{"down":{"uv":[0.5,12.0,0.6666667,11.803279],"rotation":0,"texture":"#0","tintindex":0},"east":{"uv":[0.5833333,11.803279,0.6666667,12.0],"rotation":90,"texture":"#0","tintindex":0},"north":{"uv":[0.6666667,11.803279,0.5,11.868853],"rotation":0,"texture":"#0","tintindex":0},"south":{"uv":[0.5,11.934426,0.6666667,12.0],"rotation":0,"texture":"#0","tintindex":0},"up":{"uv":[0.5,11.803279,0.6666667,12.0],"rotation":0,"texture":"#0","tintindex":0},"west":{"uv":[0.5,11.803279,0.5833333,12.0],"rotation":270,"texture":"#0","tintindex":0}}},{"name":"hairs_56","from":[5.5437584,8.056999,7.7602067],"to":[5.7717586,8.056999,7.988207],"rotation":{"angle":0.0,"axis":"x","origin":[5.087758,7.9429994,1.0342071]},"faces":{"down":{"uv":[0.33333334,12.0,0.5,11.868853],"rotation":0,"texture":"#0","tintindex":0},"east":{"uv":[0.41666666,11.868853,0.5,12.0],"rotation":90,"texture":"#0","tintindex":0},"north":{"uv":[0.5,11.868853,0.33333334,11.934426],"rotation":0,"texture":"#0","tintindex":0},"south":{"uv":[0.33333334,11.934426,0.5,12.0],"rotation":0,"texture":"#0","tintindex":0},"up":{"uv":[0.33333334,11.868853,0.5,12.0],"rotation":0,"texture":"#0","tintindex":0},"west":{"uv":[0.33333334,11.868853,0.41666666,12.0],"rotation":270,"texture":"#0","tintindex":0}}},{"name":"hairs_57","from":[10.445759,8.056999,7.7602067],"to":[10.559759,8.056999,7.988207],"rotation":{"angle":0.0,"axis":"x","origin":[5.087758,7.9429994,1.0342071]},"faces":{"down":{"uv":[3.9166667,12.0,4.0,11.868853],"rotation":0,"texture":"#0","tintindex":0},"east":{"uv":[3.9166667,11.868853,4.0,12.0],"rotation":90,"texture":"#0","tintindex":0},"north":{"uv":[4.0,11.868853,3.9166667,11.934426],"rotation":0,"texture":"#0","tintindex":0},"south":{"uv":[3.9166667,11.934426,4.0,12.0],"rotation":0,"texture":"#0","tintindex":0},"up":{"uv":[3.9166667,11.868853,4.0,12.0],"rotation":0,"texture":"#0","tintindex":0},"west":{"uv":[3.9166667,11.868853,4.0,12.0],"rotation":270,"texture":"#0","tintindex":0}}},{"name":"hairs_58","from":[9.875759,8.056999,7.988207],"to":[10.217758,8.056999,8.444207],"rotation":{"angle":0.0,"axis":"x","origin":[5.087758,7.9429994,1.0342071]},"faces":{"down":{"uv":[3.5,12.262295,3.75,12.0],"rotation":0,"texture":"#0","tintindex":0},"east":{"uv":[3.6666667,12.0,3.75,12.262295],"rotation":90,"texture":"#0","tintindex":0},"north":{"uv":[3.75,12.0,3.5,12.065574],"rotation":0,"texture":"#0","tintindex":0},"south":{"uv":[3.5,12.196721,3.75,12.262295],"rotation":0,"texture":"#0","tintindex":0},"up":{"uv":[3.5,12.0,3.75,12.262295],"rotation":0,"texture":"#0","tintindex":0},"west":{"uv":[3.5,12.0,3.5833333,12.262295],"rotation":270,"texture":"#0","tintindex":0}}},{"name":"hairs_59","from":[10.217758,8.056999,7.988207],"to":[10.3317585,8.056999,8.2162075],"rotation":{"angle":0.0,"axis":"x","origin":[5.087758,7.9429994,1.0342071]},"faces":{"down":{"uv":[3.75,12.131147,3.8333333,12.0],"rotation":0,"texture":"#0","tintindex":0},"east":{"uv":[3.75,12.0,3.8333333,12.131147],"rotation":90,"texture":"#0","tintindex":0},"north":{"uv":[3.8333333,12.0,3.75,12.065574],"rotation":0,"texture":"#0","tintindex":0},"south":{"uv":[3.75,12.065574,3.8333333,12.131147],"rotation":0,"texture":"#0","tintindex":0},"up":{"uv":[3.75,12.0,3.8333333,12.131147],"rotation":0,"texture":"#0","tintindex":0},"west":{"uv":[3.75,12.0,3.8333333,12.131147],"rotation":270,"texture":"#0","tintindex":0}}},{"name":"hairs_60","from":[9.875759,8.056999,8.444207],"to":[10.103758,8.056999,8.786207],"rotation":{"angle":0.0,"axis":"x","origin":[5.087758,7.9429994,1.0342071]},"faces":{"down":{"uv":[3.5,12.459017,3.6666667,12.262295],"rotation":0,"texture":"#0","tintindex":0},"east":{"uv":[3.5833333,12.262295,3.6666667,12.459017],"rotation":90,"texture":"#0","tintindex":0},"north":{"uv":[3.6666667,12.262295,3.5,12.327868],"rotation":0,"texture":"#0","tintindex":0},"south":{"uv":[3.5,12.393442,3.6666667,12.459017],"rotation":0,"texture":"#0","tintindex":0},"up":{"uv":[3.5,12.262295,3.6666667,12.459017],"rotation":0,"texture":"#0","tintindex":0},"west":{"uv":[3.5,12.262295,3.5833333,12.459017],"rotation":270,"texture":"#0","tintindex":0}}},{"name":"hairs_61","from":[6.2277584,8.056999,8.672207],"to":[6.3417587,8.056999,11.864207],"rotation":{"angle":0.0,"axis":"x","origin":[5.087758,7.9429994,1.0342071]},"faces":{"down":{"uv":[0.8333333,14.229508,0.9166667,12.393442],"rotation":0,"texture":"#0","tintindex":0},"east":{"uv":[0.8333333,12.393442,0.9166667,14.229508],"rotation":90,"texture":"#0","tintindex":0},"north":{"uv":[0.9166667,12.393442,0.8333333,12.459017],"rotation":0,"texture":"#0","tintindex":0},"south":{"uv":[0.8333333,14.163935,0.9166667,14.229508],"rotation":0,"texture":"#0","tintindex":0},"up":{"uv":[0.8333333,12.393442,0.9166667,14.229508],"rotation":0,"texture":"#0","tintindex":0},"west":{"uv":[0.8333333,12.393442,0.9166667,14.229508],"rotation":270,"texture":"#0","tintindex":0}}},{"name":"hairs_62","from":[9.875759,8.056999,8.786207],"to":[9.9897585,8.056999,9.128206],"rotation":{"angle":0.0,"axis":"x","origin":[5.087758,7.9429994,1.0342071]},"faces":{"down":{"uv":[3.5,12.655738,3.5833333,12.459017],"rotation":0,"texture":"#0","tintindex":0},"east":{"uv":[3.5,12.459017,3.5833333,12.655738],"rotation":90,"texture":"#0","tintindex":0},"north":{"uv":[3.5833333,12.459017,3.5,12.5245905],"rotation":0,"texture":"#0","tintindex":0},"south":{"uv":[3.5,12.590164,3.5833333,12.655738],"rotation":0,"texture":"#0","tintindex":0},"up":{"uv":[3.5,12.459017,3.5833333,12.655738],"rotation":0,"texture":"#0","tintindex":0},"west":{"uv":[3.5,12.459017,3.5833333,12.655738],"rotation":270,"texture":"#0","tintindex":0}}},{"name":"hairs_63","from":[9.6477585,8.056999,9.584208],"to":[9.761759,8.056999,9.812206],"rotation":{"angle":0.0,"axis":"x","origin":[5.087758,7.9429994,1.0342071]},"faces":{"down":{"uv":[3.3333333,13.04918,3.4166667,12.918033],"rotation":0,"texture":"#0","tintindex":0},"east":{"uv":[3.3333333,12.918033,3.4166667,13.04918],"rotation":90,"texture":"#0","tintindex":0},"north":{"uv":[3.4166667,12.918033,3.3333333,12.983606],"rotation":0,"texture":"#0","tintindex":0},"south":{"uv":[3.3333333,12.983606,3.4166667,13.04918],"rotation":0,"texture":"#0","tintindex":0},"up":{"uv":[3.3333333,12.918033,3.4166667,13.04918],"rotation":0,"texture":"#0","tintindex":0},"west":{"uv":[3.3333333,12.918033,3.4166667,13.04918],"rotation":270,"texture":"#0","tintindex":0}}},{"name":"hairs_64","from":[8.963758,8.056999,9.926207],"to":[9.419759,8.056999,10.268208],"rotation":{"angle":0.0,"axis":"x","origin":[5.087758,7.9429994,1.0342071]},"faces":{"down":{"uv":[2.8333333,13.311476,3.1666667,13.114754],"rotation":0,"texture":"#0","tintindex":0},"east":{"uv":[3.0833333,13.114754,3.1666667,13.311476],"rotation":90,"texture":"#0","tintindex":0},"north":{"uv":[3.1666667,13.114754,2.8333333,13.180327],"rotation":0,"texture":"#0","tintindex":0},"south":{"uv":[2.8333333,13.245902,3.1666667,13.311476],"rotation":0,"texture":"#0","tintindex":0},"up":{"uv":[2.8333333,13.114754,3.1666667,13.311476],"rotation":0,"texture":"#0","tintindex":0},"west":{"uv":[2.8333333,13.114754,2.9166667,13.311476],"rotation":270,"texture":"#0","tintindex":0}}},{"name":"hairs_65","from":[9.419759,8.056999,9.926207],"to":[9.533758,8.056999,10.040207],"rotation":{"angle":0.0,"axis":"x","origin":[5.087758,7.9429994,1.0342071]},"faces":{"down":{"uv":[3.1666667,13.180327,3.25,13.114754],"rotation":0,"texture":"#0","tintindex":0},"east":{"uv":[3.1666667,13.114754,3.25,13.180327],"rotation":90,"texture":"#0","tintindex":0},"north":{"uv":[3.25,13.114754,3.1666667,13.180327],"rotation":0,"texture":"#0","tintindex":0},"south":{"uv":[3.1666667,13.114754,3.25,13.180327],"rotation":0,"texture":"#0","tintindex":0},"up":{"uv":[3.1666667,13.114754,3.25,13.180327],"rotation":0,"texture":"#0","tintindex":0},"west":{"uv":[3.1666667,13.114754,3.25,13.180327],"rotation":270,"texture":"#0","tintindex":0}}},{"name":"hairs_66","from":[8.963758,8.056999,10.268208],"to":[9.305758,8.056999,11.294208],"rotation":{"angle":0.0,"axis":"x","origin":[5.087758,7.9429994,1.0342071]},"faces":{"down":{"uv":[2.8333333,13.901639,3.0833333,13.311476],"rotation":0,"texture":"#0","tintindex":0},"east":{"uv":[3.0,13.311476,3.0833333,13.901639],"rotation":90,"texture":"#0","tintindex":0},"north":{"uv":[3.0833333,13.311476,2.8333333,13.377049],"rotation":0,"texture":"#0","tintindex":0},"south":{"uv":[2.8333333,13.836065,3.0833333,13.901639],"rotation":0,"texture":"#0","tintindex":0},"up":{"uv":[2.8333333,13.311476,3.0833333,13.901639],"rotation":0,"texture":"#0","tintindex":0},"west":{"uv":[2.8333333,13.311476,2.9166667,13.901639],"rotation":270,"texture":"#0","tintindex":0}}},{"name":"hairs_67","from":[6.113758,8.056999,10.382207],"to":[6.2277584,8.056999,12.092207],"rotation":{"angle":0.0,"axis":"x","origin":[5.087758,7.9429994,1.0342071]},"faces":{"down":{"uv":[0.75,14.360656,0.8333333,13.377049],"rotation":0,"texture":"#0","tintindex":0},"east":{"uv":[0.75,13.377049,0.8333333,14.360656],"rotation":90,"texture":"#0","tintindex":0},"north":{"uv":[0.8333333,13.377049,0.75,13.442623],"rotation":0,"texture":"#0","tintindex":0},"south":{"uv":[0.75,14.295082,0.8333333,14.360656],"rotation":0,"texture":"#0","tintindex":0},"up":{"uv":[0.75,13.377049,0.8333333,14.360656],"rotation":0,"texture":"#0","tintindex":0},"west":{"uv":[0.75,13.377049,0.8333333,14.360656],"rotation":270,"texture":"#0","tintindex":0}}},{"name":"hairs_68","from":[9.077759,8.056999,11.294208],"to":[9.305758,8.056999,11.978207],"rotation":{"angle":0.0,"axis":"x","origin":[5.087758,7.9429994,1.0342071]},"faces":{"down":{"uv":[2.9166667,14.295082,3.0833333,13.901639],"rotation":0,"texture":"#0","tintindex":0},"east":{"uv":[3.0,13.901639,3.0833333,14.295082],"rotation":90,"texture":"#0","tintindex":0},"north":{"uv":[3.0833333,13.901639,2.9166667,13.967213],"rotation":0,"texture":"#0","tintindex":0},"south":{"uv":[2.9166667,14.229508,3.0833333,14.295082],"rotation":0,"texture":"#0","tintindex":0},"up":{"uv":[2.9166667,13.901639,3.0833333,14.295082],"rotation":0,"texture":"#0","tintindex":0},"west":{"uv":[2.9166667,13.901639,3.0,14.295082],"rotation":270,"texture":"#0","tintindex":0}}},{"name":"hairs_69","from":[8.963758,8.056999,11.408208],"to":[9.077759,8.056999,12.776207],"rotation":{"angle":0.0,"axis":"x","origin":[5.087758,7.9429994,1.0342071]},"faces":{"down":{"uv":[2.8333333,14.754098,2.9166667,13.967213],"rotation":0,"texture":"#0","tintindex":0},"east":{"uv":[2.8333333,13.967213,2.9166667,14.754098],"rotation":90,"texture":"#0","tintindex":0},"north":{"uv":[2.9166667,13.967213,2.8333333,14.032787],"rotation":0,"texture":"#0","tintindex":0},"south":{"uv":[2.8333333,14.688524,2.9166667,14.754098],"rotation":0,"texture":"#0","tintindex":0},"up":{"uv":[2.8333333,13.967213,2.9166667,14.754098],"rotation":0,"texture":"#0","tintindex":0},"west":{"uv":[2.8333333,13.967213,2.9166667,14.754098],"rotation":270,"texture":"#0","tintindex":0}}},{"name":"hairs_70","from":[5.9997587,8.056999,11.636207],"to":[6.113758,8.056999,12.206207],"rotation":{"angle":0.0,"axis":"x","origin":[5.087758,7.9429994,1.0342071]},"faces":{"down":{"uv":[0.6666667,14.4262295,0.75,14.098361],"rotation":0,"texture":"#0","tintindex":0},"east":{"uv":[0.6666667,14.098361,0.75,14.4262295],"rotation":90,"texture":"#0","tintindex":0},"north":{"uv":[0.75,14.098361,0.6666667,14.163935],"rotation":0,"texture":"#0","tintindex":0},"south":{"uv":[0.6666667,14.360656,0.75,14.4262295],"rotation":0,"texture":"#0","tintindex":0},"up":{"uv":[0.6666667,14.098361,0.75,14.4262295],"rotation":0,"texture":"#0","tintindex":0},"west":{"uv":[0.6666667,14.098361,0.75,14.4262295],"rotation":270,"texture":"#0","tintindex":0}}},{"name":"hairs_71","from":[6.4557586,8.056999,11.750207],"to":[6.5697584,8.056999,14.144207],"rotation":{"angle":0.0,"axis":"x","origin":[5.087758,7.9429994,1.0342071]},"faces":{"down":{"uv":[1.0,15.540983,1.0833334,14.163935],"rotation":0,"texture":"#0","tintindex":0},"east":{"uv":[1.0,14.163935,1.0833334,15.540983],"rotation":90,"texture":"#0","tintindex":0},"north":{"uv":[1.0833334,14.163935,1.0,14.229508],"rotation":0,"texture":"#0","tintindex":0},"south":{"uv":[1.0,15.4754095,1.0833334,15.540983],"rotation":0,"texture":"#0","tintindex":0},"up":{"uv":[1.0,14.163935,1.0833334,15.540983],"rotation":0,"texture":"#0","tintindex":0},"west":{"uv":[1.0,14.163935,1.0833334,15.540983],"rotation":270,"texture":"#0","tintindex":0}}},{"name":"hairs_72","from":[6.3417587,8.056999,11.978207],"to":[6.4557586,8.056999,12.548207],"rotation":{"angle":0.0,"axis":"x","origin":[5.087758,7.9429994,1.0342071]},"faces":{"down":{"uv":[0.9166667,14.622951,1.0,14.295082],"rotation":0,"texture":"#0","tintindex":0},"east":{"uv":[0.9166667,14.295082,1.0,14.622951],"rotation":90,"texture":"#0","tintindex":0},"north":{"uv":[1.0,14.295082,0.9166667,14.360656],"rotation":0,"texture":"#0","tintindex":0},"south":{"uv":[0.9166667,14.557377,1.0,14.622951],"rotation":0,"texture":"#0","tintindex":0},"up":{"uv":[0.9166667,14.295082,1.0,14.622951],"rotation":0,"texture":"#0","tintindex":0},"west":{"uv":[0.9166667,14.295082,1.0,14.622951],"rotation":270,"texture":"#0","tintindex":0}}},{"name":"hairs_73","from":[9.077759,8.056999,11.978207],"to":[9.191759,8.056999,12.548207],"rotation":{"angle":0.0,"axis":"x","origin":[5.087758,7.9429994,1.0342071]},"faces":{"down":{"uv":[2.9166667,14.622951,3.0,14.295082],"rotation":0,"texture":"#0","tintindex":0},"east":{"uv":[2.9166667,14.295082,3.0,14.622951],"rotation":90,"texture":"#0","tintindex":0},"north":{"uv":[3.0,14.295082,2.9166667,14.360656],"rotation":0,"texture":"#0","tintindex":0},"south":{"uv":[2.9166667,14.557377,3.0,14.622951],"rotation":0,"texture":"#0","tintindex":0},"up":{"uv":[2.9166667,14.295082,3.0,14.622951],"rotation":0,"texture":"#0","tintindex":0},"west":{"uv":[2.9166667,14.295082,3.0,14.622951],"rotation":270,"texture":"#0","tintindex":0}}},{"name":"hairs_74","from":[9.191759,8.056999,12.092207],"to":[9.305758,8.056999,12.206207],"rotation":{"angle":0.0,"axis":"x","origin":[5.087758,7.9429994,1.0342071]},"faces":{"down":{"uv":[3.0,14.4262295,3.0833333,14.360656],"rotation":0,"texture":"#0","tintindex":0},"east":{"uv":[3.0,14.360656,3.0833333,14.4262295],"rotation":90,"texture":"#0","tintindex":0},"north":{"uv":[3.0833333,14.360656,3.0,14.4262295],"rotation":0,"texture":"#0","tintindex":0},"south":{"uv":[3.0,14.360656,3.0833333,14.4262295],"rotation":0,"texture":"#0","tintindex":0},"up":{"uv":[3.0,14.360656,3.0833333,14.4262295],"rotation":0,"texture":"#0","tintindex":0},"west":{"uv":[3.0,14.360656,3.0833333,14.4262295],"rotation":270,"texture":"#0","tintindex":0}}},{"name":"hairs_75","from":[6.2277584,8.056999,12.206207],"to":[6.3417587,8.056999,12.662207],"rotation":{"angle":0.0,"axis":"x","origin":[5.087758,7.9429994,1.0342071]},"faces":{"down":{"uv":[0.8333333,14.688524,0.9166667,14.4262295],"rotation":0,"texture":"#0","tintindex":0},"east":{"uv":[0.8333333,14.4262295,0.9166667,14.688524],"rotation":90,"texture":"#0","tintindex":0},"north":{"uv":[0.9166667,14.4262295,0.8333333,14.491803],"rotation":0,"texture":"#0","tintindex":0},"south":{"uv":[0.8333333,14.622951,0.9166667,14.688524],"rotation":0,"texture":"#0","tintindex":0},"up":{"uv":[0.8333333,14.4262295,0.9166667,14.688524],"rotation":0,"texture":"#0","tintindex":0},"west":{"uv":[0.8333333,14.4262295,0.9166667,14.688524],"rotation":270,"texture":"#0","tintindex":0}}},{"name":"hairs_76","from":[6.113758,8.056999,12.434207],"to":[6.2277584,8.056999,12.776207],"rotation":{"angle":0.0,"axis":"x","origin":[5.087758,7.9429994,1.0342071]},"faces":{"down":{"uv":[0.75,14.754098,0.8333333,14.557377],"rotation":0,"texture":"#0","tintindex":0},"east":{"uv":[0.75,14.557377,0.8333333,14.754098],"rotation":90,"texture":"#0","tintindex":0},"north":{"uv":[0.8333333,14.557377,0.75,14.622951],"rotation":0,"texture":"#0","tintindex":0},"south":{"uv":[0.75,14.688524,0.8333333,14.754098],"rotation":0,"texture":"#0","tintindex":0},"up":{"uv":[0.75,14.557377,0.8333333,14.754098],"rotation":0,"texture":"#0","tintindex":0},"west":{"uv":[0.75,14.557377,0.8333333,14.754098],"rotation":270,"texture":"#0","tintindex":0}}},{"name":"hairs_77","from":[5.9997587,8.056999,12.548207],"to":[6.113758,8.056999,12.776207],"rotation":{"angle":0.0,"axis":"x","origin":[5.087758,7.9429994,1.0342071]},"faces":{"down":{"uv":[0.6666667,14.754098,0.75,14.622951],"rotation":0,"texture":"#0","tintindex":0},"east":{"uv":[0.6666667,14.622951,0.75,14.754098],"rotation":90,"texture":"#0","tintindex":0},"north":{"uv":[0.75,14.622951,0.6666667,14.688524],"rotation":0,"texture":"#0","tintindex":0},"south":{"uv":[0.6666667,14.688524,0.75,14.754098],"rotation":0,"texture":"#0","tintindex":0},"up":{"uv":[0.6666667,14.622951,0.75,14.754098],"rotation":0,"texture":"#0","tintindex":0},"west":{"uv":[0.6666667,14.622951,0.75,14.754098],"rotation":270,"texture":"#0","tintindex":0}}},{"name":"hairs_78","from":[8.735758,8.056999,13.004208],"to":[8.849758,8.056999,13.232207],"rotation":{"angle":0.0,"axis":"x","origin":[5.087758,7.9429994,1.0342071]},"faces":{"down":{"uv":[2.6666667,15.016394,2.75,14.885246],"rotation":0,"texture":"#0","tintindex":0},"east":{"uv":[2.6666667,14.885246,2.75,15.016394],"rotation":90,"texture":"#0","tintindex":0},"north":{"uv":[2.75,14.885246,2.6666667,14.95082],"rotation":0,"texture":"#0","tintindex":0},"south":{"uv":[2.6666667,14.95082,2.75,15.016394],"rotation":0,"texture":"#0","tintindex":0},"up":{"uv":[2.6666667,14.885246,2.75,15.016394],"rotation":0,"texture":"#0","tintindex":0},"west":{"uv":[2.6666667,14.885246,2.75,15.016394],"rotation":270,"texture":"#0","tintindex":0}}},{"name":"hairs_79","from":[8.507758,8.056999,13.460208],"to":[8.621758,8.056999,13.574206],"rotation":{"angle":0.0,"axis":"x","origin":[5.087758,7.9429994,1.0342071]},"faces":{"down":{"uv":[2.5,15.213115,2.5833333,15.147541],"rotation":0,"texture":"#0","tintindex":0},"east":{"uv":[2.5,15.147541,2.5833333,15.213115],"rotation":90,"texture":"#0","tintindex":0},"north":{"uv":[2.5833333,15.147541,2.5,15.213115],"rotation":0,"texture":"#0","tintindex":0},"south":{"uv":[2.5,15.147541,2.5833333,15.213115],"rotation":0,"texture":"#0","tintindex":0},"up":{"uv":[2.5,15.147541,2.5833333,15.213115],"rotation":0,"texture":"#0","tintindex":0},"west":{"uv":[2.5,15.147541,2.5833333,15.213115],"rotation":270,"texture":"#0","tintindex":0}}},{"name":"hairs_80","from":[8.165758,8.056999,13.802207],"to":[8.279758,8.056999,13.916206],"rotation":{"angle":0.0,"axis":"x","origin":[5.087758,7.9429994,1.0342071]},"faces":{"down":{"uv":[2.25,15.409836,2.3333333,15.344262],"rotation":0,"texture":"#0","tintindex":0},"east":{"uv":[2.25,15.344262,2.3333333,15.409836],"rotation":90,"texture":"#0","tintindex":0},"north":{"uv":[2.3333333,15.344262,2.25,15.409836],"rotation":0,"texture":"#0","tintindex":0},"south":{"uv":[2.25,15.344262,2.3333333,15.409836],"rotation":0,"texture":"#0","tintindex":0},"up":{"uv":[2.25,15.344262,2.3333333,15.409836],"rotation":0,"texture":"#0","tintindex":0},"west":{"uv":[2.25,15.344262,2.3333333,15.409836],"rotation":270,"texture":"#0","tintindex":0}}},{"name":"hairs_81","from":[6.3417587,8.056999,13.916206],"to":[6.4557586,8.056999,14.144207],"rotation":{"angle":0.0,"axis":"x","origin":[5.087758,7.9429994,1.0342071]},"faces":{"down":{"uv":[0.9166667,15.540983,1.0,15.409836],"rotation":0,"texture":"#0","tintindex":0},"east":{"uv":[0.9166667,15.409836,1.0,15.540983],"rotation":90,"texture":"#0","tintindex":0},"north":{"uv":[1.0,15.409836,0.9166667,15.4754095],"rotation":0,"texture":"#0","tintindex":0},"south":{"uv":[0.9166667,15.4754095,1.0,15.540983],"rotation":0,"texture":"#0","tintindex":0},"up":{"uv":[0.9166667,15.409836,1.0,15.540983],"rotation":0,"texture":"#0","tintindex":0},"west":{"uv":[0.9166667,15.409836,1.0,15.540983],"rotation":270,"texture":"#0","tintindex":0}}},{"name":"hairs_82","from":[7.8237586,8.056999,14.144207],"to":[7.937759,8.056999,14.258206],"rotation":{"angle":0.0,"axis":"x","origin":[5.087758,7.9429994,1.0342071]},"faces":{"down":{"uv":[2.0,15.606558,2.0833333,15.540983],"rotation":0,"texture":"#0","tintindex":0},"east":{"uv":[2.0,15.540983,2.0833333,15.606558],"rotation":90,"texture":"#0","tintindex":0},"north":{"uv":[2.0833333,15.540983,2.0,15.606558],"rotation":0,"texture":"#0","tintindex":0},"south":{"uv":[2.0,15.540983,2.0833333,15.606558],"rotation":0,"texture":"#0","tintindex":0},"up":{"uv":[2.0,15.540983,2.0833333,15.606558],"rotation":0,"texture":"#0","tintindex":0},"west":{"uv":[2.0,15.540983,2.0833333,15.606558],"rotation":270,"texture":"#0","tintindex":0}}},{"name":"hairs_83","from":[6.5697584,8.056999,14.258206],"to":[6.6837583,8.056999,14.486207],"rotation":{"angle":0.0,"axis":"x","origin":[5.087758,7.9429994,1.0342071]},"faces":{"down":{"uv":[1.0833334,15.737705,1.1666666,15.606558],"rotation":0,"texture":"#0","tintindex":0},"east":{"uv":[1.0833334,15.606558,1.1666666,15.737705],"rotation":90,"texture":"#0","tintindex":0},"north":{"uv":[1.1666666,15.606558,1.0833334,15.672132],"rotation":0,"texture":"#0","tintindex":0},"south":{"uv":[1.0833334,15.672132,1.1666666,15.737705],"rotation":0,"texture":"#0","tintindex":0},"up":{"uv":[1.0833334,15.606558,1.1666666,15.737705],"rotation":0,"texture":"#0","tintindex":0},"west":{"uv":[1.0833334,15.606558,1.1666666,15.737705],"rotation":270,"texture":"#0","tintindex":0}}},{"name":"hairs_84","from":[7.0257587,8.056999,14.372208],"to":[7.139758,8.056999,14.828207],"rotation":{"angle":0.0,"axis":"x","origin":[5.087758,7.9429994,1.0342071]},"faces":{"down":{"uv":[1.4166666,15.934426,1.5,15.672132],"rotation":0,"texture":"#0","tintindex":0},"east":{"uv":[1.4166666,15.672132,1.5,15.934426],"rotation":90,"texture":"#0","tintindex":0},"north":{"uv":[1.5,15.672132,1.4166666,15.737705],"rotation":0,"texture":"#0","tintindex":0},"south":{"uv":[1.4166666,15.868853,1.5,15.934426],"rotation":0,"texture":"#0","tintindex":0},"up":{"uv":[1.4166666,15.672132,1.5,15.934426],"rotation":0,"texture":"#0","tintindex":0},"west":{"uv":[1.4166666,15.672132,1.5,15.934426],"rotation":270,"texture":"#0","tintindex":0}}},{"name":"hairs_85","from":[7.3677588,8.056999,14.486207],"to":[7.4817586,8.056999,14.600207],"rotation":{"angle":0.0,"axis":"x","origin":[5.087758,7.9429994,1.0342071]},"faces":{"down":{"uv":[1.6666666,15.803279,1.75,15.737705],"rotation":0,"texture":"#0","tintindex":0},"east":{"uv":[1.6666666,15.737705,1.75,15.803279],"rotation":90,"texture":"#0","tintindex":0},"north":{"uv":[1.75,15.737705,1.6666666,15.803279],"rotation":0,"texture":"#0","tintindex":0},"south":{"uv":[1.6666666,15.737705,1.75,15.803279],"rotation":0,"texture":"#0","tintindex":0},"up":{"uv":[1.6666666,15.737705,1.75,15.803279],"rotation":0,"texture":"#0","tintindex":0},"west":{"uv":[1.6666666,15.737705,1.75,15.803279],"rotation":270,"texture":"#0","tintindex":0}}},{"name":"hairs_86","from":[6.9117584,8.056999,14.600207],"to":[7.0257587,8.056999,14.942207],"rotation":{"angle":0.0,"axis":"x","origin":[5.087758,7.9429994,1.0342071]},"faces":{"down":{"uv":[1.3333334,16.0,1.4166666,15.803279],"rotation":0,"texture":"#0","tintindex":0},"east":{"uv":[1.3333334,15.803279,1.4166666,16.0],"rotation":90,"texture":"#0","tintindex":0},"north":{"uv":[1.4166666,15.803279,1.3333334,15.868853],"rotation":0,"texture":"#0","tintindex":0},"south":{"uv":[1.3333334,15.934426,1.4166666,16.0],"rotation":0,"texture":"#0","tintindex":0},"up":{"uv":[1.3333334,15.803279,1.4166666,16.0],"rotation":0,"texture":"#0","tintindex":0},"west":{"uv":[1.3333334,15.803279,1.4166666,16.0],"rotation":270,"texture":"#0","tintindex":0}}}],"display":{"head":{"translation":[0.0,-6.4,0.0],"rotation":[0.0,0.0,0.0],"scale":[3.8095,3.8095,3.8095]}}}