{"textures":{"0":"modelengine:entity/roxanne"},"elements":[{"name":"cube","from":[6.896,8.951652,9.30949],"to":[9.0776,10.139652,10.49749],"rotation":{"angle":0.0,"axis":"x","origin":[6.9392,1.5860515,7.88389]},"faces":{"down":{"uv":[12.979167,8.8125,12.833333,8.9375],"rotation":0,"texture":"#0","tintindex":0},"east":{"uv":[11.333333,11.5625,11.416667,11.6875],"rotation":0,"texture":"#0","tintindex":0},"north":{"uv":[12.791667,10.75,12.9375,10.875],"rotation":0,"texture":"#0","tintindex":0},"south":{"uv":[10.75,11.25,10.895833,11.375],"rotation":0,"texture":"#0","tintindex":0},"up":{"uv":[11.229167,11.375,11.083333,11.25],"rotation":0,"texture":"#0","tintindex":0},"west":{"uv":[13.041667,9.1875,13.125,9.3125],"rotation":0,"texture":"#0","tintindex":0}}},{"name":"cube","from":[7.6088,9.621252,10.19509],"to":[8.3647995,10.247652,10.56229],"rotation":{"angle":0.0,"axis":"x","origin":[6.9392,1.5860515,7.88389]},"faces":{"down":{"uv":[13.3125,9.875,13.25,9.90625],"rotation":0,"texture":"#0","tintindex":0},"east":{"uv":[12.666667,11.875,12.6875,11.9375],"rotation":0,"texture":"#0","tintindex":0},"north":{"uv":[13.208333,10.1875,13.270833,10.25],"rotation":0,"texture":"#0","tintindex":0},"south":{"uv":[13.208333,10.25,13.270833,10.3125],"rotation":0,"texture":"#0","tintindex":0},"up":{"uv":[11.9375,11.90625,11.875,11.875],"rotation":0,"texture":"#0","tintindex":0},"west":{"uv":[12.708333,11.875,12.729167,11.9375],"rotation":0,"texture":"#0","tintindex":0}}},{"name":"cube","from":[7.076,8.423653,9.30949],"to":[8.8976,8.951652,10.43749],"rotation":{"angle":0.0,"axis":"x","origin":[6.9392,3.3380523,7.88389]},"faces":{"down":{"uv":[14.270833,13.46875,14.557167,13.5615],"rotation":0,"texture":"#0","tintindex":0},"east":{"uv":[14.5,13.65625,14.786333,13.749],"rotation":180,"texture":"#0","tintindex":0},"north":{"uv":[14.270833,13.46875,14.557167,13.5615],"rotation":0,"texture":"#0","tintindex":0},"south":{"uv":[14.5,13.65625,14.786333,13.749],"rotation":180,"texture":"#0","tintindex":0},"up":{"uv":[14.270833,13.46875,14.557167,13.5615],"rotation":0,"texture":"#0","tintindex":0},"west":{"uv":[14.5,13.65625,14.786333,13.749],"rotation":180,"texture":"#0","tintindex":0}}},{"name":"cube","from":[9.056,8.735651,6.30709],"to":[9.941601,10.506851,9.30949],"rotation":{"angle":0.0,"axis":"x","origin":[6.9392,1.5860515,7.88389]},"faces":{"down":{"uv":[11.5625,11.125,11.5,11.4375],"rotation":0,"texture":"#0","tintindex":0},"east":{"uv":[12.208333,8.5625,12.416667,8.75],"rotation":0,"texture":"#0","tintindex":0},"north":{"uv":[11.958333,11.5,12.020833,11.6875],"rotation":0,"texture":"#0","tintindex":0},"south":{"uv":[12.041667,11.5,12.104167,11.6875],"rotation":0,"texture":"#0","tintindex":0},"up":{"uv":[11.854167,11.375,11.791667,11.0625],"rotation":0,"texture":"#0","tintindex":0},"west":{"uv":[12.208333,9.875,12.416667,10.0625],"rotation":0,"texture":"#0","tintindex":0}}},{"name":"cube","from":[6.3991995,8.217251,6.45829],"to":[9.5744,8.735651,9.30949],"rotation":{"angle":0.0,"axis":"x","origin":[6.9392,1.5860515,7.88389]},"faces":{"down":{"uv":[11.145833,8.3125,10.916667,8.625],"rotation":0,"texture":"#0","tintindex":0},"east":{"uv":[12.416667,8.6875,12.625,8.75],"rotation":0,"texture":"#0","tintindex":0},"north":{"uv":[12.833333,9.3125,13.0625,9.375],"rotation":0,"texture":"#0","tintindex":0},"south":{"uv":[12.916667,10.5,13.145833,10.5625],"rotation":0,"texture":"#0","tintindex":0},"up":{"uv":[11.145833,8.3125,10.916667,8.0],"rotation":0,"texture":"#0","tintindex":0},"west":{"uv":[12.416667,9.3125,12.625,9.375],"rotation":0,"texture":"#0","tintindex":0}}},{"name":"cube","from":[6.032,8.735651,6.30709],"to":[6.9175997,10.506851,9.30949],"rotation":{"angle":0.0,"axis":"x","origin":[6.9392,1.5860515,7.88389]},"faces":{"down":{"uv":[10.729167,11.1875,10.666667,11.5],"rotation":0,"texture":"#0","tintindex":0},"east":{"uv":[12.333333,8.9375,12.541667,9.125],"rotation":0,"texture":"#0","tintindex":0},"north":{"uv":[12.125,11.5,12.1875,11.6875],"rotation":0,"texture":"#0","tintindex":0},"south":{"uv":[12.208333,11.5,12.270833,11.6875],"rotation":0,"texture":"#0","tintindex":0},"up":{"uv":[11.645833,11.4375,11.583333,11.125],"rotation":0,"texture":"#0","tintindex":0},"west":{"uv":[12.0,10.5,12.208333,10.6875],"rotation":0,"texture":"#0","tintindex":0}}},{"name":"cube","from":[6.3128004,10.506851,6.45829],"to":[6.8528,11.802853,9.30949],"rotation":{"angle":0.0,"axis":"x","origin":[6.9392,1.5860515,7.88389]},"faces":{"down":{"uv":[11.0,11.5,10.958333,11.8125],"rotation":0,"texture":"#0","tintindex":0},"east":{"uv":[12.125,10.9375,12.333333,11.0625],"rotation":0,"texture":"#0","tintindex":0},"north":{"uv":[12.833333,11.75,12.875,11.875],"rotation":0,"texture":"#0","tintindex":0},"south":{"uv":[11.125,11.8125,11.166667,11.9375],"rotation":0,"texture":"#0","tintindex":0},"up":{"uv":[12.875,11.75,12.833333,11.4375],"rotation":0,"texture":"#0","tintindex":0},"west":{"uv":[12.333333,10.9375,12.541667,11.0625],"rotation":0,"texture":"#0","tintindex":0}}},{"name":"cube","from":[6.8528,11.176453,6.45829],"to":[9.1208,11.802853,9.30949],"rotation":{"angle":0.0,"axis":"x","origin":[6.9392,1.5860515,7.88389]},"faces":{"down":{"uv":[12.083333,9.0625,11.916667,9.375],"rotation":0,"texture":"#0","tintindex":0},"east":{"uv":[12.458333,8.1875,12.666667,8.25],"rotation":0,"texture":"#0","tintindex":0},"north":{"uv":[12.791667,10.875,12.958333,10.9375],"rotation":0,"texture":"#0","tintindex":0},"south":{"uv":[13.0,9.125,13.166667,9.1875],"rotation":0,"texture":"#0","tintindex":0},"up":{"uv":[12.083333,9.0625,11.916667,8.75],"rotation":0,"texture":"#0","tintindex":0},"west":{"uv":[13.0,8.8125,13.208333,8.875],"rotation":0,"texture":"#0","tintindex":0}}},{"name":"cube","from":[7.8032,10.290852,6.45829],"to":[8.2136,11.176453,9.30949],"rotation":{"angle":0.0,"axis":"x","origin":[6.9392,1.5860515,7.88389]},"faces":{"down":{"uv":[11.854167,11.6875,11.833333,12.0],"rotation":0,"texture":"#0","tintindex":0},"east":{"uv":[12.75,8.6875,12.958333,8.78125],"rotation":0,"texture":"#0","tintindex":0},"north":{"uv":[12.75,11.8125,12.770833,11.90625],"rotation":0,"texture":"#0","tintindex":0},"south":{"uv":[13.25,9.75,13.270833,9.84375],"rotation":0,"texture":"#0","tintindex":0},"up":{"uv":[10.9375,11.9375,10.916667,11.625],"rotation":0,"texture":"#0","tintindex":0},"west":{"uv":[12.75,8.9375,12.958333,9.03125],"rotation":0,"texture":"#0","tintindex":0}}},{"name":"cube","from":[9.1208,10.506851,6.45829],"to":[9.6608,11.802853,9.30949],"rotation":{"angle":0.0,"axis":"x","origin":[6.9392,1.5860515,7.88389]},"faces":{"down":{"uv":[11.791667,9.8125,11.75,10.125],"rotation":0,"texture":"#0","tintindex":0},"east":{"uv":[11.208333,10.9375,11.416667,11.0625],"rotation":0,"texture":"#0","tintindex":0},"north":{"uv":[11.75,10.125,11.791667,10.25],"rotation":0,"texture":"#0","tintindex":0},"south":{"uv":[12.166667,9.625,12.208333,9.75],"rotation":0,"texture":"#0","tintindex":0},"up":{"uv":[11.166667,9.5625,11.125,9.25],"rotation":0,"texture":"#0","tintindex":0},"west":{"uv":[12.625,9.125,12.833333,9.25],"rotation":0,"texture":"#0","tintindex":0}}},{"name":"cube","from":[8.156,11.428003,9.259628],"to":[9.5,11.867203,9.259628],"rotation":{"angle":22.5,"axis":"x","origin":[7.9976,11.1676035,8.384829]},"faces":{"down":{"uv":[14.125,9.826563,14.245,9.993063],"rotation":0,"texture":"#0","tintindex":0},"east":{"uv":[14.125,9.826563,14.245,9.993063],"rotation":0,"texture":"#0","tintindex":0},"north":{"uv":[15.5675,12.701563,16.0,13.118063],"rotation":0,"texture":"#0","tintindex":0},"south":{"uv":[13.75,14.470312,14.4366665,15.030562],"rotation":0,"texture":"#0","tintindex":0},"up":{"uv":[14.125,9.826563,14.245,9.993063],"rotation":0,"texture":"#0","tintindex":0},"west":{"uv":[14.125,9.826563,14.245,9.993063],"rotation":0,"texture":"#0","tintindex":0}}},{"name":"cube","from":[8.2568,10.334053,7.55989],"to":[9.0776,11.133251,9.30949],"rotation":{"angle":0.0,"axis":"x","origin":[6.9392,1.5860515,7.88389]},"faces":{"down":{"uv":[12.4375,11.5,12.375,11.6875],"rotation":0,"texture":"#0","tintindex":0},"east":{"uv":[13.0,9.375,13.125,9.46875],"rotation":0,"texture":"#0","tintindex":0},"north":{"uv":[11.875,11.75,11.9375,11.84375],"rotation":0,"texture":"#0","tintindex":0},"south":{"uv":[14.3125,9.814062,14.4366665,9.999312],"rotation":0,"texture":"#0","tintindex":0},"up":{"uv":[12.354167,11.6875,12.291667,11.5],"rotation":0,"texture":"#0","tintindex":0},"west":{"uv":[13.0,10.3125,13.125,10.40625],"rotation":0,"texture":"#0","tintindex":0}}},{"name":"cube","from":[6.896,10.334053,7.55989],"to":[7.7599998,11.133251,9.30949],"rotation":{"angle":0.0,"axis":"x","origin":[6.9392,1.5860515,7.88389]},"faces":{"down":{"uv":[14.125,9.826563,14.245,9.993063],"rotation":0,"texture":"#0","tintindex":0},"east":{"uv":[14.125,9.826563,14.245,9.993063],"rotation":0,"texture":"#0","tintindex":0},"north":{"uv":[14.125,9.826563,14.245,9.993063],"rotation":0,"texture":"#0","tintindex":0},"south":{"uv":[14.125,9.814062,14.2491665,9.999312],"rotation":0,"texture":"#0","tintindex":0},"up":{"uv":[14.125,9.826563,14.245,9.993063],"rotation":0,"texture":"#0","tintindex":0},"west":{"uv":[14.125,9.826563,14.245,9.993063],"rotation":0,"texture":"#0","tintindex":0}}},{"name":"cube","from":[6.476,11.428003,9.259628],"to":[7.8199997,11.867203,9.259628],"rotation":{"angle":22.5,"axis":"x","origin":[7.9976,11.1676035,8.384829]},"faces":{"down":{"uv":[14.125,9.826563,14.245,9.993063],"rotation":0,"texture":"#0","tintindex":0},"east":{"uv":[14.125,9.826563,14.245,9.993063],"rotation":0,"texture":"#0","tintindex":0},"north":{"uv":[15.5675,12.701563,16.0,13.118063],"rotation":0,"texture":"#0","tintindex":0},"south":{"uv":[12.6875,14.470312,13.3741665,15.030562],"rotation":0,"texture":"#0","tintindex":0},"up":{"uv":[14.125,9.826563,14.245,9.993063],"rotation":0,"texture":"#0","tintindex":0},"west":{"uv":[14.125,9.826563,14.245,9.993063],"rotation":0,"texture":"#0","tintindex":0}}},{"name":"cube","from":[9.5744,11.003653,8.01349],"to":[10.222401,11.306053,8.639891],"rotation":{"angle":0.0,"axis":"x","origin":[6.9392,1.5860515,7.88389]},"faces":{"down":{"uv":[12.791667,9.75,12.75,9.8125],"rotation":0,"texture":"#0","tintindex":0},"east":{"uv":[12.791667,11.875,12.833333,11.90625],"rotation":0,"texture":"#0","tintindex":0},"north":{"uv":[13.25,11.125,13.291667,11.15625],"rotation":0,"texture":"#0","tintindex":0},"south":{"uv":[13.25,11.1875,13.291667,11.21875],"rotation":0,"texture":"#0","tintindex":0},"up":{"uv":[12.125,11.0625,12.083333,11.0],"rotation":0,"texture":"#0","tintindex":0},"west":{"uv":[12.833333,11.875,12.875,11.90625],"rotation":0,"texture":"#0","tintindex":0}}},{"name":"cube","from":[10.222401,11.30605,8.01349],"to":[10.5248,12.537251,8.639891],"rotation":{"angle":0.0,"axis":"x","origin":[6.2911997,1.6508514,7.88389]},"faces":{"down":{"uv":[12.9375,11.875,12.916667,11.9375],"rotation":0,"texture":"#0","tintindex":0},"east":{"uv":[11.375,11.8125,11.416667,11.9375],"rotation":0,"texture":"#0","tintindex":0},"north":{"uv":[12.5,11.8125,12.520833,11.9375],"rotation":0,"texture":"#0","tintindex":0},"south":{"uv":[12.541667,11.8125,12.5625,11.9375],"rotation":0,"texture":"#0","tintindex":0},"up":{"uv":[12.895833,11.9375,12.875,11.875],"rotation":0,"texture":"#0","tintindex":0},"west":{"uv":[11.75,11.8125,11.791667,11.9375],"rotation":0,"texture":"#0","tintindex":0}}},{"name":"cube","from":[9.5744,12.515653,8.01349],"to":[10.222401,12.753252,8.639891],"rotation":{"angle":0.0,"axis":"x","origin":[6.9392,1.5860515,7.88389]},"faces":{"down":{"uv":[12.958333,8.625,12.916667,8.6875],"rotation":0,"texture":"#0","tintindex":0},"east":{"uv":[12.958333,11.875,13.0,11.90625],"rotation":0,"texture":"#0","tintindex":0},"north":{"uv":[13.25,11.375,13.291667,11.40625],"rotation":0,"texture":"#0","tintindex":0},"south":{"uv":[13.25,11.4375,13.291667,11.46875],"rotation":0,"texture":"#0","tintindex":0},"up":{"uv":[11.083333,11.375,11.041667,11.3125],"rotation":0,"texture":"#0","tintindex":0},"west":{"uv":[13.0,11.875,13.041667,11.90625],"rotation":0,"texture":"#0","tintindex":0}}},{"name":"cube","from":[9.3584,12.278052,8.01349],"to":[9.5744,12.515653,8.639891],"rotation":{"angle":0.0,"axis":"x","origin":[6.6800003,1.348451,7.66789]},"faces":{"down":{"uv":[13.1875,11.875,13.166667,11.9375],"rotation":0,"texture":"#0","tintindex":0},"east":{"uv":[13.041667,11.875,13.083333,11.90625],"rotation":0,"texture":"#0","tintindex":0},"north":{"uv":[12.166667,11.9375,12.1875,11.96875],"rotation":0,"texture":"#0","tintindex":0},"south":{"uv":[13.291667,10.25,13.3125,10.28125],"rotation":0,"texture":"#0","tintindex":0},"up":{"uv":[13.145833,11.9375,13.125,11.875],"rotation":0,"texture":"#0","tintindex":0},"west":{"uv":[13.083333,11.875,13.125,11.90625],"rotation":0,"texture":"#0","tintindex":0}}},{"name":"cube","from":[9.142401,11.80285,8.01349],"to":[9.3584,12.27805,8.639891],"rotation":{"angle":0.0,"axis":"x","origin":[6.5288,1.1108503,7.66789]},"faces":{"down":{"uv":[13.3125,8.0,13.291667,8.0625],"rotation":0,"texture":"#0","tintindex":0},"east":{"uv":[12.916667,9.625,12.958333,9.6875],"rotation":0,"texture":"#0","tintindex":0},"north":{"uv":[13.208333,11.875,13.229167,11.9375],"rotation":0,"texture":"#0","tintindex":0},"south":{"uv":[13.25,11.875,13.270833,11.9375],"rotation":0,"texture":"#0","tintindex":0},"up":{"uv":[10.6875,12.0,10.666667,11.9375],"rotation":0,"texture":"#0","tintindex":0},"west":{"uv":[12.916667,10.6875,12.958333,10.75],"rotation":0,"texture":"#0","tintindex":0}}},{"name":"cube","from":[8.926399,11.802853,8.01349],"to":[9.142401,12.040452,8.639891],"rotation":{"angle":0.0,"axis":"x","origin":[6.6800003,1.348451,7.66789]},"faces":{"down":{"uv":[13.3125,8.125,13.291667,8.1875],"rotation":0,"texture":"#0","tintindex":0},"east":{"uv":[10.708333,11.9375,10.75,11.96875],"rotation":0,"texture":"#0","tintindex":0},"north":{"uv":[12.208333,11.9375,12.229167,11.96875],"rotation":0,"texture":"#0","tintindex":0},"south":{"uv":[13.291667,10.3125,13.3125,10.34375],"rotation":0,"texture":"#0","tintindex":0},"up":{"uv":[10.770833,12.0,10.75,11.9375],"rotation":0,"texture":"#0","tintindex":0},"west":{"uv":[13.291667,8.0625,13.333333,8.09375],"rotation":0,"texture":"#0","tintindex":0}}},{"name":"cube","from":[6.7664003,11.802853,8.01349],"to":[6.9824,12.040452,8.639891],"rotation":{"angle":0.0,"axis":"x","origin":[6.6800003,1.348451,7.66789]},"faces":{"down":{"uv":[13.270833,10.6875,13.25,10.75],"rotation":0,"texture":"#0","tintindex":0},"east":{"uv":[12.375,11.875,12.416667,11.90625],"rotation":0,"texture":"#0","tintindex":0},"north":{"uv":[12.125,11.9375,12.145833,11.96875],"rotation":0,"texture":"#0","tintindex":0},"south":{"uv":[13.291667,10.1875,13.3125,10.21875],"rotation":0,"texture":"#0","tintindex":0},"up":{"uv":[13.270833,10.6875,13.25,10.625],"rotation":0,"texture":"#0","tintindex":0},"west":{"uv":[12.416667,11.875,12.458333,11.90625],"rotation":0,"texture":"#0","tintindex":0}}},{"name":"cube","from":[6.5504,11.80285,8.01349],"to":[6.7664003,12.27805,8.639891],"rotation":{"angle":0.0,"axis":"x","origin":[6.5288,1.1108503,7.66789]},"faces":{"down":{"uv":[13.270833,10.5,13.25,10.5625],"rotation":0,"texture":"#0","tintindex":0},"east":{"uv":[12.375,8.5,12.416667,8.5625],"rotation":0,"texture":"#0","tintindex":0},"north":{"uv":[13.25,10.3125,13.270833,10.375],"rotation":0,"texture":"#0","tintindex":0},"south":{"uv":[13.25,10.375,13.270833,10.4375],"rotation":0,"texture":"#0","tintindex":0},"up":{"uv":[13.270833,10.5,13.25,10.4375],"rotation":0,"texture":"#0","tintindex":0},"west":{"uv":[10.958333,10.625,11.0,10.6875],"rotation":0,"texture":"#0","tintindex":0}}},{"name":"cube","from":[6.3344,12.278052,8.01349],"to":[6.5504,12.515653,8.639891],"rotation":{"angle":0.0,"axis":"x","origin":[6.6800003,1.348451,7.66789]},"faces":{"down":{"uv":[12.229167,11.875,12.208333,11.9375],"rotation":0,"texture":"#0","tintindex":0},"east":{"uv":[12.083333,11.875,12.125,11.90625],"rotation":0,"texture":"#0","tintindex":0},"north":{"uv":[12.041667,11.9375,12.0625,11.96875],"rotation":0,"texture":"#0","tintindex":0},"south":{"uv":[12.083333,11.9375,12.104167,11.96875],"rotation":0,"texture":"#0","tintindex":0},"up":{"uv":[12.1875,11.9375,12.166667,11.875],"rotation":0,"texture":"#0","tintindex":0},"west":{"uv":[12.125,11.875,12.166667,11.90625],"rotation":0,"texture":"#0","tintindex":0}}},{"name":"cube","from":[5.6864,12.515653,8.01349],"to":[6.3344,12.753252,8.639891],"rotation":{"angle":0.0,"axis":"x","origin":[6.9392,1.5860515,7.88389]},"faces":{"down":{"uv":[11.541667,10.0,11.5,10.0625],"rotation":0,"texture":"#0","tintindex":0},"east":{"uv":[13.25,9.9375,13.291667,9.96875],"rotation":0,"texture":"#0","tintindex":0},"north":{"uv":[13.166667,9.125,13.208333,9.15625],"rotation":0,"texture":"#0","tintindex":0},"south":{"uv":[12.0,11.875,12.041667,11.90625],"rotation":0,"texture":"#0","tintindex":0},"up":{"uv":[11.916667,8.5625,11.875,8.5],"rotation":0,"texture":"#0","tintindex":0},"west":{"uv":[12.041667,11.875,12.083333,11.90625],"rotation":0,"texture":"#0","tintindex":0}}},{"name":"cube","from":[5.384,11.30605,8.01349],"to":[5.6864,12.537251,8.639891],"rotation":{"angle":0.0,"axis":"x","origin":[6.2911997,1.6508514,7.88389]},"faces":{"down":{"uv":[11.229167,11.75,11.208333,11.8125],"rotation":0,"texture":"#0","tintindex":0},"east":{"uv":[11.291667,10.5,11.333333,10.625],"rotation":0,"texture":"#0","tintindex":0},"north":{"uv":[13.208333,10.625,13.229167,10.75],"rotation":0,"texture":"#0","tintindex":0},"south":{"uv":[12.458333,11.8125,12.479167,11.9375],"rotation":0,"texture":"#0","tintindex":0},"up":{"uv":[13.104167,11.625,13.083333,11.5625],"rotation":0,"texture":"#0","tintindex":0},"west":{"uv":[12.375,9.5,12.416667,9.625],"rotation":0,"texture":"#0","tintindex":0}}},{"name":"cube","from":[5.6864,11.003653,8.01349],"to":[6.3344,11.306053,8.639891],"rotation":{"angle":0.0,"axis":"x","origin":[6.9392,1.5860515,7.88389]},"faces":{"down":{"uv":[11.791667,8.75,11.75,8.8125],"rotation":0,"texture":"#0","tintindex":0},"east":{"uv":[13.083333,9.3125,13.125,9.34375],"rotation":0,"texture":"#0","tintindex":0},"north":{"uv":[13.041667,10.8125,13.083333,10.84375],"rotation":0,"texture":"#0","tintindex":0},"south":{"uv":[11.75,11.625,11.791667,11.65625],"rotation":0,"texture":"#0","tintindex":0},"up":{"uv":[11.416667,8.75,11.375,8.6875],"rotation":0,"texture":"#0","tintindex":0},"west":{"uv":[12.541667,11.625,12.583333,11.65625],"rotation":0,"texture":"#0","tintindex":0}}},{"name":"cube","from":[5.6864,11.306053,8.01349],"to":[6.3344,12.515653,8.467091],"rotation":{"angle":0.0,"axis":"x","origin":[6.9392,1.5860515,7.88389]},"faces":{"down":{"uv":[12.625,8.75,12.583333,8.8125],"rotation":0,"texture":"#0","tintindex":0},"east":{"uv":[11.083333,11.125,11.125,11.25],"rotation":0,"texture":"#0","tintindex":0},"north":{"uv":[12.541667,10.3125,12.583333,10.4375],"rotation":0,"texture":"#0","tintindex":0},"south":{"uv":[10.875,11.375,10.916667,11.5],"rotation":0,"texture":"#0","tintindex":0},"up":{"uv":[10.833333,10.9375,10.791667,10.875],"rotation":0,"texture":"#0","tintindex":0},"west":{"uv":[12.458333,11.5,12.5,11.625],"rotation":0,"texture":"#0","tintindex":0}}},{"name":"cube","from":[6.896,8.735651,6.17749],"to":[9.0776,10.290852,9.30949],"rotation":{"angle":0.0,"axis":"x","origin":[6.9392,1.5860515,7.88389]},"faces":{"down":{"uv":[11.5625,10.0625,11.416667,10.375],"rotation":0,"texture":"#0","tintindex":0},"east":{"uv":[12.458333,10.75,12.666667,10.90625],"rotation":0,"texture":"#0","tintindex":0},"north":{"uv":[10.916667,11.125,11.0625,11.28125],"rotation":0,"texture":"#0","tintindex":0},"south":{"uv":[12.75,8.5,12.895833,8.65625],"rotation":0,"texture":"#0","tintindex":0},"up":{"uv":[10.8125,10.375,10.666667,10.0625],"rotation":0,"texture":"#0","tintindex":0},"west":{"uv":[12.541667,8.9375,12.75,9.09375],"rotation":0,"texture":"#0","tintindex":0}}},{"name":"cube","from":[6.9392,10.334053,7.68949],"to":[7.7384,11.133251,9.15829],"rotation":{"angle":0.0,"axis":"x","origin":[6.9392,1.5860515,7.88389]},"faces":{"down":{"uv":[13.145833,10.8125,13.083333,10.96875],"rotation":0,"texture":"#0","tintindex":0},"east":{"uv":[13.083333,9.9375,13.1875,10.03125],"rotation":0,"texture":"#0","tintindex":0},"north":{"uv":[11.416667,11.75,11.479167,11.84375],"rotation":0,"texture":"#0","tintindex":0},"south":{"uv":[11.5,11.75,11.5625,11.84375],"rotation":0,"texture":"#0","tintindex":0},"up":{"uv":[12.520833,11.78125,12.458333,11.625],"rotation":0,"texture":"#0","tintindex":0},"west":{"uv":[13.083333,10.0625,13.1875,10.15625],"rotation":0,"texture":"#0","tintindex":0}}},{"name":"cube","from":[8.2784,10.334053,7.68949],"to":[9.0776,11.133251,9.15829],"rotation":{"angle":0.0,"axis":"x","origin":[6.9392,1.5860515,7.88389]},"faces":{"down":{"uv":[13.020833,11.625,12.958333,11.78125],"rotation":0,"texture":"#0","tintindex":0},"east":{"uv":[13.083333,10.1875,13.1875,10.28125],"rotation":0,"texture":"#0","tintindex":0},"north":{"uv":[11.666667,11.75,11.729167,11.84375],"rotation":0,"texture":"#0","tintindex":0},"south":{"uv":[13.166667,9.625,13.229167,9.71875],"rotation":0,"texture":"#0","tintindex":0},"up":{"uv":[13.145833,11.53125,13.083333,11.375],"rotation":0,"texture":"#0","tintindex":0},"west":{"uv":[13.083333,11.0,13.1875,11.09375],"rotation":0,"texture":"#0","tintindex":0}}},{"name":"cube","from":[7.0688,10.247652,9.09349],"to":[10.740801,13.142052,9.09349],"rotation":{"angle":0.0,"axis":"x","origin":[8.9048,11.694852,9.09349]},"faces":{"down":{"uv":[5.3333335,0.0,10.666667,0.0],"rotation":0,"texture":"#0","tintindex":0},"east":{"uv":[5.3333335,0.0,5.3333335,4.7],"rotation":0,"texture":"#0","tintindex":0},"north":{"uv":[5.3333335,7.0,5.9166665,8.0],"rotation":270,"texture":"#0","tintindex":0},"south":{"uv":[5.3333335,0.0,10.666667,8.0],"rotation":0,"texture":"#0","tintindex":0},"up":{"uv":[5.3333335,0.0,10.666667,0.0],"rotation":0,"texture":"#0","tintindex":0},"west":{"uv":[5.3333335,0.0,5.3333335,4.7],"rotation":0,"texture":"#0","tintindex":0}}},{"name":"cube","from":[9.5744,11.306053,8.01349],"to":[10.222401,12.515653,8.467091],"rotation":{"angle":0.0,"axis":"x","origin":[6.9392,1.5860515,7.88389]},"faces":{"down":{"uv":[12.833333,10.5625,12.791667,10.625],"rotation":0,"texture":"#0","tintindex":0},"east":{"uv":[13.208333,9.75,13.25,9.875],"rotation":0,"texture":"#0","tintindex":0},"north":{"uv":[11.791667,11.8125,11.833333,11.9375],"rotation":0,"texture":"#0","tintindex":0},"south":{"uv":[13.208333,9.875,13.25,10.0],"rotation":0,"texture":"#0","tintindex":0},"up":{"uv":[10.791667,11.25,10.75,11.1875],"rotation":0,"texture":"#0","tintindex":0},"west":{"uv":[11.958333,11.8125,12.0,11.9375],"rotation":0,"texture":"#0","tintindex":0}}},{"name":"cube","from":[6.3344,11.802853,8.01349],"to":[6.5504,12.278052,8.467091],"rotation":{"angle":0.0,"axis":"x","origin":[6.6800003,1.348451,7.66789]},"faces":{"down":{"uv":[12.645833,11.875,12.625,11.9375],"rotation":0,"texture":"#0","tintindex":0},"east":{"uv":[10.916667,10.9375,10.958333,11.0],"rotation":0,"texture":"#0","tintindex":0},"north":{"uv":[13.25,10.8125,13.270833,10.875],"rotation":0,"texture":"#0","tintindex":0},"south":{"uv":[12.583333,11.875,12.604167,11.9375],"rotation":0,"texture":"#0","tintindex":0},"up":{"uv":[13.270833,10.9375,13.25,10.875],"rotation":0,"texture":"#0","tintindex":0},"west":{"uv":[11.958333,10.9375,12.0,11.0],"rotation":0,"texture":"#0","tintindex":0}}},{"name":"cube","from":[4.4983997,8.800451,8.402289],"to":[6.032,10.550052,8.402289],"rotation":{"angle":0.0,"axis":"x","origin":[6.0860004,10.398852,8.402289]},"faces":{"down":{"uv":[0.0,0.0,0.115625,0.0],"rotation":0,"texture":"#0","tintindex":0},"east":{"uv":[0.0,0.0,0.0,0.1578125],"rotation":0,"texture":"#0","tintindex":0},"north":{"uv":[3.7666667,0.0,5.3333335,8.0],"rotation":0,"texture":"#0","tintindex":0},"south":{"uv":[0.0,0.0,1.5666667,8.0],"rotation":0,"texture":"#0","tintindex":0},"up":{"uv":[0.0,0.0,0.115625,0.0],"rotation":0,"texture":"#0","tintindex":0},"west":{"uv":[0.0,0.0,0.0,0.1578125],"rotation":0,"texture":"#0","tintindex":0}}},{"name":"cube","from":[9.3584,11.802853,8.01349],"to":[9.5744,12.278052,8.467091],"rotation":{"angle":0.0,"axis":"x","origin":[6.6800003,1.348451,7.66789]},"faces":{"down":{"uv":[10.895833,11.9375,10.875,12.0],"rotation":0,"texture":"#0","tintindex":0},"east":{"uv":[13.041667,8.5625,13.083333,8.625],"rotation":0,"texture":"#0","tintindex":0},"north":{"uv":[10.791667,11.9375,10.8125,12.0],"rotation":0,"texture":"#0","tintindex":0},"south":{"uv":[13.291667,8.1875,13.3125,8.25],"rotation":0,"texture":"#0","tintindex":0},"up":{"uv":[10.854167,12.0,10.833333,11.9375],"rotation":0,"texture":"#0","tintindex":0},"west":{"uv":[11.666667,11.5625,11.708333,11.625],"rotation":0,"texture":"#0","tintindex":0}}},{"name":"cube","from":[6.8528,10.247652,6.30709],"to":[9.1208,11.176453,8.402289],"rotation":{"angle":0.0,"axis":"x","origin":[6.9392,1.5860515,7.88389]},"faces":{"down":{"uv":[10.833333,10.625,10.666667,10.84375],"rotation":0,"texture":"#0","tintindex":0},"east":{"uv":[10.791667,11.5,10.9375,11.59375],"rotation":0,"texture":"#0","tintindex":0},"north":{"uv":[12.875,8.375,13.041667,8.46875],"rotation":0,"texture":"#0","tintindex":0},"south":{"uv":[12.875,9.8125,13.041667,9.90625],"rotation":0,"texture":"#0","tintindex":0},"up":{"uv":[11.75,10.78125,11.583333,10.5625],"rotation":0,"texture":"#0","tintindex":0},"west":{"uv":[13.0,8.25,13.145833,8.34375],"rotation":0,"texture":"#0","tintindex":0}}},{"name":"cube","from":[9.941601,8.800451,8.402289],"to":[11.4752,10.550052,8.402289],"rotation":{"angle":0.0,"axis":"x","origin":[6.7447996,1.5860515,7.88389]},"faces":{"down":{"uv":[0.0,0.0,3.7,0.0],"rotation":0,"texture":"#0","tintindex":0},"east":{"uv":[0.0,0.0,0.0,5.05],"rotation":0,"texture":"#0","tintindex":0},"north":{"uv":[0.0,0.0,1.5666667,8.0],"rotation":0,"texture":"#0","tintindex":0},"south":{"uv":[3.7666667,0.0,5.3333335,8.0],"rotation":0,"texture":"#0","tintindex":0},"up":{"uv":[0.0,0.0,3.7,0.0],"rotation":0,"texture":"#0","tintindex":0},"west":{"uv":[0.0,0.0,0.0,5.05],"rotation":0,"texture":"#0","tintindex":0}}}],"display":{"head":{"translation":[0.0,-6.4,0.0],"rotation":[0.0,0.0,0.0],"scale":[3.8095,3.8095,3.8095]}}}