{"textures":{"0":"modelengine:entity/roxanne"},"elements":[{"name":"cube","from":[6.6608,8.2184,6.8767996],"to":[9.339201,9.4712,9.123199],"rotation":{"angle":0.0,"axis":"x","origin":[6.8984003,6.3608,8.0]},"faces":{"down":{"uv":[12.1875,10.25,12.0,10.46875],"rotation":0,"texture":"#0","tintindex":0},"east":{"uv":[12.791667,9.6875,12.9375,9.8125],"rotation":0,"texture":"#0","tintindex":0},"north":{"uv":[12.666667,8.125,12.854167,8.25],"rotation":0,"texture":"#0","tintindex":0},"south":{"uv":[12.666667,8.25,12.854167,8.375],"rotation":0,"texture":"#0","tintindex":0},"up":{"uv":[12.354167,9.59375,12.166667,9.375],"rotation":0,"texture":"#0","tintindex":0},"west":{"uv":[12.333333,11.1875,12.479167,11.3125],"rotation":0,"texture":"#0","tintindex":0}}},{"name":"cube","from":[6.1856,9.449599,6.2936],"to":[9.8144,11.2424,9.7064],"rotation":{"angle":0.0,"axis":"x","origin":[6.8984003,5.9287996,8.0]},"faces":{"down":{"uv":[12.083333,8.9375,12.3125,9.125],"rotation":0,"texture":"#0","tintindex":0},"east":{"uv":[12.083333,8.9375,12.3125,9.125],"rotation":0,"texture":"#0","tintindex":0},"north":{"uv":[12.083333,8.9375,12.3125,9.125],"rotation":0,"texture":"#0","tintindex":0},"south":{"uv":[14.333333,10.5625,14.837334,10.936],"rotation":0,"texture":"#0","tintindex":0},"up":{"uv":[12.958333,9.75,13.1875,9.8125],"rotation":0,"texture":"#0","tintindex":0},"west":{"uv":[12.083333,8.9375,12.3125,9.125],"rotation":0,"texture":"#0","tintindex":0}}},{"name":"cube","from":[6.3367996,11.2424,6.6392],"to":[9.6632,11.847199,9.3608],"rotation":{"angle":0.0,"axis":"x","origin":[6.8984003,5.9287996,8.0]},"faces":{"down":{"uv":[11.145833,8.9375,10.916667,9.21875],"rotation":0,"texture":"#0","tintindex":0},"east":{"uv":[12.958333,9.75,13.1875,9.8125],"rotation":0,"texture":"#0","tintindex":0},"north":{"uv":[12.958333,9.75,13.1875,9.8125],"rotation":0,"texture":"#0","tintindex":0},"south":{"uv":[12.958333,9.75,13.1875,9.8125],"rotation":0,"texture":"#0","tintindex":0},"up":{"uv":[11.395833,9.03125,11.166667,8.75],"rotation":0,"texture":"#0","tintindex":0},"west":{"uv":[13.0,9.0625,13.1875,9.125],"rotation":0,"texture":"#0","tintindex":0}}},{"name":"cube","from":[6.5744,9.4712,6.8767996],"to":[9.4256,12.2576,9.123199],"rotation":{"angle":0.0,"axis":"x","origin":[6.8984003,5.9287996,8.0]},"faces":{"down":{"uv":[12.125,10.0,11.916667,10.21875],"rotation":0,"texture":"#0","tintindex":0},"east":{"uv":[12.958333,9.75,13.1875,9.8125],"rotation":0,"texture":"#0","tintindex":0},"north":{"uv":[12.958333,9.75,13.1875,9.8125],"rotation":0,"texture":"#0","tintindex":0},"south":{"uv":[11.541667,8.5,11.75,8.78125],"rotation":0,"texture":"#0","tintindex":0},"up":{"uv":[12.125,9.96875,11.916667,9.75],"rotation":0,"texture":"#0","tintindex":0},"west":{"uv":[12.208333,8.25,12.354167,8.53125],"rotation":0,"texture":"#0","tintindex":0}}},{"name":"cube","from":[7.28,12.2576,7.4216003],"to":[8.612,12.44,8.5784],"rotation":{"angle":0.0,"axis":"x","origin":[6.8984003,5.9287996,8.0]},"faces":{"down":{"uv":[11.75,8.0,11.854167,8.53125],"rotation":0,"texture":"#0","tintindex":0},"east":{"uv":[11.75,8.0,11.854167,8.53125],"rotation":0,"texture":"#0","tintindex":0},"north":{"uv":[11.75,8.0,11.854167,8.53125],"rotation":0,"texture":"#0","tintindex":0},"south":{"uv":[11.75,8.0,11.854167,8.53125],"rotation":0,"texture":"#0","tintindex":0},"up":{"uv":[11.75,8.0,11.854167,8.53125],"rotation":0,"texture":"#0","tintindex":0},"west":{"uv":[11.75,8.0,11.854167,8.53125],"rotation":0,"texture":"#0","tintindex":0}}},{"name":"cube","from":[7.46,12.2576,7.4816],"to":[8.432,12.559999,8.5184],"rotation":{"angle":0.0,"axis":"x","origin":[6.8984003,5.9287996,8.0]},"faces":{"down":{"uv":[13.229167,8.5625,13.166667,8.65625],"rotation":0,"texture":"#0","tintindex":0},"east":{"uv":[11.666667,11.875,11.729167,11.90625],"rotation":0,"texture":"#0","tintindex":0},"north":{"uv":[11.5,11.875,11.5625,11.90625],"rotation":0,"texture":"#0","tintindex":0},"south":{"uv":[13.25,9.625,13.3125,9.65625],"rotation":0,"texture":"#0","tintindex":0},"up":{"uv":[13.229167,8.34375,13.166667,8.25],"rotation":0,"texture":"#0","tintindex":0},"west":{"uv":[13.25,9.6875,13.3125,9.71875],"rotation":0,"texture":"#0","tintindex":0}}}],"display":{"head":{"translation":[0.0,-6.4,0.0],"rotation":[0.0,0.0,0.0],"scale":[3.8095,3.8095,3.8095]}}}