{"textures":{"0":"modelengine:entity/statue2"},"elements":[{"name":"cube","from":[7.4,12.650001,6.95],"to":[8.3,15.05,7.55],"rotation":{"angle":0.0,"axis":"x","origin":[8.0,14.150001,6.8]},"faces":{"down":{"uv":[11.375,10.375,11.125,10.5],"rotation":0,"texture":"#0","tintindex":0},"east":{"uv":[9.0,10.875,9.125,11.375],"rotation":0,"texture":"#0","tintindex":0},"north":{"uv":[7.75,10.375,8.0,10.875],"rotation":0,"texture":"#0","tintindex":0},"south":{"uv":[10.375,10.0,10.625,10.5],"rotation":0,"texture":"#0","tintindex":0},"up":{"uv":[11.375,10.25,11.125,10.125],"rotation":0,"texture":"#0","tintindex":0},"west":{"uv":[9.25,10.875,9.375,11.375],"rotation":0,"texture":"#0","tintindex":0}}},{"name":"cube","from":[7.7,10.85,6.6499996],"to":[8.3,14.75,7.25],"rotation":{"angle":0.0,"axis":"x","origin":[8.0,14.150001,6.8]},"faces":{"down":{"uv":[11.375,1.5,11.25,1.625],"rotation":0,"texture":"#0","tintindex":0},"east":{"uv":[8.125,10.5,8.25,11.375],"rotation":0,"texture":"#0","tintindex":0},"north":{"uv":[1.625,10.375,1.75,11.25],"rotation":0,"texture":"#0","tintindex":0},"south":{"uv":[8.375,10.5,8.5,11.375],"rotation":0,"texture":"#0","tintindex":0},"up":{"uv":[11.375,1.375,11.25,1.25],"rotation":0,"texture":"#0","tintindex":0},"west":{"uv":[9.75,10.5,9.875,11.375],"rotation":0,"texture":"#0","tintindex":0}}},{"name":"cube","from":[8.3,14.45,6.6499996],"to":[12.5,15.05,9.65],"rotation":{"angle":0.0,"axis":"x","origin":[8.0,14.150001,6.8]},"faces":{"down":{"uv":[3.75,7.75,2.875,8.375],"rotation":0,"texture":"#0","tintindex":0},"east":{"uv":[10.625,7.25,11.25,7.375],"rotation":0,"texture":"#0","tintindex":0},"north":{"uv":[10.25,8.875,11.125,9.0],"rotation":0,"texture":"#0","tintindex":0},"south":{"uv":[10.625,0.25,11.5,0.375],"rotation":0,"texture":"#0","tintindex":0},"up":{"uv":[8.625,2.125,7.75,1.5],"rotation":0,"texture":"#0","tintindex":0},"west":{"uv":[10.625,7.5,11.25,7.625],"rotation":0,"texture":"#0","tintindex":0}}}],"display":{"head":{"translation":[0.0,-6.4,0.0],"rotation":[0.0,0.0,0.0],"scale":[3.8095,3.8095,3.8095]}}}