{"textures":{"0":"modelengine:entity/statue2"},"elements":[{"name":"cube","from":[11.0,12.35,6.8],"to":[11.0,22.55,17.0],"rotation":{"angle":45.0,"axis":"y","origin":[11.0,14.150001,6.8]},"faces":{"down":{"uv":[2.625,11.25,2.625,13.375],"rotation":0,"texture":"#0","tintindex":0},"east":{"uv":[0.0,0.0,2.125,2.125],"rotation":0,"texture":"#0","tintindex":0},"north":{"uv":[1.5,11.0,1.5,13.125],"rotation":0,"texture":"#0","tintindex":0},"south":{"uv":[6.5,11.0,6.5,13.125],"rotation":0,"texture":"#0","tintindex":0},"up":{"uv":[8.0,13.125,8.0,11.0],"rotation":0,"texture":"#0","tintindex":0},"west":{"uv":[0.0,2.25,2.125,4.375],"rotation":0,"texture":"#0","tintindex":0}}},{"name":"cube","from":[8.0,12.35,6.8],"to":[8.0,22.55,17.0],"rotation":{"angle":-45.0,"axis":"y","origin":[8.0,14.150001,6.8]},"faces":{"down":{"uv":[3.125,11.25,3.125,13.375],"rotation":0,"texture":"#0","tintindex":0},"east":{"uv":[2.25,0.0,4.375,2.125],"rotation":0,"texture":"#0","tintindex":0},"north":{"uv":[2.75,11.25,2.75,13.375],"rotation":0,"texture":"#0","tintindex":0},"south":{"uv":[2.875,11.25,2.875,13.375],"rotation":0,"texture":"#0","tintindex":0},"up":{"uv":[3.0,13.375,3.0,11.25],"rotation":0,"texture":"#0","tintindex":0},"west":{"uv":[2.25,2.25,4.375,4.375],"rotation":0,"texture":"#0","tintindex":0}}}],"display":{"head":{"translation":[0.0,-6.4,0.0],"rotation":[0.0,0.0,0.0],"scale":[3.8095,3.8095,3.8095]}}}