{"textures":{"0":"modelengine:entity/statue2"},"elements":[{"name":"1","from":[6.2,12.600574,8.209717],"to":[7.4,19.200573,8.809716],"rotation":{"angle":-22.5,"axis":"x","origin":[8.6,14.400573,7.9097166]},"faces":{"down":{"uv":[6.375,11.0,6.125,11.125],"rotation":0,"texture":"#0","tintindex":0},"east":{"uv":[4.25,10.0,4.375,11.375],"rotation":0,"texture":"#0","tintindex":0},"north":{"uv":[6.875,8.875,7.125,10.25],"rotation":0,"texture":"#0","tintindex":0},"south":{"uv":[9.0,3.0,9.25,4.375],"rotation":0,"texture":"#0","tintindex":0},"up":{"uv":[11.25,6.0,11.0,5.875],"rotation":0,"texture":"#0","tintindex":0},"west":{"uv":[1.875,10.125,2.0,11.5],"rotation":0,"texture":"#0","tintindex":0}}},{"name":"2","from":[6.2,12.000573,6.4097166],"to":[7.4,12.600574,8.809716],"rotation":{"angle":-22.5,"axis":"x","origin":[8.6,14.400573,7.9097166]},"faces":{"down":{"uv":[9.375,10.25,9.125,10.75],"rotation":0,"texture":"#0","tintindex":0},"east":{"uv":[10.625,7.75,11.125,7.875],"rotation":0,"texture":"#0","tintindex":0},"north":{"uv":[11.0,6.125,11.25,6.25],"rotation":0,"texture":"#0","tintindex":0},"south":{"uv":[6.875,11.0,7.125,11.125],"rotation":0,"texture":"#0","tintindex":0},"up":{"uv":[9.0,10.75,8.75,10.25],"rotation":0,"texture":"#0","tintindex":0},"west":{"uv":[10.625,8.0,11.125,8.125],"rotation":0,"texture":"#0","tintindex":0}}},{"name":"3","from":[8.6,12.985491,13.6926155],"to":[9.8,15.38549,14.292615],"rotation":{"angle":0.0,"axis":"x","origin":[11.0,13.88549,11.892615]},"faces":{"down":{"uv":[11.25,9.125,11.0,9.25],"rotation":0,"texture":"#0","tintindex":0},"east":{"uv":[6.125,3.75,6.25,4.25],"rotation":0,"texture":"#0","tintindex":0},"north":{"uv":[0.0,10.375,0.25,10.875],"rotation":0,"texture":"#0","tintindex":0},"south":{"uv":[0.375,10.375,0.625,10.875],"rotation":0,"texture":"#0","tintindex":0},"up":{"uv":[7.875,11.125,7.625,11.0],"rotation":0,"texture":"#0","tintindex":0},"west":{"uv":[6.625,10.625,6.75,11.125],"rotation":0,"texture":"#0","tintindex":0}}},{"name":"1","from":[5.8999996,14.400573,8.809716],"to":[7.7,19.200573,9.409717],"rotation":{"angle":-22.5,"axis":"x","origin":[8.6,14.400573,7.9097166]},"faces":{"down":{"uv":[11.25,2.0,10.875,2.125],"rotation":0,"texture":"#0","tintindex":0},"east":{"uv":[2.625,10.125,2.75,11.125],"rotation":0,"texture":"#0","tintindex":0},"north":{"uv":[1.5,8.875,1.875,9.875],"rotation":0,"texture":"#0","tintindex":0},"south":{"uv":[5.375,8.875,5.75,9.875],"rotation":0,"texture":"#0","tintindex":0},"up":{"uv":[11.125,8.75,10.75,8.625],"rotation":0,"texture":"#0","tintindex":0},"west":{"uv":[9.5,10.25,9.625,11.25],"rotation":0,"texture":"#0","tintindex":0}}},{"name":"2","from":[8.6,12.852396,9.025711],"to":[9.8,19.452396,9.6257105],"rotation":{"angle":-45.0,"axis":"x","origin":[8.6,19.452396,9.025711]},"faces":{"down":{"uv":[11.25,9.625,11.0,9.75],"rotation":0,"texture":"#0","tintindex":0},"east":{"uv":[2.125,10.125,2.25,11.5],"rotation":0,"texture":"#0","tintindex":0},"north":{"uv":[9.0,7.875,9.25,9.25],"rotation":0,"texture":"#0","tintindex":0},"south":{"uv":[4.5,9.125,4.75,10.5],"rotation":0,"texture":"#0","tintindex":0},"up":{"uv":[11.25,9.5,11.0,9.375],"rotation":0,"texture":"#0","tintindex":0},"west":{"uv":[2.375,10.125,2.5,11.5],"rotation":0,"texture":"#0","tintindex":0}}},{"name":"2","from":[8.3,16.72483,15.229012],"to":[10.1,21.52483,15.829011],"rotation":{"angle":-45.0,"axis":"x","origin":[7.7,13.72483,14.329011]},"faces":{"down":{"uv":[11.375,2.25,11.0,2.375],"rotation":0,"texture":"#0","tintindex":0},"east":{"uv":[0.75,10.375,0.875,11.375],"rotation":0,"texture":"#0","tintindex":0},"north":{"uv":[5.875,8.875,6.25,9.875],"rotation":0,"texture":"#0","tintindex":0},"south":{"uv":[6.375,8.875,6.75,9.875],"rotation":0,"texture":"#0","tintindex":0},"up":{"uv":[0.375,11.125,0.0,11.0],"rotation":0,"texture":"#0","tintindex":0},"west":{"uv":[1.0,10.375,1.125,11.375],"rotation":0,"texture":"#0","tintindex":0}}}],"display":{"head":{"translation":[0.0,-6.4,0.0],"rotation":[0.0,0.0,0.0],"scale":[3.8095,3.8095,3.8095]}}}