{"textures":{"0":"modelengine:entity/statue2"},"elements":[{"name":"cube","from":[6.48357,8.083805,6.5],"to":[9.63357,16.483807,9.2],"rotation":{"angle":-22.5,"axis":"x","origin":[8.5835705,15.883805,6.8]},"faces":{"down":{"uv":[9.375,0.75,8.75,1.375],"rotation":0,"texture":"#0","tintindex":0},"east":{"uv":[0.0,5.375,0.625,7.125],"rotation":0,"texture":"#0","tintindex":0},"north":{"uv":[4.875,4.375,5.5,6.125],"rotation":0,"texture":"#0","tintindex":0},"south":{"uv":[0.75,5.375,1.375,7.125],"rotation":0,"texture":"#0","tintindex":0},"up":{"uv":[9.375,0.625,8.75,0.0],"rotation":0,"texture":"#0","tintindex":0},"west":{"uv":[1.5,5.375,2.125,7.125],"rotation":0,"texture":"#0","tintindex":0}}},{"name":"cube","from":[3.9335701,9.883806,6.5],"to":[7.0835705,16.483807,9.2],"rotation":{"angle":0.0,"axis":"x","origin":[8.5835705,15.883805,6.8]},"faces":{"down":{"uv":[8.0,8.75,7.375,9.375],"rotation":0,"texture":"#0","tintindex":0},"east":{"uv":[4.5,6.25,5.125,7.625],"rotation":0,"texture":"#0","tintindex":0},"north":{"uv":[6.125,2.25,6.75,3.625],"rotation":0,"texture":"#0","tintindex":0},"south":{"uv":[6.375,3.75,7.0,5.125],"rotation":0,"texture":"#0","tintindex":0},"up":{"uv":[9.375,2.125,8.75,1.5],"rotation":0,"texture":"#0","tintindex":0},"west":{"uv":[5.25,6.75,5.875,8.125],"rotation":0,"texture":"#0","tintindex":0}}},{"name":"cube","from":[3.99357,7.644283,6.7067738],"to":[7.02357,10.044283,9.4067745],"rotation":{"angle":-22.5,"axis":"x","origin":[8.5835705,9.444283,7.006774]},"faces":{"down":{"uv":[1.375,8.875,0.75,9.5],"rotation":0,"texture":"#0","tintindex":0},"east":{"uv":[9.375,3.5,10.0,4.0],"rotation":0,"texture":"#0","tintindex":0},"north":{"uv":[7.5,3.125,8.125,3.625],"rotation":0,"texture":"#0","tintindex":0},"south":{"uv":[3.625,9.375,4.25,9.875],"rotation":0,"texture":"#0","tintindex":0},"up":{"uv":[0.625,9.5,0.0,8.875],"rotation":0,"texture":"#0","tintindex":0},"west":{"uv":[9.375,7.5,10.0,8.0],"rotation":0,"texture":"#0","tintindex":0}}},{"name":"cube","from":[3.35,8.15,6.8],"to":[6.5,14.75,8.9],"rotation":{"angle":-22.5,"axis":"z","origin":[8.0,14.150001,6.8]},"faces":{"down":{"uv":[10.0,8.125,9.375,8.625],"rotation":0,"texture":"#0","tintindex":0},"east":{"uv":[6.875,2.25,7.375,3.625],"rotation":0,"texture":"#0","tintindex":0},"north":{"uv":[6.0,6.75,6.625,8.125],"rotation":0,"texture":"#0","tintindex":0},"south":{"uv":[6.75,6.75,7.375,8.125],"rotation":0,"texture":"#0","tintindex":0},"up":{"uv":[8.75,9.875,8.125,9.375],"rotation":0,"texture":"#0","tintindex":0},"west":{"uv":[2.25,7.0,2.75,8.375],"rotation":0,"texture":"#0","tintindex":0}}}],"display":{"head":{"translation":[0.0,-6.4,0.0],"rotation":[0.0,0.0,0.0],"scale":[3.8095,3.8095,3.8095]}}}