{"textures":{"0":"modelengine:entity/statue2"},"elements":[{"name":"cube","from":[6.8,14.45,-3.4000006],"to":[7.4,15.05,7.4],"rotation":{"angle":22.5,"axis":"y","origin":[8.0,14.150001,6.8]},"faces":{"down":{"uv":[5.25,9.125,5.125,11.375],"rotation":0,"texture":"#0","tintindex":0},"east":{"uv":[9.375,4.125,11.625,4.25],"rotation":0,"texture":"#0","tintindex":0},"north":{"uv":[0.0,11.25,0.125,11.375],"rotation":0,"texture":"#0","tintindex":0},"south":{"uv":[0.25,11.25,0.375,11.375],"rotation":0,"texture":"#0","tintindex":0},"up":{"uv":[5.0,11.375,4.875,9.125],"rotation":0,"texture":"#0","tintindex":0},"west":{"uv":[9.5,0.0,11.75,0.125],"rotation":0,"texture":"#0","tintindex":0}}},{"name":"cube","from":[6.2,13.85,-4.0000005],"to":[8.0,15.650001,-3.4000006],"rotation":{"angle":22.5,"axis":"y","origin":[8.0,14.150001,6.8]},"faces":{"down":{"uv":[3.25,11.0,2.875,11.125],"rotation":0,"texture":"#0","tintindex":0},"east":{"uv":[0.5,11.0,0.625,11.375],"rotation":0,"texture":"#0","tintindex":0},"north":{"uv":[10.125,5.375,10.5,5.75],"rotation":0,"texture":"#0","tintindex":0},"south":{"uv":[10.125,5.875,10.5,6.25],"rotation":0,"texture":"#0","tintindex":0},"up":{"uv":[11.375,2.625,11.0,2.5],"rotation":0,"texture":"#0","tintindex":0},"west":{"uv":[1.25,11.0,1.375,11.375],"rotation":0,"texture":"#0","tintindex":0}}},{"name":"cube","from":[5.6,13.25,-4.6000004],"to":[8.6,16.25,-4.0000005],"rotation":{"angle":22.5,"axis":"y","origin":[8.0,14.150001,6.8]},"faces":{"down":{"uv":[11.25,7.0,10.625,7.125],"rotation":0,"texture":"#0","tintindex":0},"east":{"uv":[7.25,6.0,7.375,6.625],"rotation":0,"texture":"#0","tintindex":0},"north":{"uv":[3.75,8.625,4.375,9.25],"rotation":0,"texture":"#0","tintindex":0},"south":{"uv":[8.25,8.625,8.875,9.25],"rotation":0,"texture":"#0","tintindex":0},"up":{"uv":[11.25,6.875,10.625,6.75],"rotation":0,"texture":"#0","tintindex":0},"west":{"uv":[4.0,10.625,4.125,11.25],"rotation":0,"texture":"#0","tintindex":0}}}],"display":{"head":{"translation":[0.0,-6.4,0.0],"rotation":[0.0,0.0,0.0],"scale":[3.8095,3.8095,3.8095]}}}