{"textures":{"0":"modelengine:entity/statue2"},"elements":[{"name":"cube","from":[10.25,22.55,6.5],"to":[11.15,23.150002,7.4],"rotation":{"angle":22.5,"axis":"y","origin":[7.85,13.55,6.8]},"faces":{"down":{"uv":[10.875,9.5,10.625,9.75],"rotation":0,"texture":"#0","tintindex":0},"east":{"uv":[10.375,11.0,10.625,11.125],"rotation":0,"texture":"#0","tintindex":0},"north":{"uv":[10.0,11.0,10.25,11.125],"rotation":0,"texture":"#0","tintindex":0},"south":{"uv":[10.75,11.0,11.0,11.125],"rotation":0,"texture":"#0","tintindex":0},"up":{"uv":[10.875,9.375,10.625,9.125],"rotation":0,"texture":"#0","tintindex":0},"west":{"uv":[11.125,0.5,11.375,0.625],"rotation":0,"texture":"#0","tintindex":0}}},{"name":"cube","from":[9.2,23.150002,5.45],"to":[12.2,26.150002,8.45],"rotation":{"angle":22.5,"axis":"y","origin":[8.0,14.150001,6.8]},"faces":{"down":{"uv":[3.625,8.5,3.0,9.125],"rotation":0,"texture":"#0","tintindex":0},"east":{"uv":[8.375,5.625,9.0,6.25],"rotation":0,"texture":"#0","tintindex":0},"north":{"uv":[8.375,4.875,9.0,5.5],"rotation":0,"texture":"#0","tintindex":0},"south":{"uv":[8.375,6.375,9.0,7.0],"rotation":0,"texture":"#0","tintindex":0},"up":{"uv":[2.875,9.125,2.25,8.5],"rotation":0,"texture":"#0","tintindex":0},"west":{"uv":[8.375,7.125,9.0,7.75],"rotation":0,"texture":"#0","tintindex":0}}},{"name":"cube","from":[10.4,24.2,5.1499996],"to":[11.0,24.95,5.45],"rotation":{"angle":22.5,"axis":"y","origin":[8.0,14.150001,6.8]},"faces":{"down":{"uv":[11.25,11.125,11.125,11.25],"rotation":0,"texture":"#0","tintindex":0},"east":{"uv":[9.125,2.75,9.25,2.875],"rotation":0,"texture":"#0","tintindex":0},"north":{"uv":[2.0,8.875,2.125,9.0],"rotation":0,"texture":"#0","tintindex":0},"south":{"uv":[9.125,7.5,9.25,7.625],"rotation":0,"texture":"#0","tintindex":0},"up":{"uv":[11.25,11.0,11.125,10.875],"rotation":0,"texture":"#0","tintindex":0},"west":{"uv":[11.125,10.625,11.25,10.75],"rotation":0,"texture":"#0","tintindex":0}}},{"name":"cube","from":[8.9,25.55,5.1499996],"to":[12.5,26.75,8.51],"rotation":{"angle":22.5,"axis":"y","origin":[8.0,14.150001,6.8]},"faces":{"down":{"uv":[8.25,5.25,7.5,6.0],"rotation":0,"texture":"#0","tintindex":0},"east":{"uv":[9.75,9.25,10.5,9.5],"rotation":0,"texture":"#0","tintindex":0},"north":{"uv":[2.0,9.75,2.75,10.0],"rotation":0,"texture":"#0","tintindex":0},"south":{"uv":[9.75,9.625,10.5,9.875],"rotation":0,"texture":"#0","tintindex":0},"up":{"uv":[8.25,3.0,7.5,2.25],"rotation":0,"texture":"#0","tintindex":0},"west":{"uv":[8.875,9.875,9.625,10.125],"rotation":0,"texture":"#0","tintindex":0}}},{"name":"cube","from":[8.9,24.350002,6.35],"to":[12.5,25.55,7.85],"rotation":{"angle":22.5,"axis":"y","origin":[8.0,14.150001,6.8]},"faces":{"down":{"uv":[9.625,9.375,8.875,9.75],"rotation":0,"texture":"#0","tintindex":0},"east":{"uv":[1.0,9.625,1.375,9.875],"rotation":0,"texture":"#0","tintindex":0},"north":{"uv":[1.0,10.0,1.75,10.25],"rotation":0,"texture":"#0","tintindex":0},"south":{"uv":[10.0,2.75,10.75,3.0],"rotation":0,"texture":"#0","tintindex":0},"up":{"uv":[10.125,9.125,9.375,8.75],"rotation":0,"texture":"#0","tintindex":0},"west":{"uv":[10.625,0.5,11.0,0.75],"rotation":0,"texture":"#0","tintindex":0}}},{"name":"cube","from":[8.9,21.95,7.85],"to":[12.5,25.55,9.05],"rotation":{"angle":22.5,"axis":"y","origin":[8.0,14.150001,6.8]},"faces":{"down":{"uv":[10.75,3.125,10.0,3.375],"rotation":0,"texture":"#0","tintindex":0},"east":{"uv":[4.5,5.375,4.75,6.125],"rotation":0,"texture":"#0","tintindex":0},"north":{"uv":[7.5,6.125,8.25,6.875],"rotation":0,"texture":"#0","tintindex":0},"south":{"uv":[7.5,7.0,8.25,7.75],"rotation":0,"texture":"#0","tintindex":0},"up":{"uv":[3.625,10.25,2.875,10.0],"rotation":0,"texture":"#0","tintindex":0},"west":{"uv":[7.75,9.5,8.0,10.25],"rotation":0,"texture":"#0","tintindex":0}}}],"display":{"head":{"translation":[0.0,-6.4,0.0],"rotation":[0.0,0.0,0.0],"scale":[3.8095,3.8095,3.8095]}}}