{"textures":{"0":"modelengine:entity/statue2"},"elements":[{"name":"cube","from":[5.1876893,15.14099,3.2044153],"to":[6.0876894,16.94099,3.8044152],"rotation":{"angle":-45.0,"axis":"z","origin":[4.887689,13.64099,6.054415]},"faces":{"down":{"uv":[11.375,1.0,11.125,1.125],"rotation":0,"texture":"#0","tintindex":0},"east":{"uv":[3.375,11.0,3.5,11.375],"rotation":0,"texture":"#0","tintindex":0},"north":{"uv":[5.25,6.25,5.5,6.625],"rotation":0,"texture":"#0","tintindex":0},"south":{"uv":[10.0,10.5,10.25,10.875],"rotation":0,"texture":"#0","tintindex":0},"up":{"uv":[11.375,0.875,11.125,0.75],"rotation":0,"texture":"#0","tintindex":0},"west":{"uv":[11.0,3.5,11.125,3.875],"rotation":0,"texture":"#0","tintindex":0}}},{"name":"cube","from":[5.8422832,12.883452,3.2044153],"to":[7.042283,14.683453,4.404415],"rotation":{"angle":-45.0,"axis":"z","origin":[5.8422832,14.383452,6.054415]},"faces":{"down":{"uv":[11.0,0.875,10.75,1.125],"rotation":0,"texture":"#0","tintindex":0},"east":{"uv":[10.625,3.5,10.875,3.875],"rotation":0,"texture":"#0","tintindex":0},"north":{"uv":[10.625,2.25,10.875,2.625],"rotation":0,"texture":"#0","tintindex":0},"south":{"uv":[3.625,10.625,3.875,11.0],"rotation":0,"texture":"#0","tintindex":0},"up":{"uv":[10.625,10.875,10.375,10.625],"rotation":0,"texture":"#0","tintindex":0},"west":{"uv":[10.625,4.375,10.875,4.75],"rotation":0,"texture":"#0","tintindex":0}}},{"name":"cube","from":[7.61967,15.125914,2.6044154],"to":[8.81967,16.325912,3.8044152],"rotation":{"angle":0.0,"axis":"x","origin":[7.46967,15.125914,3.2044153]},"faces":{"down":{"uv":[11.125,1.25,10.875,1.5],"rotation":0,"texture":"#0","tintindex":0},"east":{"uv":[10.75,8.25,11.0,8.5],"rotation":0,"texture":"#0","tintindex":0},"north":{"uv":[7.25,10.75,7.5,11.0],"rotation":0,"texture":"#0","tintindex":0},"south":{"uv":[10.75,9.875,11.0,10.125],"rotation":0,"texture":"#0","tintindex":0},"up":{"uv":[11.0,10.875,10.75,10.625],"rotation":0,"texture":"#0","tintindex":0},"west":{"uv":[10.75,10.25,11.0,10.5],"rotation":0,"texture":"#0","tintindex":0}}},{"name":"cube","from":[7.4,11.75,3.1999998],"to":[9.2,14.45,5.0],"rotation":{"angle":45.0,"axis":"y","origin":[8.0,14.150001,6.8]},"faces":{"down":{"uv":[10.5,6.875,10.125,7.25],"rotation":0,"texture":"#0","tintindex":0},"east":{"uv":[7.25,9.5,7.625,10.125],"rotation":0,"texture":"#0","tintindex":0},"north":{"uv":[4.0,7.0,4.375,7.625],"rotation":0,"texture":"#0","tintindex":0},"south":{"uv":[0.0,9.625,0.375,10.25],"rotation":0,"texture":"#0","tintindex":0},"up":{"uv":[10.5,6.75,10.125,6.375],"rotation":0,"texture":"#0","tintindex":0},"west":{"uv":[0.5,9.625,0.875,10.25],"rotation":0,"texture":"#0","tintindex":0}}},{"name":"cube","from":[8.0,12.35,5.0],"to":[9.2,14.45,7.4],"rotation":{"angle":45.0,"axis":"y","origin":[8.0,14.150001,6.8]},"faces":{"down":{"uv":[7.125,10.375,6.875,10.875],"rotation":0,"texture":"#0","tintindex":0},"east":{"uv":[9.5,1.0,10.0,1.5],"rotation":0,"texture":"#0","tintindex":0},"north":{"uv":[1.25,10.375,1.5,10.875],"rotation":0,"texture":"#0","tintindex":0},"south":{"uv":[2.875,10.375,3.125,10.875],"rotation":0,"texture":"#0","tintindex":0},"up":{"uv":[3.5,10.875,3.25,10.375],"rotation":0,"texture":"#0","tintindex":0},"west":{"uv":[9.5,1.625,10.0,2.125],"rotation":0,"texture":"#0","tintindex":0}}}],"display":{"head":{"translation":[0.0,-6.4,0.0],"rotation":[0.0,0.0,0.0],"scale":[3.8095,3.8095,3.8095]}}}