{"textures":{"0":"modelengine:entity/statue2"},"elements":[{"name":"cube","from":[3.531217,21.093884,5.75],"to":[5.031217,23.493885,7.55],"rotation":{"angle":22.5,"axis":"z","origin":[5.331217,22.593884,7.1]},"faces":{"down":{"uv":[10.5,7.875,10.125,8.25],"rotation":0,"texture":"#0","tintindex":0},"east":{"uv":[5.375,10.0,5.75,10.5],"rotation":0,"texture":"#0","tintindex":0},"north":{"uv":[3.75,10.0,4.125,10.5],"rotation":0,"texture":"#0","tintindex":0},"south":{"uv":[5.875,10.0,6.25,10.5],"rotation":0,"texture":"#0","tintindex":0},"up":{"uv":[10.5,7.75,10.125,7.375],"rotation":0,"texture":"#0","tintindex":0},"west":{"uv":[6.375,10.0,6.75,10.5],"rotation":0,"texture":"#0","tintindex":0}}},{"name":"cube","from":[4.1496572,19.476574,5.75],"to":[6.2496576,21.276573,7.85],"rotation":{"angle":22.5,"axis":"z","origin":[6.2496576,20.376572,7.1]},"faces":{"down":{"uv":[10.625,1.0,10.125,1.375],"rotation":0,"texture":"#0","tintindex":0},"east":{"uv":[7.25,10.25,7.625,10.625],"rotation":0,"texture":"#0","tintindex":0},"north":{"uv":[4.625,7.75,5.125,8.125],"rotation":0,"texture":"#0","tintindex":0},"south":{"uv":[8.125,10.0,8.625,10.375],"rotation":0,"texture":"#0","tintindex":0},"up":{"uv":[10.25,10.375,9.75,10.0],"rotation":0,"texture":"#0","tintindex":0},"west":{"uv":[10.25,8.375,10.625,8.75],"rotation":0,"texture":"#0","tintindex":0}}},{"name":"cube","from":[4.4496574,17.826572,6.2],"to":[5.6496572,19.626572,7.4],"rotation":{"angle":22.5,"axis":"z","origin":[6.2496576,20.376572,7.1]},"faces":{"down":{"uv":[11.125,2.75,10.875,3.0],"rotation":0,"texture":"#0","tintindex":0},"east":{"uv":[10.625,4.875,10.875,5.25],"rotation":0,"texture":"#0","tintindex":0},"north":{"uv":[4.5,10.625,4.75,11.0],"rotation":0,"texture":"#0","tintindex":0},"south":{"uv":[5.375,10.625,5.625,11.0],"rotation":0,"texture":"#0","tintindex":0},"up":{"uv":[11.125,1.875,10.875,1.625],"rotation":0,"texture":"#0","tintindex":0},"west":{"uv":[10.625,5.375,10.875,5.75],"rotation":0,"texture":"#0","tintindex":0}}},{"name":"cube","from":[4.1518555,15.877826,6.2],"to":[5.051855,17.677826,6.8],"rotation":{"angle":22.5,"axis":"z","origin":[5.651855,21.427826,7.1]},"faces":{"down":{"uv":[4.75,11.125,4.5,11.25],"rotation":0,"texture":"#0","tintindex":0},"east":{"uv":[11.0,4.375,11.125,4.75],"rotation":0,"texture":"#0","tintindex":0},"north":{"uv":[5.75,10.625,6.0,11.0],"rotation":0,"texture":"#0","tintindex":0},"south":{"uv":[10.625,5.875,10.875,6.25],"rotation":0,"texture":"#0","tintindex":0},"up":{"uv":[3.875,11.25,3.625,11.125],"rotation":0,"texture":"#0","tintindex":0},"west":{"uv":[11.0,4.875,11.125,5.25],"rotation":0,"texture":"#0","tintindex":0}}},{"name":"cube","from":[6.0214205,15.470684,5.8999996],"to":[7.8214207,16.070684,7.1],"rotation":{"angle":-22.5,"axis":"z","origin":[6.9214206,14.870684,6.8]},"faces":{"down":{"uv":[11.0,6.375,10.625,6.625],"rotation":0,"texture":"#0","tintindex":0},"east":{"uv":[5.375,11.125,5.625,11.25],"rotation":0,"texture":"#0","tintindex":0},"north":{"uv":[11.0,5.375,11.375,5.5],"rotation":0,"texture":"#0","tintindex":0},"south":{"uv":[11.0,5.625,11.375,5.75],"rotation":0,"texture":"#0","tintindex":0},"up":{"uv":[6.5,10.875,6.125,10.625],"rotation":0,"texture":"#0","tintindex":0},"west":{"uv":[5.75,11.125,6.0,11.25],"rotation":0,"texture":"#0","tintindex":0}}},{"name":"cube","from":[7.1,14.75,5.8999996],"to":[8.3,15.35,7.1],"rotation":{"angle":-45.0,"axis":"z","origin":[8.0,14.150001,6.8]},"faces":{"down":{"uv":[8.875,10.875,8.625,11.125],"rotation":0,"texture":"#0","tintindex":0},"east":{"uv":[7.25,11.125,7.5,11.25],"rotation":0,"texture":"#0","tintindex":0},"north":{"uv":[11.125,6.375,11.375,6.5],"rotation":0,"texture":"#0","tintindex":0},"south":{"uv":[11.125,8.25,11.375,8.375],"rotation":0,"texture":"#0","tintindex":0},"up":{"uv":[11.125,3.375,10.875,3.125],"rotation":0,"texture":"#0","tintindex":0},"west":{"uv":[11.125,9.875,11.375,10.0],"rotation":0,"texture":"#0","tintindex":0}}}],"display":{"head":{"translation":[0.0,-6.4,0.0],"rotation":[0.0,0.0,0.0],"scale":[3.8095,3.8095,3.8095]}}}