{"textures":{"0":"modelengine:entity/statue2"},"elements":[{"name":"cube","from":[8.0,15.683811,-1.136754],"to":[12.8,18.683811,1.5632468],"rotation":{"angle":0.0,"axis":"x","origin":[8.0,7.2838097,-0.2367537]},"faces":{"down":{"uv":[8.125,4.5,7.125,5.125],"rotation":0,"texture":"#0","tintindex":0},"east":{"uv":[8.25,7.875,8.875,8.5],"rotation":0,"texture":"#0","tintindex":0},"north":{"uv":[6.375,5.25,7.375,5.875],"rotation":0,"texture":"#0","tintindex":0},"south":{"uv":[2.875,7.0,3.875,7.625],"rotation":0,"texture":"#0","tintindex":0},"up":{"uv":[8.125,4.375,7.125,3.75],"rotation":0,"texture":"#0","tintindex":0},"west":{"uv":[8.375,2.25,9.0,2.875],"rotation":0,"texture":"#0","tintindex":0}}},{"name":"cube","from":[8.45,18.683811,-0.83675385],"to":[12.35,20.48381,1.2632469],"rotation":{"angle":0.0,"axis":"x","origin":[8.0,9.683809,-0.2367537]},"faces":{"down":{"uv":[10.0,5.5,9.125,5.875],"rotation":0,"texture":"#0","tintindex":0},"east":{"uv":[10.125,2.25,10.5,2.625],"rotation":0,"texture":"#0","tintindex":0},"north":{"uv":[9.125,2.25,10.0,2.625],"rotation":0,"texture":"#0","tintindex":0},"south":{"uv":[9.125,4.5,10.0,4.875],"rotation":0,"texture":"#0","tintindex":0},"up":{"uv":[10.0,5.375,9.125,5.0],"rotation":0,"texture":"#0","tintindex":0},"west":{"uv":[10.125,3.5,10.5,3.875],"rotation":0,"texture":"#0","tintindex":0}}},{"name":"cube","from":[8.15,18.98381,-1.2867537],"to":[12.650001,19.883812,1.7132468],"rotation":{"angle":0.0,"axis":"x","origin":[8.0,9.683809,-0.2367537]},"faces":{"down":{"uv":[2.125,7.25,1.125,7.875],"rotation":0,"texture":"#0","tintindex":0},"east":{"uv":[10.125,1.5,10.75,1.75],"rotation":0,"texture":"#0","tintindex":0},"north":{"uv":[9.5,0.25,10.5,0.5],"rotation":0,"texture":"#0","tintindex":0},"south":{"uv":[9.5,0.625,10.5,0.875],"rotation":0,"texture":"#0","tintindex":0},"up":{"uv":[1.0,7.875,0.0,7.25],"rotation":0,"texture":"#0","tintindex":0},"west":{"uv":[10.125,1.875,10.75,2.125],"rotation":0,"texture":"#0","tintindex":0}}},{"name":"cube","from":[8.3,20.48381,-0.83675385],"to":[12.5,23.48381,1.5632468],"rotation":{"angle":0.0,"axis":"x","origin":[8.0,11.48381,-0.2367537]},"faces":{"down":{"uv":[7.25,8.25,6.375,8.75],"rotation":0,"texture":"#0","tintindex":0},"east":{"uv":[3.0,9.25,3.5,9.875],"rotation":0,"texture":"#0","tintindex":0},"north":{"uv":[7.75,0.0,8.625,0.625],"rotation":0,"texture":"#0","tintindex":0},"south":{"uv":[7.75,0.75,8.625,1.375],"rotation":0,"texture":"#0","tintindex":0},"up":{"uv":[6.25,8.75,5.375,8.25],"rotation":0,"texture":"#0","tintindex":0},"west":{"uv":[9.375,2.75,9.875,3.375],"rotation":0,"texture":"#0","tintindex":0}}},{"name":"cube","from":[8.3,24.350002,6.2000003],"to":[12.5,26.150002,8.0],"rotation":{"angle":-45.0,"axis":"x","origin":[8.0,14.150001,6.8]},"faces":{"down":{"uv":[2.875,9.25,2.0,9.625],"rotation":0,"texture":"#0","tintindex":0},"east":{"uv":[10.125,4.375,10.5,4.75],"rotation":0,"texture":"#0","tintindex":0},"north":{"uv":[9.125,6.0,10.0,6.375],"rotation":0,"texture":"#0","tintindex":0},"south":{"uv":[9.125,6.5,10.0,6.875],"rotation":0,"texture":"#0","tintindex":0},"up":{"uv":[10.0,7.375,9.125,7.0],"rotation":0,"texture":"#0","tintindex":0},"west":{"uv":[10.125,4.875,10.5,5.25],"rotation":0,"texture":"#0","tintindex":0}}}],"display":{"head":{"translation":[0.0,-6.4,0.0],"rotation":[0.0,0.0,0.0],"scale":[3.8095,3.8095,3.8095]}}}