{"textures":{"0":"modelengine:entity/statue2"},"elements":[{"name":"octagon","from":[6.508831,8.4125,4.3999996],"to":[9.491169,12.0125,11.6],"rotation":{"angle":45.0,"axis":"y","origin":[8.0,11.900001,8.0]},"faces":{"down":{"uv":[3.625,5.375,3.0,6.875],"rotation":0,"texture":"#0","tintindex":0},"east":{"uv":[0.0,4.5,1.5,5.25],"rotation":0,"texture":"#0","tintindex":0},"north":{"uv":[3.875,7.75,4.5,8.5],"rotation":0,"texture":"#0","tintindex":0},"south":{"uv":[7.5,7.875,8.125,8.625],"rotation":0,"texture":"#0","tintindex":0},"up":{"uv":[2.875,6.875,2.25,5.375],"rotation":0,"texture":"#0","tintindex":0},"west":{"uv":[4.5,0.0,6.0,0.75],"rotation":0,"texture":"#0","tintindex":0}}},{"name":"octagon","from":[6.508831,8.4125,4.3999996],"to":[9.491169,12.0125,11.6],"rotation":{"angle":0.0,"axis":"x","origin":[8.0,11.900001,8.0]},"faces":{"down":{"uv":[6.25,4.375,5.625,5.875],"rotation":0,"texture":"#0","tintindex":0},"east":{"uv":[4.5,0.875,6.0,1.625],"rotation":0,"texture":"#0","tintindex":0},"north":{"uv":[0.0,8.0,0.625,8.75],"rotation":0,"texture":"#0","tintindex":0},"south":{"uv":[0.75,8.0,1.375,8.75],"rotation":0,"texture":"#0","tintindex":0},"up":{"uv":[4.375,6.875,3.75,5.375],"rotation":0,"texture":"#0","tintindex":0},"west":{"uv":[1.625,4.5,3.125,5.25],"rotation":0,"texture":"#0","tintindex":0}}},{"name":"octagon","from":[4.3999996,8.4125,6.508831],"to":[11.6,12.0125,9.491169],"rotation":{"angle":45.0,"axis":"y","origin":[8.0,11.900001,8.0]},"faces":{"down":{"uv":[7.625,0.0,6.125,0.625],"rotation":0,"texture":"#0","tintindex":0},"east":{"uv":[1.5,8.0,2.125,8.75],"rotation":0,"texture":"#0","tintindex":0},"north":{"uv":[4.5,1.75,6.0,2.5],"rotation":0,"texture":"#0","tintindex":0},"south":{"uv":[4.5,2.625,6.0,3.375],"rotation":0,"texture":"#0","tintindex":0},"up":{"uv":[7.125,6.625,5.625,6.0],"rotation":0,"texture":"#0","tintindex":0},"west":{"uv":[8.25,3.125,8.875,3.875],"rotation":0,"texture":"#0","tintindex":0}}},{"name":"octagon","from":[4.3999996,8.4125,6.508831],"to":[11.6,12.0125,9.491169],"rotation":{"angle":0.0,"axis":"x","origin":[8.0,11.900001,8.0]},"faces":{"down":{"uv":[7.625,1.5,6.125,2.125],"rotation":0,"texture":"#0","tintindex":0},"east":{"uv":[8.25,4.0,8.875,4.75],"rotation":0,"texture":"#0","tintindex":0},"north":{"uv":[3.25,4.5,4.75,5.25],"rotation":0,"texture":"#0","tintindex":0},"south":{"uv":[4.5,3.5,6.0,4.25],"rotation":0,"texture":"#0","tintindex":0},"up":{"uv":[7.625,1.375,6.125,0.75],"rotation":0,"texture":"#0","tintindex":0},"west":{"uv":[4.625,8.25,5.25,9.0],"rotation":0,"texture":"#0","tintindex":0}}}],"display":{"head":{"translation":[0.0,-6.4,0.0],"rotation":[0.0,0.0,0.0],"scale":[3.8095,3.8095,3.8095]}}}